batch_index,batch_label,batch_size,error_type,error
47,PDF batch 47/6155 (1 references),1,ConnectionError,"HTTPSConnectionPool(host='dev.posit.niehs.nih.gov', port=443): Max retries exceeded with url: /et/api/pdf-downloads/pdfs_624f9190786045b29d695b007626b47b.zip (Caused by NameResolutionError(""HTTPSConnection(host='dev.posit.niehs.nih.gov', port=443): Failed to resolve 'dev.posit.niehs.nih.gov' ([Errno 8] nodename nor servname provided, or not known)""))"
29,PDF batch 29/6155 (1 references),1,ConnectionError,"HTTPSConnectionPool(host='dev.posit.niehs.nih.gov', port=443): Read timed out."
71,PDF batch 71/6155 (1 references),1,ConnectionError,"HTTPSConnectionPool(host='dev.posit.niehs.nih.gov', port=443): Read timed out."
56,PDF batch 56/6155 (1 references),1,ConnectionError,"HTTPSConnectionPool(host='dev.posit.niehs.nih.gov', port=443): Read timed out."
42,PDF batch 42/6155 (1 references),1,ConnectionError,"HTTPSConnectionPool(host='dev.posit.niehs.nih.gov', port=443): Read timed out."
144,PDF batch 144/6155 (1 references),1,ConnectionError,"HTTPSConnectionPool(host='dev.posit.niehs.nih.gov', port=443): Max retries exceeded with url: /et/api/pdf-download (Caused by NameResolutionError(""HTTPSConnection(host='dev.posit.niehs.nih.gov', port=443): Failed to resolve 'dev.posit.niehs.nih.gov' ([Errno 8] nodename nor servname provided, or not known)""))"
131,PDF batch 131/6155 (1 references),1,ConnectionError,"HTTPSConnectionPool(host='dev.posit.niehs.nih.gov', port=443): Max retries exceeded with url: /et/api/pdf-download (Caused by NameResolutionError(""HTTPSConnection(host='dev.posit.niehs.nih.gov', port=443): Failed to resolve 'dev.posit.niehs.nih.gov' ([Errno 8] nodename nor servname provided, or not known)""))"
141,PDF batch 141/6155 (1 references),1,ConnectionError,"HTTPSConnectionPool(host='dev.posit.niehs.nih.gov', port=443): Max retries exceeded with url: /et/api/pdf-download (Caused by NameResolutionError(""HTTPSConnection(host='dev.posit.niehs.nih.gov', port=443): Failed to resolve 'dev.posit.niehs.nih.gov' ([Errno 8] nodename nor servname provided, or not known)""))"
100,PDF batch 100/6155 (1 references),1,ConnectionError,"HTTPSConnectionPool(host='dev.posit.niehs.nih.gov', port=443): Max retries exceeded with url: /et/api/pdf-download (Caused by NameResolutionError(""HTTPSConnection(host='dev.posit.niehs.nih.gov', port=443): Failed to resolve 'dev.posit.niehs.nih.gov' ([Errno 8] nodename nor servname provided, or not known)""))"
214,PDF batch 214/6155 (1 references),1,ConnectionError,"HTTPSConnectionPool(host='dev.posit.niehs.nih.gov', port=443): Max retries exceeded with url: /et/api/pdf-download (Caused by NameResolutionError(""HTTPSConnection(host='dev.posit.niehs.nih.gov', port=443): Failed to resolve 'dev.posit.niehs.nih.gov' ([Errno 8] nodename nor servname provided, or not known)""))"
135,PDF batch 135/6155 (1 references),1,ConnectionError,"HTTPSConnectionPool(host='dev.posit.niehs.nih.gov', port=443): Max retries exceeded with url: /et/api/pdf-download (Caused by NameResolutionError(""HTTPSConnection(host='dev.posit.niehs.nih.gov', port=443): Failed to resolve 'dev.posit.niehs.nih.gov' ([Errno 8] nodename nor servname provided, or not known)""))"
215,PDF batch 215/6155 (1 references),1,ConnectionError,"HTTPSConnectionPool(host='dev.posit.niehs.nih.gov', port=443): Max retries exceeded with url: /et/api/pdf-download (Caused by NameResolutionError(""HTTPSConnection(host='dev.posit.niehs.nih.gov', port=443): Failed to resolve 'dev.posit.niehs.nih.gov' ([Errno 8] nodename nor servname provided, or not known)""))"
216,PDF batch 216/6155 (1 references),1,ConnectionError,"HTTPSConnectionPool(host='dev.posit.niehs.nih.gov', port=443): Max retries exceeded with url: /et/api/pdf-download (Caused by NameResolutionError(""HTTPSConnection(host='dev.posit.niehs.nih.gov', port=443): Failed to resolve 'dev.posit.niehs.nih.gov' ([Errno 8] nodename nor servname provided, or not known)""))"
150,PDF batch 150/6155 (1 references),1,ConnectionError,"HTTPSConnectionPool(host='dev.posit.niehs.nih.gov', port=443): Max retries exceeded with url: /et/api/pdf-download (Caused by NameResolutionError(""HTTPSConnection(host='dev.posit.niehs.nih.gov', port=443): Failed to resolve 'dev.posit.niehs.nih.gov' ([Errno 8] nodename nor servname provided, or not known)""))"
217,PDF batch 217/6155 (1 references),1,ConnectionError,"HTTPSConnectionPool(host='dev.posit.niehs.nih.gov', port=443): Max retries exceeded with url: /et/api/pdf-download (Caused by NameResolutionError(""HTTPSConnection(host='dev.posit.niehs.nih.gov', port=443): Failed to resolve 'dev.posit.niehs.nih.gov' ([Errno 8] nodename nor servname provided, or not known)""))"
142,PDF batch 142/6155 (1 references),1,ConnectionError,"HTTPSConnectionPool(host='dev.posit.niehs.nih.gov', port=443): Max retries exceeded with url: /et/api/pdf-download (Caused by NameResolutionError(""HTTPSConnection(host='dev.posit.niehs.nih.gov', port=443): Failed to resolve 'dev.posit.niehs.nih.gov' ([Errno 8] nodename nor servname provided, or not known)""))"
57,PDF batch 57/6155 (1 references),1,ConnectionError,"HTTPSConnectionPool(host='dev.posit.niehs.nih.gov', port=443): Max retries exceeded with url: /et/api/pdf-download (Caused by NameResolutionError(""HTTPSConnection(host='dev.posit.niehs.nih.gov', port=443): Failed to resolve 'dev.posit.niehs.nih.gov' ([Errno 8] nodename nor servname provided, or not known)""))"
151,PDF batch 151/6155 (1 references),1,ConnectionError,"HTTPSConnectionPool(host='dev.posit.niehs.nih.gov', port=443): Max retries exceeded with url: /et/api/pdf-download (Caused by NameResolutionError(""HTTPSConnection(host='dev.posit.niehs.nih.gov', port=443): Failed to resolve 'dev.posit.niehs.nih.gov' ([Errno 8] nodename nor servname provided, or not known)""))"
145,PDF batch 145/6155 (1 references),1,ConnectionError,"HTTPSConnectionPool(host='dev.posit.niehs.nih.gov', port=443): Max retries exceeded with url: /et/api/pdf-download (Caused by NameResolutionError(""HTTPSConnection(host='dev.posit.niehs.nih.gov', port=443): Failed to resolve 'dev.posit.niehs.nih.gov' ([Errno 8] nodename nor servname provided, or not known)""))"
86,PDF batch 86/6155 (1 references),1,ConnectionError,"HTTPSConnectionPool(host='dev.posit.niehs.nih.gov', port=443): Max retries exceeded with url: /et/api/pdf-download (Caused by NameResolutionError(""HTTPSConnection(host='dev.posit.niehs.nih.gov', port=443): Failed to resolve 'dev.posit.niehs.nih.gov' ([Errno 8] nodename nor servname provided, or not known)""))"
125,PDF batch 125/6155 (1 references),1,ConnectionError,"HTTPSConnectionPool(host='dev.posit.niehs.nih.gov', port=443): Max retries exceeded with url: /et/api/pdf-download (Caused by NameResolutionError(""HTTPSConnection(host='dev.posit.niehs.nih.gov', port=443): Failed to resolve 'dev.posit.niehs.nih.gov' ([Errno 8] nodename nor servname provided, or not known)""))"
218,PDF batch 218/6155 (1 references),1,ConnectionError,"HTTPSConnectionPool(host='dev.posit.niehs.nih.gov', port=443): Max retries exceeded with url: /et/api/pdf-download (Caused by NameResolutionError(""HTTPSConnection(host='dev.posit.niehs.nih.gov', port=443): Failed to resolve 'dev.posit.niehs.nih.gov' ([Errno 8] nodename nor servname provided, or not known)""))"
48,PDF batch 48/6155 (1 references),1,ConnectionError,"HTTPSConnectionPool(host='dev.posit.niehs.nih.gov', port=443): Max retries exceeded with url: /et/api/pdf-download (Caused by NameResolutionError(""HTTPSConnection(host='dev.posit.niehs.nih.gov', port=443): Failed to resolve 'dev.posit.niehs.nih.gov' ([Errno 8] nodename nor servname provided, or not known)""))"
139,PDF batch 139/6155 (1 references),1,ConnectionError,"HTTPSConnectionPool(host='dev.posit.niehs.nih.gov', port=443): Max retries exceeded with url: /et/api/pdf-download (Caused by NameResolutionError(""HTTPSConnection(host='dev.posit.niehs.nih.gov', port=443): Failed to resolve 'dev.posit.niehs.nih.gov' ([Errno 8] nodename nor servname provided, or not known)""))"
221,PDF batch 221/6155 (1 references),1,ConnectionError,"HTTPSConnectionPool(host='dev.posit.niehs.nih.gov', port=443): Max retries exceeded with url: /et/api/pdf-download (Caused by NameResolutionError(""HTTPSConnection(host='dev.posit.niehs.nih.gov', port=443): Failed to resolve 'dev.posit.niehs.nih.gov' ([Errno 8] nodename nor servname provided, or not known)""))"
219,PDF batch 219/6155 (1 references),1,ConnectionError,"HTTPSConnectionPool(host='dev.posit.niehs.nih.gov', port=443): Max retries exceeded with url: /et/api/pdf-download (Caused by NameResolutionError(""HTTPSConnection(host='dev.posit.niehs.nih.gov', port=443): Failed to resolve 'dev.posit.niehs.nih.gov' ([Errno 8] nodename nor servname provided, or not known)""))"
220,PDF batch 220/6155 (1 references),1,ConnectionError,"HTTPSConnectionPool(host='dev.posit.niehs.nih.gov', port=443): Max retries exceeded with url: /et/api/pdf-download (Caused by NameResolutionError(""HTTPSConnection(host='dev.posit.niehs.nih.gov', port=443): Failed to resolve 'dev.posit.niehs.nih.gov' ([Errno 8] nodename nor servname provided, or not known)""))"
222,PDF batch 222/6155 (1 references),1,ConnectionError,"HTTPSConnectionPool(host='dev.posit.niehs.nih.gov', port=443): Max retries exceeded with url: /et/api/pdf-download (Caused by NameResolutionError(""HTTPSConnection(host='dev.posit.niehs.nih.gov', port=443): Failed to resolve 'dev.posit.niehs.nih.gov' ([Errno 8] nodename nor servname provided, or not known)""))"
223,PDF batch 223/6155 (1 references),1,ConnectionError,"HTTPSConnectionPool(host='dev.posit.niehs.nih.gov', port=443): Max retries exceeded with url: /et/api/pdf-download (Caused by NameResolutionError(""HTTPSConnection(host='dev.posit.niehs.nih.gov', port=443): Failed to resolve 'dev.posit.niehs.nih.gov' ([Errno 8] nodename nor servname provided, or not known)""))"
224,PDF batch 224/6155 (1 references),1,ConnectionError,"HTTPSConnectionPool(host='dev.posit.niehs.nih.gov', port=443): Max retries exceeded with url: /et/api/pdf-download (Caused by NameResolutionError(""HTTPSConnection(host='dev.posit.niehs.nih.gov', port=443): Failed to resolve 'dev.posit.niehs.nih.gov' ([Errno 8] nodename nor servname provided, or not known)""))"
225,PDF batch 225/6155 (1 references),1,ConnectionError,"HTTPSConnectionPool(host='dev.posit.niehs.nih.gov', port=443): Max retries exceeded with url: /et/api/pdf-download (Caused by NameResolutionError(""HTTPSConnection(host='dev.posit.niehs.nih.gov', port=443): Failed to resolve 'dev.posit.niehs.nih.gov' ([Errno 8] nodename nor servname provided, or not known)""))"
226,PDF batch 226/6155 (1 references),1,ConnectionError,"HTTPSConnectionPool(host='dev.posit.niehs.nih.gov', port=443): Max retries exceeded with url: /et/api/pdf-download (Caused by NameResolutionError(""HTTPSConnection(host='dev.posit.niehs.nih.gov', port=443): Failed to resolve 'dev.posit.niehs.nih.gov' ([Errno 8] nodename nor servname provided, or not known)""))"
227,PDF batch 227/6155 (1 references),1,ConnectionError,"HTTPSConnectionPool(host='dev.posit.niehs.nih.gov', port=443): Max retries exceeded with url: /et/api/pdf-download (Caused by NameResolutionError(""HTTPSConnection(host='dev.posit.niehs.nih.gov', port=443): Failed to resolve 'dev.posit.niehs.nih.gov' ([Errno 8] nodename nor servname provided, or not known)""))"
228,PDF batch 228/6155 (1 references),1,ConnectionError,"HTTPSConnectionPool(host='dev.posit.niehs.nih.gov', port=443): Max retries exceeded with url: /et/api/pdf-download (Caused by NameResolutionError(""HTTPSConnection(host='dev.posit.niehs.nih.gov', port=443): Failed to resolve 'dev.posit.niehs.nih.gov' ([Errno 8] nodename nor servname provided, or not known)""))"
229,PDF batch 229/6155 (1 references),1,ConnectionError,"HTTPSConnectionPool(host='dev.posit.niehs.nih.gov', port=443): Max retries exceeded with url: /et/api/pdf-download (Caused by NameResolutionError(""HTTPSConnection(host='dev.posit.niehs.nih.gov', port=443): Failed to resolve 'dev.posit.niehs.nih.gov' ([Errno 8] nodename nor servname provided, or not known)""))"
230,PDF batch 230/6155 (1 references),1,ConnectionError,"HTTPSConnectionPool(host='dev.posit.niehs.nih.gov', port=443): Max retries exceeded with url: /et/api/pdf-download (Caused by NameResolutionError(""HTTPSConnection(host='dev.posit.niehs.nih.gov', port=443): Failed to resolve 'dev.posit.niehs.nih.gov' ([Errno 8] nodename nor servname provided, or not known)""))"
231,PDF batch 231/6155 (1 references),1,ConnectionError,"HTTPSConnectionPool(host='dev.posit.niehs.nih.gov', port=443): Max retries exceeded with url: /et/api/pdf-download (Caused by NameResolutionError(""HTTPSConnection(host='dev.posit.niehs.nih.gov', port=443): Failed to resolve 'dev.posit.niehs.nih.gov' ([Errno 8] nodename nor servname provided, or not known)""))"
232,PDF batch 232/6155 (1 references),1,ConnectionError,"HTTPSConnectionPool(host='dev.posit.niehs.nih.gov', port=443): Max retries exceeded with url: /et/api/pdf-download (Caused by NameResolutionError(""HTTPSConnection(host='dev.posit.niehs.nih.gov', port=443): Failed to resolve 'dev.posit.niehs.nih.gov' ([Errno 8] nodename nor servname provided, or not known)""))"
233,PDF batch 233/6155 (1 references),1,ConnectionError,"HTTPSConnectionPool(host='dev.posit.niehs.nih.gov', port=443): Max retries exceeded with url: /et/api/pdf-download (Caused by NameResolutionError(""HTTPSConnection(host='dev.posit.niehs.nih.gov', port=443): Failed to resolve 'dev.posit.niehs.nih.gov' ([Errno 8] nodename nor servname provided, or not known)""))"
234,PDF batch 234/6155 (1 references),1,ConnectionError,"HTTPSConnectionPool(host='dev.posit.niehs.nih.gov', port=443): Max retries exceeded with url: /et/api/pdf-download (Caused by NameResolutionError(""HTTPSConnection(host='dev.posit.niehs.nih.gov', port=443): Failed to resolve 'dev.posit.niehs.nih.gov' ([Errno 8] nodename nor servname provided, or not known)""))"
236,PDF batch 236/6155 (1 references),1,ConnectionError,"HTTPSConnectionPool(host='dev.posit.niehs.nih.gov', port=443): Max retries exceeded with url: /et/api/pdf-download (Caused by NameResolutionError(""HTTPSConnection(host='dev.posit.niehs.nih.gov', port=443): Failed to resolve 'dev.posit.niehs.nih.gov' ([Errno 8] nodename nor servname provided, or not known)""))"
235,PDF batch 235/6155 (1 references),1,ConnectionError,"HTTPSConnectionPool(host='dev.posit.niehs.nih.gov', port=443): Max retries exceeded with url: /et/api/pdf-download (Caused by NameResolutionError(""HTTPSConnection(host='dev.posit.niehs.nih.gov', port=443): Failed to resolve 'dev.posit.niehs.nih.gov' ([Errno 8] nodename nor servname provided, or not known)""))"
237,PDF batch 237/6155 (1 references),1,ConnectionError,"HTTPSConnectionPool(host='dev.posit.niehs.nih.gov', port=443): Max retries exceeded with url: /et/api/pdf-download (Caused by NameResolutionError(""HTTPSConnection(host='dev.posit.niehs.nih.gov', port=443): Failed to resolve 'dev.posit.niehs.nih.gov' ([Errno 8] nodename nor servname provided, or not known)""))"
238,PDF batch 238/6155 (1 references),1,ConnectionError,"HTTPSConnectionPool(host='dev.posit.niehs.nih.gov', port=443): Max retries exceeded with url: /et/api/pdf-download (Caused by NameResolutionError(""HTTPSConnection(host='dev.posit.niehs.nih.gov', port=443): Failed to resolve 'dev.posit.niehs.nih.gov' ([Errno 8] nodename nor servname provided, or not known)""))"
240,PDF batch 240/6155 (1 references),1,ConnectionError,"HTTPSConnectionPool(host='dev.posit.niehs.nih.gov', port=443): Max retries exceeded with url: /et/api/pdf-download (Caused by NameResolutionError(""HTTPSConnection(host='dev.posit.niehs.nih.gov', port=443): Failed to resolve 'dev.posit.niehs.nih.gov' ([Errno 8] nodename nor servname provided, or not known)""))"
239,PDF batch 239/6155 (1 references),1,ConnectionError,"HTTPSConnectionPool(host='dev.posit.niehs.nih.gov', port=443): Max retries exceeded with url: /et/api/pdf-download (Caused by NameResolutionError(""HTTPSConnection(host='dev.posit.niehs.nih.gov', port=443): Failed to resolve 'dev.posit.niehs.nih.gov' ([Errno 8] nodename nor servname provided, or not known)""))"
241,PDF batch 241/6155 (1 references),1,ConnectionError,"HTTPSConnectionPool(host='dev.posit.niehs.nih.gov', port=443): Max retries exceeded with url: /et/api/pdf-download (Caused by NameResolutionError(""HTTPSConnection(host='dev.posit.niehs.nih.gov', port=443): Failed to resolve 'dev.posit.niehs.nih.gov' ([Errno 8] nodename nor servname provided, or not known)""))"
243,PDF batch 243/6155 (1 references),1,ConnectionError,"HTTPSConnectionPool(host='dev.posit.niehs.nih.gov', port=443): Max retries exceeded with url: /et/api/pdf-download (Caused by NameResolutionError(""HTTPSConnection(host='dev.posit.niehs.nih.gov', port=443): Failed to resolve 'dev.posit.niehs.nih.gov' ([Errno 8] nodename nor servname provided, or not known)""))"
242,PDF batch 242/6155 (1 references),1,ConnectionError,"HTTPSConnectionPool(host='dev.posit.niehs.nih.gov', port=443): Max retries exceeded with url: /et/api/pdf-download (Caused by NameResolutionError(""HTTPSConnection(host='dev.posit.niehs.nih.gov', port=443): Failed to resolve 'dev.posit.niehs.nih.gov' ([Errno 8] nodename nor servname provided, or not known)""))"
244,PDF batch 244/6155 (1 references),1,ConnectionError,"HTTPSConnectionPool(host='dev.posit.niehs.nih.gov', port=443): Max retries exceeded with url: /et/api/pdf-download (Caused by NameResolutionError(""HTTPSConnection(host='dev.posit.niehs.nih.gov', port=443): Failed to resolve 'dev.posit.niehs.nih.gov' ([Errno 8] nodename nor servname provided, or not known)""))"
245,PDF batch 245/6155 (1 references),1,ConnectionError,"HTTPSConnectionPool(host='dev.posit.niehs.nih.gov', port=443): Max retries exceeded with url: /et/api/pdf-download (Caused by NameResolutionError(""HTTPSConnection(host='dev.posit.niehs.nih.gov', port=443): Failed to resolve 'dev.posit.niehs.nih.gov' ([Errno 8] nodename nor servname provided, or not known)""))"
246,PDF batch 246/6155 (1 references),1,ConnectionError,"HTTPSConnectionPool(host='dev.posit.niehs.nih.gov', port=443): Max retries exceeded with url: /et/api/pdf-download (Caused by NameResolutionError(""HTTPSConnection(host='dev.posit.niehs.nih.gov', port=443): Failed to resolve 'dev.posit.niehs.nih.gov' ([Errno 8] nodename nor servname provided, or not known)""))"
247,PDF batch 247/6155 (1 references),1,ConnectionError,"HTTPSConnectionPool(host='dev.posit.niehs.nih.gov', port=443): Max retries exceeded with url: /et/api/pdf-download (Caused by NameResolutionError(""HTTPSConnection(host='dev.posit.niehs.nih.gov', port=443): Failed to resolve 'dev.posit.niehs.nih.gov' ([Errno 8] nodename nor servname provided, or not known)""))"
248,PDF batch 248/6155 (1 references),1,ConnectionError,"HTTPSConnectionPool(host='dev.posit.niehs.nih.gov', port=443): Max retries exceeded with url: /et/api/pdf-download (Caused by NameResolutionError(""HTTPSConnection(host='dev.posit.niehs.nih.gov', port=443): Failed to resolve 'dev.posit.niehs.nih.gov' ([Errno 8] nodename nor servname provided, or not known)""))"
249,PDF batch 249/6155 (1 references),1,ConnectionError,"HTTPSConnectionPool(host='dev.posit.niehs.nih.gov', port=443): Max retries exceeded with url: /et/api/pdf-download (Caused by NameResolutionError(""HTTPSConnection(host='dev.posit.niehs.nih.gov', port=443): Failed to resolve 'dev.posit.niehs.nih.gov' ([Errno 8] nodename nor servname provided, or not known)""))"
250,PDF batch 250/6155 (1 references),1,ConnectionError,"HTTPSConnectionPool(host='dev.posit.niehs.nih.gov', port=443): Max retries exceeded with url: /et/api/pdf-download (Caused by NameResolutionError(""HTTPSConnection(host='dev.posit.niehs.nih.gov', port=443): Failed to resolve 'dev.posit.niehs.nih.gov' ([Errno 8] nodename nor servname provided, or not known)""))"
251,PDF batch 251/6155 (1 references),1,ConnectionError,"HTTPSConnectionPool(host='dev.posit.niehs.nih.gov', port=443): Max retries exceeded with url: /et/api/pdf-download (Caused by NameResolutionError(""HTTPSConnection(host='dev.posit.niehs.nih.gov', port=443): Failed to resolve 'dev.posit.niehs.nih.gov' ([Errno 8] nodename nor servname provided, or not known)""))"
252,PDF batch 252/6155 (1 references),1,ConnectionError,"HTTPSConnectionPool(host='dev.posit.niehs.nih.gov', port=443): Max retries exceeded with url: /et/api/pdf-download (Caused by NameResolutionError(""HTTPSConnection(host='dev.posit.niehs.nih.gov', port=443): Failed to resolve 'dev.posit.niehs.nih.gov' ([Errno 8] nodename nor servname provided, or not known)""))"
253,PDF batch 253/6155 (1 references),1,ConnectionError,"HTTPSConnectionPool(host='dev.posit.niehs.nih.gov', port=443): Max retries exceeded with url: /et/api/pdf-download (Caused by NameResolutionError(""HTTPSConnection(host='dev.posit.niehs.nih.gov', port=443): Failed to resolve 'dev.posit.niehs.nih.gov' ([Errno 8] nodename nor servname provided, or not known)""))"
254,PDF batch 254/6155 (1 references),1,ConnectionError,"HTTPSConnectionPool(host='dev.posit.niehs.nih.gov', port=443): Max retries exceeded with url: /et/api/pdf-download (Caused by NameResolutionError(""HTTPSConnection(host='dev.posit.niehs.nih.gov', port=443): Failed to resolve 'dev.posit.niehs.nih.gov' ([Errno 8] nodename nor servname provided, or not known)""))"
255,PDF batch 255/6155 (1 references),1,ConnectionError,"HTTPSConnectionPool(host='dev.posit.niehs.nih.gov', port=443): Max retries exceeded with url: /et/api/pdf-download (Caused by NameResolutionError(""HTTPSConnection(host='dev.posit.niehs.nih.gov', port=443): Failed to resolve 'dev.posit.niehs.nih.gov' ([Errno 8] nodename nor servname provided, or not known)""))"
256,PDF batch 256/6155 (1 references),1,ConnectionError,"HTTPSConnectionPool(host='dev.posit.niehs.nih.gov', port=443): Max retries exceeded with url: /et/api/pdf-download (Caused by NameResolutionError(""HTTPSConnection(host='dev.posit.niehs.nih.gov', port=443): Failed to resolve 'dev.posit.niehs.nih.gov' ([Errno 8] nodename nor servname provided, or not known)""))"
258,PDF batch 258/6155 (1 references),1,ConnectionError,"HTTPSConnectionPool(host='dev.posit.niehs.nih.gov', port=443): Max retries exceeded with url: /et/api/pdf-download (Caused by NameResolutionError(""HTTPSConnection(host='dev.posit.niehs.nih.gov', port=443): Failed to resolve 'dev.posit.niehs.nih.gov' ([Errno 8] nodename nor servname provided, or not known)""))"
257,PDF batch 257/6155 (1 references),1,ConnectionError,"HTTPSConnectionPool(host='dev.posit.niehs.nih.gov', port=443): Max retries exceeded with url: /et/api/pdf-download (Caused by NameResolutionError(""HTTPSConnection(host='dev.posit.niehs.nih.gov', port=443): Failed to resolve 'dev.posit.niehs.nih.gov' ([Errno 8] nodename nor servname provided, or not known)""))"
259,PDF batch 259/6155 (1 references),1,ConnectionError,"HTTPSConnectionPool(host='dev.posit.niehs.nih.gov', port=443): Max retries exceeded with url: /et/api/pdf-download (Caused by NameResolutionError(""HTTPSConnection(host='dev.posit.niehs.nih.gov', port=443): Failed to resolve 'dev.posit.niehs.nih.gov' ([Errno 8] nodename nor servname provided, or not known)""))"
260,PDF batch 260/6155 (1 references),1,ConnectionError,"HTTPSConnectionPool(host='dev.posit.niehs.nih.gov', port=443): Max retries exceeded with url: /et/api/pdf-download (Caused by NameResolutionError(""HTTPSConnection(host='dev.posit.niehs.nih.gov', port=443): Failed to resolve 'dev.posit.niehs.nih.gov' ([Errno 8] nodename nor servname provided, or not known)""))"
262,PDF batch 262/6155 (1 references),1,ConnectionError,"HTTPSConnectionPool(host='dev.posit.niehs.nih.gov', port=443): Max retries exceeded with url: /et/api/pdf-download (Caused by NameResolutionError(""HTTPSConnection(host='dev.posit.niehs.nih.gov', port=443): Failed to resolve 'dev.posit.niehs.nih.gov' ([Errno 8] nodename nor servname provided, or not known)""))"
261,PDF batch 261/6155 (1 references),1,ConnectionError,"HTTPSConnectionPool(host='dev.posit.niehs.nih.gov', port=443): Max retries exceeded with url: /et/api/pdf-download (Caused by NameResolutionError(""HTTPSConnection(host='dev.posit.niehs.nih.gov', port=443): Failed to resolve 'dev.posit.niehs.nih.gov' ([Errno 8] nodename nor servname provided, or not known)""))"
263,PDF batch 263/6155 (1 references),1,ConnectionError,"HTTPSConnectionPool(host='dev.posit.niehs.nih.gov', port=443): Max retries exceeded with url: /et/api/pdf-download (Caused by NameResolutionError(""HTTPSConnection(host='dev.posit.niehs.nih.gov', port=443): Failed to resolve 'dev.posit.niehs.nih.gov' ([Errno 8] nodename nor servname provided, or not known)""))"
264,PDF batch 264/6155 (1 references),1,ConnectionError,"HTTPSConnectionPool(host='dev.posit.niehs.nih.gov', port=443): Max retries exceeded with url: /et/api/pdf-download (Caused by NameResolutionError(""HTTPSConnection(host='dev.posit.niehs.nih.gov', port=443): Failed to resolve 'dev.posit.niehs.nih.gov' ([Errno 8] nodename nor servname provided, or not known)""))"
265,PDF batch 265/6155 (1 references),1,ConnectionError,"HTTPSConnectionPool(host='dev.posit.niehs.nih.gov', port=443): Max retries exceeded with url: /et/api/pdf-download (Caused by NameResolutionError(""HTTPSConnection(host='dev.posit.niehs.nih.gov', port=443): Failed to resolve 'dev.posit.niehs.nih.gov' ([Errno 8] nodename nor servname provided, or not known)""))"
266,PDF batch 266/6155 (1 references),1,ConnectionError,"HTTPSConnectionPool(host='dev.posit.niehs.nih.gov', port=443): Max retries exceeded with url: /et/api/pdf-download (Caused by NameResolutionError(""HTTPSConnection(host='dev.posit.niehs.nih.gov', port=443): Failed to resolve 'dev.posit.niehs.nih.gov' ([Errno 8] nodename nor servname provided, or not known)""))"
267,PDF batch 267/6155 (1 references),1,ConnectionError,"HTTPSConnectionPool(host='dev.posit.niehs.nih.gov', port=443): Max retries exceeded with url: /et/api/pdf-download (Caused by NameResolutionError(""HTTPSConnection(host='dev.posit.niehs.nih.gov', port=443): Failed to resolve 'dev.posit.niehs.nih.gov' ([Errno 8] nodename nor servname provided, or not known)""))"
269,PDF batch 269/6155 (1 references),1,ConnectionError,"HTTPSConnectionPool(host='dev.posit.niehs.nih.gov', port=443): Max retries exceeded with url: /et/api/pdf-download (Caused by NameResolutionError(""HTTPSConnection(host='dev.posit.niehs.nih.gov', port=443): Failed to resolve 'dev.posit.niehs.nih.gov' ([Errno 8] nodename nor servname provided, or not known)""))"
268,PDF batch 268/6155 (1 references),1,ConnectionError,"HTTPSConnectionPool(host='dev.posit.niehs.nih.gov', port=443): Max retries exceeded with url: /et/api/pdf-download (Caused by NameResolutionError(""HTTPSConnection(host='dev.posit.niehs.nih.gov', port=443): Failed to resolve 'dev.posit.niehs.nih.gov' ([Errno 8] nodename nor servname provided, or not known)""))"
270,PDF batch 270/6155 (1 references),1,ConnectionError,"HTTPSConnectionPool(host='dev.posit.niehs.nih.gov', port=443): Max retries exceeded with url: /et/api/pdf-download (Caused by NameResolutionError(""HTTPSConnection(host='dev.posit.niehs.nih.gov', port=443): Failed to resolve 'dev.posit.niehs.nih.gov' ([Errno 8] nodename nor servname provided, or not known)""))"
271,PDF batch 271/6155 (1 references),1,ConnectionError,"HTTPSConnectionPool(host='dev.posit.niehs.nih.gov', port=443): Max retries exceeded with url: /et/api/pdf-download (Caused by NameResolutionError(""HTTPSConnection(host='dev.posit.niehs.nih.gov', port=443): Failed to resolve 'dev.posit.niehs.nih.gov' ([Errno 8] nodename nor servname provided, or not known)""))"
272,PDF batch 272/6155 (1 references),1,ConnectionError,"HTTPSConnectionPool(host='dev.posit.niehs.nih.gov', port=443): Max retries exceeded with url: /et/api/pdf-download (Caused by NameResolutionError(""HTTPSConnection(host='dev.posit.niehs.nih.gov', port=443): Failed to resolve 'dev.posit.niehs.nih.gov' ([Errno 8] nodename nor servname provided, or not known)""))"
273,PDF batch 273/6155 (1 references),1,ConnectionError,"HTTPSConnectionPool(host='dev.posit.niehs.nih.gov', port=443): Max retries exceeded with url: /et/api/pdf-download (Caused by NameResolutionError(""HTTPSConnection(host='dev.posit.niehs.nih.gov', port=443): Failed to resolve 'dev.posit.niehs.nih.gov' ([Errno 8] nodename nor servname provided, or not known)""))"
274,PDF batch 274/6155 (1 references),1,ConnectionError,"HTTPSConnectionPool(host='dev.posit.niehs.nih.gov', port=443): Max retries exceeded with url: /et/api/pdf-download (Caused by NameResolutionError(""HTTPSConnection(host='dev.posit.niehs.nih.gov', port=443): Failed to resolve 'dev.posit.niehs.nih.gov' ([Errno 8] nodename nor servname provided, or not known)""))"
275,PDF batch 275/6155 (1 references),1,ConnectionError,"HTTPSConnectionPool(host='dev.posit.niehs.nih.gov', port=443): Max retries exceeded with url: /et/api/pdf-download (Caused by NameResolutionError(""HTTPSConnection(host='dev.posit.niehs.nih.gov', port=443): Failed to resolve 'dev.posit.niehs.nih.gov' ([Errno 8] nodename nor servname provided, or not known)""))"
276,PDF batch 276/6155 (1 references),1,ConnectionError,"HTTPSConnectionPool(host='dev.posit.niehs.nih.gov', port=443): Max retries exceeded with url: /et/api/pdf-download (Caused by NameResolutionError(""HTTPSConnection(host='dev.posit.niehs.nih.gov', port=443): Failed to resolve 'dev.posit.niehs.nih.gov' ([Errno 8] nodename nor servname provided, or not known)""))"
277,PDF batch 277/6155 (1 references),1,ConnectionError,"HTTPSConnectionPool(host='dev.posit.niehs.nih.gov', port=443): Max retries exceeded with url: /et/api/pdf-download (Caused by NameResolutionError(""HTTPSConnection(host='dev.posit.niehs.nih.gov', port=443): Failed to resolve 'dev.posit.niehs.nih.gov' ([Errno 8] nodename nor servname provided, or not known)""))"
279,PDF batch 279/6155 (1 references),1,ConnectionError,"HTTPSConnectionPool(host='dev.posit.niehs.nih.gov', port=443): Max retries exceeded with url: /et/api/pdf-download (Caused by NameResolutionError(""HTTPSConnection(host='dev.posit.niehs.nih.gov', port=443): Failed to resolve 'dev.posit.niehs.nih.gov' ([Errno 8] nodename nor servname provided, or not known)""))"
278,PDF batch 278/6155 (1 references),1,ConnectionError,"HTTPSConnectionPool(host='dev.posit.niehs.nih.gov', port=443): Max retries exceeded with url: /et/api/pdf-download (Caused by NameResolutionError(""HTTPSConnection(host='dev.posit.niehs.nih.gov', port=443): Failed to resolve 'dev.posit.niehs.nih.gov' ([Errno 8] nodename nor servname provided, or not known)""))"
280,PDF batch 280/6155 (1 references),1,ConnectionError,"HTTPSConnectionPool(host='dev.posit.niehs.nih.gov', port=443): Max retries exceeded with url: /et/api/pdf-download (Caused by NameResolutionError(""HTTPSConnection(host='dev.posit.niehs.nih.gov', port=443): Failed to resolve 'dev.posit.niehs.nih.gov' ([Errno 8] nodename nor servname provided, or not known)""))"
281,PDF batch 281/6155 (1 references),1,ConnectionError,"HTTPSConnectionPool(host='dev.posit.niehs.nih.gov', port=443): Max retries exceeded with url: /et/api/pdf-download (Caused by NameResolutionError(""HTTPSConnection(host='dev.posit.niehs.nih.gov', port=443): Failed to resolve 'dev.posit.niehs.nih.gov' ([Errno 8] nodename nor servname provided, or not known)""))"
282,PDF batch 282/6155 (1 references),1,ConnectionError,"HTTPSConnectionPool(host='dev.posit.niehs.nih.gov', port=443): Max retries exceeded with url: /et/api/pdf-download (Caused by NameResolutionError(""HTTPSConnection(host='dev.posit.niehs.nih.gov', port=443): Failed to resolve 'dev.posit.niehs.nih.gov' ([Errno 8] nodename nor servname provided, or not known)""))"
283,PDF batch 283/6155 (1 references),1,ConnectionError,"HTTPSConnectionPool(host='dev.posit.niehs.nih.gov', port=443): Max retries exceeded with url: /et/api/pdf-download (Caused by NameResolutionError(""HTTPSConnection(host='dev.posit.niehs.nih.gov', port=443): Failed to resolve 'dev.posit.niehs.nih.gov' ([Errno 8] nodename nor servname provided, or not known)""))"
284,PDF batch 284/6155 (1 references),1,ConnectionError,"HTTPSConnectionPool(host='dev.posit.niehs.nih.gov', port=443): Max retries exceeded with url: /et/api/pdf-download (Caused by NameResolutionError(""HTTPSConnection(host='dev.posit.niehs.nih.gov', port=443): Failed to resolve 'dev.posit.niehs.nih.gov' ([Errno 8] nodename nor servname provided, or not known)""))"
285,PDF batch 285/6155 (1 references),1,ConnectionError,"HTTPSConnectionPool(host='dev.posit.niehs.nih.gov', port=443): Max retries exceeded with url: /et/api/pdf-download (Caused by NameResolutionError(""HTTPSConnection(host='dev.posit.niehs.nih.gov', port=443): Failed to resolve 'dev.posit.niehs.nih.gov' ([Errno 8] nodename nor servname provided, or not known)""))"
286,PDF batch 286/6155 (1 references),1,ConnectionError,"HTTPSConnectionPool(host='dev.posit.niehs.nih.gov', port=443): Max retries exceeded with url: /et/api/pdf-download (Caused by NameResolutionError(""HTTPSConnection(host='dev.posit.niehs.nih.gov', port=443): Failed to resolve 'dev.posit.niehs.nih.gov' ([Errno 8] nodename nor servname provided, or not known)""))"
287,PDF batch 287/6155 (1 references),1,ConnectionError,"HTTPSConnectionPool(host='dev.posit.niehs.nih.gov', port=443): Max retries exceeded with url: /et/api/pdf-download (Caused by NameResolutionError(""HTTPSConnection(host='dev.posit.niehs.nih.gov', port=443): Failed to resolve 'dev.posit.niehs.nih.gov' ([Errno 8] nodename nor servname provided, or not known)""))"
288,PDF batch 288/6155 (1 references),1,ConnectionError,"HTTPSConnectionPool(host='dev.posit.niehs.nih.gov', port=443): Max retries exceeded with url: /et/api/pdf-download (Caused by NameResolutionError(""HTTPSConnection(host='dev.posit.niehs.nih.gov', port=443): Failed to resolve 'dev.posit.niehs.nih.gov' ([Errno 8] nodename nor servname provided, or not known)""))"
289,PDF batch 289/6155 (1 references),1,ConnectionError,"HTTPSConnectionPool(host='dev.posit.niehs.nih.gov', port=443): Max retries exceeded with url: /et/api/pdf-download (Caused by NameResolutionError(""HTTPSConnection(host='dev.posit.niehs.nih.gov', port=443): Failed to resolve 'dev.posit.niehs.nih.gov' ([Errno 8] nodename nor servname provided, or not known)""))"
290,PDF batch 290/6155 (1 references),1,ConnectionError,"HTTPSConnectionPool(host='dev.posit.niehs.nih.gov', port=443): Max retries exceeded with url: /et/api/pdf-download (Caused by NameResolutionError(""HTTPSConnection(host='dev.posit.niehs.nih.gov', port=443): Failed to resolve 'dev.posit.niehs.nih.gov' ([Errno 8] nodename nor servname provided, or not known)""))"
291,PDF batch 291/6155 (1 references),1,ConnectionError,"HTTPSConnectionPool(host='dev.posit.niehs.nih.gov', port=443): Max retries exceeded with url: /et/api/pdf-download (Caused by NameResolutionError(""HTTPSConnection(host='dev.posit.niehs.nih.gov', port=443): Failed to resolve 'dev.posit.niehs.nih.gov' ([Errno 8] nodename nor servname provided, or not known)""))"
292,PDF batch 292/6155 (1 references),1,ConnectionError,"HTTPSConnectionPool(host='dev.posit.niehs.nih.gov', port=443): Max retries exceeded with url: /et/api/pdf-download (Caused by NameResolutionError(""HTTPSConnection(host='dev.posit.niehs.nih.gov', port=443): Failed to resolve 'dev.posit.niehs.nih.gov' ([Errno 8] nodename nor servname provided, or not known)""))"
293,PDF batch 293/6155 (1 references),1,ConnectionError,"HTTPSConnectionPool(host='dev.posit.niehs.nih.gov', port=443): Max retries exceeded with url: /et/api/pdf-download (Caused by NameResolutionError(""HTTPSConnection(host='dev.posit.niehs.nih.gov', port=443): Failed to resolve 'dev.posit.niehs.nih.gov' ([Errno 8] nodename nor servname provided, or not known)""))"
294,PDF batch 294/6155 (1 references),1,ConnectionError,"HTTPSConnectionPool(host='dev.posit.niehs.nih.gov', port=443): Max retries exceeded with url: /et/api/pdf-download (Caused by NameResolutionError(""HTTPSConnection(host='dev.posit.niehs.nih.gov', port=443): Failed to resolve 'dev.posit.niehs.nih.gov' ([Errno 8] nodename nor servname provided, or not known)""))"
298,PDF batch 298/6155 (1 references),1,ConnectionError,"HTTPSConnectionPool(host='dev.posit.niehs.nih.gov', port=443): Max retries exceeded with url: /et/api/pdf-download (Caused by NameResolutionError(""HTTPSConnection(host='dev.posit.niehs.nih.gov', port=443): Failed to resolve 'dev.posit.niehs.nih.gov' ([Errno 8] nodename nor servname provided, or not known)""))"
297,PDF batch 297/6155 (1 references),1,ConnectionError,"HTTPSConnectionPool(host='dev.posit.niehs.nih.gov', port=443): Max retries exceeded with url: /et/api/pdf-download (Caused by NameResolutionError(""HTTPSConnection(host='dev.posit.niehs.nih.gov', port=443): Failed to resolve 'dev.posit.niehs.nih.gov' ([Errno 8] nodename nor servname provided, or not known)""))"
295,PDF batch 295/6155 (1 references),1,ConnectionError,"HTTPSConnectionPool(host='dev.posit.niehs.nih.gov', port=443): Max retries exceeded with url: /et/api/pdf-download (Caused by NameResolutionError(""HTTPSConnection(host='dev.posit.niehs.nih.gov', port=443): Failed to resolve 'dev.posit.niehs.nih.gov' ([Errno 8] nodename nor servname provided, or not known)""))"
296,PDF batch 296/6155 (1 references),1,ConnectionError,"HTTPSConnectionPool(host='dev.posit.niehs.nih.gov', port=443): Max retries exceeded with url: /et/api/pdf-download (Caused by NameResolutionError(""HTTPSConnection(host='dev.posit.niehs.nih.gov', port=443): Failed to resolve 'dev.posit.niehs.nih.gov' ([Errno 8] nodename nor servname provided, or not known)""))"
299,PDF batch 299/6155 (1 references),1,ConnectionError,"HTTPSConnectionPool(host='dev.posit.niehs.nih.gov', port=443): Max retries exceeded with url: /et/api/pdf-download (Caused by NameResolutionError(""HTTPSConnection(host='dev.posit.niehs.nih.gov', port=443): Failed to resolve 'dev.posit.niehs.nih.gov' ([Errno 8] nodename nor servname provided, or not known)""))"
300,PDF batch 300/6155 (1 references),1,ConnectionError,"HTTPSConnectionPool(host='dev.posit.niehs.nih.gov', port=443): Max retries exceeded with url: /et/api/pdf-download (Caused by NameResolutionError(""HTTPSConnection(host='dev.posit.niehs.nih.gov', port=443): Failed to resolve 'dev.posit.niehs.nih.gov' ([Errno 8] nodename nor servname provided, or not known)""))"
301,PDF batch 301/6155 (1 references),1,ConnectionError,"HTTPSConnectionPool(host='dev.posit.niehs.nih.gov', port=443): Max retries exceeded with url: /et/api/pdf-download (Caused by NameResolutionError(""HTTPSConnection(host='dev.posit.niehs.nih.gov', port=443): Failed to resolve 'dev.posit.niehs.nih.gov' ([Errno 8] nodename nor servname provided, or not known)""))"
302,PDF batch 302/6155 (1 references),1,ConnectionError,"HTTPSConnectionPool(host='dev.posit.niehs.nih.gov', port=443): Max retries exceeded with url: /et/api/pdf-download (Caused by NameResolutionError(""HTTPSConnection(host='dev.posit.niehs.nih.gov', port=443): Failed to resolve 'dev.posit.niehs.nih.gov' ([Errno 8] nodename nor servname provided, or not known)""))"
303,PDF batch 303/6155 (1 references),1,ConnectionError,"HTTPSConnectionPool(host='dev.posit.niehs.nih.gov', port=443): Max retries exceeded with url: /et/api/pdf-download (Caused by NameResolutionError(""HTTPSConnection(host='dev.posit.niehs.nih.gov', port=443): Failed to resolve 'dev.posit.niehs.nih.gov' ([Errno 8] nodename nor servname provided, or not known)""))"
304,PDF batch 304/6155 (1 references),1,ConnectionError,"HTTPSConnectionPool(host='dev.posit.niehs.nih.gov', port=443): Max retries exceeded with url: /et/api/pdf-download (Caused by NameResolutionError(""HTTPSConnection(host='dev.posit.niehs.nih.gov', port=443): Failed to resolve 'dev.posit.niehs.nih.gov' ([Errno 8] nodename nor servname provided, or not known)""))"
305,PDF batch 305/6155 (1 references),1,ConnectionError,"HTTPSConnectionPool(host='dev.posit.niehs.nih.gov', port=443): Max retries exceeded with url: /et/api/pdf-download (Caused by NameResolutionError(""HTTPSConnection(host='dev.posit.niehs.nih.gov', port=443): Failed to resolve 'dev.posit.niehs.nih.gov' ([Errno 8] nodename nor servname provided, or not known)""))"
306,PDF batch 306/6155 (1 references),1,ConnectionError,"HTTPSConnectionPool(host='dev.posit.niehs.nih.gov', port=443): Max retries exceeded with url: /et/api/pdf-download (Caused by NameResolutionError(""HTTPSConnection(host='dev.posit.niehs.nih.gov', port=443): Failed to resolve 'dev.posit.niehs.nih.gov' ([Errno 8] nodename nor servname provided, or not known)""))"
307,PDF batch 307/6155 (1 references),1,ConnectionError,"HTTPSConnectionPool(host='dev.posit.niehs.nih.gov', port=443): Max retries exceeded with url: /et/api/pdf-download (Caused by NameResolutionError(""HTTPSConnection(host='dev.posit.niehs.nih.gov', port=443): Failed to resolve 'dev.posit.niehs.nih.gov' ([Errno 8] nodename nor servname provided, or not known)""))"
308,PDF batch 308/6155 (1 references),1,ConnectionError,"HTTPSConnectionPool(host='dev.posit.niehs.nih.gov', port=443): Max retries exceeded with url: /et/api/pdf-download (Caused by NameResolutionError(""HTTPSConnection(host='dev.posit.niehs.nih.gov', port=443): Failed to resolve 'dev.posit.niehs.nih.gov' ([Errno 8] nodename nor servname provided, or not known)""))"
309,PDF batch 309/6155 (1 references),1,ConnectionError,"HTTPSConnectionPool(host='dev.posit.niehs.nih.gov', port=443): Max retries exceeded with url: /et/api/pdf-download (Caused by NameResolutionError(""HTTPSConnection(host='dev.posit.niehs.nih.gov', port=443): Failed to resolve 'dev.posit.niehs.nih.gov' ([Errno 8] nodename nor servname provided, or not known)""))"
310,PDF batch 310/6155 (1 references),1,ConnectionError,"HTTPSConnectionPool(host='dev.posit.niehs.nih.gov', port=443): Max retries exceeded with url: /et/api/pdf-download (Caused by NameResolutionError(""HTTPSConnection(host='dev.posit.niehs.nih.gov', port=443): Failed to resolve 'dev.posit.niehs.nih.gov' ([Errno 8] nodename nor servname provided, or not known)""))"
312,PDF batch 312/6155 (1 references),1,ConnectionError,"HTTPSConnectionPool(host='dev.posit.niehs.nih.gov', port=443): Max retries exceeded with url: /et/api/pdf-download (Caused by NameResolutionError(""HTTPSConnection(host='dev.posit.niehs.nih.gov', port=443): Failed to resolve 'dev.posit.niehs.nih.gov' ([Errno 8] nodename nor servname provided, or not known)""))"
311,PDF batch 311/6155 (1 references),1,ConnectionError,"HTTPSConnectionPool(host='dev.posit.niehs.nih.gov', port=443): Max retries exceeded with url: /et/api/pdf-download (Caused by NameResolutionError(""HTTPSConnection(host='dev.posit.niehs.nih.gov', port=443): Failed to resolve 'dev.posit.niehs.nih.gov' ([Errno 8] nodename nor servname provided, or not known)""))"
313,PDF batch 313/6155 (1 references),1,ConnectionError,"HTTPSConnectionPool(host='dev.posit.niehs.nih.gov', port=443): Max retries exceeded with url: /et/api/pdf-download (Caused by NameResolutionError(""HTTPSConnection(host='dev.posit.niehs.nih.gov', port=443): Failed to resolve 'dev.posit.niehs.nih.gov' ([Errno 8] nodename nor servname provided, or not known)""))"
315,PDF batch 315/6155 (1 references),1,ConnectionError,"HTTPSConnectionPool(host='dev.posit.niehs.nih.gov', port=443): Max retries exceeded with url: /et/api/pdf-download (Caused by NameResolutionError(""HTTPSConnection(host='dev.posit.niehs.nih.gov', port=443): Failed to resolve 'dev.posit.niehs.nih.gov' ([Errno 8] nodename nor servname provided, or not known)""))"
314,PDF batch 314/6155 (1 references),1,ConnectionError,"HTTPSConnectionPool(host='dev.posit.niehs.nih.gov', port=443): Max retries exceeded with url: /et/api/pdf-download (Caused by NameResolutionError(""HTTPSConnection(host='dev.posit.niehs.nih.gov', port=443): Failed to resolve 'dev.posit.niehs.nih.gov' ([Errno 8] nodename nor servname provided, or not known)""))"
317,PDF batch 317/6155 (1 references),1,ConnectionError,"HTTPSConnectionPool(host='dev.posit.niehs.nih.gov', port=443): Max retries exceeded with url: /et/api/pdf-download (Caused by NameResolutionError(""HTTPSConnection(host='dev.posit.niehs.nih.gov', port=443): Failed to resolve 'dev.posit.niehs.nih.gov' ([Errno 8] nodename nor servname provided, or not known)""))"
316,PDF batch 316/6155 (1 references),1,ConnectionError,"HTTPSConnectionPool(host='dev.posit.niehs.nih.gov', port=443): Max retries exceeded with url: /et/api/pdf-download (Caused by NameResolutionError(""HTTPSConnection(host='dev.posit.niehs.nih.gov', port=443): Failed to resolve 'dev.posit.niehs.nih.gov' ([Errno 8] nodename nor servname provided, or not known)""))"
318,PDF batch 318/6155 (1 references),1,ConnectionError,"HTTPSConnectionPool(host='dev.posit.niehs.nih.gov', port=443): Max retries exceeded with url: /et/api/pdf-download (Caused by NameResolutionError(""HTTPSConnection(host='dev.posit.niehs.nih.gov', port=443): Failed to resolve 'dev.posit.niehs.nih.gov' ([Errno 8] nodename nor servname provided, or not known)""))"
319,PDF batch 319/6155 (1 references),1,ConnectionError,"HTTPSConnectionPool(host='dev.posit.niehs.nih.gov', port=443): Max retries exceeded with url: /et/api/pdf-download (Caused by NameResolutionError(""HTTPSConnection(host='dev.posit.niehs.nih.gov', port=443): Failed to resolve 'dev.posit.niehs.nih.gov' ([Errno 8] nodename nor servname provided, or not known)""))"
320,PDF batch 320/6155 (1 references),1,ConnectionError,"HTTPSConnectionPool(host='dev.posit.niehs.nih.gov', port=443): Max retries exceeded with url: /et/api/pdf-download (Caused by NameResolutionError(""HTTPSConnection(host='dev.posit.niehs.nih.gov', port=443): Failed to resolve 'dev.posit.niehs.nih.gov' ([Errno 8] nodename nor servname provided, or not known)""))"
321,PDF batch 321/6155 (1 references),1,ConnectionError,"HTTPSConnectionPool(host='dev.posit.niehs.nih.gov', port=443): Max retries exceeded with url: /et/api/pdf-download (Caused by NameResolutionError(""HTTPSConnection(host='dev.posit.niehs.nih.gov', port=443): Failed to resolve 'dev.posit.niehs.nih.gov' ([Errno 8] nodename nor servname provided, or not known)""))"
323,PDF batch 323/6155 (1 references),1,ConnectionError,"HTTPSConnectionPool(host='dev.posit.niehs.nih.gov', port=443): Max retries exceeded with url: /et/api/pdf-download (Caused by NameResolutionError(""HTTPSConnection(host='dev.posit.niehs.nih.gov', port=443): Failed to resolve 'dev.posit.niehs.nih.gov' ([Errno 8] nodename nor servname provided, or not known)""))"
322,PDF batch 322/6155 (1 references),1,ConnectionError,"HTTPSConnectionPool(host='dev.posit.niehs.nih.gov', port=443): Max retries exceeded with url: /et/api/pdf-download (Caused by NameResolutionError(""HTTPSConnection(host='dev.posit.niehs.nih.gov', port=443): Failed to resolve 'dev.posit.niehs.nih.gov' ([Errno 8] nodename nor servname provided, or not known)""))"
324,PDF batch 324/6155 (1 references),1,ConnectionError,"HTTPSConnectionPool(host='dev.posit.niehs.nih.gov', port=443): Max retries exceeded with url: /et/api/pdf-download (Caused by NameResolutionError(""HTTPSConnection(host='dev.posit.niehs.nih.gov', port=443): Failed to resolve 'dev.posit.niehs.nih.gov' ([Errno 8] nodename nor servname provided, or not known)""))"
326,PDF batch 326/6155 (1 references),1,ConnectionError,"HTTPSConnectionPool(host='dev.posit.niehs.nih.gov', port=443): Max retries exceeded with url: /et/api/pdf-download (Caused by NameResolutionError(""HTTPSConnection(host='dev.posit.niehs.nih.gov', port=443): Failed to resolve 'dev.posit.niehs.nih.gov' ([Errno 8] nodename nor servname provided, or not known)""))"
325,PDF batch 325/6155 (1 references),1,ConnectionError,"HTTPSConnectionPool(host='dev.posit.niehs.nih.gov', port=443): Max retries exceeded with url: /et/api/pdf-download (Caused by NameResolutionError(""HTTPSConnection(host='dev.posit.niehs.nih.gov', port=443): Failed to resolve 'dev.posit.niehs.nih.gov' ([Errno 8] nodename nor servname provided, or not known)""))"
327,PDF batch 327/6155 (1 references),1,ConnectionError,"HTTPSConnectionPool(host='dev.posit.niehs.nih.gov', port=443): Max retries exceeded with url: /et/api/pdf-download (Caused by NameResolutionError(""HTTPSConnection(host='dev.posit.niehs.nih.gov', port=443): Failed to resolve 'dev.posit.niehs.nih.gov' ([Errno 8] nodename nor servname provided, or not known)""))"
328,PDF batch 328/6155 (1 references),1,ConnectionError,"HTTPSConnectionPool(host='dev.posit.niehs.nih.gov', port=443): Max retries exceeded with url: /et/api/pdf-download (Caused by NameResolutionError(""HTTPSConnection(host='dev.posit.niehs.nih.gov', port=443): Failed to resolve 'dev.posit.niehs.nih.gov' ([Errno 8] nodename nor servname provided, or not known)""))"
329,PDF batch 329/6155 (1 references),1,ConnectionError,"HTTPSConnectionPool(host='dev.posit.niehs.nih.gov', port=443): Max retries exceeded with url: /et/api/pdf-download (Caused by NameResolutionError(""HTTPSConnection(host='dev.posit.niehs.nih.gov', port=443): Failed to resolve 'dev.posit.niehs.nih.gov' ([Errno 8] nodename nor servname provided, or not known)""))"
331,PDF batch 331/6155 (1 references),1,ConnectionError,"HTTPSConnectionPool(host='dev.posit.niehs.nih.gov', port=443): Max retries exceeded with url: /et/api/pdf-download (Caused by NameResolutionError(""HTTPSConnection(host='dev.posit.niehs.nih.gov', port=443): Failed to resolve 'dev.posit.niehs.nih.gov' ([Errno 8] nodename nor servname provided, or not known)""))"
330,PDF batch 330/6155 (1 references),1,ConnectionError,"HTTPSConnectionPool(host='dev.posit.niehs.nih.gov', port=443): Max retries exceeded with url: /et/api/pdf-download (Caused by NameResolutionError(""HTTPSConnection(host='dev.posit.niehs.nih.gov', port=443): Failed to resolve 'dev.posit.niehs.nih.gov' ([Errno 8] nodename nor servname provided, or not known)""))"
332,PDF batch 332/6155 (1 references),1,ConnectionError,"HTTPSConnectionPool(host='dev.posit.niehs.nih.gov', port=443): Max retries exceeded with url: /et/api/pdf-download (Caused by NameResolutionError(""HTTPSConnection(host='dev.posit.niehs.nih.gov', port=443): Failed to resolve 'dev.posit.niehs.nih.gov' ([Errno 8] nodename nor servname provided, or not known)""))"
333,PDF batch 333/6155 (1 references),1,ConnectionError,"HTTPSConnectionPool(host='dev.posit.niehs.nih.gov', port=443): Max retries exceeded with url: /et/api/pdf-download (Caused by NameResolutionError(""HTTPSConnection(host='dev.posit.niehs.nih.gov', port=443): Failed to resolve 'dev.posit.niehs.nih.gov' ([Errno 8] nodename nor servname provided, or not known)""))"
335,PDF batch 335/6155 (1 references),1,ConnectionError,"HTTPSConnectionPool(host='dev.posit.niehs.nih.gov', port=443): Max retries exceeded with url: /et/api/pdf-download (Caused by NameResolutionError(""HTTPSConnection(host='dev.posit.niehs.nih.gov', port=443): Failed to resolve 'dev.posit.niehs.nih.gov' ([Errno 8] nodename nor servname provided, or not known)""))"
336,PDF batch 336/6155 (1 references),1,ConnectionError,"HTTPSConnectionPool(host='dev.posit.niehs.nih.gov', port=443): Max retries exceeded with url: /et/api/pdf-download (Caused by NameResolutionError(""HTTPSConnection(host='dev.posit.niehs.nih.gov', port=443): Failed to resolve 'dev.posit.niehs.nih.gov' ([Errno 8] nodename nor servname provided, or not known)""))"
338,PDF batch 338/6155 (1 references),1,ConnectionError,"HTTPSConnectionPool(host='dev.posit.niehs.nih.gov', port=443): Max retries exceeded with url: /et/api/pdf-download (Caused by NameResolutionError(""HTTPSConnection(host='dev.posit.niehs.nih.gov', port=443): Failed to resolve 'dev.posit.niehs.nih.gov' ([Errno 8] nodename nor servname provided, or not known)""))"
334,PDF batch 334/6155 (1 references),1,ConnectionError,"HTTPSConnectionPool(host='dev.posit.niehs.nih.gov', port=443): Max retries exceeded with url: /et/api/pdf-download (Caused by NameResolutionError(""HTTPSConnection(host='dev.posit.niehs.nih.gov', port=443): Failed to resolve 'dev.posit.niehs.nih.gov' ([Errno 8] nodename nor servname provided, or not known)""))"
337,PDF batch 337/6155 (1 references),1,ConnectionError,"HTTPSConnectionPool(host='dev.posit.niehs.nih.gov', port=443): Max retries exceeded with url: /et/api/pdf-download (Caused by NameResolutionError(""HTTPSConnection(host='dev.posit.niehs.nih.gov', port=443): Failed to resolve 'dev.posit.niehs.nih.gov' ([Errno 8] nodename nor servname provided, or not known)""))"
339,PDF batch 339/6155 (1 references),1,ConnectionError,"HTTPSConnectionPool(host='dev.posit.niehs.nih.gov', port=443): Max retries exceeded with url: /et/api/pdf-download (Caused by NameResolutionError(""HTTPSConnection(host='dev.posit.niehs.nih.gov', port=443): Failed to resolve 'dev.posit.niehs.nih.gov' ([Errno 8] nodename nor servname provided, or not known)""))"
340,PDF batch 340/6155 (1 references),1,ConnectionError,"HTTPSConnectionPool(host='dev.posit.niehs.nih.gov', port=443): Max retries exceeded with url: /et/api/pdf-download (Caused by NameResolutionError(""HTTPSConnection(host='dev.posit.niehs.nih.gov', port=443): Failed to resolve 'dev.posit.niehs.nih.gov' ([Errno 8] nodename nor servname provided, or not known)""))"
343,PDF batch 343/6155 (1 references),1,ConnectionError,"HTTPSConnectionPool(host='dev.posit.niehs.nih.gov', port=443): Max retries exceeded with url: /et/api/pdf-download (Caused by NameResolutionError(""HTTPSConnection(host='dev.posit.niehs.nih.gov', port=443): Failed to resolve 'dev.posit.niehs.nih.gov' ([Errno 8] nodename nor servname provided, or not known)""))"
341,PDF batch 341/6155 (1 references),1,ConnectionError,"HTTPSConnectionPool(host='dev.posit.niehs.nih.gov', port=443): Max retries exceeded with url: /et/api/pdf-download (Caused by NameResolutionError(""HTTPSConnection(host='dev.posit.niehs.nih.gov', port=443): Failed to resolve 'dev.posit.niehs.nih.gov' ([Errno 8] nodename nor servname provided, or not known)""))"
342,PDF batch 342/6155 (1 references),1,ConnectionError,"HTTPSConnectionPool(host='dev.posit.niehs.nih.gov', port=443): Max retries exceeded with url: /et/api/pdf-download (Caused by NameResolutionError(""HTTPSConnection(host='dev.posit.niehs.nih.gov', port=443): Failed to resolve 'dev.posit.niehs.nih.gov' ([Errno 8] nodename nor servname provided, or not known)""))"
345,PDF batch 345/6155 (1 references),1,ConnectionError,"HTTPSConnectionPool(host='dev.posit.niehs.nih.gov', port=443): Max retries exceeded with url: /et/api/pdf-download (Caused by NameResolutionError(""HTTPSConnection(host='dev.posit.niehs.nih.gov', port=443): Failed to resolve 'dev.posit.niehs.nih.gov' ([Errno 8] nodename nor servname provided, or not known)""))"
346,PDF batch 346/6155 (1 references),1,ConnectionError,"HTTPSConnectionPool(host='dev.posit.niehs.nih.gov', port=443): Max retries exceeded with url: /et/api/pdf-download (Caused by NameResolutionError(""HTTPSConnection(host='dev.posit.niehs.nih.gov', port=443): Failed to resolve 'dev.posit.niehs.nih.gov' ([Errno 8] nodename nor servname provided, or not known)""))"
344,PDF batch 344/6155 (1 references),1,ConnectionError,"HTTPSConnectionPool(host='dev.posit.niehs.nih.gov', port=443): Max retries exceeded with url: /et/api/pdf-download (Caused by NameResolutionError(""HTTPSConnection(host='dev.posit.niehs.nih.gov', port=443): Failed to resolve 'dev.posit.niehs.nih.gov' ([Errno 8] nodename nor servname provided, or not known)""))"
347,PDF batch 347/6155 (1 references),1,ConnectionError,"HTTPSConnectionPool(host='dev.posit.niehs.nih.gov', port=443): Max retries exceeded with url: /et/api/pdf-download (Caused by NameResolutionError(""HTTPSConnection(host='dev.posit.niehs.nih.gov', port=443): Failed to resolve 'dev.posit.niehs.nih.gov' ([Errno 8] nodename nor servname provided, or not known)""))"
348,PDF batch 348/6155 (1 references),1,ConnectionError,"HTTPSConnectionPool(host='dev.posit.niehs.nih.gov', port=443): Max retries exceeded with url: /et/api/pdf-download (Caused by NameResolutionError(""HTTPSConnection(host='dev.posit.niehs.nih.gov', port=443): Failed to resolve 'dev.posit.niehs.nih.gov' ([Errno 8] nodename nor servname provided, or not known)""))"
350,PDF batch 350/6155 (1 references),1,ConnectionError,"HTTPSConnectionPool(host='dev.posit.niehs.nih.gov', port=443): Max retries exceeded with url: /et/api/pdf-download (Caused by NameResolutionError(""HTTPSConnection(host='dev.posit.niehs.nih.gov', port=443): Failed to resolve 'dev.posit.niehs.nih.gov' ([Errno 8] nodename nor servname provided, or not known)""))"
349,PDF batch 349/6155 (1 references),1,ConnectionError,"HTTPSConnectionPool(host='dev.posit.niehs.nih.gov', port=443): Max retries exceeded with url: /et/api/pdf-download (Caused by NameResolutionError(""HTTPSConnection(host='dev.posit.niehs.nih.gov', port=443): Failed to resolve 'dev.posit.niehs.nih.gov' ([Errno 8] nodename nor servname provided, or not known)""))"
351,PDF batch 351/6155 (1 references),1,ConnectionError,"HTTPSConnectionPool(host='dev.posit.niehs.nih.gov', port=443): Max retries exceeded with url: /et/api/pdf-download (Caused by NameResolutionError(""HTTPSConnection(host='dev.posit.niehs.nih.gov', port=443): Failed to resolve 'dev.posit.niehs.nih.gov' ([Errno 8] nodename nor servname provided, or not known)""))"
355,PDF batch 355/6155 (1 references),1,ConnectionError,"HTTPSConnectionPool(host='dev.posit.niehs.nih.gov', port=443): Max retries exceeded with url: /et/api/pdf-download (Caused by NameResolutionError(""HTTPSConnection(host='dev.posit.niehs.nih.gov', port=443): Failed to resolve 'dev.posit.niehs.nih.gov' ([Errno 8] nodename nor servname provided, or not known)""))"
353,PDF batch 353/6155 (1 references),1,ConnectionError,"HTTPSConnectionPool(host='dev.posit.niehs.nih.gov', port=443): Max retries exceeded with url: /et/api/pdf-download (Caused by NameResolutionError(""HTTPSConnection(host='dev.posit.niehs.nih.gov', port=443): Failed to resolve 'dev.posit.niehs.nih.gov' ([Errno 8] nodename nor servname provided, or not known)""))"
354,PDF batch 354/6155 (1 references),1,ConnectionError,"HTTPSConnectionPool(host='dev.posit.niehs.nih.gov', port=443): Max retries exceeded with url: /et/api/pdf-download (Caused by NameResolutionError(""HTTPSConnection(host='dev.posit.niehs.nih.gov', port=443): Failed to resolve 'dev.posit.niehs.nih.gov' ([Errno 8] nodename nor servname provided, or not known)""))"
357,PDF batch 357/6155 (1 references),1,ConnectionError,"HTTPSConnectionPool(host='dev.posit.niehs.nih.gov', port=443): Max retries exceeded with url: /et/api/pdf-download (Caused by NameResolutionError(""HTTPSConnection(host='dev.posit.niehs.nih.gov', port=443): Failed to resolve 'dev.posit.niehs.nih.gov' ([Errno 8] nodename nor servname provided, or not known)""))"
352,PDF batch 352/6155 (1 references),1,ConnectionError,"HTTPSConnectionPool(host='dev.posit.niehs.nih.gov', port=443): Max retries exceeded with url: /et/api/pdf-download (Caused by NameResolutionError(""HTTPSConnection(host='dev.posit.niehs.nih.gov', port=443): Failed to resolve 'dev.posit.niehs.nih.gov' ([Errno 8] nodename nor servname provided, or not known)""))"
356,PDF batch 356/6155 (1 references),1,ConnectionError,"HTTPSConnectionPool(host='dev.posit.niehs.nih.gov', port=443): Max retries exceeded with url: /et/api/pdf-download (Caused by NameResolutionError(""HTTPSConnection(host='dev.posit.niehs.nih.gov', port=443): Failed to resolve 'dev.posit.niehs.nih.gov' ([Errno 8] nodename nor servname provided, or not known)""))"
358,PDF batch 358/6155 (1 references),1,ConnectionError,"HTTPSConnectionPool(host='dev.posit.niehs.nih.gov', port=443): Max retries exceeded with url: /et/api/pdf-download (Caused by NameResolutionError(""HTTPSConnection(host='dev.posit.niehs.nih.gov', port=443): Failed to resolve 'dev.posit.niehs.nih.gov' ([Errno 8] nodename nor servname provided, or not known)""))"
359,PDF batch 359/6155 (1 references),1,ConnectionError,"HTTPSConnectionPool(host='dev.posit.niehs.nih.gov', port=443): Max retries exceeded with url: /et/api/pdf-download (Caused by NameResolutionError(""HTTPSConnection(host='dev.posit.niehs.nih.gov', port=443): Failed to resolve 'dev.posit.niehs.nih.gov' ([Errno 8] nodename nor servname provided, or not known)""))"
361,PDF batch 361/6155 (1 references),1,ConnectionError,"HTTPSConnectionPool(host='dev.posit.niehs.nih.gov', port=443): Max retries exceeded with url: /et/api/pdf-download (Caused by NameResolutionError(""HTTPSConnection(host='dev.posit.niehs.nih.gov', port=443): Failed to resolve 'dev.posit.niehs.nih.gov' ([Errno 8] nodename nor servname provided, or not known)""))"
362,PDF batch 362/6155 (1 references),1,ConnectionError,"HTTPSConnectionPool(host='dev.posit.niehs.nih.gov', port=443): Max retries exceeded with url: /et/api/pdf-download (Caused by NameResolutionError(""HTTPSConnection(host='dev.posit.niehs.nih.gov', port=443): Failed to resolve 'dev.posit.niehs.nih.gov' ([Errno 8] nodename nor servname provided, or not known)""))"
360,PDF batch 360/6155 (1 references),1,ConnectionError,"HTTPSConnectionPool(host='dev.posit.niehs.nih.gov', port=443): Max retries exceeded with url: /et/api/pdf-download (Caused by NameResolutionError(""HTTPSConnection(host='dev.posit.niehs.nih.gov', port=443): Failed to resolve 'dev.posit.niehs.nih.gov' ([Errno 8] nodename nor servname provided, or not known)""))"
365,PDF batch 365/6155 (1 references),1,ConnectionError,"HTTPSConnectionPool(host='dev.posit.niehs.nih.gov', port=443): Max retries exceeded with url: /et/api/pdf-download (Caused by NameResolutionError(""HTTPSConnection(host='dev.posit.niehs.nih.gov', port=443): Failed to resolve 'dev.posit.niehs.nih.gov' ([Errno 8] nodename nor servname provided, or not known)""))"
363,PDF batch 363/6155 (1 references),1,ConnectionError,"HTTPSConnectionPool(host='dev.posit.niehs.nih.gov', port=443): Max retries exceeded with url: /et/api/pdf-download (Caused by NameResolutionError(""HTTPSConnection(host='dev.posit.niehs.nih.gov', port=443): Failed to resolve 'dev.posit.niehs.nih.gov' ([Errno 8] nodename nor servname provided, or not known)""))"
364,PDF batch 364/6155 (1 references),1,ConnectionError,"HTTPSConnectionPool(host='dev.posit.niehs.nih.gov', port=443): Max retries exceeded with url: /et/api/pdf-download (Caused by NameResolutionError(""HTTPSConnection(host='dev.posit.niehs.nih.gov', port=443): Failed to resolve 'dev.posit.niehs.nih.gov' ([Errno 8] nodename nor servname provided, or not known)""))"
366,PDF batch 366/6155 (1 references),1,ConnectionError,"HTTPSConnectionPool(host='dev.posit.niehs.nih.gov', port=443): Max retries exceeded with url: /et/api/pdf-download (Caused by NameResolutionError(""HTTPSConnection(host='dev.posit.niehs.nih.gov', port=443): Failed to resolve 'dev.posit.niehs.nih.gov' ([Errno 8] nodename nor servname provided, or not known)""))"
367,PDF batch 367/6155 (1 references),1,ConnectionError,"HTTPSConnectionPool(host='dev.posit.niehs.nih.gov', port=443): Max retries exceeded with url: /et/api/pdf-download (Caused by NameResolutionError(""HTTPSConnection(host='dev.posit.niehs.nih.gov', port=443): Failed to resolve 'dev.posit.niehs.nih.gov' ([Errno 8] nodename nor servname provided, or not known)""))"
368,PDF batch 368/6155 (1 references),1,ConnectionError,"HTTPSConnectionPool(host='dev.posit.niehs.nih.gov', port=443): Max retries exceeded with url: /et/api/pdf-download (Caused by NameResolutionError(""HTTPSConnection(host='dev.posit.niehs.nih.gov', port=443): Failed to resolve 'dev.posit.niehs.nih.gov' ([Errno 8] nodename nor servname provided, or not known)""))"
369,PDF batch 369/6155 (1 references),1,ConnectionError,"HTTPSConnectionPool(host='dev.posit.niehs.nih.gov', port=443): Max retries exceeded with url: /et/api/pdf-download (Caused by NameResolutionError(""HTTPSConnection(host='dev.posit.niehs.nih.gov', port=443): Failed to resolve 'dev.posit.niehs.nih.gov' ([Errno 8] nodename nor servname provided, or not known)""))"
370,PDF batch 370/6155 (1 references),1,ConnectionError,"HTTPSConnectionPool(host='dev.posit.niehs.nih.gov', port=443): Max retries exceeded with url: /et/api/pdf-download (Caused by NameResolutionError(""HTTPSConnection(host='dev.posit.niehs.nih.gov', port=443): Failed to resolve 'dev.posit.niehs.nih.gov' ([Errno 8] nodename nor servname provided, or not known)""))"
371,PDF batch 371/6155 (1 references),1,ConnectionError,"HTTPSConnectionPool(host='dev.posit.niehs.nih.gov', port=443): Max retries exceeded with url: /et/api/pdf-download (Caused by NameResolutionError(""HTTPSConnection(host='dev.posit.niehs.nih.gov', port=443): Failed to resolve 'dev.posit.niehs.nih.gov' ([Errno 8] nodename nor servname provided, or not known)""))"
372,PDF batch 372/6155 (1 references),1,ConnectionError,"HTTPSConnectionPool(host='dev.posit.niehs.nih.gov', port=443): Max retries exceeded with url: /et/api/pdf-download (Caused by NameResolutionError(""HTTPSConnection(host='dev.posit.niehs.nih.gov', port=443): Failed to resolve 'dev.posit.niehs.nih.gov' ([Errno 8] nodename nor servname provided, or not known)""))"
373,PDF batch 373/6155 (1 references),1,ConnectionError,"HTTPSConnectionPool(host='dev.posit.niehs.nih.gov', port=443): Max retries exceeded with url: /et/api/pdf-download (Caused by NameResolutionError(""HTTPSConnection(host='dev.posit.niehs.nih.gov', port=443): Failed to resolve 'dev.posit.niehs.nih.gov' ([Errno 8] nodename nor servname provided, or not known)""))"
374,PDF batch 374/6155 (1 references),1,ConnectionError,"HTTPSConnectionPool(host='dev.posit.niehs.nih.gov', port=443): Max retries exceeded with url: /et/api/pdf-download (Caused by NameResolutionError(""HTTPSConnection(host='dev.posit.niehs.nih.gov', port=443): Failed to resolve 'dev.posit.niehs.nih.gov' ([Errno 8] nodename nor servname provided, or not known)""))"
375,PDF batch 375/6155 (1 references),1,ConnectionError,"HTTPSConnectionPool(host='dev.posit.niehs.nih.gov', port=443): Max retries exceeded with url: /et/api/pdf-download (Caused by NameResolutionError(""HTTPSConnection(host='dev.posit.niehs.nih.gov', port=443): Failed to resolve 'dev.posit.niehs.nih.gov' ([Errno 8] nodename nor servname provided, or not known)""))"
376,PDF batch 376/6155 (1 references),1,ConnectionError,"HTTPSConnectionPool(host='dev.posit.niehs.nih.gov', port=443): Max retries exceeded with url: /et/api/pdf-download (Caused by NameResolutionError(""HTTPSConnection(host='dev.posit.niehs.nih.gov', port=443): Failed to resolve 'dev.posit.niehs.nih.gov' ([Errno 8] nodename nor servname provided, or not known)""))"
377,PDF batch 377/6155 (1 references),1,ConnectionError,"HTTPSConnectionPool(host='dev.posit.niehs.nih.gov', port=443): Max retries exceeded with url: /et/api/pdf-download (Caused by NameResolutionError(""HTTPSConnection(host='dev.posit.niehs.nih.gov', port=443): Failed to resolve 'dev.posit.niehs.nih.gov' ([Errno 8] nodename nor servname provided, or not known)""))"
378,PDF batch 378/6155 (1 references),1,ConnectionError,"HTTPSConnectionPool(host='dev.posit.niehs.nih.gov', port=443): Max retries exceeded with url: /et/api/pdf-download (Caused by NameResolutionError(""HTTPSConnection(host='dev.posit.niehs.nih.gov', port=443): Failed to resolve 'dev.posit.niehs.nih.gov' ([Errno 8] nodename nor servname provided, or not known)""))"
380,PDF batch 380/6155 (1 references),1,ConnectionError,"HTTPSConnectionPool(host='dev.posit.niehs.nih.gov', port=443): Max retries exceeded with url: /et/api/pdf-download (Caused by NameResolutionError(""HTTPSConnection(host='dev.posit.niehs.nih.gov', port=443): Failed to resolve 'dev.posit.niehs.nih.gov' ([Errno 8] nodename nor servname provided, or not known)""))"
379,PDF batch 379/6155 (1 references),1,ConnectionError,"HTTPSConnectionPool(host='dev.posit.niehs.nih.gov', port=443): Max retries exceeded with url: /et/api/pdf-download (Caused by NameResolutionError(""HTTPSConnection(host='dev.posit.niehs.nih.gov', port=443): Failed to resolve 'dev.posit.niehs.nih.gov' ([Errno 8] nodename nor servname provided, or not known)""))"
381,PDF batch 381/6155 (1 references),1,ConnectionError,"HTTPSConnectionPool(host='dev.posit.niehs.nih.gov', port=443): Max retries exceeded with url: /et/api/pdf-download (Caused by NameResolutionError(""HTTPSConnection(host='dev.posit.niehs.nih.gov', port=443): Failed to resolve 'dev.posit.niehs.nih.gov' ([Errno 8] nodename nor servname provided, or not known)""))"
383,PDF batch 383/6155 (1 references),1,ConnectionError,"HTTPSConnectionPool(host='dev.posit.niehs.nih.gov', port=443): Max retries exceeded with url: /et/api/pdf-download (Caused by NameResolutionError(""HTTPSConnection(host='dev.posit.niehs.nih.gov', port=443): Failed to resolve 'dev.posit.niehs.nih.gov' ([Errno 8] nodename nor servname provided, or not known)""))"
384,PDF batch 384/6155 (1 references),1,ConnectionError,"HTTPSConnectionPool(host='dev.posit.niehs.nih.gov', port=443): Max retries exceeded with url: /et/api/pdf-download (Caused by NameResolutionError(""HTTPSConnection(host='dev.posit.niehs.nih.gov', port=443): Failed to resolve 'dev.posit.niehs.nih.gov' ([Errno 8] nodename nor servname provided, or not known)""))"
382,PDF batch 382/6155 (1 references),1,ConnectionError,"HTTPSConnectionPool(host='dev.posit.niehs.nih.gov', port=443): Max retries exceeded with url: /et/api/pdf-download (Caused by NameResolutionError(""HTTPSConnection(host='dev.posit.niehs.nih.gov', port=443): Failed to resolve 'dev.posit.niehs.nih.gov' ([Errno 8] nodename nor servname provided, or not known)""))"
385,PDF batch 385/6155 (1 references),1,ConnectionError,"HTTPSConnectionPool(host='dev.posit.niehs.nih.gov', port=443): Max retries exceeded with url: /et/api/pdf-download (Caused by NameResolutionError(""HTTPSConnection(host='dev.posit.niehs.nih.gov', port=443): Failed to resolve 'dev.posit.niehs.nih.gov' ([Errno 8] nodename nor servname provided, or not known)""))"
386,PDF batch 386/6155 (1 references),1,ConnectionError,"HTTPSConnectionPool(host='dev.posit.niehs.nih.gov', port=443): Max retries exceeded with url: /et/api/pdf-download (Caused by NameResolutionError(""HTTPSConnection(host='dev.posit.niehs.nih.gov', port=443): Failed to resolve 'dev.posit.niehs.nih.gov' ([Errno 8] nodename nor servname provided, or not known)""))"
387,PDF batch 387/6155 (1 references),1,ConnectionError,"HTTPSConnectionPool(host='dev.posit.niehs.nih.gov', port=443): Max retries exceeded with url: /et/api/pdf-download (Caused by NameResolutionError(""HTTPSConnection(host='dev.posit.niehs.nih.gov', port=443): Failed to resolve 'dev.posit.niehs.nih.gov' ([Errno 8] nodename nor servname provided, or not known)""))"
388,PDF batch 388/6155 (1 references),1,ConnectionError,"HTTPSConnectionPool(host='dev.posit.niehs.nih.gov', port=443): Max retries exceeded with url: /et/api/pdf-download (Caused by NameResolutionError(""HTTPSConnection(host='dev.posit.niehs.nih.gov', port=443): Failed to resolve 'dev.posit.niehs.nih.gov' ([Errno 8] nodename nor servname provided, or not known)""))"
389,PDF batch 389/6155 (1 references),1,ConnectionError,"HTTPSConnectionPool(host='dev.posit.niehs.nih.gov', port=443): Max retries exceeded with url: /et/api/pdf-download (Caused by NameResolutionError(""HTTPSConnection(host='dev.posit.niehs.nih.gov', port=443): Failed to resolve 'dev.posit.niehs.nih.gov' ([Errno 8] nodename nor servname provided, or not known)""))"
390,PDF batch 390/6155 (1 references),1,ConnectionError,"HTTPSConnectionPool(host='dev.posit.niehs.nih.gov', port=443): Max retries exceeded with url: /et/api/pdf-download (Caused by NameResolutionError(""HTTPSConnection(host='dev.posit.niehs.nih.gov', port=443): Failed to resolve 'dev.posit.niehs.nih.gov' ([Errno 8] nodename nor servname provided, or not known)""))"
392,PDF batch 392/6155 (1 references),1,ConnectionError,"HTTPSConnectionPool(host='dev.posit.niehs.nih.gov', port=443): Max retries exceeded with url: /et/api/pdf-download (Caused by NameResolutionError(""HTTPSConnection(host='dev.posit.niehs.nih.gov', port=443): Failed to resolve 'dev.posit.niehs.nih.gov' ([Errno 8] nodename nor servname provided, or not known)""))"
394,PDF batch 394/6155 (1 references),1,ConnectionError,"HTTPSConnectionPool(host='dev.posit.niehs.nih.gov', port=443): Max retries exceeded with url: /et/api/pdf-download (Caused by NameResolutionError(""HTTPSConnection(host='dev.posit.niehs.nih.gov', port=443): Failed to resolve 'dev.posit.niehs.nih.gov' ([Errno 8] nodename nor servname provided, or not known)""))"
395,PDF batch 395/6155 (1 references),1,ConnectionError,"HTTPSConnectionPool(host='dev.posit.niehs.nih.gov', port=443): Max retries exceeded with url: /et/api/pdf-download (Caused by NameResolutionError(""HTTPSConnection(host='dev.posit.niehs.nih.gov', port=443): Failed to resolve 'dev.posit.niehs.nih.gov' ([Errno 8] nodename nor servname provided, or not known)""))"
393,PDF batch 393/6155 (1 references),1,ConnectionError,"HTTPSConnectionPool(host='dev.posit.niehs.nih.gov', port=443): Max retries exceeded with url: /et/api/pdf-download (Caused by NameResolutionError(""HTTPSConnection(host='dev.posit.niehs.nih.gov', port=443): Failed to resolve 'dev.posit.niehs.nih.gov' ([Errno 8] nodename nor servname provided, or not known)""))"
391,PDF batch 391/6155 (1 references),1,ConnectionError,"HTTPSConnectionPool(host='dev.posit.niehs.nih.gov', port=443): Max retries exceeded with url: /et/api/pdf-download (Caused by NameResolutionError(""HTTPSConnection(host='dev.posit.niehs.nih.gov', port=443): Failed to resolve 'dev.posit.niehs.nih.gov' ([Errno 8] nodename nor servname provided, or not known)""))"
396,PDF batch 396/6155 (1 references),1,ConnectionError,"HTTPSConnectionPool(host='dev.posit.niehs.nih.gov', port=443): Max retries exceeded with url: /et/api/pdf-download (Caused by NameResolutionError(""HTTPSConnection(host='dev.posit.niehs.nih.gov', port=443): Failed to resolve 'dev.posit.niehs.nih.gov' ([Errno 8] nodename nor servname provided, or not known)""))"
397,PDF batch 397/6155 (1 references),1,ConnectionError,"HTTPSConnectionPool(host='dev.posit.niehs.nih.gov', port=443): Max retries exceeded with url: /et/api/pdf-download (Caused by NameResolutionError(""HTTPSConnection(host='dev.posit.niehs.nih.gov', port=443): Failed to resolve 'dev.posit.niehs.nih.gov' ([Errno 8] nodename nor servname provided, or not known)""))"
400,PDF batch 400/6155 (1 references),1,ConnectionError,"HTTPSConnectionPool(host='dev.posit.niehs.nih.gov', port=443): Max retries exceeded with url: /et/api/pdf-download (Caused by NameResolutionError(""HTTPSConnection(host='dev.posit.niehs.nih.gov', port=443): Failed to resolve 'dev.posit.niehs.nih.gov' ([Errno 8] nodename nor servname provided, or not known)""))"
398,PDF batch 398/6155 (1 references),1,ConnectionError,"HTTPSConnectionPool(host='dev.posit.niehs.nih.gov', port=443): Max retries exceeded with url: /et/api/pdf-download (Caused by NameResolutionError(""HTTPSConnection(host='dev.posit.niehs.nih.gov', port=443): Failed to resolve 'dev.posit.niehs.nih.gov' ([Errno 8] nodename nor servname provided, or not known)""))"
401,PDF batch 401/6155 (1 references),1,ConnectionError,"HTTPSConnectionPool(host='dev.posit.niehs.nih.gov', port=443): Max retries exceeded with url: /et/api/pdf-download (Caused by NameResolutionError(""HTTPSConnection(host='dev.posit.niehs.nih.gov', port=443): Failed to resolve 'dev.posit.niehs.nih.gov' ([Errno 8] nodename nor servname provided, or not known)""))"
403,PDF batch 403/6155 (1 references),1,ConnectionError,"HTTPSConnectionPool(host='dev.posit.niehs.nih.gov', port=443): Max retries exceeded with url: /et/api/pdf-download (Caused by NameResolutionError(""HTTPSConnection(host='dev.posit.niehs.nih.gov', port=443): Failed to resolve 'dev.posit.niehs.nih.gov' ([Errno 8] nodename nor servname provided, or not known)""))"
399,PDF batch 399/6155 (1 references),1,ConnectionError,"HTTPSConnectionPool(host='dev.posit.niehs.nih.gov', port=443): Max retries exceeded with url: /et/api/pdf-download (Caused by NameResolutionError(""HTTPSConnection(host='dev.posit.niehs.nih.gov', port=443): Failed to resolve 'dev.posit.niehs.nih.gov' ([Errno 8] nodename nor servname provided, or not known)""))"
402,PDF batch 402/6155 (1 references),1,ConnectionError,"HTTPSConnectionPool(host='dev.posit.niehs.nih.gov', port=443): Max retries exceeded with url: /et/api/pdf-download (Caused by NameResolutionError(""HTTPSConnection(host='dev.posit.niehs.nih.gov', port=443): Failed to resolve 'dev.posit.niehs.nih.gov' ([Errno 8] nodename nor servname provided, or not known)""))"
404,PDF batch 404/6155 (1 references),1,ConnectionError,"HTTPSConnectionPool(host='dev.posit.niehs.nih.gov', port=443): Max retries exceeded with url: /et/api/pdf-download (Caused by NameResolutionError(""HTTPSConnection(host='dev.posit.niehs.nih.gov', port=443): Failed to resolve 'dev.posit.niehs.nih.gov' ([Errno 8] nodename nor servname provided, or not known)""))"
405,PDF batch 405/6155 (1 references),1,ConnectionError,"HTTPSConnectionPool(host='dev.posit.niehs.nih.gov', port=443): Max retries exceeded with url: /et/api/pdf-download (Caused by NameResolutionError(""HTTPSConnection(host='dev.posit.niehs.nih.gov', port=443): Failed to resolve 'dev.posit.niehs.nih.gov' ([Errno 8] nodename nor servname provided, or not known)""))"
407,PDF batch 407/6155 (1 references),1,ConnectionError,"HTTPSConnectionPool(host='dev.posit.niehs.nih.gov', port=443): Max retries exceeded with url: /et/api/pdf-download (Caused by NameResolutionError(""HTTPSConnection(host='dev.posit.niehs.nih.gov', port=443): Failed to resolve 'dev.posit.niehs.nih.gov' ([Errno 8] nodename nor servname provided, or not known)""))"
406,PDF batch 406/6155 (1 references),1,ConnectionError,"HTTPSConnectionPool(host='dev.posit.niehs.nih.gov', port=443): Max retries exceeded with url: /et/api/pdf-download (Caused by NameResolutionError(""HTTPSConnection(host='dev.posit.niehs.nih.gov', port=443): Failed to resolve 'dev.posit.niehs.nih.gov' ([Errno 8] nodename nor servname provided, or not known)""))"
408,PDF batch 408/6155 (1 references),1,ConnectionError,"HTTPSConnectionPool(host='dev.posit.niehs.nih.gov', port=443): Max retries exceeded with url: /et/api/pdf-download (Caused by NameResolutionError(""HTTPSConnection(host='dev.posit.niehs.nih.gov', port=443): Failed to resolve 'dev.posit.niehs.nih.gov' ([Errno 8] nodename nor servname provided, or not known)""))"
409,PDF batch 409/6155 (1 references),1,ConnectionError,"HTTPSConnectionPool(host='dev.posit.niehs.nih.gov', port=443): Max retries exceeded with url: /et/api/pdf-download (Caused by NameResolutionError(""HTTPSConnection(host='dev.posit.niehs.nih.gov', port=443): Failed to resolve 'dev.posit.niehs.nih.gov' ([Errno 8] nodename nor servname provided, or not known)""))"
410,PDF batch 410/6155 (1 references),1,ConnectionError,"HTTPSConnectionPool(host='dev.posit.niehs.nih.gov', port=443): Max retries exceeded with url: /et/api/pdf-download (Caused by NameResolutionError(""HTTPSConnection(host='dev.posit.niehs.nih.gov', port=443): Failed to resolve 'dev.posit.niehs.nih.gov' ([Errno 8] nodename nor servname provided, or not known)""))"
414,PDF batch 414/6155 (1 references),1,ConnectionError,"HTTPSConnectionPool(host='dev.posit.niehs.nih.gov', port=443): Max retries exceeded with url: /et/api/pdf-download (Caused by NameResolutionError(""HTTPSConnection(host='dev.posit.niehs.nih.gov', port=443): Failed to resolve 'dev.posit.niehs.nih.gov' ([Errno 8] nodename nor servname provided, or not known)""))"
413,PDF batch 413/6155 (1 references),1,ConnectionError,"HTTPSConnectionPool(host='dev.posit.niehs.nih.gov', port=443): Max retries exceeded with url: /et/api/pdf-download (Caused by NameResolutionError(""HTTPSConnection(host='dev.posit.niehs.nih.gov', port=443): Failed to resolve 'dev.posit.niehs.nih.gov' ([Errno 8] nodename nor servname provided, or not known)""))"
412,PDF batch 412/6155 (1 references),1,ConnectionError,"HTTPSConnectionPool(host='dev.posit.niehs.nih.gov', port=443): Max retries exceeded with url: /et/api/pdf-download (Caused by NameResolutionError(""HTTPSConnection(host='dev.posit.niehs.nih.gov', port=443): Failed to resolve 'dev.posit.niehs.nih.gov' ([Errno 8] nodename nor servname provided, or not known)""))"
411,PDF batch 411/6155 (1 references),1,ConnectionError,"HTTPSConnectionPool(host='dev.posit.niehs.nih.gov', port=443): Max retries exceeded with url: /et/api/pdf-download (Caused by NameResolutionError(""HTTPSConnection(host='dev.posit.niehs.nih.gov', port=443): Failed to resolve 'dev.posit.niehs.nih.gov' ([Errno 8] nodename nor servname provided, or not known)""))"
415,PDF batch 415/6155 (1 references),1,ConnectionError,"HTTPSConnectionPool(host='dev.posit.niehs.nih.gov', port=443): Max retries exceeded with url: /et/api/pdf-download (Caused by NameResolutionError(""HTTPSConnection(host='dev.posit.niehs.nih.gov', port=443): Failed to resolve 'dev.posit.niehs.nih.gov' ([Errno 8] nodename nor servname provided, or not known)""))"
416,PDF batch 416/6155 (1 references),1,ConnectionError,"HTTPSConnectionPool(host='dev.posit.niehs.nih.gov', port=443): Max retries exceeded with url: /et/api/pdf-download (Caused by NameResolutionError(""HTTPSConnection(host='dev.posit.niehs.nih.gov', port=443): Failed to resolve 'dev.posit.niehs.nih.gov' ([Errno 8] nodename nor servname provided, or not known)""))"
417,PDF batch 417/6155 (1 references),1,ConnectionError,"HTTPSConnectionPool(host='dev.posit.niehs.nih.gov', port=443): Max retries exceeded with url: /et/api/pdf-download (Caused by NameResolutionError(""HTTPSConnection(host='dev.posit.niehs.nih.gov', port=443): Failed to resolve 'dev.posit.niehs.nih.gov' ([Errno 8] nodename nor servname provided, or not known)""))"
420,PDF batch 420/6155 (1 references),1,ConnectionError,"HTTPSConnectionPool(host='dev.posit.niehs.nih.gov', port=443): Max retries exceeded with url: /et/api/pdf-download (Caused by NameResolutionError(""HTTPSConnection(host='dev.posit.niehs.nih.gov', port=443): Failed to resolve 'dev.posit.niehs.nih.gov' ([Errno 8] nodename nor servname provided, or not known)""))"
418,PDF batch 418/6155 (1 references),1,ConnectionError,"HTTPSConnectionPool(host='dev.posit.niehs.nih.gov', port=443): Max retries exceeded with url: /et/api/pdf-download (Caused by NameResolutionError(""HTTPSConnection(host='dev.posit.niehs.nih.gov', port=443): Failed to resolve 'dev.posit.niehs.nih.gov' ([Errno 8] nodename nor servname provided, or not known)""))"
421,PDF batch 421/6155 (1 references),1,ConnectionError,"HTTPSConnectionPool(host='dev.posit.niehs.nih.gov', port=443): Max retries exceeded with url: /et/api/pdf-download (Caused by NameResolutionError(""HTTPSConnection(host='dev.posit.niehs.nih.gov', port=443): Failed to resolve 'dev.posit.niehs.nih.gov' ([Errno 8] nodename nor servname provided, or not known)""))"
422,PDF batch 422/6155 (1 references),1,ConnectionError,"HTTPSConnectionPool(host='dev.posit.niehs.nih.gov', port=443): Max retries exceeded with url: /et/api/pdf-download (Caused by NameResolutionError(""HTTPSConnection(host='dev.posit.niehs.nih.gov', port=443): Failed to resolve 'dev.posit.niehs.nih.gov' ([Errno 8] nodename nor servname provided, or not known)""))"
419,PDF batch 419/6155 (1 references),1,ConnectionError,"HTTPSConnectionPool(host='dev.posit.niehs.nih.gov', port=443): Max retries exceeded with url: /et/api/pdf-download (Caused by NameResolutionError(""HTTPSConnection(host='dev.posit.niehs.nih.gov', port=443): Failed to resolve 'dev.posit.niehs.nih.gov' ([Errno 8] nodename nor servname provided, or not known)""))"
423,PDF batch 423/6155 (1 references),1,ConnectionError,"HTTPSConnectionPool(host='dev.posit.niehs.nih.gov', port=443): Max retries exceeded with url: /et/api/pdf-download (Caused by NameResolutionError(""HTTPSConnection(host='dev.posit.niehs.nih.gov', port=443): Failed to resolve 'dev.posit.niehs.nih.gov' ([Errno 8] nodename nor servname provided, or not known)""))"
424,PDF batch 424/6155 (1 references),1,ConnectionError,"HTTPSConnectionPool(host='dev.posit.niehs.nih.gov', port=443): Max retries exceeded with url: /et/api/pdf-download (Caused by NameResolutionError(""HTTPSConnection(host='dev.posit.niehs.nih.gov', port=443): Failed to resolve 'dev.posit.niehs.nih.gov' ([Errno 8] nodename nor servname provided, or not known)""))"
426,PDF batch 426/6155 (1 references),1,ConnectionError,"HTTPSConnectionPool(host='dev.posit.niehs.nih.gov', port=443): Max retries exceeded with url: /et/api/pdf-download (Caused by NameResolutionError(""HTTPSConnection(host='dev.posit.niehs.nih.gov', port=443): Failed to resolve 'dev.posit.niehs.nih.gov' ([Errno 8] nodename nor servname provided, or not known)""))"
425,PDF batch 425/6155 (1 references),1,ConnectionError,"HTTPSConnectionPool(host='dev.posit.niehs.nih.gov', port=443): Max retries exceeded with url: /et/api/pdf-download (Caused by NameResolutionError(""HTTPSConnection(host='dev.posit.niehs.nih.gov', port=443): Failed to resolve 'dev.posit.niehs.nih.gov' ([Errno 8] nodename nor servname provided, or not known)""))"
427,PDF batch 427/6155 (1 references),1,ConnectionError,"HTTPSConnectionPool(host='dev.posit.niehs.nih.gov', port=443): Max retries exceeded with url: /et/api/pdf-download (Caused by NameResolutionError(""HTTPSConnection(host='dev.posit.niehs.nih.gov', port=443): Failed to resolve 'dev.posit.niehs.nih.gov' ([Errno 8] nodename nor servname provided, or not known)""))"
428,PDF batch 428/6155 (1 references),1,ConnectionError,"HTTPSConnectionPool(host='dev.posit.niehs.nih.gov', port=443): Max retries exceeded with url: /et/api/pdf-download (Caused by NameResolutionError(""HTTPSConnection(host='dev.posit.niehs.nih.gov', port=443): Failed to resolve 'dev.posit.niehs.nih.gov' ([Errno 8] nodename nor servname provided, or not known)""))"
429,PDF batch 429/6155 (1 references),1,ConnectionError,"HTTPSConnectionPool(host='dev.posit.niehs.nih.gov', port=443): Max retries exceeded with url: /et/api/pdf-download (Caused by NameResolutionError(""HTTPSConnection(host='dev.posit.niehs.nih.gov', port=443): Failed to resolve 'dev.posit.niehs.nih.gov' ([Errno 8] nodename nor servname provided, or not known)""))"
432,PDF batch 432/6155 (1 references),1,ConnectionError,"HTTPSConnectionPool(host='dev.posit.niehs.nih.gov', port=443): Max retries exceeded with url: /et/api/pdf-download (Caused by NameResolutionError(""HTTPSConnection(host='dev.posit.niehs.nih.gov', port=443): Failed to resolve 'dev.posit.niehs.nih.gov' ([Errno 8] nodename nor servname provided, or not known)""))"
430,PDF batch 430/6155 (1 references),1,ConnectionError,"HTTPSConnectionPool(host='dev.posit.niehs.nih.gov', port=443): Max retries exceeded with url: /et/api/pdf-download (Caused by NameResolutionError(""HTTPSConnection(host='dev.posit.niehs.nih.gov', port=443): Failed to resolve 'dev.posit.niehs.nih.gov' ([Errno 8] nodename nor servname provided, or not known)""))"
433,PDF batch 433/6155 (1 references),1,ConnectionError,"HTTPSConnectionPool(host='dev.posit.niehs.nih.gov', port=443): Max retries exceeded with url: /et/api/pdf-download (Caused by NameResolutionError(""HTTPSConnection(host='dev.posit.niehs.nih.gov', port=443): Failed to resolve 'dev.posit.niehs.nih.gov' ([Errno 8] nodename nor servname provided, or not known)""))"
431,PDF batch 431/6155 (1 references),1,ConnectionError,"HTTPSConnectionPool(host='dev.posit.niehs.nih.gov', port=443): Max retries exceeded with url: /et/api/pdf-download (Caused by NameResolutionError(""HTTPSConnection(host='dev.posit.niehs.nih.gov', port=443): Failed to resolve 'dev.posit.niehs.nih.gov' ([Errno 8] nodename nor servname provided, or not known)""))"
434,PDF batch 434/6155 (1 references),1,ConnectionError,"HTTPSConnectionPool(host='dev.posit.niehs.nih.gov', port=443): Max retries exceeded with url: /et/api/pdf-download (Caused by NameResolutionError(""HTTPSConnection(host='dev.posit.niehs.nih.gov', port=443): Failed to resolve 'dev.posit.niehs.nih.gov' ([Errno 8] nodename nor servname provided, or not known)""))"
435,PDF batch 435/6155 (1 references),1,ConnectionError,"HTTPSConnectionPool(host='dev.posit.niehs.nih.gov', port=443): Max retries exceeded with url: /et/api/pdf-download (Caused by NameResolutionError(""HTTPSConnection(host='dev.posit.niehs.nih.gov', port=443): Failed to resolve 'dev.posit.niehs.nih.gov' ([Errno 8] nodename nor servname provided, or not known)""))"
436,PDF batch 436/6155 (1 references),1,ConnectionError,"HTTPSConnectionPool(host='dev.posit.niehs.nih.gov', port=443): Max retries exceeded with url: /et/api/pdf-download (Caused by NameResolutionError(""HTTPSConnection(host='dev.posit.niehs.nih.gov', port=443): Failed to resolve 'dev.posit.niehs.nih.gov' ([Errno 8] nodename nor servname provided, or not known)""))"
437,PDF batch 437/6155 (1 references),1,ConnectionError,"HTTPSConnectionPool(host='dev.posit.niehs.nih.gov', port=443): Max retries exceeded with url: /et/api/pdf-download (Caused by NameResolutionError(""HTTPSConnection(host='dev.posit.niehs.nih.gov', port=443): Failed to resolve 'dev.posit.niehs.nih.gov' ([Errno 8] nodename nor servname provided, or not known)""))"
438,PDF batch 438/6155 (1 references),1,ConnectionError,"HTTPSConnectionPool(host='dev.posit.niehs.nih.gov', port=443): Max retries exceeded with url: /et/api/pdf-download (Caused by NameResolutionError(""HTTPSConnection(host='dev.posit.niehs.nih.gov', port=443): Failed to resolve 'dev.posit.niehs.nih.gov' ([Errno 8] nodename nor servname provided, or not known)""))"
439,PDF batch 439/6155 (1 references),1,ConnectionError,"HTTPSConnectionPool(host='dev.posit.niehs.nih.gov', port=443): Max retries exceeded with url: /et/api/pdf-download (Caused by NameResolutionError(""HTTPSConnection(host='dev.posit.niehs.nih.gov', port=443): Failed to resolve 'dev.posit.niehs.nih.gov' ([Errno 8] nodename nor servname provided, or not known)""))"
441,PDF batch 441/6155 (1 references),1,ConnectionError,"HTTPSConnectionPool(host='dev.posit.niehs.nih.gov', port=443): Max retries exceeded with url: /et/api/pdf-download (Caused by NameResolutionError(""HTTPSConnection(host='dev.posit.niehs.nih.gov', port=443): Failed to resolve 'dev.posit.niehs.nih.gov' ([Errno 8] nodename nor servname provided, or not known)""))"
440,PDF batch 440/6155 (1 references),1,ConnectionError,"HTTPSConnectionPool(host='dev.posit.niehs.nih.gov', port=443): Max retries exceeded with url: /et/api/pdf-download (Caused by NameResolutionError(""HTTPSConnection(host='dev.posit.niehs.nih.gov', port=443): Failed to resolve 'dev.posit.niehs.nih.gov' ([Errno 8] nodename nor servname provided, or not known)""))"
442,PDF batch 442/6155 (1 references),1,ConnectionError,"HTTPSConnectionPool(host='dev.posit.niehs.nih.gov', port=443): Max retries exceeded with url: /et/api/pdf-download (Caused by NameResolutionError(""HTTPSConnection(host='dev.posit.niehs.nih.gov', port=443): Failed to resolve 'dev.posit.niehs.nih.gov' ([Errno 8] nodename nor servname provided, or not known)""))"
443,PDF batch 443/6155 (1 references),1,ConnectionError,"HTTPSConnectionPool(host='dev.posit.niehs.nih.gov', port=443): Max retries exceeded with url: /et/api/pdf-download (Caused by NameResolutionError(""HTTPSConnection(host='dev.posit.niehs.nih.gov', port=443): Failed to resolve 'dev.posit.niehs.nih.gov' ([Errno 8] nodename nor servname provided, or not known)""))"
445,PDF batch 445/6155 (1 references),1,ConnectionError,"HTTPSConnectionPool(host='dev.posit.niehs.nih.gov', port=443): Max retries exceeded with url: /et/api/pdf-download (Caused by NameResolutionError(""HTTPSConnection(host='dev.posit.niehs.nih.gov', port=443): Failed to resolve 'dev.posit.niehs.nih.gov' ([Errno 8] nodename nor servname provided, or not known)""))"
444,PDF batch 444/6155 (1 references),1,ConnectionError,"HTTPSConnectionPool(host='dev.posit.niehs.nih.gov', port=443): Max retries exceeded with url: /et/api/pdf-download (Caused by NameResolutionError(""HTTPSConnection(host='dev.posit.niehs.nih.gov', port=443): Failed to resolve 'dev.posit.niehs.nih.gov' ([Errno 8] nodename nor servname provided, or not known)""))"
446,PDF batch 446/6155 (1 references),1,ConnectionError,"HTTPSConnectionPool(host='dev.posit.niehs.nih.gov', port=443): Max retries exceeded with url: /et/api/pdf-download (Caused by NameResolutionError(""HTTPSConnection(host='dev.posit.niehs.nih.gov', port=443): Failed to resolve 'dev.posit.niehs.nih.gov' ([Errno 8] nodename nor servname provided, or not known)""))"
447,PDF batch 447/6155 (1 references),1,ConnectionError,"HTTPSConnectionPool(host='dev.posit.niehs.nih.gov', port=443): Max retries exceeded with url: /et/api/pdf-download (Caused by NameResolutionError(""HTTPSConnection(host='dev.posit.niehs.nih.gov', port=443): Failed to resolve 'dev.posit.niehs.nih.gov' ([Errno 8] nodename nor servname provided, or not known)""))"
449,PDF batch 449/6155 (1 references),1,ConnectionError,"HTTPSConnectionPool(host='dev.posit.niehs.nih.gov', port=443): Max retries exceeded with url: /et/api/pdf-download (Caused by NameResolutionError(""HTTPSConnection(host='dev.posit.niehs.nih.gov', port=443): Failed to resolve 'dev.posit.niehs.nih.gov' ([Errno 8] nodename nor servname provided, or not known)""))"
448,PDF batch 448/6155 (1 references),1,ConnectionError,"HTTPSConnectionPool(host='dev.posit.niehs.nih.gov', port=443): Max retries exceeded with url: /et/api/pdf-download (Caused by NameResolutionError(""HTTPSConnection(host='dev.posit.niehs.nih.gov', port=443): Failed to resolve 'dev.posit.niehs.nih.gov' ([Errno 8] nodename nor servname provided, or not known)""))"
450,PDF batch 450/6155 (1 references),1,ConnectionError,"HTTPSConnectionPool(host='dev.posit.niehs.nih.gov', port=443): Max retries exceeded with url: /et/api/pdf-download (Caused by NameResolutionError(""HTTPSConnection(host='dev.posit.niehs.nih.gov', port=443): Failed to resolve 'dev.posit.niehs.nih.gov' ([Errno 8] nodename nor servname provided, or not known)""))"
452,PDF batch 452/6155 (1 references),1,ConnectionError,"HTTPSConnectionPool(host='dev.posit.niehs.nih.gov', port=443): Max retries exceeded with url: /et/api/pdf-download (Caused by NameResolutionError(""HTTPSConnection(host='dev.posit.niehs.nih.gov', port=443): Failed to resolve 'dev.posit.niehs.nih.gov' ([Errno 8] nodename nor servname provided, or not known)""))"
451,PDF batch 451/6155 (1 references),1,ConnectionError,"HTTPSConnectionPool(host='dev.posit.niehs.nih.gov', port=443): Max retries exceeded with url: /et/api/pdf-download (Caused by NameResolutionError(""HTTPSConnection(host='dev.posit.niehs.nih.gov', port=443): Failed to resolve 'dev.posit.niehs.nih.gov' ([Errno 8] nodename nor servname provided, or not known)""))"
453,PDF batch 453/6155 (1 references),1,ConnectionError,"HTTPSConnectionPool(host='dev.posit.niehs.nih.gov', port=443): Max retries exceeded with url: /et/api/pdf-download (Caused by NameResolutionError(""HTTPSConnection(host='dev.posit.niehs.nih.gov', port=443): Failed to resolve 'dev.posit.niehs.nih.gov' ([Errno 8] nodename nor servname provided, or not known)""))"
454,PDF batch 454/6155 (1 references),1,ConnectionError,"HTTPSConnectionPool(host='dev.posit.niehs.nih.gov', port=443): Max retries exceeded with url: /et/api/pdf-download (Caused by NameResolutionError(""HTTPSConnection(host='dev.posit.niehs.nih.gov', port=443): Failed to resolve 'dev.posit.niehs.nih.gov' ([Errno 8] nodename nor servname provided, or not known)""))"
456,PDF batch 456/6155 (1 references),1,ConnectionError,"HTTPSConnectionPool(host='dev.posit.niehs.nih.gov', port=443): Max retries exceeded with url: /et/api/pdf-download (Caused by NameResolutionError(""HTTPSConnection(host='dev.posit.niehs.nih.gov', port=443): Failed to resolve 'dev.posit.niehs.nih.gov' ([Errno 8] nodename nor servname provided, or not known)""))"
455,PDF batch 455/6155 (1 references),1,ConnectionError,"HTTPSConnectionPool(host='dev.posit.niehs.nih.gov', port=443): Max retries exceeded with url: /et/api/pdf-download (Caused by NameResolutionError(""HTTPSConnection(host='dev.posit.niehs.nih.gov', port=443): Failed to resolve 'dev.posit.niehs.nih.gov' ([Errno 8] nodename nor servname provided, or not known)""))"
457,PDF batch 457/6155 (1 references),1,ConnectionError,"HTTPSConnectionPool(host='dev.posit.niehs.nih.gov', port=443): Max retries exceeded with url: /et/api/pdf-download (Caused by NameResolutionError(""HTTPSConnection(host='dev.posit.niehs.nih.gov', port=443): Failed to resolve 'dev.posit.niehs.nih.gov' ([Errno 8] nodename nor servname provided, or not known)""))"
458,PDF batch 458/6155 (1 references),1,ConnectionError,"HTTPSConnectionPool(host='dev.posit.niehs.nih.gov', port=443): Max retries exceeded with url: /et/api/pdf-download (Caused by NameResolutionError(""HTTPSConnection(host='dev.posit.niehs.nih.gov', port=443): Failed to resolve 'dev.posit.niehs.nih.gov' ([Errno 8] nodename nor servname provided, or not known)""))"
459,PDF batch 459/6155 (1 references),1,ConnectionError,"HTTPSConnectionPool(host='dev.posit.niehs.nih.gov', port=443): Max retries exceeded with url: /et/api/pdf-download (Caused by NameResolutionError(""HTTPSConnection(host='dev.posit.niehs.nih.gov', port=443): Failed to resolve 'dev.posit.niehs.nih.gov' ([Errno 8] nodename nor servname provided, or not known)""))"
460,PDF batch 460/6155 (1 references),1,ConnectionError,"HTTPSConnectionPool(host='dev.posit.niehs.nih.gov', port=443): Max retries exceeded with url: /et/api/pdf-download (Caused by NameResolutionError(""HTTPSConnection(host='dev.posit.niehs.nih.gov', port=443): Failed to resolve 'dev.posit.niehs.nih.gov' ([Errno 8] nodename nor servname provided, or not known)""))"
462,PDF batch 462/6155 (1 references),1,ConnectionError,"HTTPSConnectionPool(host='dev.posit.niehs.nih.gov', port=443): Max retries exceeded with url: /et/api/pdf-download (Caused by NameResolutionError(""HTTPSConnection(host='dev.posit.niehs.nih.gov', port=443): Failed to resolve 'dev.posit.niehs.nih.gov' ([Errno 8] nodename nor servname provided, or not known)""))"
461,PDF batch 461/6155 (1 references),1,ConnectionError,"HTTPSConnectionPool(host='dev.posit.niehs.nih.gov', port=443): Max retries exceeded with url: /et/api/pdf-download (Caused by NameResolutionError(""HTTPSConnection(host='dev.posit.niehs.nih.gov', port=443): Failed to resolve 'dev.posit.niehs.nih.gov' ([Errno 8] nodename nor servname provided, or not known)""))"
463,PDF batch 463/6155 (1 references),1,ConnectionError,"HTTPSConnectionPool(host='dev.posit.niehs.nih.gov', port=443): Max retries exceeded with url: /et/api/pdf-download (Caused by NameResolutionError(""HTTPSConnection(host='dev.posit.niehs.nih.gov', port=443): Failed to resolve 'dev.posit.niehs.nih.gov' ([Errno 8] nodename nor servname provided, or not known)""))"
464,PDF batch 464/6155 (1 references),1,ConnectionError,"HTTPSConnectionPool(host='dev.posit.niehs.nih.gov', port=443): Max retries exceeded with url: /et/api/pdf-download (Caused by NameResolutionError(""HTTPSConnection(host='dev.posit.niehs.nih.gov', port=443): Failed to resolve 'dev.posit.niehs.nih.gov' ([Errno 8] nodename nor servname provided, or not known)""))"
465,PDF batch 465/6155 (1 references),1,ConnectionError,"HTTPSConnectionPool(host='dev.posit.niehs.nih.gov', port=443): Max retries exceeded with url: /et/api/pdf-download (Caused by NameResolutionError(""HTTPSConnection(host='dev.posit.niehs.nih.gov', port=443): Failed to resolve 'dev.posit.niehs.nih.gov' ([Errno 8] nodename nor servname provided, or not known)""))"
466,PDF batch 466/6155 (1 references),1,ConnectionError,"HTTPSConnectionPool(host='dev.posit.niehs.nih.gov', port=443): Max retries exceeded with url: /et/api/pdf-download (Caused by NameResolutionError(""HTTPSConnection(host='dev.posit.niehs.nih.gov', port=443): Failed to resolve 'dev.posit.niehs.nih.gov' ([Errno 8] nodename nor servname provided, or not known)""))"
467,PDF batch 467/6155 (1 references),1,ConnectionError,"HTTPSConnectionPool(host='dev.posit.niehs.nih.gov', port=443): Max retries exceeded with url: /et/api/pdf-download (Caused by NameResolutionError(""HTTPSConnection(host='dev.posit.niehs.nih.gov', port=443): Failed to resolve 'dev.posit.niehs.nih.gov' ([Errno 8] nodename nor servname provided, or not known)""))"
468,PDF batch 468/6155 (1 references),1,ConnectionError,"HTTPSConnectionPool(host='dev.posit.niehs.nih.gov', port=443): Max retries exceeded with url: /et/api/pdf-download (Caused by NameResolutionError(""HTTPSConnection(host='dev.posit.niehs.nih.gov', port=443): Failed to resolve 'dev.posit.niehs.nih.gov' ([Errno 8] nodename nor servname provided, or not known)""))"
470,PDF batch 470/6155 (1 references),1,ConnectionError,"HTTPSConnectionPool(host='dev.posit.niehs.nih.gov', port=443): Max retries exceeded with url: /et/api/pdf-download (Caused by NameResolutionError(""HTTPSConnection(host='dev.posit.niehs.nih.gov', port=443): Failed to resolve 'dev.posit.niehs.nih.gov' ([Errno 8] nodename nor servname provided, or not known)""))"
471,PDF batch 471/6155 (1 references),1,ConnectionError,"HTTPSConnectionPool(host='dev.posit.niehs.nih.gov', port=443): Max retries exceeded with url: /et/api/pdf-download (Caused by NameResolutionError(""HTTPSConnection(host='dev.posit.niehs.nih.gov', port=443): Failed to resolve 'dev.posit.niehs.nih.gov' ([Errno 8] nodename nor servname provided, or not known)""))"
469,PDF batch 469/6155 (1 references),1,ConnectionError,"HTTPSConnectionPool(host='dev.posit.niehs.nih.gov', port=443): Max retries exceeded with url: /et/api/pdf-download (Caused by NameResolutionError(""HTTPSConnection(host='dev.posit.niehs.nih.gov', port=443): Failed to resolve 'dev.posit.niehs.nih.gov' ([Errno 8] nodename nor servname provided, or not known)""))"
472,PDF batch 472/6155 (1 references),1,ConnectionError,"HTTPSConnectionPool(host='dev.posit.niehs.nih.gov', port=443): Max retries exceeded with url: /et/api/pdf-download (Caused by NameResolutionError(""HTTPSConnection(host='dev.posit.niehs.nih.gov', port=443): Failed to resolve 'dev.posit.niehs.nih.gov' ([Errno 8] nodename nor servname provided, or not known)""))"
473,PDF batch 473/6155 (1 references),1,ConnectionError,"HTTPSConnectionPool(host='dev.posit.niehs.nih.gov', port=443): Max retries exceeded with url: /et/api/pdf-download (Caused by NameResolutionError(""HTTPSConnection(host='dev.posit.niehs.nih.gov', port=443): Failed to resolve 'dev.posit.niehs.nih.gov' ([Errno 8] nodename nor servname provided, or not known)""))"
474,PDF batch 474/6155 (1 references),1,ConnectionError,"HTTPSConnectionPool(host='dev.posit.niehs.nih.gov', port=443): Max retries exceeded with url: /et/api/pdf-download (Caused by NameResolutionError(""HTTPSConnection(host='dev.posit.niehs.nih.gov', port=443): Failed to resolve 'dev.posit.niehs.nih.gov' ([Errno 8] nodename nor servname provided, or not known)""))"
475,PDF batch 475/6155 (1 references),1,ConnectionError,"HTTPSConnectionPool(host='dev.posit.niehs.nih.gov', port=443): Max retries exceeded with url: /et/api/pdf-download (Caused by NameResolutionError(""HTTPSConnection(host='dev.posit.niehs.nih.gov', port=443): Failed to resolve 'dev.posit.niehs.nih.gov' ([Errno 8] nodename nor servname provided, or not known)""))"
477,PDF batch 477/6155 (1 references),1,ConnectionError,"HTTPSConnectionPool(host='dev.posit.niehs.nih.gov', port=443): Max retries exceeded with url: /et/api/pdf-download (Caused by NameResolutionError(""HTTPSConnection(host='dev.posit.niehs.nih.gov', port=443): Failed to resolve 'dev.posit.niehs.nih.gov' ([Errno 8] nodename nor servname provided, or not known)""))"
476,PDF batch 476/6155 (1 references),1,ConnectionError,"HTTPSConnectionPool(host='dev.posit.niehs.nih.gov', port=443): Max retries exceeded with url: /et/api/pdf-download (Caused by NameResolutionError(""HTTPSConnection(host='dev.posit.niehs.nih.gov', port=443): Failed to resolve 'dev.posit.niehs.nih.gov' ([Errno 8] nodename nor servname provided, or not known)""))"
478,PDF batch 478/6155 (1 references),1,ConnectionError,"HTTPSConnectionPool(host='dev.posit.niehs.nih.gov', port=443): Max retries exceeded with url: /et/api/pdf-download (Caused by NameResolutionError(""HTTPSConnection(host='dev.posit.niehs.nih.gov', port=443): Failed to resolve 'dev.posit.niehs.nih.gov' ([Errno 8] nodename nor servname provided, or not known)""))"
479,PDF batch 479/6155 (1 references),1,ConnectionError,"HTTPSConnectionPool(host='dev.posit.niehs.nih.gov', port=443): Max retries exceeded with url: /et/api/pdf-download (Caused by NameResolutionError(""HTTPSConnection(host='dev.posit.niehs.nih.gov', port=443): Failed to resolve 'dev.posit.niehs.nih.gov' ([Errno 8] nodename nor servname provided, or not known)""))"
481,PDF batch 481/6155 (1 references),1,ConnectionError,"HTTPSConnectionPool(host='dev.posit.niehs.nih.gov', port=443): Max retries exceeded with url: /et/api/pdf-download (Caused by NameResolutionError(""HTTPSConnection(host='dev.posit.niehs.nih.gov', port=443): Failed to resolve 'dev.posit.niehs.nih.gov' ([Errno 8] nodename nor servname provided, or not known)""))"
480,PDF batch 480/6155 (1 references),1,ConnectionError,"HTTPSConnectionPool(host='dev.posit.niehs.nih.gov', port=443): Max retries exceeded with url: /et/api/pdf-download (Caused by NameResolutionError(""HTTPSConnection(host='dev.posit.niehs.nih.gov', port=443): Failed to resolve 'dev.posit.niehs.nih.gov' ([Errno 8] nodename nor servname provided, or not known)""))"
483,PDF batch 483/6155 (1 references),1,ConnectionError,"HTTPSConnectionPool(host='dev.posit.niehs.nih.gov', port=443): Max retries exceeded with url: /et/api/pdf-download (Caused by NameResolutionError(""HTTPSConnection(host='dev.posit.niehs.nih.gov', port=443): Failed to resolve 'dev.posit.niehs.nih.gov' ([Errno 8] nodename nor servname provided, or not known)""))"
482,PDF batch 482/6155 (1 references),1,ConnectionError,"HTTPSConnectionPool(host='dev.posit.niehs.nih.gov', port=443): Max retries exceeded with url: /et/api/pdf-download (Caused by NameResolutionError(""HTTPSConnection(host='dev.posit.niehs.nih.gov', port=443): Failed to resolve 'dev.posit.niehs.nih.gov' ([Errno 8] nodename nor servname provided, or not known)""))"
484,PDF batch 484/6155 (1 references),1,ConnectionError,"HTTPSConnectionPool(host='dev.posit.niehs.nih.gov', port=443): Max retries exceeded with url: /et/api/pdf-download (Caused by NameResolutionError(""HTTPSConnection(host='dev.posit.niehs.nih.gov', port=443): Failed to resolve 'dev.posit.niehs.nih.gov' ([Errno 8] nodename nor servname provided, or not known)""))"
485,PDF batch 485/6155 (1 references),1,ConnectionError,"HTTPSConnectionPool(host='dev.posit.niehs.nih.gov', port=443): Max retries exceeded with url: /et/api/pdf-download (Caused by NameResolutionError(""HTTPSConnection(host='dev.posit.niehs.nih.gov', port=443): Failed to resolve 'dev.posit.niehs.nih.gov' ([Errno 8] nodename nor servname provided, or not known)""))"
486,PDF batch 486/6155 (1 references),1,ConnectionError,"HTTPSConnectionPool(host='dev.posit.niehs.nih.gov', port=443): Max retries exceeded with url: /et/api/pdf-download (Caused by NameResolutionError(""HTTPSConnection(host='dev.posit.niehs.nih.gov', port=443): Failed to resolve 'dev.posit.niehs.nih.gov' ([Errno 8] nodename nor servname provided, or not known)""))"
487,PDF batch 487/6155 (1 references),1,ConnectionError,"HTTPSConnectionPool(host='dev.posit.niehs.nih.gov', port=443): Max retries exceeded with url: /et/api/pdf-download (Caused by NameResolutionError(""HTTPSConnection(host='dev.posit.niehs.nih.gov', port=443): Failed to resolve 'dev.posit.niehs.nih.gov' ([Errno 8] nodename nor servname provided, or not known)""))"
489,PDF batch 489/6155 (1 references),1,ConnectionError,"HTTPSConnectionPool(host='dev.posit.niehs.nih.gov', port=443): Max retries exceeded with url: /et/api/pdf-download (Caused by NameResolutionError(""HTTPSConnection(host='dev.posit.niehs.nih.gov', port=443): Failed to resolve 'dev.posit.niehs.nih.gov' ([Errno 8] nodename nor servname provided, or not known)""))"
490,PDF batch 490/6155 (1 references),1,ConnectionError,"HTTPSConnectionPool(host='dev.posit.niehs.nih.gov', port=443): Max retries exceeded with url: /et/api/pdf-download (Caused by NameResolutionError(""HTTPSConnection(host='dev.posit.niehs.nih.gov', port=443): Failed to resolve 'dev.posit.niehs.nih.gov' ([Errno 8] nodename nor servname provided, or not known)""))"
488,PDF batch 488/6155 (1 references),1,ConnectionError,"HTTPSConnectionPool(host='dev.posit.niehs.nih.gov', port=443): Max retries exceeded with url: /et/api/pdf-download (Caused by NameResolutionError(""HTTPSConnection(host='dev.posit.niehs.nih.gov', port=443): Failed to resolve 'dev.posit.niehs.nih.gov' ([Errno 8] nodename nor servname provided, or not known)""))"
491,PDF batch 491/6155 (1 references),1,ConnectionError,"HTTPSConnectionPool(host='dev.posit.niehs.nih.gov', port=443): Max retries exceeded with url: /et/api/pdf-download (Caused by NameResolutionError(""HTTPSConnection(host='dev.posit.niehs.nih.gov', port=443): Failed to resolve 'dev.posit.niehs.nih.gov' ([Errno 8] nodename nor servname provided, or not known)""))"
492,PDF batch 492/6155 (1 references),1,ConnectionError,"HTTPSConnectionPool(host='dev.posit.niehs.nih.gov', port=443): Max retries exceeded with url: /et/api/pdf-download (Caused by NameResolutionError(""HTTPSConnection(host='dev.posit.niehs.nih.gov', port=443): Failed to resolve 'dev.posit.niehs.nih.gov' ([Errno 8] nodename nor servname provided, or not known)""))"
494,PDF batch 494/6155 (1 references),1,ConnectionError,"HTTPSConnectionPool(host='dev.posit.niehs.nih.gov', port=443): Max retries exceeded with url: /et/api/pdf-download (Caused by NameResolutionError(""HTTPSConnection(host='dev.posit.niehs.nih.gov', port=443): Failed to resolve 'dev.posit.niehs.nih.gov' ([Errno 8] nodename nor servname provided, or not known)""))"
493,PDF batch 493/6155 (1 references),1,ConnectionError,"HTTPSConnectionPool(host='dev.posit.niehs.nih.gov', port=443): Max retries exceeded with url: /et/api/pdf-download (Caused by NameResolutionError(""HTTPSConnection(host='dev.posit.niehs.nih.gov', port=443): Failed to resolve 'dev.posit.niehs.nih.gov' ([Errno 8] nodename nor servname provided, or not known)""))"
497,PDF batch 497/6155 (1 references),1,ConnectionError,"HTTPSConnectionPool(host='dev.posit.niehs.nih.gov', port=443): Max retries exceeded with url: /et/api/pdf-download (Caused by NameResolutionError(""HTTPSConnection(host='dev.posit.niehs.nih.gov', port=443): Failed to resolve 'dev.posit.niehs.nih.gov' ([Errno 8] nodename nor servname provided, or not known)""))"
498,PDF batch 498/6155 (1 references),1,ConnectionError,"HTTPSConnectionPool(host='dev.posit.niehs.nih.gov', port=443): Max retries exceeded with url: /et/api/pdf-download (Caused by NameResolutionError(""HTTPSConnection(host='dev.posit.niehs.nih.gov', port=443): Failed to resolve 'dev.posit.niehs.nih.gov' ([Errno 8] nodename nor servname provided, or not known)""))"
496,PDF batch 496/6155 (1 references),1,ConnectionError,"HTTPSConnectionPool(host='dev.posit.niehs.nih.gov', port=443): Max retries exceeded with url: /et/api/pdf-download (Caused by NameResolutionError(""HTTPSConnection(host='dev.posit.niehs.nih.gov', port=443): Failed to resolve 'dev.posit.niehs.nih.gov' ([Errno 8] nodename nor servname provided, or not known)""))"
495,PDF batch 495/6155 (1 references),1,ConnectionError,"HTTPSConnectionPool(host='dev.posit.niehs.nih.gov', port=443): Max retries exceeded with url: /et/api/pdf-download (Caused by NameResolutionError(""HTTPSConnection(host='dev.posit.niehs.nih.gov', port=443): Failed to resolve 'dev.posit.niehs.nih.gov' ([Errno 8] nodename nor servname provided, or not known)""))"
499,PDF batch 499/6155 (1 references),1,ConnectionError,"HTTPSConnectionPool(host='dev.posit.niehs.nih.gov', port=443): Max retries exceeded with url: /et/api/pdf-download (Caused by NameResolutionError(""HTTPSConnection(host='dev.posit.niehs.nih.gov', port=443): Failed to resolve 'dev.posit.niehs.nih.gov' ([Errno 8] nodename nor servname provided, or not known)""))"
500,PDF batch 500/6155 (1 references),1,ConnectionError,"HTTPSConnectionPool(host='dev.posit.niehs.nih.gov', port=443): Max retries exceeded with url: /et/api/pdf-download (Caused by NameResolutionError(""HTTPSConnection(host='dev.posit.niehs.nih.gov', port=443): Failed to resolve 'dev.posit.niehs.nih.gov' ([Errno 8] nodename nor servname provided, or not known)""))"
501,PDF batch 501/6155 (1 references),1,ConnectionError,"HTTPSConnectionPool(host='dev.posit.niehs.nih.gov', port=443): Max retries exceeded with url: /et/api/pdf-download (Caused by NameResolutionError(""HTTPSConnection(host='dev.posit.niehs.nih.gov', port=443): Failed to resolve 'dev.posit.niehs.nih.gov' ([Errno 8] nodename nor servname provided, or not known)""))"
503,PDF batch 503/6155 (1 references),1,ConnectionError,"HTTPSConnectionPool(host='dev.posit.niehs.nih.gov', port=443): Max retries exceeded with url: /et/api/pdf-download (Caused by NameResolutionError(""HTTPSConnection(host='dev.posit.niehs.nih.gov', port=443): Failed to resolve 'dev.posit.niehs.nih.gov' ([Errno 8] nodename nor servname provided, or not known)""))"
502,PDF batch 502/6155 (1 references),1,ConnectionError,"HTTPSConnectionPool(host='dev.posit.niehs.nih.gov', port=443): Max retries exceeded with url: /et/api/pdf-download (Caused by NameResolutionError(""HTTPSConnection(host='dev.posit.niehs.nih.gov', port=443): Failed to resolve 'dev.posit.niehs.nih.gov' ([Errno 8] nodename nor servname provided, or not known)""))"
507,PDF batch 507/6155 (1 references),1,ConnectionError,"HTTPSConnectionPool(host='dev.posit.niehs.nih.gov', port=443): Max retries exceeded with url: /et/api/pdf-download (Caused by NameResolutionError(""HTTPSConnection(host='dev.posit.niehs.nih.gov', port=443): Failed to resolve 'dev.posit.niehs.nih.gov' ([Errno 8] nodename nor servname provided, or not known)""))"
504,PDF batch 504/6155 (1 references),1,ConnectionError,"HTTPSConnectionPool(host='dev.posit.niehs.nih.gov', port=443): Max retries exceeded with url: /et/api/pdf-download (Caused by NameResolutionError(""HTTPSConnection(host='dev.posit.niehs.nih.gov', port=443): Failed to resolve 'dev.posit.niehs.nih.gov' ([Errno 8] nodename nor servname provided, or not known)""))"
505,PDF batch 505/6155 (1 references),1,ConnectionError,"HTTPSConnectionPool(host='dev.posit.niehs.nih.gov', port=443): Max retries exceeded with url: /et/api/pdf-download (Caused by NameResolutionError(""HTTPSConnection(host='dev.posit.niehs.nih.gov', port=443): Failed to resolve 'dev.posit.niehs.nih.gov' ([Errno 8] nodename nor servname provided, or not known)""))"
506,PDF batch 506/6155 (1 references),1,ConnectionError,"HTTPSConnectionPool(host='dev.posit.niehs.nih.gov', port=443): Max retries exceeded with url: /et/api/pdf-download (Caused by NameResolutionError(""HTTPSConnection(host='dev.posit.niehs.nih.gov', port=443): Failed to resolve 'dev.posit.niehs.nih.gov' ([Errno 8] nodename nor servname provided, or not known)""))"
509,PDF batch 509/6155 (1 references),1,ConnectionError,"HTTPSConnectionPool(host='dev.posit.niehs.nih.gov', port=443): Max retries exceeded with url: /et/api/pdf-download (Caused by NameResolutionError(""HTTPSConnection(host='dev.posit.niehs.nih.gov', port=443): Failed to resolve 'dev.posit.niehs.nih.gov' ([Errno 8] nodename nor servname provided, or not known)""))"
510,PDF batch 510/6155 (1 references),1,ConnectionError,"HTTPSConnectionPool(host='dev.posit.niehs.nih.gov', port=443): Max retries exceeded with url: /et/api/pdf-download (Caused by NameResolutionError(""HTTPSConnection(host='dev.posit.niehs.nih.gov', port=443): Failed to resolve 'dev.posit.niehs.nih.gov' ([Errno 8] nodename nor servname provided, or not known)""))"
508,PDF batch 508/6155 (1 references),1,ConnectionError,"HTTPSConnectionPool(host='dev.posit.niehs.nih.gov', port=443): Max retries exceeded with url: /et/api/pdf-download (Caused by NameResolutionError(""HTTPSConnection(host='dev.posit.niehs.nih.gov', port=443): Failed to resolve 'dev.posit.niehs.nih.gov' ([Errno 8] nodename nor servname provided, or not known)""))"
511,PDF batch 511/6155 (1 references),1,ConnectionError,"HTTPSConnectionPool(host='dev.posit.niehs.nih.gov', port=443): Max retries exceeded with url: /et/api/pdf-download (Caused by NameResolutionError(""HTTPSConnection(host='dev.posit.niehs.nih.gov', port=443): Failed to resolve 'dev.posit.niehs.nih.gov' ([Errno 8] nodename nor servname provided, or not known)""))"
513,PDF batch 513/6155 (1 references),1,ConnectionError,"HTTPSConnectionPool(host='dev.posit.niehs.nih.gov', port=443): Max retries exceeded with url: /et/api/pdf-download (Caused by NameResolutionError(""HTTPSConnection(host='dev.posit.niehs.nih.gov', port=443): Failed to resolve 'dev.posit.niehs.nih.gov' ([Errno 8] nodename nor servname provided, or not known)""))"
512,PDF batch 512/6155 (1 references),1,ConnectionError,"HTTPSConnectionPool(host='dev.posit.niehs.nih.gov', port=443): Max retries exceeded with url: /et/api/pdf-download (Caused by NameResolutionError(""HTTPSConnection(host='dev.posit.niehs.nih.gov', port=443): Failed to resolve 'dev.posit.niehs.nih.gov' ([Errno 8] nodename nor servname provided, or not known)""))"
516,PDF batch 516/6155 (1 references),1,ConnectionError,"HTTPSConnectionPool(host='dev.posit.niehs.nih.gov', port=443): Max retries exceeded with url: /et/api/pdf-download (Caused by NameResolutionError(""HTTPSConnection(host='dev.posit.niehs.nih.gov', port=443): Failed to resolve 'dev.posit.niehs.nih.gov' ([Errno 8] nodename nor servname provided, or not known)""))"
515,PDF batch 515/6155 (1 references),1,ConnectionError,"HTTPSConnectionPool(host='dev.posit.niehs.nih.gov', port=443): Max retries exceeded with url: /et/api/pdf-download (Caused by NameResolutionError(""HTTPSConnection(host='dev.posit.niehs.nih.gov', port=443): Failed to resolve 'dev.posit.niehs.nih.gov' ([Errno 8] nodename nor servname provided, or not known)""))"
514,PDF batch 514/6155 (1 references),1,ConnectionError,"HTTPSConnectionPool(host='dev.posit.niehs.nih.gov', port=443): Max retries exceeded with url: /et/api/pdf-download (Caused by NameResolutionError(""HTTPSConnection(host='dev.posit.niehs.nih.gov', port=443): Failed to resolve 'dev.posit.niehs.nih.gov' ([Errno 8] nodename nor servname provided, or not known)""))"
517,PDF batch 517/6155 (1 references),1,ConnectionError,"HTTPSConnectionPool(host='dev.posit.niehs.nih.gov', port=443): Max retries exceeded with url: /et/api/pdf-download (Caused by NameResolutionError(""HTTPSConnection(host='dev.posit.niehs.nih.gov', port=443): Failed to resolve 'dev.posit.niehs.nih.gov' ([Errno 8] nodename nor servname provided, or not known)""))"
519,PDF batch 519/6155 (1 references),1,ConnectionError,"HTTPSConnectionPool(host='dev.posit.niehs.nih.gov', port=443): Max retries exceeded with url: /et/api/pdf-download (Caused by NameResolutionError(""HTTPSConnection(host='dev.posit.niehs.nih.gov', port=443): Failed to resolve 'dev.posit.niehs.nih.gov' ([Errno 8] nodename nor servname provided, or not known)""))"
518,PDF batch 518/6155 (1 references),1,ConnectionError,"HTTPSConnectionPool(host='dev.posit.niehs.nih.gov', port=443): Max retries exceeded with url: /et/api/pdf-download (Caused by NameResolutionError(""HTTPSConnection(host='dev.posit.niehs.nih.gov', port=443): Failed to resolve 'dev.posit.niehs.nih.gov' ([Errno 8] nodename nor servname provided, or not known)""))"
521,PDF batch 521/6155 (1 references),1,ConnectionError,"HTTPSConnectionPool(host='dev.posit.niehs.nih.gov', port=443): Max retries exceeded with url: /et/api/pdf-download (Caused by NameResolutionError(""HTTPSConnection(host='dev.posit.niehs.nih.gov', port=443): Failed to resolve 'dev.posit.niehs.nih.gov' ([Errno 8] nodename nor servname provided, or not known)""))"
520,PDF batch 520/6155 (1 references),1,ConnectionError,"HTTPSConnectionPool(host='dev.posit.niehs.nih.gov', port=443): Max retries exceeded with url: /et/api/pdf-download (Caused by NameResolutionError(""HTTPSConnection(host='dev.posit.niehs.nih.gov', port=443): Failed to resolve 'dev.posit.niehs.nih.gov' ([Errno 8] nodename nor servname provided, or not known)""))"
522,PDF batch 522/6155 (1 references),1,ConnectionError,"HTTPSConnectionPool(host='dev.posit.niehs.nih.gov', port=443): Max retries exceeded with url: /et/api/pdf-download (Caused by NameResolutionError(""HTTPSConnection(host='dev.posit.niehs.nih.gov', port=443): Failed to resolve 'dev.posit.niehs.nih.gov' ([Errno 8] nodename nor servname provided, or not known)""))"
526,PDF batch 526/6155 (1 references),1,ConnectionError,"HTTPSConnectionPool(host='dev.posit.niehs.nih.gov', port=443): Max retries exceeded with url: /et/api/pdf-download (Caused by NameResolutionError(""HTTPSConnection(host='dev.posit.niehs.nih.gov', port=443): Failed to resolve 'dev.posit.niehs.nih.gov' ([Errno 8] nodename nor servname provided, or not known)""))"
525,PDF batch 525/6155 (1 references),1,ConnectionError,"HTTPSConnectionPool(host='dev.posit.niehs.nih.gov', port=443): Max retries exceeded with url: /et/api/pdf-download (Caused by NameResolutionError(""HTTPSConnection(host='dev.posit.niehs.nih.gov', port=443): Failed to resolve 'dev.posit.niehs.nih.gov' ([Errno 8] nodename nor servname provided, or not known)""))"
527,PDF batch 527/6155 (1 references),1,ConnectionError,"HTTPSConnectionPool(host='dev.posit.niehs.nih.gov', port=443): Max retries exceeded with url: /et/api/pdf-download (Caused by NameResolutionError(""HTTPSConnection(host='dev.posit.niehs.nih.gov', port=443): Failed to resolve 'dev.posit.niehs.nih.gov' ([Errno 8] nodename nor servname provided, or not known)""))"
523,PDF batch 523/6155 (1 references),1,ConnectionError,"HTTPSConnectionPool(host='dev.posit.niehs.nih.gov', port=443): Max retries exceeded with url: /et/api/pdf-download (Caused by NameResolutionError(""HTTPSConnection(host='dev.posit.niehs.nih.gov', port=443): Failed to resolve 'dev.posit.niehs.nih.gov' ([Errno 8] nodename nor servname provided, or not known)""))"
528,PDF batch 528/6155 (1 references),1,ConnectionError,"HTTPSConnectionPool(host='dev.posit.niehs.nih.gov', port=443): Max retries exceeded with url: /et/api/pdf-download (Caused by NameResolutionError(""HTTPSConnection(host='dev.posit.niehs.nih.gov', port=443): Failed to resolve 'dev.posit.niehs.nih.gov' ([Errno 8] nodename nor servname provided, or not known)""))"
524,PDF batch 524/6155 (1 references),1,ConnectionError,"HTTPSConnectionPool(host='dev.posit.niehs.nih.gov', port=443): Max retries exceeded with url: /et/api/pdf-download (Caused by NameResolutionError(""HTTPSConnection(host='dev.posit.niehs.nih.gov', port=443): Failed to resolve 'dev.posit.niehs.nih.gov' ([Errno 8] nodename nor servname provided, or not known)""))"
529,PDF batch 529/6155 (1 references),1,ConnectionError,"HTTPSConnectionPool(host='dev.posit.niehs.nih.gov', port=443): Max retries exceeded with url: /et/api/pdf-download (Caused by NameResolutionError(""HTTPSConnection(host='dev.posit.niehs.nih.gov', port=443): Failed to resolve 'dev.posit.niehs.nih.gov' ([Errno 8] nodename nor servname provided, or not known)""))"
530,PDF batch 530/6155 (1 references),1,ConnectionError,"HTTPSConnectionPool(host='dev.posit.niehs.nih.gov', port=443): Max retries exceeded with url: /et/api/pdf-download (Caused by NameResolutionError(""HTTPSConnection(host='dev.posit.niehs.nih.gov', port=443): Failed to resolve 'dev.posit.niehs.nih.gov' ([Errno 8] nodename nor servname provided, or not known)""))"
531,PDF batch 531/6155 (1 references),1,ConnectionError,"HTTPSConnectionPool(host='dev.posit.niehs.nih.gov', port=443): Max retries exceeded with url: /et/api/pdf-download (Caused by NameResolutionError(""HTTPSConnection(host='dev.posit.niehs.nih.gov', port=443): Failed to resolve 'dev.posit.niehs.nih.gov' ([Errno 8] nodename nor servname provided, or not known)""))"
532,PDF batch 532/6155 (1 references),1,ConnectionError,"HTTPSConnectionPool(host='dev.posit.niehs.nih.gov', port=443): Max retries exceeded with url: /et/api/pdf-download (Caused by NameResolutionError(""HTTPSConnection(host='dev.posit.niehs.nih.gov', port=443): Failed to resolve 'dev.posit.niehs.nih.gov' ([Errno 8] nodename nor servname provided, or not known)""))"
533,PDF batch 533/6155 (1 references),1,ConnectionError,"HTTPSConnectionPool(host='dev.posit.niehs.nih.gov', port=443): Max retries exceeded with url: /et/api/pdf-download (Caused by NameResolutionError(""HTTPSConnection(host='dev.posit.niehs.nih.gov', port=443): Failed to resolve 'dev.posit.niehs.nih.gov' ([Errno 8] nodename nor servname provided, or not known)""))"
534,PDF batch 534/6155 (1 references),1,ConnectionError,"HTTPSConnectionPool(host='dev.posit.niehs.nih.gov', port=443): Max retries exceeded with url: /et/api/pdf-download (Caused by NameResolutionError(""HTTPSConnection(host='dev.posit.niehs.nih.gov', port=443): Failed to resolve 'dev.posit.niehs.nih.gov' ([Errno 8] nodename nor servname provided, or not known)""))"
535,PDF batch 535/6155 (1 references),1,ConnectionError,"HTTPSConnectionPool(host='dev.posit.niehs.nih.gov', port=443): Max retries exceeded with url: /et/api/pdf-download (Caused by NameResolutionError(""HTTPSConnection(host='dev.posit.niehs.nih.gov', port=443): Failed to resolve 'dev.posit.niehs.nih.gov' ([Errno 8] nodename nor servname provided, or not known)""))"
536,PDF batch 536/6155 (1 references),1,ConnectionError,"HTTPSConnectionPool(host='dev.posit.niehs.nih.gov', port=443): Max retries exceeded with url: /et/api/pdf-download (Caused by NameResolutionError(""HTTPSConnection(host='dev.posit.niehs.nih.gov', port=443): Failed to resolve 'dev.posit.niehs.nih.gov' ([Errno 8] nodename nor servname provided, or not known)""))"
538,PDF batch 538/6155 (1 references),1,ConnectionError,"HTTPSConnectionPool(host='dev.posit.niehs.nih.gov', port=443): Max retries exceeded with url: /et/api/pdf-download (Caused by NameResolutionError(""HTTPSConnection(host='dev.posit.niehs.nih.gov', port=443): Failed to resolve 'dev.posit.niehs.nih.gov' ([Errno 8] nodename nor servname provided, or not known)""))"
537,PDF batch 537/6155 (1 references),1,ConnectionError,"HTTPSConnectionPool(host='dev.posit.niehs.nih.gov', port=443): Max retries exceeded with url: /et/api/pdf-download (Caused by NameResolutionError(""HTTPSConnection(host='dev.posit.niehs.nih.gov', port=443): Failed to resolve 'dev.posit.niehs.nih.gov' ([Errno 8] nodename nor servname provided, or not known)""))"
540,PDF batch 540/6155 (1 references),1,ConnectionError,"HTTPSConnectionPool(host='dev.posit.niehs.nih.gov', port=443): Max retries exceeded with url: /et/api/pdf-download (Caused by NameResolutionError(""HTTPSConnection(host='dev.posit.niehs.nih.gov', port=443): Failed to resolve 'dev.posit.niehs.nih.gov' ([Errno 8] nodename nor servname provided, or not known)""))"
539,PDF batch 539/6155 (1 references),1,ConnectionError,"HTTPSConnectionPool(host='dev.posit.niehs.nih.gov', port=443): Max retries exceeded with url: /et/api/pdf-download (Caused by NameResolutionError(""HTTPSConnection(host='dev.posit.niehs.nih.gov', port=443): Failed to resolve 'dev.posit.niehs.nih.gov' ([Errno 8] nodename nor servname provided, or not known)""))"
541,PDF batch 541/6155 (1 references),1,ConnectionError,"HTTPSConnectionPool(host='dev.posit.niehs.nih.gov', port=443): Max retries exceeded with url: /et/api/pdf-download (Caused by NameResolutionError(""HTTPSConnection(host='dev.posit.niehs.nih.gov', port=443): Failed to resolve 'dev.posit.niehs.nih.gov' ([Errno 8] nodename nor servname provided, or not known)""))"
542,PDF batch 542/6155 (1 references),1,ConnectionError,"HTTPSConnectionPool(host='dev.posit.niehs.nih.gov', port=443): Max retries exceeded with url: /et/api/pdf-download (Caused by NameResolutionError(""HTTPSConnection(host='dev.posit.niehs.nih.gov', port=443): Failed to resolve 'dev.posit.niehs.nih.gov' ([Errno 8] nodename nor servname provided, or not known)""))"
548,PDF batch 548/6155 (1 references),1,ConnectionError,"HTTPSConnectionPool(host='dev.posit.niehs.nih.gov', port=443): Max retries exceeded with url: /et/api/pdf-download (Caused by NameResolutionError(""HTTPSConnection(host='dev.posit.niehs.nih.gov', port=443): Failed to resolve 'dev.posit.niehs.nih.gov' ([Errno 8] nodename nor servname provided, or not known)""))"
544,PDF batch 544/6155 (1 references),1,ConnectionError,"HTTPSConnectionPool(host='dev.posit.niehs.nih.gov', port=443): Max retries exceeded with url: /et/api/pdf-download (Caused by NameResolutionError(""HTTPSConnection(host='dev.posit.niehs.nih.gov', port=443): Failed to resolve 'dev.posit.niehs.nih.gov' ([Errno 8] nodename nor servname provided, or not known)""))"
546,PDF batch 546/6155 (1 references),1,ConnectionError,"HTTPSConnectionPool(host='dev.posit.niehs.nih.gov', port=443): Max retries exceeded with url: /et/api/pdf-download (Caused by NameResolutionError(""HTTPSConnection(host='dev.posit.niehs.nih.gov', port=443): Failed to resolve 'dev.posit.niehs.nih.gov' ([Errno 8] nodename nor servname provided, or not known)""))"
547,PDF batch 547/6155 (1 references),1,ConnectionError,"HTTPSConnectionPool(host='dev.posit.niehs.nih.gov', port=443): Max retries exceeded with url: /et/api/pdf-download (Caused by NameResolutionError(""HTTPSConnection(host='dev.posit.niehs.nih.gov', port=443): Failed to resolve 'dev.posit.niehs.nih.gov' ([Errno 8] nodename nor servname provided, or not known)""))"
545,PDF batch 545/6155 (1 references),1,ConnectionError,"HTTPSConnectionPool(host='dev.posit.niehs.nih.gov', port=443): Max retries exceeded with url: /et/api/pdf-download (Caused by NameResolutionError(""HTTPSConnection(host='dev.posit.niehs.nih.gov', port=443): Failed to resolve 'dev.posit.niehs.nih.gov' ([Errno 8] nodename nor servname provided, or not known)""))"
543,PDF batch 543/6155 (1 references),1,ConnectionError,"HTTPSConnectionPool(host='dev.posit.niehs.nih.gov', port=443): Max retries exceeded with url: /et/api/pdf-download (Caused by NameResolutionError(""HTTPSConnection(host='dev.posit.niehs.nih.gov', port=443): Failed to resolve 'dev.posit.niehs.nih.gov' ([Errno 8] nodename nor servname provided, or not known)""))"
549,PDF batch 549/6155 (1 references),1,ConnectionError,"HTTPSConnectionPool(host='dev.posit.niehs.nih.gov', port=443): Max retries exceeded with url: /et/api/pdf-download (Caused by NameResolutionError(""HTTPSConnection(host='dev.posit.niehs.nih.gov', port=443): Failed to resolve 'dev.posit.niehs.nih.gov' ([Errno 8] nodename nor servname provided, or not known)""))"
550,PDF batch 550/6155 (1 references),1,ConnectionError,"HTTPSConnectionPool(host='dev.posit.niehs.nih.gov', port=443): Max retries exceeded with url: /et/api/pdf-download (Caused by NameResolutionError(""HTTPSConnection(host='dev.posit.niehs.nih.gov', port=443): Failed to resolve 'dev.posit.niehs.nih.gov' ([Errno 8] nodename nor servname provided, or not known)""))"
551,PDF batch 551/6155 (1 references),1,ConnectionError,"HTTPSConnectionPool(host='dev.posit.niehs.nih.gov', port=443): Max retries exceeded with url: /et/api/pdf-download (Caused by NameResolutionError(""HTTPSConnection(host='dev.posit.niehs.nih.gov', port=443): Failed to resolve 'dev.posit.niehs.nih.gov' ([Errno 8] nodename nor servname provided, or not known)""))"
554,PDF batch 554/6155 (1 references),1,ConnectionError,"HTTPSConnectionPool(host='dev.posit.niehs.nih.gov', port=443): Max retries exceeded with url: /et/api/pdf-download (Caused by NameResolutionError(""HTTPSConnection(host='dev.posit.niehs.nih.gov', port=443): Failed to resolve 'dev.posit.niehs.nih.gov' ([Errno 8] nodename nor servname provided, or not known)""))"
553,PDF batch 553/6155 (1 references),1,ConnectionError,"HTTPSConnectionPool(host='dev.posit.niehs.nih.gov', port=443): Max retries exceeded with url: /et/api/pdf-download (Caused by NameResolutionError(""HTTPSConnection(host='dev.posit.niehs.nih.gov', port=443): Failed to resolve 'dev.posit.niehs.nih.gov' ([Errno 8] nodename nor servname provided, or not known)""))"
555,PDF batch 555/6155 (1 references),1,ConnectionError,"HTTPSConnectionPool(host='dev.posit.niehs.nih.gov', port=443): Max retries exceeded with url: /et/api/pdf-download (Caused by NameResolutionError(""HTTPSConnection(host='dev.posit.niehs.nih.gov', port=443): Failed to resolve 'dev.posit.niehs.nih.gov' ([Errno 8] nodename nor servname provided, or not known)""))"
552,PDF batch 552/6155 (1 references),1,ConnectionError,"HTTPSConnectionPool(host='dev.posit.niehs.nih.gov', port=443): Max retries exceeded with url: /et/api/pdf-download (Caused by NameResolutionError(""HTTPSConnection(host='dev.posit.niehs.nih.gov', port=443): Failed to resolve 'dev.posit.niehs.nih.gov' ([Errno 8] nodename nor servname provided, or not known)""))"
556,PDF batch 556/6155 (1 references),1,ConnectionError,"HTTPSConnectionPool(host='dev.posit.niehs.nih.gov', port=443): Max retries exceeded with url: /et/api/pdf-download (Caused by NameResolutionError(""HTTPSConnection(host='dev.posit.niehs.nih.gov', port=443): Failed to resolve 'dev.posit.niehs.nih.gov' ([Errno 8] nodename nor servname provided, or not known)""))"
557,PDF batch 557/6155 (1 references),1,ConnectionError,"HTTPSConnectionPool(host='dev.posit.niehs.nih.gov', port=443): Max retries exceeded with url: /et/api/pdf-download (Caused by NameResolutionError(""HTTPSConnection(host='dev.posit.niehs.nih.gov', port=443): Failed to resolve 'dev.posit.niehs.nih.gov' ([Errno 8] nodename nor servname provided, or not known)""))"
559,PDF batch 559/6155 (1 references),1,ConnectionError,"HTTPSConnectionPool(host='dev.posit.niehs.nih.gov', port=443): Max retries exceeded with url: /et/api/pdf-download (Caused by NameResolutionError(""HTTPSConnection(host='dev.posit.niehs.nih.gov', port=443): Failed to resolve 'dev.posit.niehs.nih.gov' ([Errno 8] nodename nor servname provided, or not known)""))"
560,PDF batch 560/6155 (1 references),1,ConnectionError,"HTTPSConnectionPool(host='dev.posit.niehs.nih.gov', port=443): Max retries exceeded with url: /et/api/pdf-download (Caused by NameResolutionError(""HTTPSConnection(host='dev.posit.niehs.nih.gov', port=443): Failed to resolve 'dev.posit.niehs.nih.gov' ([Errno 8] nodename nor servname provided, or not known)""))"
558,PDF batch 558/6155 (1 references),1,ConnectionError,"HTTPSConnectionPool(host='dev.posit.niehs.nih.gov', port=443): Max retries exceeded with url: /et/api/pdf-download (Caused by NameResolutionError(""HTTPSConnection(host='dev.posit.niehs.nih.gov', port=443): Failed to resolve 'dev.posit.niehs.nih.gov' ([Errno 8] nodename nor servname provided, or not known)""))"
561,PDF batch 561/6155 (1 references),1,ConnectionError,"HTTPSConnectionPool(host='dev.posit.niehs.nih.gov', port=443): Max retries exceeded with url: /et/api/pdf-download (Caused by NameResolutionError(""HTTPSConnection(host='dev.posit.niehs.nih.gov', port=443): Failed to resolve 'dev.posit.niehs.nih.gov' ([Errno 8] nodename nor servname provided, or not known)""))"
565,PDF batch 565/6155 (1 references),1,ConnectionError,"HTTPSConnectionPool(host='dev.posit.niehs.nih.gov', port=443): Max retries exceeded with url: /et/api/pdf-download (Caused by NameResolutionError(""HTTPSConnection(host='dev.posit.niehs.nih.gov', port=443): Failed to resolve 'dev.posit.niehs.nih.gov' ([Errno 8] nodename nor servname provided, or not known)""))"
563,PDF batch 563/6155 (1 references),1,ConnectionError,"HTTPSConnectionPool(host='dev.posit.niehs.nih.gov', port=443): Max retries exceeded with url: /et/api/pdf-download (Caused by NameResolutionError(""HTTPSConnection(host='dev.posit.niehs.nih.gov', port=443): Failed to resolve 'dev.posit.niehs.nih.gov' ([Errno 8] nodename nor servname provided, or not known)""))"
562,PDF batch 562/6155 (1 references),1,ConnectionError,"HTTPSConnectionPool(host='dev.posit.niehs.nih.gov', port=443): Max retries exceeded with url: /et/api/pdf-download (Caused by NameResolutionError(""HTTPSConnection(host='dev.posit.niehs.nih.gov', port=443): Failed to resolve 'dev.posit.niehs.nih.gov' ([Errno 8] nodename nor servname provided, or not known)""))"
567,PDF batch 567/6155 (1 references),1,ConnectionError,"HTTPSConnectionPool(host='dev.posit.niehs.nih.gov', port=443): Max retries exceeded with url: /et/api/pdf-download (Caused by NameResolutionError(""HTTPSConnection(host='dev.posit.niehs.nih.gov', port=443): Failed to resolve 'dev.posit.niehs.nih.gov' ([Errno 8] nodename nor servname provided, or not known)""))"
566,PDF batch 566/6155 (1 references),1,ConnectionError,"HTTPSConnectionPool(host='dev.posit.niehs.nih.gov', port=443): Max retries exceeded with url: /et/api/pdf-download (Caused by NameResolutionError(""HTTPSConnection(host='dev.posit.niehs.nih.gov', port=443): Failed to resolve 'dev.posit.niehs.nih.gov' ([Errno 8] nodename nor servname provided, or not known)""))"
564,PDF batch 564/6155 (1 references),1,ConnectionError,"HTTPSConnectionPool(host='dev.posit.niehs.nih.gov', port=443): Max retries exceeded with url: /et/api/pdf-download (Caused by NameResolutionError(""HTTPSConnection(host='dev.posit.niehs.nih.gov', port=443): Failed to resolve 'dev.posit.niehs.nih.gov' ([Errno 8] nodename nor servname provided, or not known)""))"
568,PDF batch 568/6155 (1 references),1,ConnectionError,"HTTPSConnectionPool(host='dev.posit.niehs.nih.gov', port=443): Max retries exceeded with url: /et/api/pdf-download (Caused by NameResolutionError(""HTTPSConnection(host='dev.posit.niehs.nih.gov', port=443): Failed to resolve 'dev.posit.niehs.nih.gov' ([Errno 8] nodename nor servname provided, or not known)""))"
570,PDF batch 570/6155 (1 references),1,ConnectionError,"HTTPSConnectionPool(host='dev.posit.niehs.nih.gov', port=443): Max retries exceeded with url: /et/api/pdf-download (Caused by NameResolutionError(""HTTPSConnection(host='dev.posit.niehs.nih.gov', port=443): Failed to resolve 'dev.posit.niehs.nih.gov' ([Errno 8] nodename nor servname provided, or not known)""))"
569,PDF batch 569/6155 (1 references),1,ConnectionError,"HTTPSConnectionPool(host='dev.posit.niehs.nih.gov', port=443): Max retries exceeded with url: /et/api/pdf-download (Caused by NameResolutionError(""HTTPSConnection(host='dev.posit.niehs.nih.gov', port=443): Failed to resolve 'dev.posit.niehs.nih.gov' ([Errno 8] nodename nor servname provided, or not known)""))"
571,PDF batch 571/6155 (1 references),1,ConnectionError,"HTTPSConnectionPool(host='dev.posit.niehs.nih.gov', port=443): Max retries exceeded with url: /et/api/pdf-download (Caused by NameResolutionError(""HTTPSConnection(host='dev.posit.niehs.nih.gov', port=443): Failed to resolve 'dev.posit.niehs.nih.gov' ([Errno 8] nodename nor servname provided, or not known)""))"
573,PDF batch 573/6155 (1 references),1,ConnectionError,"HTTPSConnectionPool(host='dev.posit.niehs.nih.gov', port=443): Max retries exceeded with url: /et/api/pdf-download (Caused by NameResolutionError(""HTTPSConnection(host='dev.posit.niehs.nih.gov', port=443): Failed to resolve 'dev.posit.niehs.nih.gov' ([Errno 8] nodename nor servname provided, or not known)""))"
572,PDF batch 572/6155 (1 references),1,ConnectionError,"HTTPSConnectionPool(host='dev.posit.niehs.nih.gov', port=443): Max retries exceeded with url: /et/api/pdf-download (Caused by NameResolutionError(""HTTPSConnection(host='dev.posit.niehs.nih.gov', port=443): Failed to resolve 'dev.posit.niehs.nih.gov' ([Errno 8] nodename nor servname provided, or not known)""))"
574,PDF batch 574/6155 (1 references),1,ConnectionError,"HTTPSConnectionPool(host='dev.posit.niehs.nih.gov', port=443): Max retries exceeded with url: /et/api/pdf-download (Caused by NameResolutionError(""HTTPSConnection(host='dev.posit.niehs.nih.gov', port=443): Failed to resolve 'dev.posit.niehs.nih.gov' ([Errno 8] nodename nor servname provided, or not known)""))"
576,PDF batch 576/6155 (1 references),1,ConnectionError,"HTTPSConnectionPool(host='dev.posit.niehs.nih.gov', port=443): Max retries exceeded with url: /et/api/pdf-download (Caused by NameResolutionError(""HTTPSConnection(host='dev.posit.niehs.nih.gov', port=443): Failed to resolve 'dev.posit.niehs.nih.gov' ([Errno 8] nodename nor servname provided, or not known)""))"
575,PDF batch 575/6155 (1 references),1,ConnectionError,"HTTPSConnectionPool(host='dev.posit.niehs.nih.gov', port=443): Max retries exceeded with url: /et/api/pdf-download (Caused by NameResolutionError(""HTTPSConnection(host='dev.posit.niehs.nih.gov', port=443): Failed to resolve 'dev.posit.niehs.nih.gov' ([Errno 8] nodename nor servname provided, or not known)""))"
577,PDF batch 577/6155 (1 references),1,ConnectionError,"HTTPSConnectionPool(host='dev.posit.niehs.nih.gov', port=443): Max retries exceeded with url: /et/api/pdf-download (Caused by NameResolutionError(""HTTPSConnection(host='dev.posit.niehs.nih.gov', port=443): Failed to resolve 'dev.posit.niehs.nih.gov' ([Errno 8] nodename nor servname provided, or not known)""))"
579,PDF batch 579/6155 (1 references),1,ConnectionError,"HTTPSConnectionPool(host='dev.posit.niehs.nih.gov', port=443): Max retries exceeded with url: /et/api/pdf-download (Caused by NameResolutionError(""HTTPSConnection(host='dev.posit.niehs.nih.gov', port=443): Failed to resolve 'dev.posit.niehs.nih.gov' ([Errno 8] nodename nor servname provided, or not known)""))"
578,PDF batch 578/6155 (1 references),1,ConnectionError,"HTTPSConnectionPool(host='dev.posit.niehs.nih.gov', port=443): Max retries exceeded with url: /et/api/pdf-download (Caused by NameResolutionError(""HTTPSConnection(host='dev.posit.niehs.nih.gov', port=443): Failed to resolve 'dev.posit.niehs.nih.gov' ([Errno 8] nodename nor servname provided, or not known)""))"
580,PDF batch 580/6155 (1 references),1,ConnectionError,"HTTPSConnectionPool(host='dev.posit.niehs.nih.gov', port=443): Max retries exceeded with url: /et/api/pdf-download (Caused by NameResolutionError(""HTTPSConnection(host='dev.posit.niehs.nih.gov', port=443): Failed to resolve 'dev.posit.niehs.nih.gov' ([Errno 8] nodename nor servname provided, or not known)""))"
583,PDF batch 583/6155 (1 references),1,ConnectionError,"HTTPSConnectionPool(host='dev.posit.niehs.nih.gov', port=443): Max retries exceeded with url: /et/api/pdf-download (Caused by NameResolutionError(""HTTPSConnection(host='dev.posit.niehs.nih.gov', port=443): Failed to resolve 'dev.posit.niehs.nih.gov' ([Errno 8] nodename nor servname provided, or not known)""))"
581,PDF batch 581/6155 (1 references),1,ConnectionError,"HTTPSConnectionPool(host='dev.posit.niehs.nih.gov', port=443): Max retries exceeded with url: /et/api/pdf-download (Caused by NameResolutionError(""HTTPSConnection(host='dev.posit.niehs.nih.gov', port=443): Failed to resolve 'dev.posit.niehs.nih.gov' ([Errno 8] nodename nor servname provided, or not known)""))"
585,PDF batch 585/6155 (1 references),1,ConnectionError,"HTTPSConnectionPool(host='dev.posit.niehs.nih.gov', port=443): Max retries exceeded with url: /et/api/pdf-download (Caused by NameResolutionError(""HTTPSConnection(host='dev.posit.niehs.nih.gov', port=443): Failed to resolve 'dev.posit.niehs.nih.gov' ([Errno 8] nodename nor servname provided, or not known)""))"
586,PDF batch 586/6155 (1 references),1,ConnectionError,"HTTPSConnectionPool(host='dev.posit.niehs.nih.gov', port=443): Max retries exceeded with url: /et/api/pdf-download (Caused by NameResolutionError(""HTTPSConnection(host='dev.posit.niehs.nih.gov', port=443): Failed to resolve 'dev.posit.niehs.nih.gov' ([Errno 8] nodename nor servname provided, or not known)""))"
582,PDF batch 582/6155 (1 references),1,ConnectionError,"HTTPSConnectionPool(host='dev.posit.niehs.nih.gov', port=443): Max retries exceeded with url: /et/api/pdf-download (Caused by NameResolutionError(""HTTPSConnection(host='dev.posit.niehs.nih.gov', port=443): Failed to resolve 'dev.posit.niehs.nih.gov' ([Errno 8] nodename nor servname provided, or not known)""))"
584,PDF batch 584/6155 (1 references),1,ConnectionError,"HTTPSConnectionPool(host='dev.posit.niehs.nih.gov', port=443): Max retries exceeded with url: /et/api/pdf-download (Caused by NameResolutionError(""HTTPSConnection(host='dev.posit.niehs.nih.gov', port=443): Failed to resolve 'dev.posit.niehs.nih.gov' ([Errno 8] nodename nor servname provided, or not known)""))"
587,PDF batch 587/6155 (1 references),1,ConnectionError,"HTTPSConnectionPool(host='dev.posit.niehs.nih.gov', port=443): Max retries exceeded with url: /et/api/pdf-download (Caused by NameResolutionError(""HTTPSConnection(host='dev.posit.niehs.nih.gov', port=443): Failed to resolve 'dev.posit.niehs.nih.gov' ([Errno 8] nodename nor servname provided, or not known)""))"
588,PDF batch 588/6155 (1 references),1,ConnectionError,"HTTPSConnectionPool(host='dev.posit.niehs.nih.gov', port=443): Max retries exceeded with url: /et/api/pdf-download (Caused by NameResolutionError(""HTTPSConnection(host='dev.posit.niehs.nih.gov', port=443): Failed to resolve 'dev.posit.niehs.nih.gov' ([Errno 8] nodename nor servname provided, or not known)""))"
590,PDF batch 590/6155 (1 references),1,ConnectionError,"HTTPSConnectionPool(host='dev.posit.niehs.nih.gov', port=443): Max retries exceeded with url: /et/api/pdf-download (Caused by NameResolutionError(""HTTPSConnection(host='dev.posit.niehs.nih.gov', port=443): Failed to resolve 'dev.posit.niehs.nih.gov' ([Errno 8] nodename nor servname provided, or not known)""))"
592,PDF batch 592/6155 (1 references),1,ConnectionError,"HTTPSConnectionPool(host='dev.posit.niehs.nih.gov', port=443): Max retries exceeded with url: /et/api/pdf-download (Caused by NameResolutionError(""HTTPSConnection(host='dev.posit.niehs.nih.gov', port=443): Failed to resolve 'dev.posit.niehs.nih.gov' ([Errno 8] nodename nor servname provided, or not known)""))"
591,PDF batch 591/6155 (1 references),1,ConnectionError,"HTTPSConnectionPool(host='dev.posit.niehs.nih.gov', port=443): Max retries exceeded with url: /et/api/pdf-download (Caused by NameResolutionError(""HTTPSConnection(host='dev.posit.niehs.nih.gov', port=443): Failed to resolve 'dev.posit.niehs.nih.gov' ([Errno 8] nodename nor servname provided, or not known)""))"
589,PDF batch 589/6155 (1 references),1,ConnectionError,"HTTPSConnectionPool(host='dev.posit.niehs.nih.gov', port=443): Max retries exceeded with url: /et/api/pdf-download (Caused by NameResolutionError(""HTTPSConnection(host='dev.posit.niehs.nih.gov', port=443): Failed to resolve 'dev.posit.niehs.nih.gov' ([Errno 8] nodename nor servname provided, or not known)""))"
593,PDF batch 593/6155 (1 references),1,ConnectionError,"HTTPSConnectionPool(host='dev.posit.niehs.nih.gov', port=443): Max retries exceeded with url: /et/api/pdf-download (Caused by NameResolutionError(""HTTPSConnection(host='dev.posit.niehs.nih.gov', port=443): Failed to resolve 'dev.posit.niehs.nih.gov' ([Errno 8] nodename nor servname provided, or not known)""))"
595,PDF batch 595/6155 (1 references),1,ConnectionError,"HTTPSConnectionPool(host='dev.posit.niehs.nih.gov', port=443): Max retries exceeded with url: /et/api/pdf-download (Caused by NameResolutionError(""HTTPSConnection(host='dev.posit.niehs.nih.gov', port=443): Failed to resolve 'dev.posit.niehs.nih.gov' ([Errno 8] nodename nor servname provided, or not known)""))"
594,PDF batch 594/6155 (1 references),1,ConnectionError,"HTTPSConnectionPool(host='dev.posit.niehs.nih.gov', port=443): Max retries exceeded with url: /et/api/pdf-download (Caused by NameResolutionError(""HTTPSConnection(host='dev.posit.niehs.nih.gov', port=443): Failed to resolve 'dev.posit.niehs.nih.gov' ([Errno 8] nodename nor servname provided, or not known)""))"
598,PDF batch 598/6155 (1 references),1,ConnectionError,"HTTPSConnectionPool(host='dev.posit.niehs.nih.gov', port=443): Max retries exceeded with url: /et/api/pdf-download (Caused by NameResolutionError(""HTTPSConnection(host='dev.posit.niehs.nih.gov', port=443): Failed to resolve 'dev.posit.niehs.nih.gov' ([Errno 8] nodename nor servname provided, or not known)""))"
596,PDF batch 596/6155 (1 references),1,ConnectionError,"HTTPSConnectionPool(host='dev.posit.niehs.nih.gov', port=443): Max retries exceeded with url: /et/api/pdf-download (Caused by NameResolutionError(""HTTPSConnection(host='dev.posit.niehs.nih.gov', port=443): Failed to resolve 'dev.posit.niehs.nih.gov' ([Errno 8] nodename nor servname provided, or not known)""))"
597,PDF batch 597/6155 (1 references),1,ConnectionError,"HTTPSConnectionPool(host='dev.posit.niehs.nih.gov', port=443): Max retries exceeded with url: /et/api/pdf-download (Caused by NameResolutionError(""HTTPSConnection(host='dev.posit.niehs.nih.gov', port=443): Failed to resolve 'dev.posit.niehs.nih.gov' ([Errno 8] nodename nor servname provided, or not known)""))"
601,PDF batch 601/6155 (1 references),1,ConnectionError,"HTTPSConnectionPool(host='dev.posit.niehs.nih.gov', port=443): Max retries exceeded with url: /et/api/pdf-download (Caused by NameResolutionError(""HTTPSConnection(host='dev.posit.niehs.nih.gov', port=443): Failed to resolve 'dev.posit.niehs.nih.gov' ([Errno 8] nodename nor servname provided, or not known)""))"
602,PDF batch 602/6155 (1 references),1,ConnectionError,"HTTPSConnectionPool(host='dev.posit.niehs.nih.gov', port=443): Max retries exceeded with url: /et/api/pdf-download (Caused by NameResolutionError(""HTTPSConnection(host='dev.posit.niehs.nih.gov', port=443): Failed to resolve 'dev.posit.niehs.nih.gov' ([Errno 8] nodename nor servname provided, or not known)""))"
605,PDF batch 605/6155 (1 references),1,ConnectionError,"HTTPSConnectionPool(host='dev.posit.niehs.nih.gov', port=443): Max retries exceeded with url: /et/api/pdf-download (Caused by NameResolutionError(""HTTPSConnection(host='dev.posit.niehs.nih.gov', port=443): Failed to resolve 'dev.posit.niehs.nih.gov' ([Errno 8] nodename nor servname provided, or not known)""))"
604,PDF batch 604/6155 (1 references),1,ConnectionError,"HTTPSConnectionPool(host='dev.posit.niehs.nih.gov', port=443): Max retries exceeded with url: /et/api/pdf-download (Caused by NameResolutionError(""HTTPSConnection(host='dev.posit.niehs.nih.gov', port=443): Failed to resolve 'dev.posit.niehs.nih.gov' ([Errno 8] nodename nor servname provided, or not known)""))"
603,PDF batch 603/6155 (1 references),1,ConnectionError,"HTTPSConnectionPool(host='dev.posit.niehs.nih.gov', port=443): Max retries exceeded with url: /et/api/pdf-download (Caused by NameResolutionError(""HTTPSConnection(host='dev.posit.niehs.nih.gov', port=443): Failed to resolve 'dev.posit.niehs.nih.gov' ([Errno 8] nodename nor servname provided, or not known)""))"
600,PDF batch 600/6155 (1 references),1,ConnectionError,"HTTPSConnectionPool(host='dev.posit.niehs.nih.gov', port=443): Max retries exceeded with url: /et/api/pdf-download (Caused by NameResolutionError(""HTTPSConnection(host='dev.posit.niehs.nih.gov', port=443): Failed to resolve 'dev.posit.niehs.nih.gov' ([Errno 8] nodename nor servname provided, or not known)""))"
599,PDF batch 599/6155 (1 references),1,ConnectionError,"HTTPSConnectionPool(host='dev.posit.niehs.nih.gov', port=443): Max retries exceeded with url: /et/api/pdf-download (Caused by NameResolutionError(""HTTPSConnection(host='dev.posit.niehs.nih.gov', port=443): Failed to resolve 'dev.posit.niehs.nih.gov' ([Errno 8] nodename nor servname provided, or not known)""))"
606,PDF batch 606/6155 (1 references),1,ConnectionError,"HTTPSConnectionPool(host='dev.posit.niehs.nih.gov', port=443): Max retries exceeded with url: /et/api/pdf-download (Caused by NameResolutionError(""HTTPSConnection(host='dev.posit.niehs.nih.gov', port=443): Failed to resolve 'dev.posit.niehs.nih.gov' ([Errno 8] nodename nor servname provided, or not known)""))"
607,PDF batch 607/6155 (1 references),1,ConnectionError,"HTTPSConnectionPool(host='dev.posit.niehs.nih.gov', port=443): Max retries exceeded with url: /et/api/pdf-download (Caused by NameResolutionError(""HTTPSConnection(host='dev.posit.niehs.nih.gov', port=443): Failed to resolve 'dev.posit.niehs.nih.gov' ([Errno 8] nodename nor servname provided, or not known)""))"
608,PDF batch 608/6155 (1 references),1,ConnectionError,"HTTPSConnectionPool(host='dev.posit.niehs.nih.gov', port=443): Max retries exceeded with url: /et/api/pdf-download (Caused by NameResolutionError(""HTTPSConnection(host='dev.posit.niehs.nih.gov', port=443): Failed to resolve 'dev.posit.niehs.nih.gov' ([Errno 8] nodename nor servname provided, or not known)""))"
609,PDF batch 609/6155 (1 references),1,ConnectionError,"HTTPSConnectionPool(host='dev.posit.niehs.nih.gov', port=443): Max retries exceeded with url: /et/api/pdf-download (Caused by NameResolutionError(""HTTPSConnection(host='dev.posit.niehs.nih.gov', port=443): Failed to resolve 'dev.posit.niehs.nih.gov' ([Errno 8] nodename nor servname provided, or not known)""))"
611,PDF batch 611/6155 (1 references),1,ConnectionError,"HTTPSConnectionPool(host='dev.posit.niehs.nih.gov', port=443): Max retries exceeded with url: /et/api/pdf-download (Caused by NameResolutionError(""HTTPSConnection(host='dev.posit.niehs.nih.gov', port=443): Failed to resolve 'dev.posit.niehs.nih.gov' ([Errno 8] nodename nor servname provided, or not known)""))"
612,PDF batch 612/6155 (1 references),1,ConnectionError,"HTTPSConnectionPool(host='dev.posit.niehs.nih.gov', port=443): Max retries exceeded with url: /et/api/pdf-download (Caused by NameResolutionError(""HTTPSConnection(host='dev.posit.niehs.nih.gov', port=443): Failed to resolve 'dev.posit.niehs.nih.gov' ([Errno 8] nodename nor servname provided, or not known)""))"
610,PDF batch 610/6155 (1 references),1,ConnectionError,"HTTPSConnectionPool(host='dev.posit.niehs.nih.gov', port=443): Max retries exceeded with url: /et/api/pdf-download (Caused by NameResolutionError(""HTTPSConnection(host='dev.posit.niehs.nih.gov', port=443): Failed to resolve 'dev.posit.niehs.nih.gov' ([Errno 8] nodename nor servname provided, or not known)""))"
613,PDF batch 613/6155 (1 references),1,ConnectionError,"HTTPSConnectionPool(host='dev.posit.niehs.nih.gov', port=443): Max retries exceeded with url: /et/api/pdf-download (Caused by NameResolutionError(""HTTPSConnection(host='dev.posit.niehs.nih.gov', port=443): Failed to resolve 'dev.posit.niehs.nih.gov' ([Errno 8] nodename nor servname provided, or not known)""))"
614,PDF batch 614/6155 (1 references),1,ConnectionError,"HTTPSConnectionPool(host='dev.posit.niehs.nih.gov', port=443): Max retries exceeded with url: /et/api/pdf-download (Caused by NameResolutionError(""HTTPSConnection(host='dev.posit.niehs.nih.gov', port=443): Failed to resolve 'dev.posit.niehs.nih.gov' ([Errno 8] nodename nor servname provided, or not known)""))"
616,PDF batch 616/6155 (1 references),1,ConnectionError,"HTTPSConnectionPool(host='dev.posit.niehs.nih.gov', port=443): Max retries exceeded with url: /et/api/pdf-download (Caused by NameResolutionError(""HTTPSConnection(host='dev.posit.niehs.nih.gov', port=443): Failed to resolve 'dev.posit.niehs.nih.gov' ([Errno 8] nodename nor servname provided, or not known)""))"
617,PDF batch 617/6155 (1 references),1,ConnectionError,"HTTPSConnectionPool(host='dev.posit.niehs.nih.gov', port=443): Max retries exceeded with url: /et/api/pdf-download (Caused by NameResolutionError(""HTTPSConnection(host='dev.posit.niehs.nih.gov', port=443): Failed to resolve 'dev.posit.niehs.nih.gov' ([Errno 8] nodename nor servname provided, or not known)""))"
615,PDF batch 615/6155 (1 references),1,ConnectionError,"HTTPSConnectionPool(host='dev.posit.niehs.nih.gov', port=443): Max retries exceeded with url: /et/api/pdf-download (Caused by NameResolutionError(""HTTPSConnection(host='dev.posit.niehs.nih.gov', port=443): Failed to resolve 'dev.posit.niehs.nih.gov' ([Errno 8] nodename nor servname provided, or not known)""))"
618,PDF batch 618/6155 (1 references),1,ConnectionError,"HTTPSConnectionPool(host='dev.posit.niehs.nih.gov', port=443): Max retries exceeded with url: /et/api/pdf-download (Caused by NameResolutionError(""HTTPSConnection(host='dev.posit.niehs.nih.gov', port=443): Failed to resolve 'dev.posit.niehs.nih.gov' ([Errno 8] nodename nor servname provided, or not known)""))"
621,PDF batch 621/6155 (1 references),1,ConnectionError,"HTTPSConnectionPool(host='dev.posit.niehs.nih.gov', port=443): Max retries exceeded with url: /et/api/pdf-download (Caused by NameResolutionError(""HTTPSConnection(host='dev.posit.niehs.nih.gov', port=443): Failed to resolve 'dev.posit.niehs.nih.gov' ([Errno 8] nodename nor servname provided, or not known)""))"
623,PDF batch 623/6155 (1 references),1,ConnectionError,"HTTPSConnectionPool(host='dev.posit.niehs.nih.gov', port=443): Max retries exceeded with url: /et/api/pdf-download (Caused by NameResolutionError(""HTTPSConnection(host='dev.posit.niehs.nih.gov', port=443): Failed to resolve 'dev.posit.niehs.nih.gov' ([Errno 8] nodename nor servname provided, or not known)""))"
619,PDF batch 619/6155 (1 references),1,ConnectionError,"HTTPSConnectionPool(host='dev.posit.niehs.nih.gov', port=443): Max retries exceeded with url: /et/api/pdf-download (Caused by NameResolutionError(""HTTPSConnection(host='dev.posit.niehs.nih.gov', port=443): Failed to resolve 'dev.posit.niehs.nih.gov' ([Errno 8] nodename nor servname provided, or not known)""))"
622,PDF batch 622/6155 (1 references),1,ConnectionError,"HTTPSConnectionPool(host='dev.posit.niehs.nih.gov', port=443): Max retries exceeded with url: /et/api/pdf-download (Caused by NameResolutionError(""HTTPSConnection(host='dev.posit.niehs.nih.gov', port=443): Failed to resolve 'dev.posit.niehs.nih.gov' ([Errno 8] nodename nor servname provided, or not known)""))"
620,PDF batch 620/6155 (1 references),1,ConnectionError,"HTTPSConnectionPool(host='dev.posit.niehs.nih.gov', port=443): Max retries exceeded with url: /et/api/pdf-download (Caused by NameResolutionError(""HTTPSConnection(host='dev.posit.niehs.nih.gov', port=443): Failed to resolve 'dev.posit.niehs.nih.gov' ([Errno 8] nodename nor servname provided, or not known)""))"
624,PDF batch 624/6155 (1 references),1,ConnectionError,"HTTPSConnectionPool(host='dev.posit.niehs.nih.gov', port=443): Max retries exceeded with url: /et/api/pdf-download (Caused by NameResolutionError(""HTTPSConnection(host='dev.posit.niehs.nih.gov', port=443): Failed to resolve 'dev.posit.niehs.nih.gov' ([Errno 8] nodename nor servname provided, or not known)""))"
625,PDF batch 625/6155 (1 references),1,ConnectionError,"HTTPSConnectionPool(host='dev.posit.niehs.nih.gov', port=443): Max retries exceeded with url: /et/api/pdf-download (Caused by NameResolutionError(""HTTPSConnection(host='dev.posit.niehs.nih.gov', port=443): Failed to resolve 'dev.posit.niehs.nih.gov' ([Errno 8] nodename nor servname provided, or not known)""))"
626,PDF batch 626/6155 (1 references),1,ConnectionError,"HTTPSConnectionPool(host='dev.posit.niehs.nih.gov', port=443): Max retries exceeded with url: /et/api/pdf-download (Caused by NameResolutionError(""HTTPSConnection(host='dev.posit.niehs.nih.gov', port=443): Failed to resolve 'dev.posit.niehs.nih.gov' ([Errno 8] nodename nor servname provided, or not known)""))"
628,PDF batch 628/6155 (1 references),1,ConnectionError,"HTTPSConnectionPool(host='dev.posit.niehs.nih.gov', port=443): Max retries exceeded with url: /et/api/pdf-download (Caused by NameResolutionError(""HTTPSConnection(host='dev.posit.niehs.nih.gov', port=443): Failed to resolve 'dev.posit.niehs.nih.gov' ([Errno 8] nodename nor servname provided, or not known)""))"
627,PDF batch 627/6155 (1 references),1,ConnectionError,"HTTPSConnectionPool(host='dev.posit.niehs.nih.gov', port=443): Max retries exceeded with url: /et/api/pdf-download (Caused by NameResolutionError(""HTTPSConnection(host='dev.posit.niehs.nih.gov', port=443): Failed to resolve 'dev.posit.niehs.nih.gov' ([Errno 8] nodename nor servname provided, or not known)""))"
629,PDF batch 629/6155 (1 references),1,ConnectionError,"HTTPSConnectionPool(host='dev.posit.niehs.nih.gov', port=443): Max retries exceeded with url: /et/api/pdf-download (Caused by NameResolutionError(""HTTPSConnection(host='dev.posit.niehs.nih.gov', port=443): Failed to resolve 'dev.posit.niehs.nih.gov' ([Errno 8] nodename nor servname provided, or not known)""))"
631,PDF batch 631/6155 (1 references),1,ConnectionError,"HTTPSConnectionPool(host='dev.posit.niehs.nih.gov', port=443): Max retries exceeded with url: /et/api/pdf-download (Caused by NameResolutionError(""HTTPSConnection(host='dev.posit.niehs.nih.gov', port=443): Failed to resolve 'dev.posit.niehs.nih.gov' ([Errno 8] nodename nor servname provided, or not known)""))"
630,PDF batch 630/6155 (1 references),1,ConnectionError,"HTTPSConnectionPool(host='dev.posit.niehs.nih.gov', port=443): Max retries exceeded with url: /et/api/pdf-download (Caused by NameResolutionError(""HTTPSConnection(host='dev.posit.niehs.nih.gov', port=443): Failed to resolve 'dev.posit.niehs.nih.gov' ([Errno 8] nodename nor servname provided, or not known)""))"
633,PDF batch 633/6155 (1 references),1,ConnectionError,"HTTPSConnectionPool(host='dev.posit.niehs.nih.gov', port=443): Max retries exceeded with url: /et/api/pdf-download (Caused by NameResolutionError(""HTTPSConnection(host='dev.posit.niehs.nih.gov', port=443): Failed to resolve 'dev.posit.niehs.nih.gov' ([Errno 8] nodename nor servname provided, or not known)""))"
632,PDF batch 632/6155 (1 references),1,ConnectionError,"HTTPSConnectionPool(host='dev.posit.niehs.nih.gov', port=443): Max retries exceeded with url: /et/api/pdf-download (Caused by NameResolutionError(""HTTPSConnection(host='dev.posit.niehs.nih.gov', port=443): Failed to resolve 'dev.posit.niehs.nih.gov' ([Errno 8] nodename nor servname provided, or not known)""))"
634,PDF batch 634/6155 (1 references),1,ConnectionError,"HTTPSConnectionPool(host='dev.posit.niehs.nih.gov', port=443): Max retries exceeded with url: /et/api/pdf-download (Caused by NameResolutionError(""HTTPSConnection(host='dev.posit.niehs.nih.gov', port=443): Failed to resolve 'dev.posit.niehs.nih.gov' ([Errno 8] nodename nor servname provided, or not known)""))"
636,PDF batch 636/6155 (1 references),1,ConnectionError,"HTTPSConnectionPool(host='dev.posit.niehs.nih.gov', port=443): Max retries exceeded with url: /et/api/pdf-download (Caused by NameResolutionError(""HTTPSConnection(host='dev.posit.niehs.nih.gov', port=443): Failed to resolve 'dev.posit.niehs.nih.gov' ([Errno 8] nodename nor servname provided, or not known)""))"
635,PDF batch 635/6155 (1 references),1,ConnectionError,"HTTPSConnectionPool(host='dev.posit.niehs.nih.gov', port=443): Max retries exceeded with url: /et/api/pdf-download (Caused by NameResolutionError(""HTTPSConnection(host='dev.posit.niehs.nih.gov', port=443): Failed to resolve 'dev.posit.niehs.nih.gov' ([Errno 8] nodename nor servname provided, or not known)""))"
637,PDF batch 637/6155 (1 references),1,ConnectionError,"HTTPSConnectionPool(host='dev.posit.niehs.nih.gov', port=443): Max retries exceeded with url: /et/api/pdf-download (Caused by NameResolutionError(""HTTPSConnection(host='dev.posit.niehs.nih.gov', port=443): Failed to resolve 'dev.posit.niehs.nih.gov' ([Errno 8] nodename nor servname provided, or not known)""))"
639,PDF batch 639/6155 (1 references),1,ConnectionError,"HTTPSConnectionPool(host='dev.posit.niehs.nih.gov', port=443): Max retries exceeded with url: /et/api/pdf-download (Caused by NameResolutionError(""HTTPSConnection(host='dev.posit.niehs.nih.gov', port=443): Failed to resolve 'dev.posit.niehs.nih.gov' ([Errno 8] nodename nor servname provided, or not known)""))"
638,PDF batch 638/6155 (1 references),1,ConnectionError,"HTTPSConnectionPool(host='dev.posit.niehs.nih.gov', port=443): Max retries exceeded with url: /et/api/pdf-download (Caused by NameResolutionError(""HTTPSConnection(host='dev.posit.niehs.nih.gov', port=443): Failed to resolve 'dev.posit.niehs.nih.gov' ([Errno 8] nodename nor servname provided, or not known)""))"
640,PDF batch 640/6155 (1 references),1,ConnectionError,"HTTPSConnectionPool(host='dev.posit.niehs.nih.gov', port=443): Max retries exceeded with url: /et/api/pdf-download (Caused by NameResolutionError(""HTTPSConnection(host='dev.posit.niehs.nih.gov', port=443): Failed to resolve 'dev.posit.niehs.nih.gov' ([Errno 8] nodename nor servname provided, or not known)""))"
641,PDF batch 641/6155 (1 references),1,ConnectionError,"HTTPSConnectionPool(host='dev.posit.niehs.nih.gov', port=443): Max retries exceeded with url: /et/api/pdf-download (Caused by NameResolutionError(""HTTPSConnection(host='dev.posit.niehs.nih.gov', port=443): Failed to resolve 'dev.posit.niehs.nih.gov' ([Errno 8] nodename nor servname provided, or not known)""))"
642,PDF batch 642/6155 (1 references),1,ConnectionError,"HTTPSConnectionPool(host='dev.posit.niehs.nih.gov', port=443): Max retries exceeded with url: /et/api/pdf-download (Caused by NameResolutionError(""HTTPSConnection(host='dev.posit.niehs.nih.gov', port=443): Failed to resolve 'dev.posit.niehs.nih.gov' ([Errno 8] nodename nor servname provided, or not known)""))"
643,PDF batch 643/6155 (1 references),1,ConnectionError,"HTTPSConnectionPool(host='dev.posit.niehs.nih.gov', port=443): Max retries exceeded with url: /et/api/pdf-download (Caused by NameResolutionError(""HTTPSConnection(host='dev.posit.niehs.nih.gov', port=443): Failed to resolve 'dev.posit.niehs.nih.gov' ([Errno 8] nodename nor servname provided, or not known)""))"
644,PDF batch 644/6155 (1 references),1,ConnectionError,"HTTPSConnectionPool(host='dev.posit.niehs.nih.gov', port=443): Max retries exceeded with url: /et/api/pdf-download (Caused by NameResolutionError(""HTTPSConnection(host='dev.posit.niehs.nih.gov', port=443): Failed to resolve 'dev.posit.niehs.nih.gov' ([Errno 8] nodename nor servname provided, or not known)""))"
647,PDF batch 647/6155 (1 references),1,ConnectionError,"HTTPSConnectionPool(host='dev.posit.niehs.nih.gov', port=443): Max retries exceeded with url: /et/api/pdf-download (Caused by NameResolutionError(""HTTPSConnection(host='dev.posit.niehs.nih.gov', port=443): Failed to resolve 'dev.posit.niehs.nih.gov' ([Errno 8] nodename nor servname provided, or not known)""))"
645,PDF batch 645/6155 (1 references),1,ConnectionError,"HTTPSConnectionPool(host='dev.posit.niehs.nih.gov', port=443): Max retries exceeded with url: /et/api/pdf-download (Caused by NameResolutionError(""HTTPSConnection(host='dev.posit.niehs.nih.gov', port=443): Failed to resolve 'dev.posit.niehs.nih.gov' ([Errno 8] nodename nor servname provided, or not known)""))"
646,PDF batch 646/6155 (1 references),1,ConnectionError,"HTTPSConnectionPool(host='dev.posit.niehs.nih.gov', port=443): Max retries exceeded with url: /et/api/pdf-download (Caused by NameResolutionError(""HTTPSConnection(host='dev.posit.niehs.nih.gov', port=443): Failed to resolve 'dev.posit.niehs.nih.gov' ([Errno 8] nodename nor servname provided, or not known)""))"
650,PDF batch 650/6155 (1 references),1,ConnectionError,"HTTPSConnectionPool(host='dev.posit.niehs.nih.gov', port=443): Max retries exceeded with url: /et/api/pdf-download (Caused by NameResolutionError(""HTTPSConnection(host='dev.posit.niehs.nih.gov', port=443): Failed to resolve 'dev.posit.niehs.nih.gov' ([Errno 8] nodename nor servname provided, or not known)""))"
649,PDF batch 649/6155 (1 references),1,ConnectionError,"HTTPSConnectionPool(host='dev.posit.niehs.nih.gov', port=443): Max retries exceeded with url: /et/api/pdf-download (Caused by NameResolutionError(""HTTPSConnection(host='dev.posit.niehs.nih.gov', port=443): Failed to resolve 'dev.posit.niehs.nih.gov' ([Errno 8] nodename nor servname provided, or not known)""))"
648,PDF batch 648/6155 (1 references),1,ConnectionError,"HTTPSConnectionPool(host='dev.posit.niehs.nih.gov', port=443): Max retries exceeded with url: /et/api/pdf-download (Caused by NameResolutionError(""HTTPSConnection(host='dev.posit.niehs.nih.gov', port=443): Failed to resolve 'dev.posit.niehs.nih.gov' ([Errno 8] nodename nor servname provided, or not known)""))"
651,PDF batch 651/6155 (1 references),1,ConnectionError,"HTTPSConnectionPool(host='dev.posit.niehs.nih.gov', port=443): Max retries exceeded with url: /et/api/pdf-download (Caused by NameResolutionError(""HTTPSConnection(host='dev.posit.niehs.nih.gov', port=443): Failed to resolve 'dev.posit.niehs.nih.gov' ([Errno 8] nodename nor servname provided, or not known)""))"
652,PDF batch 652/6155 (1 references),1,ConnectionError,"HTTPSConnectionPool(host='dev.posit.niehs.nih.gov', port=443): Max retries exceeded with url: /et/api/pdf-download (Caused by NameResolutionError(""HTTPSConnection(host='dev.posit.niehs.nih.gov', port=443): Failed to resolve 'dev.posit.niehs.nih.gov' ([Errno 8] nodename nor servname provided, or not known)""))"
654,PDF batch 654/6155 (1 references),1,ConnectionError,"HTTPSConnectionPool(host='dev.posit.niehs.nih.gov', port=443): Max retries exceeded with url: /et/api/pdf-download (Caused by NameResolutionError(""HTTPSConnection(host='dev.posit.niehs.nih.gov', port=443): Failed to resolve 'dev.posit.niehs.nih.gov' ([Errno 8] nodename nor servname provided, or not known)""))"
653,PDF batch 653/6155 (1 references),1,ConnectionError,"HTTPSConnectionPool(host='dev.posit.niehs.nih.gov', port=443): Max retries exceeded with url: /et/api/pdf-download (Caused by NameResolutionError(""HTTPSConnection(host='dev.posit.niehs.nih.gov', port=443): Failed to resolve 'dev.posit.niehs.nih.gov' ([Errno 8] nodename nor servname provided, or not known)""))"
655,PDF batch 655/6155 (1 references),1,ConnectionError,"HTTPSConnectionPool(host='dev.posit.niehs.nih.gov', port=443): Max retries exceeded with url: /et/api/pdf-download (Caused by NameResolutionError(""HTTPSConnection(host='dev.posit.niehs.nih.gov', port=443): Failed to resolve 'dev.posit.niehs.nih.gov' ([Errno 8] nodename nor servname provided, or not known)""))"
656,PDF batch 656/6155 (1 references),1,ConnectionError,"HTTPSConnectionPool(host='dev.posit.niehs.nih.gov', port=443): Max retries exceeded with url: /et/api/pdf-download (Caused by NameResolutionError(""HTTPSConnection(host='dev.posit.niehs.nih.gov', port=443): Failed to resolve 'dev.posit.niehs.nih.gov' ([Errno 8] nodename nor servname provided, or not known)""))"
658,PDF batch 658/6155 (1 references),1,ConnectionError,"HTTPSConnectionPool(host='dev.posit.niehs.nih.gov', port=443): Max retries exceeded with url: /et/api/pdf-download (Caused by NameResolutionError(""HTTPSConnection(host='dev.posit.niehs.nih.gov', port=443): Failed to resolve 'dev.posit.niehs.nih.gov' ([Errno 8] nodename nor servname provided, or not known)""))"
657,PDF batch 657/6155 (1 references),1,ConnectionError,"HTTPSConnectionPool(host='dev.posit.niehs.nih.gov', port=443): Max retries exceeded with url: /et/api/pdf-download (Caused by NameResolutionError(""HTTPSConnection(host='dev.posit.niehs.nih.gov', port=443): Failed to resolve 'dev.posit.niehs.nih.gov' ([Errno 8] nodename nor servname provided, or not known)""))"
659,PDF batch 659/6155 (1 references),1,ConnectionError,"HTTPSConnectionPool(host='dev.posit.niehs.nih.gov', port=443): Max retries exceeded with url: /et/api/pdf-download (Caused by NameResolutionError(""HTTPSConnection(host='dev.posit.niehs.nih.gov', port=443): Failed to resolve 'dev.posit.niehs.nih.gov' ([Errno 8] nodename nor servname provided, or not known)""))"
662,PDF batch 662/6155 (1 references),1,ConnectionError,"HTTPSConnectionPool(host='dev.posit.niehs.nih.gov', port=443): Max retries exceeded with url: /et/api/pdf-download (Caused by NameResolutionError(""HTTPSConnection(host='dev.posit.niehs.nih.gov', port=443): Failed to resolve 'dev.posit.niehs.nih.gov' ([Errno 8] nodename nor servname provided, or not known)""))"
661,PDF batch 661/6155 (1 references),1,ConnectionError,"HTTPSConnectionPool(host='dev.posit.niehs.nih.gov', port=443): Max retries exceeded with url: /et/api/pdf-download (Caused by NameResolutionError(""HTTPSConnection(host='dev.posit.niehs.nih.gov', port=443): Failed to resolve 'dev.posit.niehs.nih.gov' ([Errno 8] nodename nor servname provided, or not known)""))"
660,PDF batch 660/6155 (1 references),1,ConnectionError,"HTTPSConnectionPool(host='dev.posit.niehs.nih.gov', port=443): Max retries exceeded with url: /et/api/pdf-download (Caused by NameResolutionError(""HTTPSConnection(host='dev.posit.niehs.nih.gov', port=443): Failed to resolve 'dev.posit.niehs.nih.gov' ([Errno 8] nodename nor servname provided, or not known)""))"
663,PDF batch 663/6155 (1 references),1,ConnectionError,"HTTPSConnectionPool(host='dev.posit.niehs.nih.gov', port=443): Max retries exceeded with url: /et/api/pdf-download (Caused by NameResolutionError(""HTTPSConnection(host='dev.posit.niehs.nih.gov', port=443): Failed to resolve 'dev.posit.niehs.nih.gov' ([Errno 8] nodename nor servname provided, or not known)""))"
664,PDF batch 664/6155 (1 references),1,ConnectionError,"HTTPSConnectionPool(host='dev.posit.niehs.nih.gov', port=443): Max retries exceeded with url: /et/api/pdf-download (Caused by NameResolutionError(""HTTPSConnection(host='dev.posit.niehs.nih.gov', port=443): Failed to resolve 'dev.posit.niehs.nih.gov' ([Errno 8] nodename nor servname provided, or not known)""))"
667,PDF batch 667/6155 (1 references),1,ConnectionError,"HTTPSConnectionPool(host='dev.posit.niehs.nih.gov', port=443): Max retries exceeded with url: /et/api/pdf-download (Caused by NameResolutionError(""HTTPSConnection(host='dev.posit.niehs.nih.gov', port=443): Failed to resolve 'dev.posit.niehs.nih.gov' ([Errno 8] nodename nor servname provided, or not known)""))"
669,PDF batch 669/6155 (1 references),1,ConnectionError,"HTTPSConnectionPool(host='dev.posit.niehs.nih.gov', port=443): Max retries exceeded with url: /et/api/pdf-download (Caused by NameResolutionError(""HTTPSConnection(host='dev.posit.niehs.nih.gov', port=443): Failed to resolve 'dev.posit.niehs.nih.gov' ([Errno 8] nodename nor servname provided, or not known)""))"
668,PDF batch 668/6155 (1 references),1,ConnectionError,"HTTPSConnectionPool(host='dev.posit.niehs.nih.gov', port=443): Max retries exceeded with url: /et/api/pdf-download (Caused by NameResolutionError(""HTTPSConnection(host='dev.posit.niehs.nih.gov', port=443): Failed to resolve 'dev.posit.niehs.nih.gov' ([Errno 8] nodename nor servname provided, or not known)""))"
666,PDF batch 666/6155 (1 references),1,ConnectionError,"HTTPSConnectionPool(host='dev.posit.niehs.nih.gov', port=443): Max retries exceeded with url: /et/api/pdf-download (Caused by NameResolutionError(""HTTPSConnection(host='dev.posit.niehs.nih.gov', port=443): Failed to resolve 'dev.posit.niehs.nih.gov' ([Errno 8] nodename nor servname provided, or not known)""))"
665,PDF batch 665/6155 (1 references),1,ConnectionError,"HTTPSConnectionPool(host='dev.posit.niehs.nih.gov', port=443): Max retries exceeded with url: /et/api/pdf-download (Caused by NameResolutionError(""HTTPSConnection(host='dev.posit.niehs.nih.gov', port=443): Failed to resolve 'dev.posit.niehs.nih.gov' ([Errno 8] nodename nor servname provided, or not known)""))"
670,PDF batch 670/6155 (1 references),1,ConnectionError,"HTTPSConnectionPool(host='dev.posit.niehs.nih.gov', port=443): Max retries exceeded with url: /et/api/pdf-download (Caused by NameResolutionError(""HTTPSConnection(host='dev.posit.niehs.nih.gov', port=443): Failed to resolve 'dev.posit.niehs.nih.gov' ([Errno 8] nodename nor servname provided, or not known)""))"
671,PDF batch 671/6155 (1 references),1,ConnectionError,"HTTPSConnectionPool(host='dev.posit.niehs.nih.gov', port=443): Max retries exceeded with url: /et/api/pdf-download (Caused by NameResolutionError(""HTTPSConnection(host='dev.posit.niehs.nih.gov', port=443): Failed to resolve 'dev.posit.niehs.nih.gov' ([Errno 8] nodename nor servname provided, or not known)""))"
674,PDF batch 674/6155 (1 references),1,ConnectionError,"HTTPSConnectionPool(host='dev.posit.niehs.nih.gov', port=443): Max retries exceeded with url: /et/api/pdf-download (Caused by NameResolutionError(""HTTPSConnection(host='dev.posit.niehs.nih.gov', port=443): Failed to resolve 'dev.posit.niehs.nih.gov' ([Errno 8] nodename nor servname provided, or not known)""))"
672,PDF batch 672/6155 (1 references),1,ConnectionError,"HTTPSConnectionPool(host='dev.posit.niehs.nih.gov', port=443): Max retries exceeded with url: /et/api/pdf-download (Caused by NameResolutionError(""HTTPSConnection(host='dev.posit.niehs.nih.gov', port=443): Failed to resolve 'dev.posit.niehs.nih.gov' ([Errno 8] nodename nor servname provided, or not known)""))"
673,PDF batch 673/6155 (1 references),1,ConnectionError,"HTTPSConnectionPool(host='dev.posit.niehs.nih.gov', port=443): Max retries exceeded with url: /et/api/pdf-download (Caused by NameResolutionError(""HTTPSConnection(host='dev.posit.niehs.nih.gov', port=443): Failed to resolve 'dev.posit.niehs.nih.gov' ([Errno 8] nodename nor servname provided, or not known)""))"
675,PDF batch 675/6155 (1 references),1,ConnectionError,"HTTPSConnectionPool(host='dev.posit.niehs.nih.gov', port=443): Max retries exceeded with url: /et/api/pdf-download (Caused by NameResolutionError(""HTTPSConnection(host='dev.posit.niehs.nih.gov', port=443): Failed to resolve 'dev.posit.niehs.nih.gov' ([Errno 8] nodename nor servname provided, or not known)""))"
677,PDF batch 677/6155 (1 references),1,ConnectionError,"HTTPSConnectionPool(host='dev.posit.niehs.nih.gov', port=443): Max retries exceeded with url: /et/api/pdf-download (Caused by NameResolutionError(""HTTPSConnection(host='dev.posit.niehs.nih.gov', port=443): Failed to resolve 'dev.posit.niehs.nih.gov' ([Errno 8] nodename nor servname provided, or not known)""))"
676,PDF batch 676/6155 (1 references),1,ConnectionError,"HTTPSConnectionPool(host='dev.posit.niehs.nih.gov', port=443): Max retries exceeded with url: /et/api/pdf-download (Caused by NameResolutionError(""HTTPSConnection(host='dev.posit.niehs.nih.gov', port=443): Failed to resolve 'dev.posit.niehs.nih.gov' ([Errno 8] nodename nor servname provided, or not known)""))"
678,PDF batch 678/6155 (1 references),1,ConnectionError,"HTTPSConnectionPool(host='dev.posit.niehs.nih.gov', port=443): Max retries exceeded with url: /et/api/pdf-download (Caused by NameResolutionError(""HTTPSConnection(host='dev.posit.niehs.nih.gov', port=443): Failed to resolve 'dev.posit.niehs.nih.gov' ([Errno 8] nodename nor servname provided, or not known)""))"
680,PDF batch 680/6155 (1 references),1,ConnectionError,"HTTPSConnectionPool(host='dev.posit.niehs.nih.gov', port=443): Max retries exceeded with url: /et/api/pdf-download (Caused by NameResolutionError(""HTTPSConnection(host='dev.posit.niehs.nih.gov', port=443): Failed to resolve 'dev.posit.niehs.nih.gov' ([Errno 8] nodename nor servname provided, or not known)""))"
681,PDF batch 681/6155 (1 references),1,ConnectionError,"HTTPSConnectionPool(host='dev.posit.niehs.nih.gov', port=443): Max retries exceeded with url: /et/api/pdf-download (Caused by NameResolutionError(""HTTPSConnection(host='dev.posit.niehs.nih.gov', port=443): Failed to resolve 'dev.posit.niehs.nih.gov' ([Errno 8] nodename nor servname provided, or not known)""))"
679,PDF batch 679/6155 (1 references),1,ConnectionError,"HTTPSConnectionPool(host='dev.posit.niehs.nih.gov', port=443): Max retries exceeded with url: /et/api/pdf-download (Caused by NameResolutionError(""HTTPSConnection(host='dev.posit.niehs.nih.gov', port=443): Failed to resolve 'dev.posit.niehs.nih.gov' ([Errno 8] nodename nor servname provided, or not known)""))"
682,PDF batch 682/6155 (1 references),1,ConnectionError,"HTTPSConnectionPool(host='dev.posit.niehs.nih.gov', port=443): Max retries exceeded with url: /et/api/pdf-download (Caused by NameResolutionError(""HTTPSConnection(host='dev.posit.niehs.nih.gov', port=443): Failed to resolve 'dev.posit.niehs.nih.gov' ([Errno 8] nodename nor servname provided, or not known)""))"
685,PDF batch 685/6155 (1 references),1,ConnectionError,"HTTPSConnectionPool(host='dev.posit.niehs.nih.gov', port=443): Max retries exceeded with url: /et/api/pdf-download (Caused by NameResolutionError(""HTTPSConnection(host='dev.posit.niehs.nih.gov', port=443): Failed to resolve 'dev.posit.niehs.nih.gov' ([Errno 8] nodename nor servname provided, or not known)""))"
684,PDF batch 684/6155 (1 references),1,ConnectionError,"HTTPSConnectionPool(host='dev.posit.niehs.nih.gov', port=443): Max retries exceeded with url: /et/api/pdf-download (Caused by NameResolutionError(""HTTPSConnection(host='dev.posit.niehs.nih.gov', port=443): Failed to resolve 'dev.posit.niehs.nih.gov' ([Errno 8] nodename nor servname provided, or not known)""))"
687,PDF batch 687/6155 (1 references),1,ConnectionError,"HTTPSConnectionPool(host='dev.posit.niehs.nih.gov', port=443): Max retries exceeded with url: /et/api/pdf-download (Caused by NameResolutionError(""HTTPSConnection(host='dev.posit.niehs.nih.gov', port=443): Failed to resolve 'dev.posit.niehs.nih.gov' ([Errno 8] nodename nor servname provided, or not known)""))"
688,PDF batch 688/6155 (1 references),1,ConnectionError,"HTTPSConnectionPool(host='dev.posit.niehs.nih.gov', port=443): Max retries exceeded with url: /et/api/pdf-download (Caused by NameResolutionError(""HTTPSConnection(host='dev.posit.niehs.nih.gov', port=443): Failed to resolve 'dev.posit.niehs.nih.gov' ([Errno 8] nodename nor servname provided, or not known)""))"
683,PDF batch 683/6155 (1 references),1,ConnectionError,"HTTPSConnectionPool(host='dev.posit.niehs.nih.gov', port=443): Max retries exceeded with url: /et/api/pdf-download (Caused by NameResolutionError(""HTTPSConnection(host='dev.posit.niehs.nih.gov', port=443): Failed to resolve 'dev.posit.niehs.nih.gov' ([Errno 8] nodename nor servname provided, or not known)""))"
686,PDF batch 686/6155 (1 references),1,ConnectionError,"HTTPSConnectionPool(host='dev.posit.niehs.nih.gov', port=443): Max retries exceeded with url: /et/api/pdf-download (Caused by NameResolutionError(""HTTPSConnection(host='dev.posit.niehs.nih.gov', port=443): Failed to resolve 'dev.posit.niehs.nih.gov' ([Errno 8] nodename nor servname provided, or not known)""))"
690,PDF batch 690/6155 (1 references),1,ConnectionError,"HTTPSConnectionPool(host='dev.posit.niehs.nih.gov', port=443): Max retries exceeded with url: /et/api/pdf-download (Caused by NameResolutionError(""HTTPSConnection(host='dev.posit.niehs.nih.gov', port=443): Failed to resolve 'dev.posit.niehs.nih.gov' ([Errno 8] nodename nor servname provided, or not known)""))"
689,PDF batch 689/6155 (1 references),1,ConnectionError,"HTTPSConnectionPool(host='dev.posit.niehs.nih.gov', port=443): Max retries exceeded with url: /et/api/pdf-download (Caused by NameResolutionError(""HTTPSConnection(host='dev.posit.niehs.nih.gov', port=443): Failed to resolve 'dev.posit.niehs.nih.gov' ([Errno 8] nodename nor servname provided, or not known)""))"
692,PDF batch 692/6155 (1 references),1,ConnectionError,"HTTPSConnectionPool(host='dev.posit.niehs.nih.gov', port=443): Max retries exceeded with url: /et/api/pdf-download (Caused by NameResolutionError(""HTTPSConnection(host='dev.posit.niehs.nih.gov', port=443): Failed to resolve 'dev.posit.niehs.nih.gov' ([Errno 8] nodename nor servname provided, or not known)""))"
693,PDF batch 693/6155 (1 references),1,ConnectionError,"HTTPSConnectionPool(host='dev.posit.niehs.nih.gov', port=443): Max retries exceeded with url: /et/api/pdf-download (Caused by NameResolutionError(""HTTPSConnection(host='dev.posit.niehs.nih.gov', port=443): Failed to resolve 'dev.posit.niehs.nih.gov' ([Errno 8] nodename nor servname provided, or not known)""))"
691,PDF batch 691/6155 (1 references),1,ConnectionError,"HTTPSConnectionPool(host='dev.posit.niehs.nih.gov', port=443): Max retries exceeded with url: /et/api/pdf-download (Caused by NameResolutionError(""HTTPSConnection(host='dev.posit.niehs.nih.gov', port=443): Failed to resolve 'dev.posit.niehs.nih.gov' ([Errno 8] nodename nor servname provided, or not known)""))"
694,PDF batch 694/6155 (1 references),1,ConnectionError,"HTTPSConnectionPool(host='dev.posit.niehs.nih.gov', port=443): Max retries exceeded with url: /et/api/pdf-download (Caused by NameResolutionError(""HTTPSConnection(host='dev.posit.niehs.nih.gov', port=443): Failed to resolve 'dev.posit.niehs.nih.gov' ([Errno 8] nodename nor servname provided, or not known)""))"
695,PDF batch 695/6155 (1 references),1,ConnectionError,"HTTPSConnectionPool(host='dev.posit.niehs.nih.gov', port=443): Max retries exceeded with url: /et/api/pdf-download (Caused by NameResolutionError(""HTTPSConnection(host='dev.posit.niehs.nih.gov', port=443): Failed to resolve 'dev.posit.niehs.nih.gov' ([Errno 8] nodename nor servname provided, or not known)""))"
698,PDF batch 698/6155 (1 references),1,ConnectionError,"HTTPSConnectionPool(host='dev.posit.niehs.nih.gov', port=443): Max retries exceeded with url: /et/api/pdf-download (Caused by NameResolutionError(""HTTPSConnection(host='dev.posit.niehs.nih.gov', port=443): Failed to resolve 'dev.posit.niehs.nih.gov' ([Errno 8] nodename nor servname provided, or not known)""))"
697,PDF batch 697/6155 (1 references),1,ConnectionError,"HTTPSConnectionPool(host='dev.posit.niehs.nih.gov', port=443): Max retries exceeded with url: /et/api/pdf-download (Caused by NameResolutionError(""HTTPSConnection(host='dev.posit.niehs.nih.gov', port=443): Failed to resolve 'dev.posit.niehs.nih.gov' ([Errno 8] nodename nor servname provided, or not known)""))"
700,PDF batch 700/6155 (1 references),1,ConnectionError,"HTTPSConnectionPool(host='dev.posit.niehs.nih.gov', port=443): Max retries exceeded with url: /et/api/pdf-download (Caused by NameResolutionError(""HTTPSConnection(host='dev.posit.niehs.nih.gov', port=443): Failed to resolve 'dev.posit.niehs.nih.gov' ([Errno 8] nodename nor servname provided, or not known)""))"
696,PDF batch 696/6155 (1 references),1,ConnectionError,"HTTPSConnectionPool(host='dev.posit.niehs.nih.gov', port=443): Max retries exceeded with url: /et/api/pdf-download (Caused by NameResolutionError(""HTTPSConnection(host='dev.posit.niehs.nih.gov', port=443): Failed to resolve 'dev.posit.niehs.nih.gov' ([Errno 8] nodename nor servname provided, or not known)""))"
701,PDF batch 701/6155 (1 references),1,ConnectionError,"HTTPSConnectionPool(host='dev.posit.niehs.nih.gov', port=443): Max retries exceeded with url: /et/api/pdf-download (Caused by NameResolutionError(""HTTPSConnection(host='dev.posit.niehs.nih.gov', port=443): Failed to resolve 'dev.posit.niehs.nih.gov' ([Errno 8] nodename nor servname provided, or not known)""))"
699,PDF batch 699/6155 (1 references),1,ConnectionError,"HTTPSConnectionPool(host='dev.posit.niehs.nih.gov', port=443): Max retries exceeded with url: /et/api/pdf-download (Caused by NameResolutionError(""HTTPSConnection(host='dev.posit.niehs.nih.gov', port=443): Failed to resolve 'dev.posit.niehs.nih.gov' ([Errno 8] nodename nor servname provided, or not known)""))"
706,PDF batch 706/6155 (1 references),1,ConnectionError,"HTTPSConnectionPool(host='dev.posit.niehs.nih.gov', port=443): Max retries exceeded with url: /et/api/pdf-download (Caused by NameResolutionError(""HTTPSConnection(host='dev.posit.niehs.nih.gov', port=443): Failed to resolve 'dev.posit.niehs.nih.gov' ([Errno 8] nodename nor servname provided, or not known)""))"
707,PDF batch 707/6155 (1 references),1,ConnectionError,"HTTPSConnectionPool(host='dev.posit.niehs.nih.gov', port=443): Max retries exceeded with url: /et/api/pdf-download (Caused by NameResolutionError(""HTTPSConnection(host='dev.posit.niehs.nih.gov', port=443): Failed to resolve 'dev.posit.niehs.nih.gov' ([Errno 8] nodename nor servname provided, or not known)""))"
704,PDF batch 704/6155 (1 references),1,ConnectionError,"HTTPSConnectionPool(host='dev.posit.niehs.nih.gov', port=443): Max retries exceeded with url: /et/api/pdf-download (Caused by NameResolutionError(""HTTPSConnection(host='dev.posit.niehs.nih.gov', port=443): Failed to resolve 'dev.posit.niehs.nih.gov' ([Errno 8] nodename nor servname provided, or not known)""))"
703,PDF batch 703/6155 (1 references),1,ConnectionError,"HTTPSConnectionPool(host='dev.posit.niehs.nih.gov', port=443): Max retries exceeded with url: /et/api/pdf-download (Caused by NameResolutionError(""HTTPSConnection(host='dev.posit.niehs.nih.gov', port=443): Failed to resolve 'dev.posit.niehs.nih.gov' ([Errno 8] nodename nor servname provided, or not known)""))"
705,PDF batch 705/6155 (1 references),1,ConnectionError,"HTTPSConnectionPool(host='dev.posit.niehs.nih.gov', port=443): Max retries exceeded with url: /et/api/pdf-download (Caused by NameResolutionError(""HTTPSConnection(host='dev.posit.niehs.nih.gov', port=443): Failed to resolve 'dev.posit.niehs.nih.gov' ([Errno 8] nodename nor servname provided, or not known)""))"
702,PDF batch 702/6155 (1 references),1,ConnectionError,"HTTPSConnectionPool(host='dev.posit.niehs.nih.gov', port=443): Max retries exceeded with url: /et/api/pdf-download (Caused by NameResolutionError(""HTTPSConnection(host='dev.posit.niehs.nih.gov', port=443): Failed to resolve 'dev.posit.niehs.nih.gov' ([Errno 8] nodename nor servname provided, or not known)""))"
708,PDF batch 708/6155 (1 references),1,ConnectionError,"HTTPSConnectionPool(host='dev.posit.niehs.nih.gov', port=443): Max retries exceeded with url: /et/api/pdf-download (Caused by NameResolutionError(""HTTPSConnection(host='dev.posit.niehs.nih.gov', port=443): Failed to resolve 'dev.posit.niehs.nih.gov' ([Errno 8] nodename nor servname provided, or not known)""))"
709,PDF batch 709/6155 (1 references),1,ConnectionError,"HTTPSConnectionPool(host='dev.posit.niehs.nih.gov', port=443): Max retries exceeded with url: /et/api/pdf-download (Caused by NameResolutionError(""HTTPSConnection(host='dev.posit.niehs.nih.gov', port=443): Failed to resolve 'dev.posit.niehs.nih.gov' ([Errno 8] nodename nor servname provided, or not known)""))"
711,PDF batch 711/6155 (1 references),1,ConnectionError,"HTTPSConnectionPool(host='dev.posit.niehs.nih.gov', port=443): Max retries exceeded with url: /et/api/pdf-download (Caused by NameResolutionError(""HTTPSConnection(host='dev.posit.niehs.nih.gov', port=443): Failed to resolve 'dev.posit.niehs.nih.gov' ([Errno 8] nodename nor servname provided, or not known)""))"
712,PDF batch 712/6155 (1 references),1,ConnectionError,"HTTPSConnectionPool(host='dev.posit.niehs.nih.gov', port=443): Max retries exceeded with url: /et/api/pdf-download (Caused by NameResolutionError(""HTTPSConnection(host='dev.posit.niehs.nih.gov', port=443): Failed to resolve 'dev.posit.niehs.nih.gov' ([Errno 8] nodename nor servname provided, or not known)""))"
710,PDF batch 710/6155 (1 references),1,ConnectionError,"HTTPSConnectionPool(host='dev.posit.niehs.nih.gov', port=443): Max retries exceeded with url: /et/api/pdf-download (Caused by NameResolutionError(""HTTPSConnection(host='dev.posit.niehs.nih.gov', port=443): Failed to resolve 'dev.posit.niehs.nih.gov' ([Errno 8] nodename nor servname provided, or not known)""))"
713,PDF batch 713/6155 (1 references),1,ConnectionError,"HTTPSConnectionPool(host='dev.posit.niehs.nih.gov', port=443): Max retries exceeded with url: /et/api/pdf-download (Caused by NameResolutionError(""HTTPSConnection(host='dev.posit.niehs.nih.gov', port=443): Failed to resolve 'dev.posit.niehs.nih.gov' ([Errno 8] nodename nor servname provided, or not known)""))"
714,PDF batch 714/6155 (1 references),1,ConnectionError,"HTTPSConnectionPool(host='dev.posit.niehs.nih.gov', port=443): Max retries exceeded with url: /et/api/pdf-download (Caused by NameResolutionError(""HTTPSConnection(host='dev.posit.niehs.nih.gov', port=443): Failed to resolve 'dev.posit.niehs.nih.gov' ([Errno 8] nodename nor servname provided, or not known)""))"
717,PDF batch 717/6155 (1 references),1,ConnectionError,"HTTPSConnectionPool(host='dev.posit.niehs.nih.gov', port=443): Max retries exceeded with url: /et/api/pdf-download (Caused by NameResolutionError(""HTTPSConnection(host='dev.posit.niehs.nih.gov', port=443): Failed to resolve 'dev.posit.niehs.nih.gov' ([Errno 8] nodename nor servname provided, or not known)""))"
716,PDF batch 716/6155 (1 references),1,ConnectionError,"HTTPSConnectionPool(host='dev.posit.niehs.nih.gov', port=443): Max retries exceeded with url: /et/api/pdf-download (Caused by NameResolutionError(""HTTPSConnection(host='dev.posit.niehs.nih.gov', port=443): Failed to resolve 'dev.posit.niehs.nih.gov' ([Errno 8] nodename nor servname provided, or not known)""))"
718,PDF batch 718/6155 (1 references),1,ConnectionError,"HTTPSConnectionPool(host='dev.posit.niehs.nih.gov', port=443): Max retries exceeded with url: /et/api/pdf-download (Caused by NameResolutionError(""HTTPSConnection(host='dev.posit.niehs.nih.gov', port=443): Failed to resolve 'dev.posit.niehs.nih.gov' ([Errno 8] nodename nor servname provided, or not known)""))"
715,PDF batch 715/6155 (1 references),1,ConnectionError,"HTTPSConnectionPool(host='dev.posit.niehs.nih.gov', port=443): Max retries exceeded with url: /et/api/pdf-download (Caused by NameResolutionError(""HTTPSConnection(host='dev.posit.niehs.nih.gov', port=443): Failed to resolve 'dev.posit.niehs.nih.gov' ([Errno 8] nodename nor servname provided, or not known)""))"
719,PDF batch 719/6155 (1 references),1,ConnectionError,"HTTPSConnectionPool(host='dev.posit.niehs.nih.gov', port=443): Max retries exceeded with url: /et/api/pdf-download (Caused by NameResolutionError(""HTTPSConnection(host='dev.posit.niehs.nih.gov', port=443): Failed to resolve 'dev.posit.niehs.nih.gov' ([Errno 8] nodename nor servname provided, or not known)""))"
720,PDF batch 720/6155 (1 references),1,ConnectionError,"HTTPSConnectionPool(host='dev.posit.niehs.nih.gov', port=443): Max retries exceeded with url: /et/api/pdf-download (Caused by NameResolutionError(""HTTPSConnection(host='dev.posit.niehs.nih.gov', port=443): Failed to resolve 'dev.posit.niehs.nih.gov' ([Errno 8] nodename nor servname provided, or not known)""))"
721,PDF batch 721/6155 (1 references),1,ConnectionError,"HTTPSConnectionPool(host='dev.posit.niehs.nih.gov', port=443): Max retries exceeded with url: /et/api/pdf-download (Caused by NameResolutionError(""HTTPSConnection(host='dev.posit.niehs.nih.gov', port=443): Failed to resolve 'dev.posit.niehs.nih.gov' ([Errno 8] nodename nor servname provided, or not known)""))"
726,PDF batch 726/6155 (1 references),1,ConnectionError,"HTTPSConnectionPool(host='dev.posit.niehs.nih.gov', port=443): Max retries exceeded with url: /et/api/pdf-download (Caused by NameResolutionError(""HTTPSConnection(host='dev.posit.niehs.nih.gov', port=443): Failed to resolve 'dev.posit.niehs.nih.gov' ([Errno 8] nodename nor servname provided, or not known)""))"
722,PDF batch 722/6155 (1 references),1,ConnectionError,"HTTPSConnectionPool(host='dev.posit.niehs.nih.gov', port=443): Max retries exceeded with url: /et/api/pdf-download (Caused by NameResolutionError(""HTTPSConnection(host='dev.posit.niehs.nih.gov', port=443): Failed to resolve 'dev.posit.niehs.nih.gov' ([Errno 8] nodename nor servname provided, or not known)""))"
725,PDF batch 725/6155 (1 references),1,ConnectionError,"HTTPSConnectionPool(host='dev.posit.niehs.nih.gov', port=443): Max retries exceeded with url: /et/api/pdf-download (Caused by NameResolutionError(""HTTPSConnection(host='dev.posit.niehs.nih.gov', port=443): Failed to resolve 'dev.posit.niehs.nih.gov' ([Errno 8] nodename nor servname provided, or not known)""))"
724,PDF batch 724/6155 (1 references),1,ConnectionError,"HTTPSConnectionPool(host='dev.posit.niehs.nih.gov', port=443): Max retries exceeded with url: /et/api/pdf-download (Caused by NameResolutionError(""HTTPSConnection(host='dev.posit.niehs.nih.gov', port=443): Failed to resolve 'dev.posit.niehs.nih.gov' ([Errno 8] nodename nor servname provided, or not known)""))"
723,PDF batch 723/6155 (1 references),1,ConnectionError,"HTTPSConnectionPool(host='dev.posit.niehs.nih.gov', port=443): Max retries exceeded with url: /et/api/pdf-download (Caused by NameResolutionError(""HTTPSConnection(host='dev.posit.niehs.nih.gov', port=443): Failed to resolve 'dev.posit.niehs.nih.gov' ([Errno 8] nodename nor servname provided, or not known)""))"
728,PDF batch 728/6155 (1 references),1,ConnectionError,"HTTPSConnectionPool(host='dev.posit.niehs.nih.gov', port=443): Max retries exceeded with url: /et/api/pdf-download (Caused by NameResolutionError(""HTTPSConnection(host='dev.posit.niehs.nih.gov', port=443): Failed to resolve 'dev.posit.niehs.nih.gov' ([Errno 8] nodename nor servname provided, or not known)""))"
727,PDF batch 727/6155 (1 references),1,ConnectionError,"HTTPSConnectionPool(host='dev.posit.niehs.nih.gov', port=443): Max retries exceeded with url: /et/api/pdf-download (Caused by NameResolutionError(""HTTPSConnection(host='dev.posit.niehs.nih.gov', port=443): Failed to resolve 'dev.posit.niehs.nih.gov' ([Errno 8] nodename nor servname provided, or not known)""))"
730,PDF batch 730/6155 (1 references),1,ConnectionError,"HTTPSConnectionPool(host='dev.posit.niehs.nih.gov', port=443): Max retries exceeded with url: /et/api/pdf-download (Caused by NameResolutionError(""HTTPSConnection(host='dev.posit.niehs.nih.gov', port=443): Failed to resolve 'dev.posit.niehs.nih.gov' ([Errno 8] nodename nor servname provided, or not known)""))"
731,PDF batch 731/6155 (1 references),1,ConnectionError,"HTTPSConnectionPool(host='dev.posit.niehs.nih.gov', port=443): Max retries exceeded with url: /et/api/pdf-download (Caused by NameResolutionError(""HTTPSConnection(host='dev.posit.niehs.nih.gov', port=443): Failed to resolve 'dev.posit.niehs.nih.gov' ([Errno 8] nodename nor servname provided, or not known)""))"
729,PDF batch 729/6155 (1 references),1,ConnectionError,"HTTPSConnectionPool(host='dev.posit.niehs.nih.gov', port=443): Max retries exceeded with url: /et/api/pdf-download (Caused by NameResolutionError(""HTTPSConnection(host='dev.posit.niehs.nih.gov', port=443): Failed to resolve 'dev.posit.niehs.nih.gov' ([Errno 8] nodename nor servname provided, or not known)""))"
732,PDF batch 732/6155 (1 references),1,ConnectionError,"HTTPSConnectionPool(host='dev.posit.niehs.nih.gov', port=443): Max retries exceeded with url: /et/api/pdf-download (Caused by NameResolutionError(""HTTPSConnection(host='dev.posit.niehs.nih.gov', port=443): Failed to resolve 'dev.posit.niehs.nih.gov' ([Errno 8] nodename nor servname provided, or not known)""))"
734,PDF batch 734/6155 (1 references),1,ConnectionError,"HTTPSConnectionPool(host='dev.posit.niehs.nih.gov', port=443): Max retries exceeded with url: /et/api/pdf-download (Caused by NameResolutionError(""HTTPSConnection(host='dev.posit.niehs.nih.gov', port=443): Failed to resolve 'dev.posit.niehs.nih.gov' ([Errno 8] nodename nor servname provided, or not known)""))"
736,PDF batch 736/6155 (1 references),1,ConnectionError,"HTTPSConnectionPool(host='dev.posit.niehs.nih.gov', port=443): Max retries exceeded with url: /et/api/pdf-download (Caused by NameResolutionError(""HTTPSConnection(host='dev.posit.niehs.nih.gov', port=443): Failed to resolve 'dev.posit.niehs.nih.gov' ([Errno 8] nodename nor servname provided, or not known)""))"
733,PDF batch 733/6155 (1 references),1,ConnectionError,"HTTPSConnectionPool(host='dev.posit.niehs.nih.gov', port=443): Max retries exceeded with url: /et/api/pdf-download (Caused by NameResolutionError(""HTTPSConnection(host='dev.posit.niehs.nih.gov', port=443): Failed to resolve 'dev.posit.niehs.nih.gov' ([Errno 8] nodename nor servname provided, or not known)""))"
737,PDF batch 737/6155 (1 references),1,ConnectionError,"HTTPSConnectionPool(host='dev.posit.niehs.nih.gov', port=443): Max retries exceeded with url: /et/api/pdf-download (Caused by NameResolutionError(""HTTPSConnection(host='dev.posit.niehs.nih.gov', port=443): Failed to resolve 'dev.posit.niehs.nih.gov' ([Errno 8] nodename nor servname provided, or not known)""))"
735,PDF batch 735/6155 (1 references),1,ConnectionError,"HTTPSConnectionPool(host='dev.posit.niehs.nih.gov', port=443): Max retries exceeded with url: /et/api/pdf-download (Caused by NameResolutionError(""HTTPSConnection(host='dev.posit.niehs.nih.gov', port=443): Failed to resolve 'dev.posit.niehs.nih.gov' ([Errno 8] nodename nor servname provided, or not known)""))"
739,PDF batch 739/6155 (1 references),1,ConnectionError,"HTTPSConnectionPool(host='dev.posit.niehs.nih.gov', port=443): Max retries exceeded with url: /et/api/pdf-download (Caused by NameResolutionError(""HTTPSConnection(host='dev.posit.niehs.nih.gov', port=443): Failed to resolve 'dev.posit.niehs.nih.gov' ([Errno 8] nodename nor servname provided, or not known)""))"
738,PDF batch 738/6155 (1 references),1,ConnectionError,"HTTPSConnectionPool(host='dev.posit.niehs.nih.gov', port=443): Max retries exceeded with url: /et/api/pdf-download (Caused by NameResolutionError(""HTTPSConnection(host='dev.posit.niehs.nih.gov', port=443): Failed to resolve 'dev.posit.niehs.nih.gov' ([Errno 8] nodename nor servname provided, or not known)""))"
740,PDF batch 740/6155 (1 references),1,ConnectionError,"HTTPSConnectionPool(host='dev.posit.niehs.nih.gov', port=443): Max retries exceeded with url: /et/api/pdf-download (Caused by NameResolutionError(""HTTPSConnection(host='dev.posit.niehs.nih.gov', port=443): Failed to resolve 'dev.posit.niehs.nih.gov' ([Errno 8] nodename nor servname provided, or not known)""))"
745,PDF batch 745/6155 (1 references),1,ConnectionError,"HTTPSConnectionPool(host='dev.posit.niehs.nih.gov', port=443): Max retries exceeded with url: /et/api/pdf-download (Caused by NameResolutionError(""HTTPSConnection(host='dev.posit.niehs.nih.gov', port=443): Failed to resolve 'dev.posit.niehs.nih.gov' ([Errno 8] nodename nor servname provided, or not known)""))"
743,PDF batch 743/6155 (1 references),1,ConnectionError,"HTTPSConnectionPool(host='dev.posit.niehs.nih.gov', port=443): Max retries exceeded with url: /et/api/pdf-download (Caused by NameResolutionError(""HTTPSConnection(host='dev.posit.niehs.nih.gov', port=443): Failed to resolve 'dev.posit.niehs.nih.gov' ([Errno 8] nodename nor servname provided, or not known)""))"
741,PDF batch 741/6155 (1 references),1,ConnectionError,"HTTPSConnectionPool(host='dev.posit.niehs.nih.gov', port=443): Max retries exceeded with url: /et/api/pdf-download (Caused by NameResolutionError(""HTTPSConnection(host='dev.posit.niehs.nih.gov', port=443): Failed to resolve 'dev.posit.niehs.nih.gov' ([Errno 8] nodename nor servname provided, or not known)""))"
744,PDF batch 744/6155 (1 references),1,ConnectionError,"HTTPSConnectionPool(host='dev.posit.niehs.nih.gov', port=443): Max retries exceeded with url: /et/api/pdf-download (Caused by NameResolutionError(""HTTPSConnection(host='dev.posit.niehs.nih.gov', port=443): Failed to resolve 'dev.posit.niehs.nih.gov' ([Errno 8] nodename nor servname provided, or not known)""))"
742,PDF batch 742/6155 (1 references),1,ConnectionError,"HTTPSConnectionPool(host='dev.posit.niehs.nih.gov', port=443): Max retries exceeded with url: /et/api/pdf-download (Caused by NameResolutionError(""HTTPSConnection(host='dev.posit.niehs.nih.gov', port=443): Failed to resolve 'dev.posit.niehs.nih.gov' ([Errno 8] nodename nor servname provided, or not known)""))"
747,PDF batch 747/6155 (1 references),1,ConnectionError,"HTTPSConnectionPool(host='dev.posit.niehs.nih.gov', port=443): Max retries exceeded with url: /et/api/pdf-download (Caused by NameResolutionError(""HTTPSConnection(host='dev.posit.niehs.nih.gov', port=443): Failed to resolve 'dev.posit.niehs.nih.gov' ([Errno 8] nodename nor servname provided, or not known)""))"
746,PDF batch 746/6155 (1 references),1,ConnectionError,"HTTPSConnectionPool(host='dev.posit.niehs.nih.gov', port=443): Max retries exceeded with url: /et/api/pdf-download (Caused by NameResolutionError(""HTTPSConnection(host='dev.posit.niehs.nih.gov', port=443): Failed to resolve 'dev.posit.niehs.nih.gov' ([Errno 8] nodename nor servname provided, or not known)""))"
748,PDF batch 748/6155 (1 references),1,ConnectionError,"HTTPSConnectionPool(host='dev.posit.niehs.nih.gov', port=443): Max retries exceeded with url: /et/api/pdf-download (Caused by NameResolutionError(""HTTPSConnection(host='dev.posit.niehs.nih.gov', port=443): Failed to resolve 'dev.posit.niehs.nih.gov' ([Errno 8] nodename nor servname provided, or not known)""))"
749,PDF batch 749/6155 (1 references),1,ConnectionError,"HTTPSConnectionPool(host='dev.posit.niehs.nih.gov', port=443): Max retries exceeded with url: /et/api/pdf-download (Caused by NameResolutionError(""HTTPSConnection(host='dev.posit.niehs.nih.gov', port=443): Failed to resolve 'dev.posit.niehs.nih.gov' ([Errno 8] nodename nor servname provided, or not known)""))"
750,PDF batch 750/6155 (1 references),1,ConnectionError,"HTTPSConnectionPool(host='dev.posit.niehs.nih.gov', port=443): Max retries exceeded with url: /et/api/pdf-download (Caused by NameResolutionError(""HTTPSConnection(host='dev.posit.niehs.nih.gov', port=443): Failed to resolve 'dev.posit.niehs.nih.gov' ([Errno 8] nodename nor servname provided, or not known)""))"
751,PDF batch 751/6155 (1 references),1,ConnectionError,"HTTPSConnectionPool(host='dev.posit.niehs.nih.gov', port=443): Max retries exceeded with url: /et/api/pdf-download (Caused by NameResolutionError(""HTTPSConnection(host='dev.posit.niehs.nih.gov', port=443): Failed to resolve 'dev.posit.niehs.nih.gov' ([Errno 8] nodename nor servname provided, or not known)""))"
752,PDF batch 752/6155 (1 references),1,ConnectionError,"HTTPSConnectionPool(host='dev.posit.niehs.nih.gov', port=443): Max retries exceeded with url: /et/api/pdf-download (Caused by NameResolutionError(""HTTPSConnection(host='dev.posit.niehs.nih.gov', port=443): Failed to resolve 'dev.posit.niehs.nih.gov' ([Errno 8] nodename nor servname provided, or not known)""))"
755,PDF batch 755/6155 (1 references),1,ConnectionError,"HTTPSConnectionPool(host='dev.posit.niehs.nih.gov', port=443): Max retries exceeded with url: /et/api/pdf-download (Caused by NameResolutionError(""HTTPSConnection(host='dev.posit.niehs.nih.gov', port=443): Failed to resolve 'dev.posit.niehs.nih.gov' ([Errno 8] nodename nor servname provided, or not known)""))"
756,PDF batch 756/6155 (1 references),1,ConnectionError,"HTTPSConnectionPool(host='dev.posit.niehs.nih.gov', port=443): Max retries exceeded with url: /et/api/pdf-download (Caused by NameResolutionError(""HTTPSConnection(host='dev.posit.niehs.nih.gov', port=443): Failed to resolve 'dev.posit.niehs.nih.gov' ([Errno 8] nodename nor servname provided, or not known)""))"
757,PDF batch 757/6155 (1 references),1,ConnectionError,"HTTPSConnectionPool(host='dev.posit.niehs.nih.gov', port=443): Max retries exceeded with url: /et/api/pdf-download (Caused by NameResolutionError(""HTTPSConnection(host='dev.posit.niehs.nih.gov', port=443): Failed to resolve 'dev.posit.niehs.nih.gov' ([Errno 8] nodename nor servname provided, or not known)""))"
754,PDF batch 754/6155 (1 references),1,ConnectionError,"HTTPSConnectionPool(host='dev.posit.niehs.nih.gov', port=443): Max retries exceeded with url: /et/api/pdf-download (Caused by NameResolutionError(""HTTPSConnection(host='dev.posit.niehs.nih.gov', port=443): Failed to resolve 'dev.posit.niehs.nih.gov' ([Errno 8] nodename nor servname provided, or not known)""))"
758,PDF batch 758/6155 (1 references),1,ConnectionError,"HTTPSConnectionPool(host='dev.posit.niehs.nih.gov', port=443): Max retries exceeded with url: /et/api/pdf-download (Caused by NameResolutionError(""HTTPSConnection(host='dev.posit.niehs.nih.gov', port=443): Failed to resolve 'dev.posit.niehs.nih.gov' ([Errno 8] nodename nor servname provided, or not known)""))"
753,PDF batch 753/6155 (1 references),1,ConnectionError,"HTTPSConnectionPool(host='dev.posit.niehs.nih.gov', port=443): Max retries exceeded with url: /et/api/pdf-download (Caused by NameResolutionError(""HTTPSConnection(host='dev.posit.niehs.nih.gov', port=443): Failed to resolve 'dev.posit.niehs.nih.gov' ([Errno 8] nodename nor servname provided, or not known)""))"
759,PDF batch 759/6155 (1 references),1,ConnectionError,"HTTPSConnectionPool(host='dev.posit.niehs.nih.gov', port=443): Max retries exceeded with url: /et/api/pdf-download (Caused by NameResolutionError(""HTTPSConnection(host='dev.posit.niehs.nih.gov', port=443): Failed to resolve 'dev.posit.niehs.nih.gov' ([Errno 8] nodename nor servname provided, or not known)""))"
764,PDF batch 764/6155 (1 references),1,ConnectionError,"HTTPSConnectionPool(host='dev.posit.niehs.nih.gov', port=443): Max retries exceeded with url: /et/api/pdf-download (Caused by NameResolutionError(""HTTPSConnection(host='dev.posit.niehs.nih.gov', port=443): Failed to resolve 'dev.posit.niehs.nih.gov' ([Errno 8] nodename nor servname provided, or not known)""))"
760,PDF batch 760/6155 (1 references),1,ConnectionError,"HTTPSConnectionPool(host='dev.posit.niehs.nih.gov', port=443): Max retries exceeded with url: /et/api/pdf-download (Caused by NameResolutionError(""HTTPSConnection(host='dev.posit.niehs.nih.gov', port=443): Failed to resolve 'dev.posit.niehs.nih.gov' ([Errno 8] nodename nor servname provided, or not known)""))"
763,PDF batch 763/6155 (1 references),1,ConnectionError,"HTTPSConnectionPool(host='dev.posit.niehs.nih.gov', port=443): Max retries exceeded with url: /et/api/pdf-download (Caused by NameResolutionError(""HTTPSConnection(host='dev.posit.niehs.nih.gov', port=443): Failed to resolve 'dev.posit.niehs.nih.gov' ([Errno 8] nodename nor servname provided, or not known)""))"
762,PDF batch 762/6155 (1 references),1,ConnectionError,"HTTPSConnectionPool(host='dev.posit.niehs.nih.gov', port=443): Max retries exceeded with url: /et/api/pdf-download (Caused by NameResolutionError(""HTTPSConnection(host='dev.posit.niehs.nih.gov', port=443): Failed to resolve 'dev.posit.niehs.nih.gov' ([Errno 8] nodename nor servname provided, or not known)""))"
761,PDF batch 761/6155 (1 references),1,ConnectionError,"HTTPSConnectionPool(host='dev.posit.niehs.nih.gov', port=443): Max retries exceeded with url: /et/api/pdf-download (Caused by NameResolutionError(""HTTPSConnection(host='dev.posit.niehs.nih.gov', port=443): Failed to resolve 'dev.posit.niehs.nih.gov' ([Errno 8] nodename nor servname provided, or not known)""))"
765,PDF batch 765/6155 (1 references),1,ConnectionError,"HTTPSConnectionPool(host='dev.posit.niehs.nih.gov', port=443): Max retries exceeded with url: /et/api/pdf-download (Caused by NameResolutionError(""HTTPSConnection(host='dev.posit.niehs.nih.gov', port=443): Failed to resolve 'dev.posit.niehs.nih.gov' ([Errno 8] nodename nor servname provided, or not known)""))"
766,PDF batch 766/6155 (1 references),1,ConnectionError,"HTTPSConnectionPool(host='dev.posit.niehs.nih.gov', port=443): Max retries exceeded with url: /et/api/pdf-download (Caused by NameResolutionError(""HTTPSConnection(host='dev.posit.niehs.nih.gov', port=443): Failed to resolve 'dev.posit.niehs.nih.gov' ([Errno 8] nodename nor servname provided, or not known)""))"
767,PDF batch 767/6155 (1 references),1,ConnectionError,"HTTPSConnectionPool(host='dev.posit.niehs.nih.gov', port=443): Max retries exceeded with url: /et/api/pdf-download (Caused by NameResolutionError(""HTTPSConnection(host='dev.posit.niehs.nih.gov', port=443): Failed to resolve 'dev.posit.niehs.nih.gov' ([Errno 8] nodename nor servname provided, or not known)""))"
768,PDF batch 768/6155 (1 references),1,ConnectionError,"HTTPSConnectionPool(host='dev.posit.niehs.nih.gov', port=443): Max retries exceeded with url: /et/api/pdf-download (Caused by NameResolutionError(""HTTPSConnection(host='dev.posit.niehs.nih.gov', port=443): Failed to resolve 'dev.posit.niehs.nih.gov' ([Errno 8] nodename nor servname provided, or not known)""))"
769,PDF batch 769/6155 (1 references),1,ConnectionError,"HTTPSConnectionPool(host='dev.posit.niehs.nih.gov', port=443): Max retries exceeded with url: /et/api/pdf-download (Caused by NameResolutionError(""HTTPSConnection(host='dev.posit.niehs.nih.gov', port=443): Failed to resolve 'dev.posit.niehs.nih.gov' ([Errno 8] nodename nor servname provided, or not known)""))"
770,PDF batch 770/6155 (1 references),1,ConnectionError,"HTTPSConnectionPool(host='dev.posit.niehs.nih.gov', port=443): Max retries exceeded with url: /et/api/pdf-download (Caused by NameResolutionError(""HTTPSConnection(host='dev.posit.niehs.nih.gov', port=443): Failed to resolve 'dev.posit.niehs.nih.gov' ([Errno 8] nodename nor servname provided, or not known)""))"
773,PDF batch 773/6155 (1 references),1,ConnectionError,"HTTPSConnectionPool(host='dev.posit.niehs.nih.gov', port=443): Max retries exceeded with url: /et/api/pdf-download (Caused by NameResolutionError(""HTTPSConnection(host='dev.posit.niehs.nih.gov', port=443): Failed to resolve 'dev.posit.niehs.nih.gov' ([Errno 8] nodename nor servname provided, or not known)""))"
771,PDF batch 771/6155 (1 references),1,ConnectionError,"HTTPSConnectionPool(host='dev.posit.niehs.nih.gov', port=443): Max retries exceeded with url: /et/api/pdf-download (Caused by NameResolutionError(""HTTPSConnection(host='dev.posit.niehs.nih.gov', port=443): Failed to resolve 'dev.posit.niehs.nih.gov' ([Errno 8] nodename nor servname provided, or not known)""))"
775,PDF batch 775/6155 (1 references),1,ConnectionError,"HTTPSConnectionPool(host='dev.posit.niehs.nih.gov', port=443): Max retries exceeded with url: /et/api/pdf-download (Caused by NameResolutionError(""HTTPSConnection(host='dev.posit.niehs.nih.gov', port=443): Failed to resolve 'dev.posit.niehs.nih.gov' ([Errno 8] nodename nor servname provided, or not known)""))"
772,PDF batch 772/6155 (1 references),1,ConnectionError,"HTTPSConnectionPool(host='dev.posit.niehs.nih.gov', port=443): Max retries exceeded with url: /et/api/pdf-download (Caused by NameResolutionError(""HTTPSConnection(host='dev.posit.niehs.nih.gov', port=443): Failed to resolve 'dev.posit.niehs.nih.gov' ([Errno 8] nodename nor servname provided, or not known)""))"
776,PDF batch 776/6155 (1 references),1,ConnectionError,"HTTPSConnectionPool(host='dev.posit.niehs.nih.gov', port=443): Max retries exceeded with url: /et/api/pdf-download (Caused by NameResolutionError(""HTTPSConnection(host='dev.posit.niehs.nih.gov', port=443): Failed to resolve 'dev.posit.niehs.nih.gov' ([Errno 8] nodename nor servname provided, or not known)""))"
777,PDF batch 777/6155 (1 references),1,ConnectionError,"HTTPSConnectionPool(host='dev.posit.niehs.nih.gov', port=443): Max retries exceeded with url: /et/api/pdf-download (Caused by NameResolutionError(""HTTPSConnection(host='dev.posit.niehs.nih.gov', port=443): Failed to resolve 'dev.posit.niehs.nih.gov' ([Errno 8] nodename nor servname provided, or not known)""))"
774,PDF batch 774/6155 (1 references),1,ConnectionError,"HTTPSConnectionPool(host='dev.posit.niehs.nih.gov', port=443): Max retries exceeded with url: /et/api/pdf-download (Caused by NameResolutionError(""HTTPSConnection(host='dev.posit.niehs.nih.gov', port=443): Failed to resolve 'dev.posit.niehs.nih.gov' ([Errno 8] nodename nor servname provided, or not known)""))"
783,PDF batch 783/6155 (1 references),1,ConnectionError,"HTTPSConnectionPool(host='dev.posit.niehs.nih.gov', port=443): Max retries exceeded with url: /et/api/pdf-download (Caused by NameResolutionError(""HTTPSConnection(host='dev.posit.niehs.nih.gov', port=443): Failed to resolve 'dev.posit.niehs.nih.gov' ([Errno 8] nodename nor servname provided, or not known)""))"
779,PDF batch 779/6155 (1 references),1,ConnectionError,"HTTPSConnectionPool(host='dev.posit.niehs.nih.gov', port=443): Max retries exceeded with url: /et/api/pdf-download (Caused by NameResolutionError(""HTTPSConnection(host='dev.posit.niehs.nih.gov', port=443): Failed to resolve 'dev.posit.niehs.nih.gov' ([Errno 8] nodename nor servname provided, or not known)""))"
778,PDF batch 778/6155 (1 references),1,ConnectionError,"HTTPSConnectionPool(host='dev.posit.niehs.nih.gov', port=443): Max retries exceeded with url: /et/api/pdf-download (Caused by NameResolutionError(""HTTPSConnection(host='dev.posit.niehs.nih.gov', port=443): Failed to resolve 'dev.posit.niehs.nih.gov' ([Errno 8] nodename nor servname provided, or not known)""))"
781,PDF batch 781/6155 (1 references),1,ConnectionError,"HTTPSConnectionPool(host='dev.posit.niehs.nih.gov', port=443): Max retries exceeded with url: /et/api/pdf-download (Caused by NameResolutionError(""HTTPSConnection(host='dev.posit.niehs.nih.gov', port=443): Failed to resolve 'dev.posit.niehs.nih.gov' ([Errno 8] nodename nor servname provided, or not known)""))"
780,PDF batch 780/6155 (1 references),1,ConnectionError,"HTTPSConnectionPool(host='dev.posit.niehs.nih.gov', port=443): Max retries exceeded with url: /et/api/pdf-download (Caused by NameResolutionError(""HTTPSConnection(host='dev.posit.niehs.nih.gov', port=443): Failed to resolve 'dev.posit.niehs.nih.gov' ([Errno 8] nodename nor servname provided, or not known)""))"
782,PDF batch 782/6155 (1 references),1,ConnectionError,"HTTPSConnectionPool(host='dev.posit.niehs.nih.gov', port=443): Max retries exceeded with url: /et/api/pdf-download (Caused by NameResolutionError(""HTTPSConnection(host='dev.posit.niehs.nih.gov', port=443): Failed to resolve 'dev.posit.niehs.nih.gov' ([Errno 8] nodename nor servname provided, or not known)""))"
785,PDF batch 785/6155 (1 references),1,ConnectionError,"HTTPSConnectionPool(host='dev.posit.niehs.nih.gov', port=443): Max retries exceeded with url: /et/api/pdf-download (Caused by NameResolutionError(""HTTPSConnection(host='dev.posit.niehs.nih.gov', port=443): Failed to resolve 'dev.posit.niehs.nih.gov' ([Errno 8] nodename nor servname provided, or not known)""))"
784,PDF batch 784/6155 (1 references),1,ConnectionError,"HTTPSConnectionPool(host='dev.posit.niehs.nih.gov', port=443): Max retries exceeded with url: /et/api/pdf-download (Caused by NameResolutionError(""HTTPSConnection(host='dev.posit.niehs.nih.gov', port=443): Failed to resolve 'dev.posit.niehs.nih.gov' ([Errno 8] nodename nor servname provided, or not known)""))"
788,PDF batch 788/6155 (1 references),1,ConnectionError,"HTTPSConnectionPool(host='dev.posit.niehs.nih.gov', port=443): Max retries exceeded with url: /et/api/pdf-download (Caused by NameResolutionError(""HTTPSConnection(host='dev.posit.niehs.nih.gov', port=443): Failed to resolve 'dev.posit.niehs.nih.gov' ([Errno 8] nodename nor servname provided, or not known)""))"
787,PDF batch 787/6155 (1 references),1,ConnectionError,"HTTPSConnectionPool(host='dev.posit.niehs.nih.gov', port=443): Max retries exceeded with url: /et/api/pdf-download (Caused by NameResolutionError(""HTTPSConnection(host='dev.posit.niehs.nih.gov', port=443): Failed to resolve 'dev.posit.niehs.nih.gov' ([Errno 8] nodename nor servname provided, or not known)""))"
786,PDF batch 786/6155 (1 references),1,ConnectionError,"HTTPSConnectionPool(host='dev.posit.niehs.nih.gov', port=443): Max retries exceeded with url: /et/api/pdf-download (Caused by NameResolutionError(""HTTPSConnection(host='dev.posit.niehs.nih.gov', port=443): Failed to resolve 'dev.posit.niehs.nih.gov' ([Errno 8] nodename nor servname provided, or not known)""))"
789,PDF batch 789/6155 (1 references),1,ConnectionError,"HTTPSConnectionPool(host='dev.posit.niehs.nih.gov', port=443): Max retries exceeded with url: /et/api/pdf-download (Caused by NameResolutionError(""HTTPSConnection(host='dev.posit.niehs.nih.gov', port=443): Failed to resolve 'dev.posit.niehs.nih.gov' ([Errno 8] nodename nor servname provided, or not known)""))"
790,PDF batch 790/6155 (1 references),1,ConnectionError,"HTTPSConnectionPool(host='dev.posit.niehs.nih.gov', port=443): Max retries exceeded with url: /et/api/pdf-download (Caused by NameResolutionError(""HTTPSConnection(host='dev.posit.niehs.nih.gov', port=443): Failed to resolve 'dev.posit.niehs.nih.gov' ([Errno 8] nodename nor servname provided, or not known)""))"
793,PDF batch 793/6155 (1 references),1,ConnectionError,"HTTPSConnectionPool(host='dev.posit.niehs.nih.gov', port=443): Max retries exceeded with url: /et/api/pdf-download (Caused by NameResolutionError(""HTTPSConnection(host='dev.posit.niehs.nih.gov', port=443): Failed to resolve 'dev.posit.niehs.nih.gov' ([Errno 8] nodename nor servname provided, or not known)""))"
794,PDF batch 794/6155 (1 references),1,ConnectionError,"HTTPSConnectionPool(host='dev.posit.niehs.nih.gov', port=443): Max retries exceeded with url: /et/api/pdf-download (Caused by NameResolutionError(""HTTPSConnection(host='dev.posit.niehs.nih.gov', port=443): Failed to resolve 'dev.posit.niehs.nih.gov' ([Errno 8] nodename nor servname provided, or not known)""))"
792,PDF batch 792/6155 (1 references),1,ConnectionError,"HTTPSConnectionPool(host='dev.posit.niehs.nih.gov', port=443): Max retries exceeded with url: /et/api/pdf-download (Caused by NameResolutionError(""HTTPSConnection(host='dev.posit.niehs.nih.gov', port=443): Failed to resolve 'dev.posit.niehs.nih.gov' ([Errno 8] nodename nor servname provided, or not known)""))"
796,PDF batch 796/6155 (1 references),1,ConnectionError,"HTTPSConnectionPool(host='dev.posit.niehs.nih.gov', port=443): Max retries exceeded with url: /et/api/pdf-download (Caused by NameResolutionError(""HTTPSConnection(host='dev.posit.niehs.nih.gov', port=443): Failed to resolve 'dev.posit.niehs.nih.gov' ([Errno 8] nodename nor servname provided, or not known)""))"
791,PDF batch 791/6155 (1 references),1,ConnectionError,"HTTPSConnectionPool(host='dev.posit.niehs.nih.gov', port=443): Max retries exceeded with url: /et/api/pdf-download (Caused by NameResolutionError(""HTTPSConnection(host='dev.posit.niehs.nih.gov', port=443): Failed to resolve 'dev.posit.niehs.nih.gov' ([Errno 8] nodename nor servname provided, or not known)""))"
795,PDF batch 795/6155 (1 references),1,ConnectionError,"HTTPSConnectionPool(host='dev.posit.niehs.nih.gov', port=443): Max retries exceeded with url: /et/api/pdf-download (Caused by NameResolutionError(""HTTPSConnection(host='dev.posit.niehs.nih.gov', port=443): Failed to resolve 'dev.posit.niehs.nih.gov' ([Errno 8] nodename nor servname provided, or not known)""))"
801,PDF batch 801/6155 (1 references),1,ConnectionError,"HTTPSConnectionPool(host='dev.posit.niehs.nih.gov', port=443): Max retries exceeded with url: /et/api/pdf-download (Caused by NameResolutionError(""HTTPSConnection(host='dev.posit.niehs.nih.gov', port=443): Failed to resolve 'dev.posit.niehs.nih.gov' ([Errno 8] nodename nor servname provided, or not known)""))"
798,PDF batch 798/6155 (1 references),1,ConnectionError,"HTTPSConnectionPool(host='dev.posit.niehs.nih.gov', port=443): Max retries exceeded with url: /et/api/pdf-download (Caused by NameResolutionError(""HTTPSConnection(host='dev.posit.niehs.nih.gov', port=443): Failed to resolve 'dev.posit.niehs.nih.gov' ([Errno 8] nodename nor servname provided, or not known)""))"
797,PDF batch 797/6155 (1 references),1,ConnectionError,"HTTPSConnectionPool(host='dev.posit.niehs.nih.gov', port=443): Max retries exceeded with url: /et/api/pdf-download (Caused by NameResolutionError(""HTTPSConnection(host='dev.posit.niehs.nih.gov', port=443): Failed to resolve 'dev.posit.niehs.nih.gov' ([Errno 8] nodename nor servname provided, or not known)""))"
799,PDF batch 799/6155 (1 references),1,ConnectionError,"HTTPSConnectionPool(host='dev.posit.niehs.nih.gov', port=443): Max retries exceeded with url: /et/api/pdf-download (Caused by NameResolutionError(""HTTPSConnection(host='dev.posit.niehs.nih.gov', port=443): Failed to resolve 'dev.posit.niehs.nih.gov' ([Errno 8] nodename nor servname provided, or not known)""))"
800,PDF batch 800/6155 (1 references),1,ConnectionError,"HTTPSConnectionPool(host='dev.posit.niehs.nih.gov', port=443): Max retries exceeded with url: /et/api/pdf-download (Caused by NameResolutionError(""HTTPSConnection(host='dev.posit.niehs.nih.gov', port=443): Failed to resolve 'dev.posit.niehs.nih.gov' ([Errno 8] nodename nor servname provided, or not known)""))"
802,PDF batch 802/6155 (1 references),1,ConnectionError,"HTTPSConnectionPool(host='dev.posit.niehs.nih.gov', port=443): Max retries exceeded with url: /et/api/pdf-download (Caused by NameResolutionError(""HTTPSConnection(host='dev.posit.niehs.nih.gov', port=443): Failed to resolve 'dev.posit.niehs.nih.gov' ([Errno 8] nodename nor servname provided, or not known)""))"
803,PDF batch 803/6155 (1 references),1,ConnectionError,"HTTPSConnectionPool(host='dev.posit.niehs.nih.gov', port=443): Max retries exceeded with url: /et/api/pdf-download (Caused by NameResolutionError(""HTTPSConnection(host='dev.posit.niehs.nih.gov', port=443): Failed to resolve 'dev.posit.niehs.nih.gov' ([Errno 8] nodename nor servname provided, or not known)""))"
804,PDF batch 804/6155 (1 references),1,ConnectionError,"HTTPSConnectionPool(host='dev.posit.niehs.nih.gov', port=443): Max retries exceeded with url: /et/api/pdf-download (Caused by NameResolutionError(""HTTPSConnection(host='dev.posit.niehs.nih.gov', port=443): Failed to resolve 'dev.posit.niehs.nih.gov' ([Errno 8] nodename nor servname provided, or not known)""))"
806,PDF batch 806/6155 (1 references),1,ConnectionError,"HTTPSConnectionPool(host='dev.posit.niehs.nih.gov', port=443): Max retries exceeded with url: /et/api/pdf-download (Caused by NameResolutionError(""HTTPSConnection(host='dev.posit.niehs.nih.gov', port=443): Failed to resolve 'dev.posit.niehs.nih.gov' ([Errno 8] nodename nor servname provided, or not known)""))"
805,PDF batch 805/6155 (1 references),1,ConnectionError,"HTTPSConnectionPool(host='dev.posit.niehs.nih.gov', port=443): Max retries exceeded with url: /et/api/pdf-download (Caused by NameResolutionError(""HTTPSConnection(host='dev.posit.niehs.nih.gov', port=443): Failed to resolve 'dev.posit.niehs.nih.gov' ([Errno 8] nodename nor servname provided, or not known)""))"
807,PDF batch 807/6155 (1 references),1,ConnectionError,"HTTPSConnectionPool(host='dev.posit.niehs.nih.gov', port=443): Max retries exceeded with url: /et/api/pdf-download (Caused by NameResolutionError(""HTTPSConnection(host='dev.posit.niehs.nih.gov', port=443): Failed to resolve 'dev.posit.niehs.nih.gov' ([Errno 8] nodename nor servname provided, or not known)""))"
808,PDF batch 808/6155 (1 references),1,ConnectionError,"HTTPSConnectionPool(host='dev.posit.niehs.nih.gov', port=443): Max retries exceeded with url: /et/api/pdf-download (Caused by NameResolutionError(""HTTPSConnection(host='dev.posit.niehs.nih.gov', port=443): Failed to resolve 'dev.posit.niehs.nih.gov' ([Errno 8] nodename nor servname provided, or not known)""))"
810,PDF batch 810/6155 (1 references),1,ConnectionError,"HTTPSConnectionPool(host='dev.posit.niehs.nih.gov', port=443): Max retries exceeded with url: /et/api/pdf-download (Caused by NameResolutionError(""HTTPSConnection(host='dev.posit.niehs.nih.gov', port=443): Failed to resolve 'dev.posit.niehs.nih.gov' ([Errno 8] nodename nor servname provided, or not known)""))"
814,PDF batch 814/6155 (1 references),1,ConnectionError,"HTTPSConnectionPool(host='dev.posit.niehs.nih.gov', port=443): Max retries exceeded with url: /et/api/pdf-download (Caused by NameResolutionError(""HTTPSConnection(host='dev.posit.niehs.nih.gov', port=443): Failed to resolve 'dev.posit.niehs.nih.gov' ([Errno 8] nodename nor servname provided, or not known)""))"
812,PDF batch 812/6155 (1 references),1,ConnectionError,"HTTPSConnectionPool(host='dev.posit.niehs.nih.gov', port=443): Max retries exceeded with url: /et/api/pdf-download (Caused by NameResolutionError(""HTTPSConnection(host='dev.posit.niehs.nih.gov', port=443): Failed to resolve 'dev.posit.niehs.nih.gov' ([Errno 8] nodename nor servname provided, or not known)""))"
809,PDF batch 809/6155 (1 references),1,ConnectionError,"HTTPSConnectionPool(host='dev.posit.niehs.nih.gov', port=443): Max retries exceeded with url: /et/api/pdf-download (Caused by NameResolutionError(""HTTPSConnection(host='dev.posit.niehs.nih.gov', port=443): Failed to resolve 'dev.posit.niehs.nih.gov' ([Errno 8] nodename nor servname provided, or not known)""))"
813,PDF batch 813/6155 (1 references),1,ConnectionError,"HTTPSConnectionPool(host='dev.posit.niehs.nih.gov', port=443): Max retries exceeded with url: /et/api/pdf-download (Caused by NameResolutionError(""HTTPSConnection(host='dev.posit.niehs.nih.gov', port=443): Failed to resolve 'dev.posit.niehs.nih.gov' ([Errno 8] nodename nor servname provided, or not known)""))"
815,PDF batch 815/6155 (1 references),1,ConnectionError,"HTTPSConnectionPool(host='dev.posit.niehs.nih.gov', port=443): Max retries exceeded with url: /et/api/pdf-download (Caused by NameResolutionError(""HTTPSConnection(host='dev.posit.niehs.nih.gov', port=443): Failed to resolve 'dev.posit.niehs.nih.gov' ([Errno 8] nodename nor servname provided, or not known)""))"
811,PDF batch 811/6155 (1 references),1,ConnectionError,"HTTPSConnectionPool(host='dev.posit.niehs.nih.gov', port=443): Max retries exceeded with url: /et/api/pdf-download (Caused by NameResolutionError(""HTTPSConnection(host='dev.posit.niehs.nih.gov', port=443): Failed to resolve 'dev.posit.niehs.nih.gov' ([Errno 8] nodename nor servname provided, or not known)""))"
818,PDF batch 818/6155 (1 references),1,ConnectionError,"HTTPSConnectionPool(host='dev.posit.niehs.nih.gov', port=443): Max retries exceeded with url: /et/api/pdf-download (Caused by NameResolutionError(""HTTPSConnection(host='dev.posit.niehs.nih.gov', port=443): Failed to resolve 'dev.posit.niehs.nih.gov' ([Errno 8] nodename nor servname provided, or not known)""))"
816,PDF batch 816/6155 (1 references),1,ConnectionError,"HTTPSConnectionPool(host='dev.posit.niehs.nih.gov', port=443): Max retries exceeded with url: /et/api/pdf-download (Caused by NameResolutionError(""HTTPSConnection(host='dev.posit.niehs.nih.gov', port=443): Failed to resolve 'dev.posit.niehs.nih.gov' ([Errno 8] nodename nor servname provided, or not known)""))"
821,PDF batch 821/6155 (1 references),1,ConnectionError,"HTTPSConnectionPool(host='dev.posit.niehs.nih.gov', port=443): Max retries exceeded with url: /et/api/pdf-download (Caused by NameResolutionError(""HTTPSConnection(host='dev.posit.niehs.nih.gov', port=443): Failed to resolve 'dev.posit.niehs.nih.gov' ([Errno 8] nodename nor servname provided, or not known)""))"
819,PDF batch 819/6155 (1 references),1,ConnectionError,"HTTPSConnectionPool(host='dev.posit.niehs.nih.gov', port=443): Max retries exceeded with url: /et/api/pdf-download (Caused by NameResolutionError(""HTTPSConnection(host='dev.posit.niehs.nih.gov', port=443): Failed to resolve 'dev.posit.niehs.nih.gov' ([Errno 8] nodename nor servname provided, or not known)""))"
817,PDF batch 817/6155 (1 references),1,ConnectionError,"HTTPSConnectionPool(host='dev.posit.niehs.nih.gov', port=443): Max retries exceeded with url: /et/api/pdf-download (Caused by NameResolutionError(""HTTPSConnection(host='dev.posit.niehs.nih.gov', port=443): Failed to resolve 'dev.posit.niehs.nih.gov' ([Errno 8] nodename nor servname provided, or not known)""))"
820,PDF batch 820/6155 (1 references),1,ConnectionError,"HTTPSConnectionPool(host='dev.posit.niehs.nih.gov', port=443): Max retries exceeded with url: /et/api/pdf-download (Caused by NameResolutionError(""HTTPSConnection(host='dev.posit.niehs.nih.gov', port=443): Failed to resolve 'dev.posit.niehs.nih.gov' ([Errno 8] nodename nor servname provided, or not known)""))"
823,PDF batch 823/6155 (1 references),1,ConnectionError,"HTTPSConnectionPool(host='dev.posit.niehs.nih.gov', port=443): Max retries exceeded with url: /et/api/pdf-download (Caused by NameResolutionError(""HTTPSConnection(host='dev.posit.niehs.nih.gov', port=443): Failed to resolve 'dev.posit.niehs.nih.gov' ([Errno 8] nodename nor servname provided, or not known)""))"
822,PDF batch 822/6155 (1 references),1,ConnectionError,"HTTPSConnectionPool(host='dev.posit.niehs.nih.gov', port=443): Max retries exceeded with url: /et/api/pdf-download (Caused by NameResolutionError(""HTTPSConnection(host='dev.posit.niehs.nih.gov', port=443): Failed to resolve 'dev.posit.niehs.nih.gov' ([Errno 8] nodename nor servname provided, or not known)""))"
825,PDF batch 825/6155 (1 references),1,ConnectionError,"HTTPSConnectionPool(host='dev.posit.niehs.nih.gov', port=443): Max retries exceeded with url: /et/api/pdf-download (Caused by NameResolutionError(""HTTPSConnection(host='dev.posit.niehs.nih.gov', port=443): Failed to resolve 'dev.posit.niehs.nih.gov' ([Errno 8] nodename nor servname provided, or not known)""))"
824,PDF batch 824/6155 (1 references),1,ConnectionError,"HTTPSConnectionPool(host='dev.posit.niehs.nih.gov', port=443): Max retries exceeded with url: /et/api/pdf-download (Caused by NameResolutionError(""HTTPSConnection(host='dev.posit.niehs.nih.gov', port=443): Failed to resolve 'dev.posit.niehs.nih.gov' ([Errno 8] nodename nor servname provided, or not known)""))"
826,PDF batch 826/6155 (1 references),1,ConnectionError,"HTTPSConnectionPool(host='dev.posit.niehs.nih.gov', port=443): Max retries exceeded with url: /et/api/pdf-download (Caused by NameResolutionError(""HTTPSConnection(host='dev.posit.niehs.nih.gov', port=443): Failed to resolve 'dev.posit.niehs.nih.gov' ([Errno 8] nodename nor servname provided, or not known)""))"
827,PDF batch 827/6155 (1 references),1,ConnectionError,"HTTPSConnectionPool(host='dev.posit.niehs.nih.gov', port=443): Max retries exceeded with url: /et/api/pdf-download (Caused by NameResolutionError(""HTTPSConnection(host='dev.posit.niehs.nih.gov', port=443): Failed to resolve 'dev.posit.niehs.nih.gov' ([Errno 8] nodename nor servname provided, or not known)""))"
828,PDF batch 828/6155 (1 references),1,ConnectionError,"HTTPSConnectionPool(host='dev.posit.niehs.nih.gov', port=443): Max retries exceeded with url: /et/api/pdf-download (Caused by NameResolutionError(""HTTPSConnection(host='dev.posit.niehs.nih.gov', port=443): Failed to resolve 'dev.posit.niehs.nih.gov' ([Errno 8] nodename nor servname provided, or not known)""))"
833,PDF batch 833/6155 (1 references),1,ConnectionError,"HTTPSConnectionPool(host='dev.posit.niehs.nih.gov', port=443): Max retries exceeded with url: /et/api/pdf-download (Caused by NameResolutionError(""HTTPSConnection(host='dev.posit.niehs.nih.gov', port=443): Failed to resolve 'dev.posit.niehs.nih.gov' ([Errno 8] nodename nor servname provided, or not known)""))"
829,PDF batch 829/6155 (1 references),1,ConnectionError,"HTTPSConnectionPool(host='dev.posit.niehs.nih.gov', port=443): Max retries exceeded with url: /et/api/pdf-download (Caused by NameResolutionError(""HTTPSConnection(host='dev.posit.niehs.nih.gov', port=443): Failed to resolve 'dev.posit.niehs.nih.gov' ([Errno 8] nodename nor servname provided, or not known)""))"
830,PDF batch 830/6155 (1 references),1,ConnectionError,"HTTPSConnectionPool(host='dev.posit.niehs.nih.gov', port=443): Max retries exceeded with url: /et/api/pdf-download (Caused by NameResolutionError(""HTTPSConnection(host='dev.posit.niehs.nih.gov', port=443): Failed to resolve 'dev.posit.niehs.nih.gov' ([Errno 8] nodename nor servname provided, or not known)""))"
831,PDF batch 831/6155 (1 references),1,ConnectionError,"HTTPSConnectionPool(host='dev.posit.niehs.nih.gov', port=443): Max retries exceeded with url: /et/api/pdf-download (Caused by NameResolutionError(""HTTPSConnection(host='dev.posit.niehs.nih.gov', port=443): Failed to resolve 'dev.posit.niehs.nih.gov' ([Errno 8] nodename nor servname provided, or not known)""))"
832,PDF batch 832/6155 (1 references),1,ConnectionError,"HTTPSConnectionPool(host='dev.posit.niehs.nih.gov', port=443): Max retries exceeded with url: /et/api/pdf-download (Caused by NameResolutionError(""HTTPSConnection(host='dev.posit.niehs.nih.gov', port=443): Failed to resolve 'dev.posit.niehs.nih.gov' ([Errno 8] nodename nor servname provided, or not known)""))"
834,PDF batch 834/6155 (1 references),1,ConnectionError,"HTTPSConnectionPool(host='dev.posit.niehs.nih.gov', port=443): Max retries exceeded with url: /et/api/pdf-download (Caused by NameResolutionError(""HTTPSConnection(host='dev.posit.niehs.nih.gov', port=443): Failed to resolve 'dev.posit.niehs.nih.gov' ([Errno 8] nodename nor servname provided, or not known)""))"
838,PDF batch 838/6155 (1 references),1,ConnectionError,"HTTPSConnectionPool(host='dev.posit.niehs.nih.gov', port=443): Max retries exceeded with url: /et/api/pdf-download (Caused by NameResolutionError(""HTTPSConnection(host='dev.posit.niehs.nih.gov', port=443): Failed to resolve 'dev.posit.niehs.nih.gov' ([Errno 8] nodename nor servname provided, or not known)""))"
836,PDF batch 836/6155 (1 references),1,ConnectionError,"HTTPSConnectionPool(host='dev.posit.niehs.nih.gov', port=443): Max retries exceeded with url: /et/api/pdf-download (Caused by NameResolutionError(""HTTPSConnection(host='dev.posit.niehs.nih.gov', port=443): Failed to resolve 'dev.posit.niehs.nih.gov' ([Errno 8] nodename nor servname provided, or not known)""))"
835,PDF batch 835/6155 (1 references),1,ConnectionError,"HTTPSConnectionPool(host='dev.posit.niehs.nih.gov', port=443): Max retries exceeded with url: /et/api/pdf-download (Caused by NameResolutionError(""HTTPSConnection(host='dev.posit.niehs.nih.gov', port=443): Failed to resolve 'dev.posit.niehs.nih.gov' ([Errno 8] nodename nor servname provided, or not known)""))"
839,PDF batch 839/6155 (1 references),1,ConnectionError,"HTTPSConnectionPool(host='dev.posit.niehs.nih.gov', port=443): Max retries exceeded with url: /et/api/pdf-download (Caused by NameResolutionError(""HTTPSConnection(host='dev.posit.niehs.nih.gov', port=443): Failed to resolve 'dev.posit.niehs.nih.gov' ([Errno 8] nodename nor servname provided, or not known)""))"
837,PDF batch 837/6155 (1 references),1,ConnectionError,"HTTPSConnectionPool(host='dev.posit.niehs.nih.gov', port=443): Max retries exceeded with url: /et/api/pdf-download (Caused by NameResolutionError(""HTTPSConnection(host='dev.posit.niehs.nih.gov', port=443): Failed to resolve 'dev.posit.niehs.nih.gov' ([Errno 8] nodename nor servname provided, or not known)""))"
840,PDF batch 840/6155 (1 references),1,ConnectionError,"HTTPSConnectionPool(host='dev.posit.niehs.nih.gov', port=443): Max retries exceeded with url: /et/api/pdf-download (Caused by NameResolutionError(""HTTPSConnection(host='dev.posit.niehs.nih.gov', port=443): Failed to resolve 'dev.posit.niehs.nih.gov' ([Errno 8] nodename nor servname provided, or not known)""))"
841,PDF batch 841/6155 (1 references),1,ConnectionError,"HTTPSConnectionPool(host='dev.posit.niehs.nih.gov', port=443): Max retries exceeded with url: /et/api/pdf-download (Caused by NameResolutionError(""HTTPSConnection(host='dev.posit.niehs.nih.gov', port=443): Failed to resolve 'dev.posit.niehs.nih.gov' ([Errno 8] nodename nor servname provided, or not known)""))"
842,PDF batch 842/6155 (1 references),1,ConnectionError,"HTTPSConnectionPool(host='dev.posit.niehs.nih.gov', port=443): Max retries exceeded with url: /et/api/pdf-download (Caused by NameResolutionError(""HTTPSConnection(host='dev.posit.niehs.nih.gov', port=443): Failed to resolve 'dev.posit.niehs.nih.gov' ([Errno 8] nodename nor servname provided, or not known)""))"
843,PDF batch 843/6155 (1 references),1,ConnectionError,"HTTPSConnectionPool(host='dev.posit.niehs.nih.gov', port=443): Max retries exceeded with url: /et/api/pdf-download (Caused by NameResolutionError(""HTTPSConnection(host='dev.posit.niehs.nih.gov', port=443): Failed to resolve 'dev.posit.niehs.nih.gov' ([Errno 8] nodename nor servname provided, or not known)""))"
845,PDF batch 845/6155 (1 references),1,ConnectionError,"HTTPSConnectionPool(host='dev.posit.niehs.nih.gov', port=443): Max retries exceeded with url: /et/api/pdf-download (Caused by NameResolutionError(""HTTPSConnection(host='dev.posit.niehs.nih.gov', port=443): Failed to resolve 'dev.posit.niehs.nih.gov' ([Errno 8] nodename nor servname provided, or not known)""))"
844,PDF batch 844/6155 (1 references),1,ConnectionError,"HTTPSConnectionPool(host='dev.posit.niehs.nih.gov', port=443): Max retries exceeded with url: /et/api/pdf-download (Caused by NameResolutionError(""HTTPSConnection(host='dev.posit.niehs.nih.gov', port=443): Failed to resolve 'dev.posit.niehs.nih.gov' ([Errno 8] nodename nor servname provided, or not known)""))"
846,PDF batch 846/6155 (1 references),1,ConnectionError,"HTTPSConnectionPool(host='dev.posit.niehs.nih.gov', port=443): Max retries exceeded with url: /et/api/pdf-download (Caused by NameResolutionError(""HTTPSConnection(host='dev.posit.niehs.nih.gov', port=443): Failed to resolve 'dev.posit.niehs.nih.gov' ([Errno 8] nodename nor servname provided, or not known)""))"
847,PDF batch 847/6155 (1 references),1,ConnectionError,"HTTPSConnectionPool(host='dev.posit.niehs.nih.gov', port=443): Max retries exceeded with url: /et/api/pdf-download (Caused by NameResolutionError(""HTTPSConnection(host='dev.posit.niehs.nih.gov', port=443): Failed to resolve 'dev.posit.niehs.nih.gov' ([Errno 8] nodename nor servname provided, or not known)""))"
848,PDF batch 848/6155 (1 references),1,ConnectionError,"HTTPSConnectionPool(host='dev.posit.niehs.nih.gov', port=443): Max retries exceeded with url: /et/api/pdf-download (Caused by NameResolutionError(""HTTPSConnection(host='dev.posit.niehs.nih.gov', port=443): Failed to resolve 'dev.posit.niehs.nih.gov' ([Errno 8] nodename nor servname provided, or not known)""))"
853,PDF batch 853/6155 (1 references),1,ConnectionError,"HTTPSConnectionPool(host='dev.posit.niehs.nih.gov', port=443): Max retries exceeded with url: /et/api/pdf-download (Caused by NameResolutionError(""HTTPSConnection(host='dev.posit.niehs.nih.gov', port=443): Failed to resolve 'dev.posit.niehs.nih.gov' ([Errno 8] nodename nor servname provided, or not known)""))"
849,PDF batch 849/6155 (1 references),1,ConnectionError,"HTTPSConnectionPool(host='dev.posit.niehs.nih.gov', port=443): Max retries exceeded with url: /et/api/pdf-download (Caused by NameResolutionError(""HTTPSConnection(host='dev.posit.niehs.nih.gov', port=443): Failed to resolve 'dev.posit.niehs.nih.gov' ([Errno 8] nodename nor servname provided, or not known)""))"
851,PDF batch 851/6155 (1 references),1,ConnectionError,"HTTPSConnectionPool(host='dev.posit.niehs.nih.gov', port=443): Max retries exceeded with url: /et/api/pdf-download (Caused by NameResolutionError(""HTTPSConnection(host='dev.posit.niehs.nih.gov', port=443): Failed to resolve 'dev.posit.niehs.nih.gov' ([Errno 8] nodename nor servname provided, or not known)""))"
850,PDF batch 850/6155 (1 references),1,ConnectionError,"HTTPSConnectionPool(host='dev.posit.niehs.nih.gov', port=443): Max retries exceeded with url: /et/api/pdf-download (Caused by NameResolutionError(""HTTPSConnection(host='dev.posit.niehs.nih.gov', port=443): Failed to resolve 'dev.posit.niehs.nih.gov' ([Errno 8] nodename nor servname provided, or not known)""))"
852,PDF batch 852/6155 (1 references),1,ConnectionError,"HTTPSConnectionPool(host='dev.posit.niehs.nih.gov', port=443): Max retries exceeded with url: /et/api/pdf-download (Caused by NameResolutionError(""HTTPSConnection(host='dev.posit.niehs.nih.gov', port=443): Failed to resolve 'dev.posit.niehs.nih.gov' ([Errno 8] nodename nor servname provided, or not known)""))"
854,PDF batch 854/6155 (1 references),1,ConnectionError,"HTTPSConnectionPool(host='dev.posit.niehs.nih.gov', port=443): Max retries exceeded with url: /et/api/pdf-download (Caused by NameResolutionError(""HTTPSConnection(host='dev.posit.niehs.nih.gov', port=443): Failed to resolve 'dev.posit.niehs.nih.gov' ([Errno 8] nodename nor servname provided, or not known)""))"
858,PDF batch 858/6155 (1 references),1,ConnectionError,"HTTPSConnectionPool(host='dev.posit.niehs.nih.gov', port=443): Max retries exceeded with url: /et/api/pdf-download (Caused by NameResolutionError(""HTTPSConnection(host='dev.posit.niehs.nih.gov', port=443): Failed to resolve 'dev.posit.niehs.nih.gov' ([Errno 8] nodename nor servname provided, or not known)""))"
856,PDF batch 856/6155 (1 references),1,ConnectionError,"HTTPSConnectionPool(host='dev.posit.niehs.nih.gov', port=443): Max retries exceeded with url: /et/api/pdf-download (Caused by NameResolutionError(""HTTPSConnection(host='dev.posit.niehs.nih.gov', port=443): Failed to resolve 'dev.posit.niehs.nih.gov' ([Errno 8] nodename nor servname provided, or not known)""))"
855,PDF batch 855/6155 (1 references),1,ConnectionError,"HTTPSConnectionPool(host='dev.posit.niehs.nih.gov', port=443): Max retries exceeded with url: /et/api/pdf-download (Caused by NameResolutionError(""HTTPSConnection(host='dev.posit.niehs.nih.gov', port=443): Failed to resolve 'dev.posit.niehs.nih.gov' ([Errno 8] nodename nor servname provided, or not known)""))"
857,PDF batch 857/6155 (1 references),1,ConnectionError,"HTTPSConnectionPool(host='dev.posit.niehs.nih.gov', port=443): Max retries exceeded with url: /et/api/pdf-download (Caused by NameResolutionError(""HTTPSConnection(host='dev.posit.niehs.nih.gov', port=443): Failed to resolve 'dev.posit.niehs.nih.gov' ([Errno 8] nodename nor servname provided, or not known)""))"
859,PDF batch 859/6155 (1 references),1,ConnectionError,"HTTPSConnectionPool(host='dev.posit.niehs.nih.gov', port=443): Max retries exceeded with url: /et/api/pdf-download (Caused by NameResolutionError(""HTTPSConnection(host='dev.posit.niehs.nih.gov', port=443): Failed to resolve 'dev.posit.niehs.nih.gov' ([Errno 8] nodename nor servname provided, or not known)""))"
861,PDF batch 861/6155 (1 references),1,ConnectionError,"HTTPSConnectionPool(host='dev.posit.niehs.nih.gov', port=443): Max retries exceeded with url: /et/api/pdf-download (Caused by NameResolutionError(""HTTPSConnection(host='dev.posit.niehs.nih.gov', port=443): Failed to resolve 'dev.posit.niehs.nih.gov' ([Errno 8] nodename nor servname provided, or not known)""))"
860,PDF batch 860/6155 (1 references),1,ConnectionError,"HTTPSConnectionPool(host='dev.posit.niehs.nih.gov', port=443): Max retries exceeded with url: /et/api/pdf-download (Caused by NameResolutionError(""HTTPSConnection(host='dev.posit.niehs.nih.gov', port=443): Failed to resolve 'dev.posit.niehs.nih.gov' ([Errno 8] nodename nor servname provided, or not known)""))"
864,PDF batch 864/6155 (1 references),1,ConnectionError,"HTTPSConnectionPool(host='dev.posit.niehs.nih.gov', port=443): Max retries exceeded with url: /et/api/pdf-download (Caused by NameResolutionError(""HTTPSConnection(host='dev.posit.niehs.nih.gov', port=443): Failed to resolve 'dev.posit.niehs.nih.gov' ([Errno 8] nodename nor servname provided, or not known)""))"
862,PDF batch 862/6155 (1 references),1,ConnectionError,"HTTPSConnectionPool(host='dev.posit.niehs.nih.gov', port=443): Max retries exceeded with url: /et/api/pdf-download (Caused by NameResolutionError(""HTTPSConnection(host='dev.posit.niehs.nih.gov', port=443): Failed to resolve 'dev.posit.niehs.nih.gov' ([Errno 8] nodename nor servname provided, or not known)""))"
863,PDF batch 863/6155 (1 references),1,ConnectionError,"HTTPSConnectionPool(host='dev.posit.niehs.nih.gov', port=443): Max retries exceeded with url: /et/api/pdf-download (Caused by NameResolutionError(""HTTPSConnection(host='dev.posit.niehs.nih.gov', port=443): Failed to resolve 'dev.posit.niehs.nih.gov' ([Errno 8] nodename nor servname provided, or not known)""))"
865,PDF batch 865/6155 (1 references),1,ConnectionError,"HTTPSConnectionPool(host='dev.posit.niehs.nih.gov', port=443): Max retries exceeded with url: /et/api/pdf-download (Caused by NameResolutionError(""HTTPSConnection(host='dev.posit.niehs.nih.gov', port=443): Failed to resolve 'dev.posit.niehs.nih.gov' ([Errno 8] nodename nor servname provided, or not known)""))"
866,PDF batch 866/6155 (1 references),1,ConnectionError,"HTTPSConnectionPool(host='dev.posit.niehs.nih.gov', port=443): Max retries exceeded with url: /et/api/pdf-download (Caused by NameResolutionError(""HTTPSConnection(host='dev.posit.niehs.nih.gov', port=443): Failed to resolve 'dev.posit.niehs.nih.gov' ([Errno 8] nodename nor servname provided, or not known)""))"
868,PDF batch 868/6155 (1 references),1,ConnectionError,"HTTPSConnectionPool(host='dev.posit.niehs.nih.gov', port=443): Max retries exceeded with url: /et/api/pdf-download (Caused by NameResolutionError(""HTTPSConnection(host='dev.posit.niehs.nih.gov', port=443): Failed to resolve 'dev.posit.niehs.nih.gov' ([Errno 8] nodename nor servname provided, or not known)""))"
869,PDF batch 869/6155 (1 references),1,ConnectionError,"HTTPSConnectionPool(host='dev.posit.niehs.nih.gov', port=443): Max retries exceeded with url: /et/api/pdf-download (Caused by NameResolutionError(""HTTPSConnection(host='dev.posit.niehs.nih.gov', port=443): Failed to resolve 'dev.posit.niehs.nih.gov' ([Errno 8] nodename nor servname provided, or not known)""))"
870,PDF batch 870/6155 (1 references),1,ConnectionError,"HTTPSConnectionPool(host='dev.posit.niehs.nih.gov', port=443): Max retries exceeded with url: /et/api/pdf-download (Caused by NameResolutionError(""HTTPSConnection(host='dev.posit.niehs.nih.gov', port=443): Failed to resolve 'dev.posit.niehs.nih.gov' ([Errno 8] nodename nor servname provided, or not known)""))"
872,PDF batch 872/6155 (1 references),1,ConnectionError,"HTTPSConnectionPool(host='dev.posit.niehs.nih.gov', port=443): Max retries exceeded with url: /et/api/pdf-download (Caused by NameResolutionError(""HTTPSConnection(host='dev.posit.niehs.nih.gov', port=443): Failed to resolve 'dev.posit.niehs.nih.gov' ([Errno 8] nodename nor servname provided, or not known)""))"
871,PDF batch 871/6155 (1 references),1,ConnectionError,"HTTPSConnectionPool(host='dev.posit.niehs.nih.gov', port=443): Max retries exceeded with url: /et/api/pdf-download (Caused by NameResolutionError(""HTTPSConnection(host='dev.posit.niehs.nih.gov', port=443): Failed to resolve 'dev.posit.niehs.nih.gov' ([Errno 8] nodename nor servname provided, or not known)""))"
867,PDF batch 867/6155 (1 references),1,ConnectionError,"HTTPSConnectionPool(host='dev.posit.niehs.nih.gov', port=443): Max retries exceeded with url: /et/api/pdf-download (Caused by NameResolutionError(""HTTPSConnection(host='dev.posit.niehs.nih.gov', port=443): Failed to resolve 'dev.posit.niehs.nih.gov' ([Errno 8] nodename nor servname provided, or not known)""))"
875,PDF batch 875/6155 (1 references),1,ConnectionError,"HTTPSConnectionPool(host='dev.posit.niehs.nih.gov', port=443): Max retries exceeded with url: /et/api/pdf-download (Caused by NameResolutionError(""HTTPSConnection(host='dev.posit.niehs.nih.gov', port=443): Failed to resolve 'dev.posit.niehs.nih.gov' ([Errno 8] nodename nor servname provided, or not known)""))"
874,PDF batch 874/6155 (1 references),1,ConnectionError,"HTTPSConnectionPool(host='dev.posit.niehs.nih.gov', port=443): Max retries exceeded with url: /et/api/pdf-download (Caused by NameResolutionError(""HTTPSConnection(host='dev.posit.niehs.nih.gov', port=443): Failed to resolve 'dev.posit.niehs.nih.gov' ([Errno 8] nodename nor servname provided, or not known)""))"
878,PDF batch 878/6155 (1 references),1,ConnectionError,"HTTPSConnectionPool(host='dev.posit.niehs.nih.gov', port=443): Max retries exceeded with url: /et/api/pdf-download (Caused by NameResolutionError(""HTTPSConnection(host='dev.posit.niehs.nih.gov', port=443): Failed to resolve 'dev.posit.niehs.nih.gov' ([Errno 8] nodename nor servname provided, or not known)""))"
876,PDF batch 876/6155 (1 references),1,ConnectionError,"HTTPSConnectionPool(host='dev.posit.niehs.nih.gov', port=443): Max retries exceeded with url: /et/api/pdf-download (Caused by NameResolutionError(""HTTPSConnection(host='dev.posit.niehs.nih.gov', port=443): Failed to resolve 'dev.posit.niehs.nih.gov' ([Errno 8] nodename nor servname provided, or not known)""))"
877,PDF batch 877/6155 (1 references),1,ConnectionError,"HTTPSConnectionPool(host='dev.posit.niehs.nih.gov', port=443): Max retries exceeded with url: /et/api/pdf-download (Caused by NameResolutionError(""HTTPSConnection(host='dev.posit.niehs.nih.gov', port=443): Failed to resolve 'dev.posit.niehs.nih.gov' ([Errno 8] nodename nor servname provided, or not known)""))"
873,PDF batch 873/6155 (1 references),1,ConnectionError,"HTTPSConnectionPool(host='dev.posit.niehs.nih.gov', port=443): Max retries exceeded with url: /et/api/pdf-download (Caused by NameResolutionError(""HTTPSConnection(host='dev.posit.niehs.nih.gov', port=443): Failed to resolve 'dev.posit.niehs.nih.gov' ([Errno 8] nodename nor servname provided, or not known)""))"
879,PDF batch 879/6155 (1 references),1,ConnectionError,"HTTPSConnectionPool(host='dev.posit.niehs.nih.gov', port=443): Max retries exceeded with url: /et/api/pdf-download (Caused by NameResolutionError(""HTTPSConnection(host='dev.posit.niehs.nih.gov', port=443): Failed to resolve 'dev.posit.niehs.nih.gov' ([Errno 8] nodename nor servname provided, or not known)""))"
880,PDF batch 880/6155 (1 references),1,ConnectionError,"HTTPSConnectionPool(host='dev.posit.niehs.nih.gov', port=443): Max retries exceeded with url: /et/api/pdf-download (Caused by NameResolutionError(""HTTPSConnection(host='dev.posit.niehs.nih.gov', port=443): Failed to resolve 'dev.posit.niehs.nih.gov' ([Errno 8] nodename nor servname provided, or not known)""))"
881,PDF batch 881/6155 (1 references),1,ConnectionError,"HTTPSConnectionPool(host='dev.posit.niehs.nih.gov', port=443): Max retries exceeded with url: /et/api/pdf-download (Caused by NameResolutionError(""HTTPSConnection(host='dev.posit.niehs.nih.gov', port=443): Failed to resolve 'dev.posit.niehs.nih.gov' ([Errno 8] nodename nor servname provided, or not known)""))"
882,PDF batch 882/6155 (1 references),1,ConnectionError,"HTTPSConnectionPool(host='dev.posit.niehs.nih.gov', port=443): Max retries exceeded with url: /et/api/pdf-download (Caused by NameResolutionError(""HTTPSConnection(host='dev.posit.niehs.nih.gov', port=443): Failed to resolve 'dev.posit.niehs.nih.gov' ([Errno 8] nodename nor servname provided, or not known)""))"
883,PDF batch 883/6155 (1 references),1,ConnectionError,"HTTPSConnectionPool(host='dev.posit.niehs.nih.gov', port=443): Max retries exceeded with url: /et/api/pdf-download (Caused by NameResolutionError(""HTTPSConnection(host='dev.posit.niehs.nih.gov', port=443): Failed to resolve 'dev.posit.niehs.nih.gov' ([Errno 8] nodename nor servname provided, or not known)""))"
884,PDF batch 884/6155 (1 references),1,ConnectionError,"HTTPSConnectionPool(host='dev.posit.niehs.nih.gov', port=443): Max retries exceeded with url: /et/api/pdf-download (Caused by NameResolutionError(""HTTPSConnection(host='dev.posit.niehs.nih.gov', port=443): Failed to resolve 'dev.posit.niehs.nih.gov' ([Errno 8] nodename nor servname provided, or not known)""))"
886,PDF batch 886/6155 (1 references),1,ConnectionError,"HTTPSConnectionPool(host='dev.posit.niehs.nih.gov', port=443): Max retries exceeded with url: /et/api/pdf-download (Caused by NameResolutionError(""HTTPSConnection(host='dev.posit.niehs.nih.gov', port=443): Failed to resolve 'dev.posit.niehs.nih.gov' ([Errno 8] nodename nor servname provided, or not known)""))"
889,PDF batch 889/6155 (1 references),1,ConnectionError,"HTTPSConnectionPool(host='dev.posit.niehs.nih.gov', port=443): Max retries exceeded with url: /et/api/pdf-download (Caused by NameResolutionError(""HTTPSConnection(host='dev.posit.niehs.nih.gov', port=443): Failed to resolve 'dev.posit.niehs.nih.gov' ([Errno 8] nodename nor servname provided, or not known)""))"
885,PDF batch 885/6155 (1 references),1,ConnectionError,"HTTPSConnectionPool(host='dev.posit.niehs.nih.gov', port=443): Max retries exceeded with url: /et/api/pdf-download (Caused by NameResolutionError(""HTTPSConnection(host='dev.posit.niehs.nih.gov', port=443): Failed to resolve 'dev.posit.niehs.nih.gov' ([Errno 8] nodename nor servname provided, or not known)""))"
888,PDF batch 888/6155 (1 references),1,ConnectionError,"HTTPSConnectionPool(host='dev.posit.niehs.nih.gov', port=443): Max retries exceeded with url: /et/api/pdf-download (Caused by NameResolutionError(""HTTPSConnection(host='dev.posit.niehs.nih.gov', port=443): Failed to resolve 'dev.posit.niehs.nih.gov' ([Errno 8] nodename nor servname provided, or not known)""))"
890,PDF batch 890/6155 (1 references),1,ConnectionError,"HTTPSConnectionPool(host='dev.posit.niehs.nih.gov', port=443): Max retries exceeded with url: /et/api/pdf-download (Caused by NameResolutionError(""HTTPSConnection(host='dev.posit.niehs.nih.gov', port=443): Failed to resolve 'dev.posit.niehs.nih.gov' ([Errno 8] nodename nor servname provided, or not known)""))"
887,PDF batch 887/6155 (1 references),1,ConnectionError,"HTTPSConnectionPool(host='dev.posit.niehs.nih.gov', port=443): Max retries exceeded with url: /et/api/pdf-download (Caused by NameResolutionError(""HTTPSConnection(host='dev.posit.niehs.nih.gov', port=443): Failed to resolve 'dev.posit.niehs.nih.gov' ([Errno 8] nodename nor servname provided, or not known)""))"
891,PDF batch 891/6155 (1 references),1,ConnectionError,"HTTPSConnectionPool(host='dev.posit.niehs.nih.gov', port=443): Max retries exceeded with url: /et/api/pdf-download (Caused by NameResolutionError(""HTTPSConnection(host='dev.posit.niehs.nih.gov', port=443): Failed to resolve 'dev.posit.niehs.nih.gov' ([Errno 8] nodename nor servname provided, or not known)""))"
893,PDF batch 893/6155 (1 references),1,ConnectionError,"HTTPSConnectionPool(host='dev.posit.niehs.nih.gov', port=443): Max retries exceeded with url: /et/api/pdf-download (Caused by NameResolutionError(""HTTPSConnection(host='dev.posit.niehs.nih.gov', port=443): Failed to resolve 'dev.posit.niehs.nih.gov' ([Errno 8] nodename nor servname provided, or not known)""))"
892,PDF batch 892/6155 (1 references),1,ConnectionError,"HTTPSConnectionPool(host='dev.posit.niehs.nih.gov', port=443): Max retries exceeded with url: /et/api/pdf-download (Caused by NameResolutionError(""HTTPSConnection(host='dev.posit.niehs.nih.gov', port=443): Failed to resolve 'dev.posit.niehs.nih.gov' ([Errno 8] nodename nor servname provided, or not known)""))"
895,PDF batch 895/6155 (1 references),1,ConnectionError,"HTTPSConnectionPool(host='dev.posit.niehs.nih.gov', port=443): Max retries exceeded with url: /et/api/pdf-download (Caused by NameResolutionError(""HTTPSConnection(host='dev.posit.niehs.nih.gov', port=443): Failed to resolve 'dev.posit.niehs.nih.gov' ([Errno 8] nodename nor servname provided, or not known)""))"
894,PDF batch 894/6155 (1 references),1,ConnectionError,"HTTPSConnectionPool(host='dev.posit.niehs.nih.gov', port=443): Max retries exceeded with url: /et/api/pdf-download (Caused by NameResolutionError(""HTTPSConnection(host='dev.posit.niehs.nih.gov', port=443): Failed to resolve 'dev.posit.niehs.nih.gov' ([Errno 8] nodename nor servname provided, or not known)""))"
897,PDF batch 897/6155 (1 references),1,ConnectionError,"HTTPSConnectionPool(host='dev.posit.niehs.nih.gov', port=443): Max retries exceeded with url: /et/api/pdf-download (Caused by NameResolutionError(""HTTPSConnection(host='dev.posit.niehs.nih.gov', port=443): Failed to resolve 'dev.posit.niehs.nih.gov' ([Errno 8] nodename nor servname provided, or not known)""))"
896,PDF batch 896/6155 (1 references),1,ConnectionError,"HTTPSConnectionPool(host='dev.posit.niehs.nih.gov', port=443): Max retries exceeded with url: /et/api/pdf-download (Caused by NameResolutionError(""HTTPSConnection(host='dev.posit.niehs.nih.gov', port=443): Failed to resolve 'dev.posit.niehs.nih.gov' ([Errno 8] nodename nor servname provided, or not known)""))"
899,PDF batch 899/6155 (1 references),1,ConnectionError,"HTTPSConnectionPool(host='dev.posit.niehs.nih.gov', port=443): Max retries exceeded with url: /et/api/pdf-download (Caused by NameResolutionError(""HTTPSConnection(host='dev.posit.niehs.nih.gov', port=443): Failed to resolve 'dev.posit.niehs.nih.gov' ([Errno 8] nodename nor servname provided, or not known)""))"
898,PDF batch 898/6155 (1 references),1,ConnectionError,"HTTPSConnectionPool(host='dev.posit.niehs.nih.gov', port=443): Max retries exceeded with url: /et/api/pdf-download (Caused by NameResolutionError(""HTTPSConnection(host='dev.posit.niehs.nih.gov', port=443): Failed to resolve 'dev.posit.niehs.nih.gov' ([Errno 8] nodename nor servname provided, or not known)""))"
900,PDF batch 900/6155 (1 references),1,ConnectionError,"HTTPSConnectionPool(host='dev.posit.niehs.nih.gov', port=443): Max retries exceeded with url: /et/api/pdf-download (Caused by NameResolutionError(""HTTPSConnection(host='dev.posit.niehs.nih.gov', port=443): Failed to resolve 'dev.posit.niehs.nih.gov' ([Errno 8] nodename nor servname provided, or not known)""))"
902,PDF batch 902/6155 (1 references),1,ConnectionError,"HTTPSConnectionPool(host='dev.posit.niehs.nih.gov', port=443): Max retries exceeded with url: /et/api/pdf-download (Caused by NameResolutionError(""HTTPSConnection(host='dev.posit.niehs.nih.gov', port=443): Failed to resolve 'dev.posit.niehs.nih.gov' ([Errno 8] nodename nor servname provided, or not known)""))"
901,PDF batch 901/6155 (1 references),1,ConnectionError,"HTTPSConnectionPool(host='dev.posit.niehs.nih.gov', port=443): Max retries exceeded with url: /et/api/pdf-download (Caused by NameResolutionError(""HTTPSConnection(host='dev.posit.niehs.nih.gov', port=443): Failed to resolve 'dev.posit.niehs.nih.gov' ([Errno 8] nodename nor servname provided, or not known)""))"
903,PDF batch 903/6155 (1 references),1,ConnectionError,"HTTPSConnectionPool(host='dev.posit.niehs.nih.gov', port=443): Max retries exceeded with url: /et/api/pdf-download (Caused by NameResolutionError(""HTTPSConnection(host='dev.posit.niehs.nih.gov', port=443): Failed to resolve 'dev.posit.niehs.nih.gov' ([Errno 8] nodename nor servname provided, or not known)""))"
904,PDF batch 904/6155 (1 references),1,ConnectionError,"HTTPSConnectionPool(host='dev.posit.niehs.nih.gov', port=443): Max retries exceeded with url: /et/api/pdf-download (Caused by NameResolutionError(""HTTPSConnection(host='dev.posit.niehs.nih.gov', port=443): Failed to resolve 'dev.posit.niehs.nih.gov' ([Errno 8] nodename nor servname provided, or not known)""))"
906,PDF batch 906/6155 (1 references),1,ConnectionError,"HTTPSConnectionPool(host='dev.posit.niehs.nih.gov', port=443): Max retries exceeded with url: /et/api/pdf-download (Caused by NameResolutionError(""HTTPSConnection(host='dev.posit.niehs.nih.gov', port=443): Failed to resolve 'dev.posit.niehs.nih.gov' ([Errno 8] nodename nor servname provided, or not known)""))"
905,PDF batch 905/6155 (1 references),1,ConnectionError,"HTTPSConnectionPool(host='dev.posit.niehs.nih.gov', port=443): Max retries exceeded with url: /et/api/pdf-download (Caused by NameResolutionError(""HTTPSConnection(host='dev.posit.niehs.nih.gov', port=443): Failed to resolve 'dev.posit.niehs.nih.gov' ([Errno 8] nodename nor servname provided, or not known)""))"
909,PDF batch 909/6155 (1 references),1,ConnectionError,"HTTPSConnectionPool(host='dev.posit.niehs.nih.gov', port=443): Max retries exceeded with url: /et/api/pdf-download (Caused by NameResolutionError(""HTTPSConnection(host='dev.posit.niehs.nih.gov', port=443): Failed to resolve 'dev.posit.niehs.nih.gov' ([Errno 8] nodename nor servname provided, or not known)""))"
908,PDF batch 908/6155 (1 references),1,ConnectionError,"HTTPSConnectionPool(host='dev.posit.niehs.nih.gov', port=443): Max retries exceeded with url: /et/api/pdf-download (Caused by NameResolutionError(""HTTPSConnection(host='dev.posit.niehs.nih.gov', port=443): Failed to resolve 'dev.posit.niehs.nih.gov' ([Errno 8] nodename nor servname provided, or not known)""))"
910,PDF batch 910/6155 (1 references),1,ConnectionError,"HTTPSConnectionPool(host='dev.posit.niehs.nih.gov', port=443): Max retries exceeded with url: /et/api/pdf-download (Caused by NameResolutionError(""HTTPSConnection(host='dev.posit.niehs.nih.gov', port=443): Failed to resolve 'dev.posit.niehs.nih.gov' ([Errno 8] nodename nor servname provided, or not known)""))"
907,PDF batch 907/6155 (1 references),1,ConnectionError,"HTTPSConnectionPool(host='dev.posit.niehs.nih.gov', port=443): Max retries exceeded with url: /et/api/pdf-download (Caused by NameResolutionError(""HTTPSConnection(host='dev.posit.niehs.nih.gov', port=443): Failed to resolve 'dev.posit.niehs.nih.gov' ([Errno 8] nodename nor servname provided, or not known)""))"
911,PDF batch 911/6155 (1 references),1,ConnectionError,"HTTPSConnectionPool(host='dev.posit.niehs.nih.gov', port=443): Max retries exceeded with url: /et/api/pdf-download (Caused by NameResolutionError(""HTTPSConnection(host='dev.posit.niehs.nih.gov', port=443): Failed to resolve 'dev.posit.niehs.nih.gov' ([Errno 8] nodename nor servname provided, or not known)""))"
912,PDF batch 912/6155 (1 references),1,ConnectionError,"HTTPSConnectionPool(host='dev.posit.niehs.nih.gov', port=443): Max retries exceeded with url: /et/api/pdf-download (Caused by NameResolutionError(""HTTPSConnection(host='dev.posit.niehs.nih.gov', port=443): Failed to resolve 'dev.posit.niehs.nih.gov' ([Errno 8] nodename nor servname provided, or not known)""))"
914,PDF batch 914/6155 (1 references),1,ConnectionError,"HTTPSConnectionPool(host='dev.posit.niehs.nih.gov', port=443): Max retries exceeded with url: /et/api/pdf-download (Caused by NameResolutionError(""HTTPSConnection(host='dev.posit.niehs.nih.gov', port=443): Failed to resolve 'dev.posit.niehs.nih.gov' ([Errno 8] nodename nor servname provided, or not known)""))"
916,PDF batch 916/6155 (1 references),1,ConnectionError,"HTTPSConnectionPool(host='dev.posit.niehs.nih.gov', port=443): Max retries exceeded with url: /et/api/pdf-download (Caused by NameResolutionError(""HTTPSConnection(host='dev.posit.niehs.nih.gov', port=443): Failed to resolve 'dev.posit.niehs.nih.gov' ([Errno 8] nodename nor servname provided, or not known)""))"
915,PDF batch 915/6155 (1 references),1,ConnectionError,"HTTPSConnectionPool(host='dev.posit.niehs.nih.gov', port=443): Max retries exceeded with url: /et/api/pdf-download (Caused by NameResolutionError(""HTTPSConnection(host='dev.posit.niehs.nih.gov', port=443): Failed to resolve 'dev.posit.niehs.nih.gov' ([Errno 8] nodename nor servname provided, or not known)""))"
913,PDF batch 913/6155 (1 references),1,ConnectionError,"HTTPSConnectionPool(host='dev.posit.niehs.nih.gov', port=443): Max retries exceeded with url: /et/api/pdf-download (Caused by NameResolutionError(""HTTPSConnection(host='dev.posit.niehs.nih.gov', port=443): Failed to resolve 'dev.posit.niehs.nih.gov' ([Errno 8] nodename nor servname provided, or not known)""))"
917,PDF batch 917/6155 (1 references),1,ConnectionError,"HTTPSConnectionPool(host='dev.posit.niehs.nih.gov', port=443): Max retries exceeded with url: /et/api/pdf-download (Caused by NameResolutionError(""HTTPSConnection(host='dev.posit.niehs.nih.gov', port=443): Failed to resolve 'dev.posit.niehs.nih.gov' ([Errno 8] nodename nor servname provided, or not known)""))"
918,PDF batch 918/6155 (1 references),1,ConnectionError,"HTTPSConnectionPool(host='dev.posit.niehs.nih.gov', port=443): Max retries exceeded with url: /et/api/pdf-download (Caused by NameResolutionError(""HTTPSConnection(host='dev.posit.niehs.nih.gov', port=443): Failed to resolve 'dev.posit.niehs.nih.gov' ([Errno 8] nodename nor servname provided, or not known)""))"
921,PDF batch 921/6155 (1 references),1,ConnectionError,"HTTPSConnectionPool(host='dev.posit.niehs.nih.gov', port=443): Max retries exceeded with url: /et/api/pdf-download (Caused by NameResolutionError(""HTTPSConnection(host='dev.posit.niehs.nih.gov', port=443): Failed to resolve 'dev.posit.niehs.nih.gov' ([Errno 8] nodename nor servname provided, or not known)""))"
919,PDF batch 919/6155 (1 references),1,ConnectionError,"HTTPSConnectionPool(host='dev.posit.niehs.nih.gov', port=443): Max retries exceeded with url: /et/api/pdf-download (Caused by NameResolutionError(""HTTPSConnection(host='dev.posit.niehs.nih.gov', port=443): Failed to resolve 'dev.posit.niehs.nih.gov' ([Errno 8] nodename nor servname provided, or not known)""))"
920,PDF batch 920/6155 (1 references),1,ConnectionError,"HTTPSConnectionPool(host='dev.posit.niehs.nih.gov', port=443): Max retries exceeded with url: /et/api/pdf-download (Caused by NameResolutionError(""HTTPSConnection(host='dev.posit.niehs.nih.gov', port=443): Failed to resolve 'dev.posit.niehs.nih.gov' ([Errno 8] nodename nor servname provided, or not known)""))"
922,PDF batch 922/6155 (1 references),1,ConnectionError,"HTTPSConnectionPool(host='dev.posit.niehs.nih.gov', port=443): Max retries exceeded with url: /et/api/pdf-download (Caused by NameResolutionError(""HTTPSConnection(host='dev.posit.niehs.nih.gov', port=443): Failed to resolve 'dev.posit.niehs.nih.gov' ([Errno 8] nodename nor servname provided, or not known)""))"
923,PDF batch 923/6155 (1 references),1,ConnectionError,"HTTPSConnectionPool(host='dev.posit.niehs.nih.gov', port=443): Max retries exceeded with url: /et/api/pdf-download (Caused by NameResolutionError(""HTTPSConnection(host='dev.posit.niehs.nih.gov', port=443): Failed to resolve 'dev.posit.niehs.nih.gov' ([Errno 8] nodename nor servname provided, or not known)""))"
925,PDF batch 925/6155 (1 references),1,ConnectionError,"HTTPSConnectionPool(host='dev.posit.niehs.nih.gov', port=443): Max retries exceeded with url: /et/api/pdf-download (Caused by NameResolutionError(""HTTPSConnection(host='dev.posit.niehs.nih.gov', port=443): Failed to resolve 'dev.posit.niehs.nih.gov' ([Errno 8] nodename nor servname provided, or not known)""))"
924,PDF batch 924/6155 (1 references),1,ConnectionError,"HTTPSConnectionPool(host='dev.posit.niehs.nih.gov', port=443): Max retries exceeded with url: /et/api/pdf-download (Caused by NameResolutionError(""HTTPSConnection(host='dev.posit.niehs.nih.gov', port=443): Failed to resolve 'dev.posit.niehs.nih.gov' ([Errno 8] nodename nor servname provided, or not known)""))"
929,PDF batch 929/6155 (1 references),1,ConnectionError,"HTTPSConnectionPool(host='dev.posit.niehs.nih.gov', port=443): Max retries exceeded with url: /et/api/pdf-download (Caused by NameResolutionError(""HTTPSConnection(host='dev.posit.niehs.nih.gov', port=443): Failed to resolve 'dev.posit.niehs.nih.gov' ([Errno 8] nodename nor servname provided, or not known)""))"
928,PDF batch 928/6155 (1 references),1,ConnectionError,"HTTPSConnectionPool(host='dev.posit.niehs.nih.gov', port=443): Max retries exceeded with url: /et/api/pdf-download (Caused by NameResolutionError(""HTTPSConnection(host='dev.posit.niehs.nih.gov', port=443): Failed to resolve 'dev.posit.niehs.nih.gov' ([Errno 8] nodename nor servname provided, or not known)""))"
927,PDF batch 927/6155 (1 references),1,ConnectionError,"HTTPSConnectionPool(host='dev.posit.niehs.nih.gov', port=443): Max retries exceeded with url: /et/api/pdf-download (Caused by NameResolutionError(""HTTPSConnection(host='dev.posit.niehs.nih.gov', port=443): Failed to resolve 'dev.posit.niehs.nih.gov' ([Errno 8] nodename nor servname provided, or not known)""))"
926,PDF batch 926/6155 (1 references),1,ConnectionError,"HTTPSConnectionPool(host='dev.posit.niehs.nih.gov', port=443): Max retries exceeded with url: /et/api/pdf-download (Caused by NameResolutionError(""HTTPSConnection(host='dev.posit.niehs.nih.gov', port=443): Failed to resolve 'dev.posit.niehs.nih.gov' ([Errno 8] nodename nor servname provided, or not known)""))"
930,PDF batch 930/6155 (1 references),1,ConnectionError,"HTTPSConnectionPool(host='dev.posit.niehs.nih.gov', port=443): Max retries exceeded with url: /et/api/pdf-download (Caused by NameResolutionError(""HTTPSConnection(host='dev.posit.niehs.nih.gov', port=443): Failed to resolve 'dev.posit.niehs.nih.gov' ([Errno 8] nodename nor servname provided, or not known)""))"
931,PDF batch 931/6155 (1 references),1,ConnectionError,"HTTPSConnectionPool(host='dev.posit.niehs.nih.gov', port=443): Max retries exceeded with url: /et/api/pdf-download (Caused by NameResolutionError(""HTTPSConnection(host='dev.posit.niehs.nih.gov', port=443): Failed to resolve 'dev.posit.niehs.nih.gov' ([Errno 8] nodename nor servname provided, or not known)""))"
933,PDF batch 933/6155 (1 references),1,ConnectionError,"HTTPSConnectionPool(host='dev.posit.niehs.nih.gov', port=443): Max retries exceeded with url: /et/api/pdf-download (Caused by NameResolutionError(""HTTPSConnection(host='dev.posit.niehs.nih.gov', port=443): Failed to resolve 'dev.posit.niehs.nih.gov' ([Errno 8] nodename nor servname provided, or not known)""))"
932,PDF batch 932/6155 (1 references),1,ConnectionError,"HTTPSConnectionPool(host='dev.posit.niehs.nih.gov', port=443): Max retries exceeded with url: /et/api/pdf-download (Caused by NameResolutionError(""HTTPSConnection(host='dev.posit.niehs.nih.gov', port=443): Failed to resolve 'dev.posit.niehs.nih.gov' ([Errno 8] nodename nor servname provided, or not known)""))"
934,PDF batch 934/6155 (1 references),1,ConnectionError,"HTTPSConnectionPool(host='dev.posit.niehs.nih.gov', port=443): Max retries exceeded with url: /et/api/pdf-download (Caused by NameResolutionError(""HTTPSConnection(host='dev.posit.niehs.nih.gov', port=443): Failed to resolve 'dev.posit.niehs.nih.gov' ([Errno 8] nodename nor servname provided, or not known)""))"
935,PDF batch 935/6155 (1 references),1,ConnectionError,"HTTPSConnectionPool(host='dev.posit.niehs.nih.gov', port=443): Max retries exceeded with url: /et/api/pdf-download (Caused by NameResolutionError(""HTTPSConnection(host='dev.posit.niehs.nih.gov', port=443): Failed to resolve 'dev.posit.niehs.nih.gov' ([Errno 8] nodename nor servname provided, or not known)""))"
936,PDF batch 936/6155 (1 references),1,ConnectionError,"HTTPSConnectionPool(host='dev.posit.niehs.nih.gov', port=443): Max retries exceeded with url: /et/api/pdf-download (Caused by NameResolutionError(""HTTPSConnection(host='dev.posit.niehs.nih.gov', port=443): Failed to resolve 'dev.posit.niehs.nih.gov' ([Errno 8] nodename nor servname provided, or not known)""))"
937,PDF batch 937/6155 (1 references),1,ConnectionError,"HTTPSConnectionPool(host='dev.posit.niehs.nih.gov', port=443): Max retries exceeded with url: /et/api/pdf-download (Caused by NameResolutionError(""HTTPSConnection(host='dev.posit.niehs.nih.gov', port=443): Failed to resolve 'dev.posit.niehs.nih.gov' ([Errno 8] nodename nor servname provided, or not known)""))"
940,PDF batch 940/6155 (1 references),1,ConnectionError,"HTTPSConnectionPool(host='dev.posit.niehs.nih.gov', port=443): Max retries exceeded with url: /et/api/pdf-download (Caused by NameResolutionError(""HTTPSConnection(host='dev.posit.niehs.nih.gov', port=443): Failed to resolve 'dev.posit.niehs.nih.gov' ([Errno 8] nodename nor servname provided, or not known)""))"
939,PDF batch 939/6155 (1 references),1,ConnectionError,"HTTPSConnectionPool(host='dev.posit.niehs.nih.gov', port=443): Max retries exceeded with url: /et/api/pdf-download (Caused by NameResolutionError(""HTTPSConnection(host='dev.posit.niehs.nih.gov', port=443): Failed to resolve 'dev.posit.niehs.nih.gov' ([Errno 8] nodename nor servname provided, or not known)""))"
938,PDF batch 938/6155 (1 references),1,ConnectionError,"HTTPSConnectionPool(host='dev.posit.niehs.nih.gov', port=443): Max retries exceeded with url: /et/api/pdf-download (Caused by NameResolutionError(""HTTPSConnection(host='dev.posit.niehs.nih.gov', port=443): Failed to resolve 'dev.posit.niehs.nih.gov' ([Errno 8] nodename nor servname provided, or not known)""))"
941,PDF batch 941/6155 (1 references),1,ConnectionError,"HTTPSConnectionPool(host='dev.posit.niehs.nih.gov', port=443): Max retries exceeded with url: /et/api/pdf-download (Caused by NameResolutionError(""HTTPSConnection(host='dev.posit.niehs.nih.gov', port=443): Failed to resolve 'dev.posit.niehs.nih.gov' ([Errno 8] nodename nor servname provided, or not known)""))"
942,PDF batch 942/6155 (1 references),1,ConnectionError,"HTTPSConnectionPool(host='dev.posit.niehs.nih.gov', port=443): Max retries exceeded with url: /et/api/pdf-download (Caused by NameResolutionError(""HTTPSConnection(host='dev.posit.niehs.nih.gov', port=443): Failed to resolve 'dev.posit.niehs.nih.gov' ([Errno 8] nodename nor servname provided, or not known)""))"
944,PDF batch 944/6155 (1 references),1,ConnectionError,"HTTPSConnectionPool(host='dev.posit.niehs.nih.gov', port=443): Max retries exceeded with url: /et/api/pdf-download (Caused by NameResolutionError(""HTTPSConnection(host='dev.posit.niehs.nih.gov', port=443): Failed to resolve 'dev.posit.niehs.nih.gov' ([Errno 8] nodename nor servname provided, or not known)""))"
943,PDF batch 943/6155 (1 references),1,ConnectionError,"HTTPSConnectionPool(host='dev.posit.niehs.nih.gov', port=443): Max retries exceeded with url: /et/api/pdf-download (Caused by NameResolutionError(""HTTPSConnection(host='dev.posit.niehs.nih.gov', port=443): Failed to resolve 'dev.posit.niehs.nih.gov' ([Errno 8] nodename nor servname provided, or not known)""))"
946,PDF batch 946/6155 (1 references),1,ConnectionError,"HTTPSConnectionPool(host='dev.posit.niehs.nih.gov', port=443): Max retries exceeded with url: /et/api/pdf-download (Caused by NameResolutionError(""HTTPSConnection(host='dev.posit.niehs.nih.gov', port=443): Failed to resolve 'dev.posit.niehs.nih.gov' ([Errno 8] nodename nor servname provided, or not known)""))"
948,PDF batch 948/6155 (1 references),1,ConnectionError,"HTTPSConnectionPool(host='dev.posit.niehs.nih.gov', port=443): Max retries exceeded with url: /et/api/pdf-download (Caused by NameResolutionError(""HTTPSConnection(host='dev.posit.niehs.nih.gov', port=443): Failed to resolve 'dev.posit.niehs.nih.gov' ([Errno 8] nodename nor servname provided, or not known)""))"
947,PDF batch 947/6155 (1 references),1,ConnectionError,"HTTPSConnectionPool(host='dev.posit.niehs.nih.gov', port=443): Max retries exceeded with url: /et/api/pdf-download (Caused by NameResolutionError(""HTTPSConnection(host='dev.posit.niehs.nih.gov', port=443): Failed to resolve 'dev.posit.niehs.nih.gov' ([Errno 8] nodename nor servname provided, or not known)""))"
945,PDF batch 945/6155 (1 references),1,ConnectionError,"HTTPSConnectionPool(host='dev.posit.niehs.nih.gov', port=443): Max retries exceeded with url: /et/api/pdf-download (Caused by NameResolutionError(""HTTPSConnection(host='dev.posit.niehs.nih.gov', port=443): Failed to resolve 'dev.posit.niehs.nih.gov' ([Errno 8] nodename nor servname provided, or not known)""))"
949,PDF batch 949/6155 (1 references),1,ConnectionError,"HTTPSConnectionPool(host='dev.posit.niehs.nih.gov', port=443): Max retries exceeded with url: /et/api/pdf-download (Caused by NameResolutionError(""HTTPSConnection(host='dev.posit.niehs.nih.gov', port=443): Failed to resolve 'dev.posit.niehs.nih.gov' ([Errno 8] nodename nor servname provided, or not known)""))"
950,PDF batch 950/6155 (1 references),1,ConnectionError,"HTTPSConnectionPool(host='dev.posit.niehs.nih.gov', port=443): Max retries exceeded with url: /et/api/pdf-download (Caused by NameResolutionError(""HTTPSConnection(host='dev.posit.niehs.nih.gov', port=443): Failed to resolve 'dev.posit.niehs.nih.gov' ([Errno 8] nodename nor servname provided, or not known)""))"
951,PDF batch 951/6155 (1 references),1,ConnectionError,"HTTPSConnectionPool(host='dev.posit.niehs.nih.gov', port=443): Max retries exceeded with url: /et/api/pdf-download (Caused by NameResolutionError(""HTTPSConnection(host='dev.posit.niehs.nih.gov', port=443): Failed to resolve 'dev.posit.niehs.nih.gov' ([Errno 8] nodename nor servname provided, or not known)""))"
953,PDF batch 953/6155 (1 references),1,ConnectionError,"HTTPSConnectionPool(host='dev.posit.niehs.nih.gov', port=443): Max retries exceeded with url: /et/api/pdf-download (Caused by NameResolutionError(""HTTPSConnection(host='dev.posit.niehs.nih.gov', port=443): Failed to resolve 'dev.posit.niehs.nih.gov' ([Errno 8] nodename nor servname provided, or not known)""))"
954,PDF batch 954/6155 (1 references),1,ConnectionError,"HTTPSConnectionPool(host='dev.posit.niehs.nih.gov', port=443): Max retries exceeded with url: /et/api/pdf-download (Caused by NameResolutionError(""HTTPSConnection(host='dev.posit.niehs.nih.gov', port=443): Failed to resolve 'dev.posit.niehs.nih.gov' ([Errno 8] nodename nor servname provided, or not known)""))"
952,PDF batch 952/6155 (1 references),1,ConnectionError,"HTTPSConnectionPool(host='dev.posit.niehs.nih.gov', port=443): Max retries exceeded with url: /et/api/pdf-download (Caused by NameResolutionError(""HTTPSConnection(host='dev.posit.niehs.nih.gov', port=443): Failed to resolve 'dev.posit.niehs.nih.gov' ([Errno 8] nodename nor servname provided, or not known)""))"
956,PDF batch 956/6155 (1 references),1,ConnectionError,"HTTPSConnectionPool(host='dev.posit.niehs.nih.gov', port=443): Max retries exceeded with url: /et/api/pdf-download (Caused by NameResolutionError(""HTTPSConnection(host='dev.posit.niehs.nih.gov', port=443): Failed to resolve 'dev.posit.niehs.nih.gov' ([Errno 8] nodename nor servname provided, or not known)""))"
955,PDF batch 955/6155 (1 references),1,ConnectionError,"HTTPSConnectionPool(host='dev.posit.niehs.nih.gov', port=443): Max retries exceeded with url: /et/api/pdf-download (Caused by NameResolutionError(""HTTPSConnection(host='dev.posit.niehs.nih.gov', port=443): Failed to resolve 'dev.posit.niehs.nih.gov' ([Errno 8] nodename nor servname provided, or not known)""))"
957,PDF batch 957/6155 (1 references),1,ConnectionError,"HTTPSConnectionPool(host='dev.posit.niehs.nih.gov', port=443): Max retries exceeded with url: /et/api/pdf-download (Caused by NameResolutionError(""HTTPSConnection(host='dev.posit.niehs.nih.gov', port=443): Failed to resolve 'dev.posit.niehs.nih.gov' ([Errno 8] nodename nor servname provided, or not known)""))"
958,PDF batch 958/6155 (1 references),1,ConnectionError,"HTTPSConnectionPool(host='dev.posit.niehs.nih.gov', port=443): Max retries exceeded with url: /et/api/pdf-download (Caused by NameResolutionError(""HTTPSConnection(host='dev.posit.niehs.nih.gov', port=443): Failed to resolve 'dev.posit.niehs.nih.gov' ([Errno 8] nodename nor servname provided, or not known)""))"
959,PDF batch 959/6155 (1 references),1,ConnectionError,"HTTPSConnectionPool(host='dev.posit.niehs.nih.gov', port=443): Max retries exceeded with url: /et/api/pdf-download (Caused by NameResolutionError(""HTTPSConnection(host='dev.posit.niehs.nih.gov', port=443): Failed to resolve 'dev.posit.niehs.nih.gov' ([Errno 8] nodename nor servname provided, or not known)""))"
960,PDF batch 960/6155 (1 references),1,ConnectionError,"HTTPSConnectionPool(host='dev.posit.niehs.nih.gov', port=443): Max retries exceeded with url: /et/api/pdf-download (Caused by NameResolutionError(""HTTPSConnection(host='dev.posit.niehs.nih.gov', port=443): Failed to resolve 'dev.posit.niehs.nih.gov' ([Errno 8] nodename nor servname provided, or not known)""))"
961,PDF batch 961/6155 (1 references),1,ConnectionError,"HTTPSConnectionPool(host='dev.posit.niehs.nih.gov', port=443): Max retries exceeded with url: /et/api/pdf-download (Caused by NameResolutionError(""HTTPSConnection(host='dev.posit.niehs.nih.gov', port=443): Failed to resolve 'dev.posit.niehs.nih.gov' ([Errno 8] nodename nor servname provided, or not known)""))"
963,PDF batch 963/6155 (1 references),1,ConnectionError,"HTTPSConnectionPool(host='dev.posit.niehs.nih.gov', port=443): Max retries exceeded with url: /et/api/pdf-download (Caused by NameResolutionError(""HTTPSConnection(host='dev.posit.niehs.nih.gov', port=443): Failed to resolve 'dev.posit.niehs.nih.gov' ([Errno 8] nodename nor servname provided, or not known)""))"
962,PDF batch 962/6155 (1 references),1,ConnectionError,"HTTPSConnectionPool(host='dev.posit.niehs.nih.gov', port=443): Max retries exceeded with url: /et/api/pdf-download (Caused by NameResolutionError(""HTTPSConnection(host='dev.posit.niehs.nih.gov', port=443): Failed to resolve 'dev.posit.niehs.nih.gov' ([Errno 8] nodename nor servname provided, or not known)""))"
964,PDF batch 964/6155 (1 references),1,ConnectionError,"HTTPSConnectionPool(host='dev.posit.niehs.nih.gov', port=443): Max retries exceeded with url: /et/api/pdf-download (Caused by NameResolutionError(""HTTPSConnection(host='dev.posit.niehs.nih.gov', port=443): Failed to resolve 'dev.posit.niehs.nih.gov' ([Errno 8] nodename nor servname provided, or not known)""))"
966,PDF batch 966/6155 (1 references),1,ConnectionError,"HTTPSConnectionPool(host='dev.posit.niehs.nih.gov', port=443): Max retries exceeded with url: /et/api/pdf-download (Caused by NameResolutionError(""HTTPSConnection(host='dev.posit.niehs.nih.gov', port=443): Failed to resolve 'dev.posit.niehs.nih.gov' ([Errno 8] nodename nor servname provided, or not known)""))"
965,PDF batch 965/6155 (1 references),1,ConnectionError,"HTTPSConnectionPool(host='dev.posit.niehs.nih.gov', port=443): Max retries exceeded with url: /et/api/pdf-download (Caused by NameResolutionError(""HTTPSConnection(host='dev.posit.niehs.nih.gov', port=443): Failed to resolve 'dev.posit.niehs.nih.gov' ([Errno 8] nodename nor servname provided, or not known)""))"
967,PDF batch 967/6155 (1 references),1,ConnectionError,"HTTPSConnectionPool(host='dev.posit.niehs.nih.gov', port=443): Max retries exceeded with url: /et/api/pdf-download (Caused by NameResolutionError(""HTTPSConnection(host='dev.posit.niehs.nih.gov', port=443): Failed to resolve 'dev.posit.niehs.nih.gov' ([Errno 8] nodename nor servname provided, or not known)""))"
968,PDF batch 968/6155 (1 references),1,ConnectionError,"HTTPSConnectionPool(host='dev.posit.niehs.nih.gov', port=443): Max retries exceeded with url: /et/api/pdf-download (Caused by NameResolutionError(""HTTPSConnection(host='dev.posit.niehs.nih.gov', port=443): Failed to resolve 'dev.posit.niehs.nih.gov' ([Errno 8] nodename nor servname provided, or not known)""))"
970,PDF batch 970/6155 (1 references),1,ConnectionError,"HTTPSConnectionPool(host='dev.posit.niehs.nih.gov', port=443): Max retries exceeded with url: /et/api/pdf-download (Caused by NameResolutionError(""HTTPSConnection(host='dev.posit.niehs.nih.gov', port=443): Failed to resolve 'dev.posit.niehs.nih.gov' ([Errno 8] nodename nor servname provided, or not known)""))"
972,PDF batch 972/6155 (1 references),1,ConnectionError,"HTTPSConnectionPool(host='dev.posit.niehs.nih.gov', port=443): Max retries exceeded with url: /et/api/pdf-download (Caused by NameResolutionError(""HTTPSConnection(host='dev.posit.niehs.nih.gov', port=443): Failed to resolve 'dev.posit.niehs.nih.gov' ([Errno 8] nodename nor servname provided, or not known)""))"
971,PDF batch 971/6155 (1 references),1,ConnectionError,"HTTPSConnectionPool(host='dev.posit.niehs.nih.gov', port=443): Max retries exceeded with url: /et/api/pdf-download (Caused by NameResolutionError(""HTTPSConnection(host='dev.posit.niehs.nih.gov', port=443): Failed to resolve 'dev.posit.niehs.nih.gov' ([Errno 8] nodename nor servname provided, or not known)""))"
973,PDF batch 973/6155 (1 references),1,ConnectionError,"HTTPSConnectionPool(host='dev.posit.niehs.nih.gov', port=443): Max retries exceeded with url: /et/api/pdf-download (Caused by NameResolutionError(""HTTPSConnection(host='dev.posit.niehs.nih.gov', port=443): Failed to resolve 'dev.posit.niehs.nih.gov' ([Errno 8] nodename nor servname provided, or not known)""))"
969,PDF batch 969/6155 (1 references),1,ConnectionError,"HTTPSConnectionPool(host='dev.posit.niehs.nih.gov', port=443): Max retries exceeded with url: /et/api/pdf-download (Caused by NameResolutionError(""HTTPSConnection(host='dev.posit.niehs.nih.gov', port=443): Failed to resolve 'dev.posit.niehs.nih.gov' ([Errno 8] nodename nor servname provided, or not known)""))"
974,PDF batch 974/6155 (1 references),1,ConnectionError,"HTTPSConnectionPool(host='dev.posit.niehs.nih.gov', port=443): Max retries exceeded with url: /et/api/pdf-download (Caused by NameResolutionError(""HTTPSConnection(host='dev.posit.niehs.nih.gov', port=443): Failed to resolve 'dev.posit.niehs.nih.gov' ([Errno 8] nodename nor servname provided, or not known)""))"
975,PDF batch 975/6155 (1 references),1,ConnectionError,"HTTPSConnectionPool(host='dev.posit.niehs.nih.gov', port=443): Max retries exceeded with url: /et/api/pdf-download (Caused by NameResolutionError(""HTTPSConnection(host='dev.posit.niehs.nih.gov', port=443): Failed to resolve 'dev.posit.niehs.nih.gov' ([Errno 8] nodename nor servname provided, or not known)""))"
978,PDF batch 978/6155 (1 references),1,ConnectionError,"HTTPSConnectionPool(host='dev.posit.niehs.nih.gov', port=443): Max retries exceeded with url: /et/api/pdf-download (Caused by NameResolutionError(""HTTPSConnection(host='dev.posit.niehs.nih.gov', port=443): Failed to resolve 'dev.posit.niehs.nih.gov' ([Errno 8] nodename nor servname provided, or not known)""))"
976,PDF batch 976/6155 (1 references),1,ConnectionError,"HTTPSConnectionPool(host='dev.posit.niehs.nih.gov', port=443): Max retries exceeded with url: /et/api/pdf-download (Caused by NameResolutionError(""HTTPSConnection(host='dev.posit.niehs.nih.gov', port=443): Failed to resolve 'dev.posit.niehs.nih.gov' ([Errno 8] nodename nor servname provided, or not known)""))"
977,PDF batch 977/6155 (1 references),1,ConnectionError,"HTTPSConnectionPool(host='dev.posit.niehs.nih.gov', port=443): Max retries exceeded with url: /et/api/pdf-download (Caused by NameResolutionError(""HTTPSConnection(host='dev.posit.niehs.nih.gov', port=443): Failed to resolve 'dev.posit.niehs.nih.gov' ([Errno 8] nodename nor servname provided, or not known)""))"
979,PDF batch 979/6155 (1 references),1,ConnectionError,"HTTPSConnectionPool(host='dev.posit.niehs.nih.gov', port=443): Max retries exceeded with url: /et/api/pdf-download (Caused by NameResolutionError(""HTTPSConnection(host='dev.posit.niehs.nih.gov', port=443): Failed to resolve 'dev.posit.niehs.nih.gov' ([Errno 8] nodename nor servname provided, or not known)""))"
980,PDF batch 980/6155 (1 references),1,ConnectionError,"HTTPSConnectionPool(host='dev.posit.niehs.nih.gov', port=443): Max retries exceeded with url: /et/api/pdf-download (Caused by NameResolutionError(""HTTPSConnection(host='dev.posit.niehs.nih.gov', port=443): Failed to resolve 'dev.posit.niehs.nih.gov' ([Errno 8] nodename nor servname provided, or not known)""))"
981,PDF batch 981/6155 (1 references),1,ConnectionError,"HTTPSConnectionPool(host='dev.posit.niehs.nih.gov', port=443): Max retries exceeded with url: /et/api/pdf-download (Caused by NameResolutionError(""HTTPSConnection(host='dev.posit.niehs.nih.gov', port=443): Failed to resolve 'dev.posit.niehs.nih.gov' ([Errno 8] nodename nor servname provided, or not known)""))"
982,PDF batch 982/6155 (1 references),1,ConnectionError,"HTTPSConnectionPool(host='dev.posit.niehs.nih.gov', port=443): Max retries exceeded with url: /et/api/pdf-download (Caused by NameResolutionError(""HTTPSConnection(host='dev.posit.niehs.nih.gov', port=443): Failed to resolve 'dev.posit.niehs.nih.gov' ([Errno 8] nodename nor servname provided, or not known)""))"
983,PDF batch 983/6155 (1 references),1,ConnectionError,"HTTPSConnectionPool(host='dev.posit.niehs.nih.gov', port=443): Max retries exceeded with url: /et/api/pdf-download (Caused by NameResolutionError(""HTTPSConnection(host='dev.posit.niehs.nih.gov', port=443): Failed to resolve 'dev.posit.niehs.nih.gov' ([Errno 8] nodename nor servname provided, or not known)""))"
984,PDF batch 984/6155 (1 references),1,ConnectionError,"HTTPSConnectionPool(host='dev.posit.niehs.nih.gov', port=443): Max retries exceeded with url: /et/api/pdf-download (Caused by NameResolutionError(""HTTPSConnection(host='dev.posit.niehs.nih.gov', port=443): Failed to resolve 'dev.posit.niehs.nih.gov' ([Errno 8] nodename nor servname provided, or not known)""))"
986,PDF batch 986/6155 (1 references),1,ConnectionError,"HTTPSConnectionPool(host='dev.posit.niehs.nih.gov', port=443): Max retries exceeded with url: /et/api/pdf-download (Caused by NameResolutionError(""HTTPSConnection(host='dev.posit.niehs.nih.gov', port=443): Failed to resolve 'dev.posit.niehs.nih.gov' ([Errno 8] nodename nor servname provided, or not known)""))"
985,PDF batch 985/6155 (1 references),1,ConnectionError,"HTTPSConnectionPool(host='dev.posit.niehs.nih.gov', port=443): Max retries exceeded with url: /et/api/pdf-download (Caused by NameResolutionError(""HTTPSConnection(host='dev.posit.niehs.nih.gov', port=443): Failed to resolve 'dev.posit.niehs.nih.gov' ([Errno 8] nodename nor servname provided, or not known)""))"
991,PDF batch 991/6155 (1 references),1,ConnectionError,"HTTPSConnectionPool(host='dev.posit.niehs.nih.gov', port=443): Max retries exceeded with url: /et/api/pdf-download (Caused by NameResolutionError(""HTTPSConnection(host='dev.posit.niehs.nih.gov', port=443): Failed to resolve 'dev.posit.niehs.nih.gov' ([Errno 8] nodename nor servname provided, or not known)""))"
989,PDF batch 989/6155 (1 references),1,ConnectionError,"HTTPSConnectionPool(host='dev.posit.niehs.nih.gov', port=443): Max retries exceeded with url: /et/api/pdf-download (Caused by NameResolutionError(""HTTPSConnection(host='dev.posit.niehs.nih.gov', port=443): Failed to resolve 'dev.posit.niehs.nih.gov' ([Errno 8] nodename nor servname provided, or not known)""))"
988,PDF batch 988/6155 (1 references),1,ConnectionError,"HTTPSConnectionPool(host='dev.posit.niehs.nih.gov', port=443): Max retries exceeded with url: /et/api/pdf-download (Caused by NameResolutionError(""HTTPSConnection(host='dev.posit.niehs.nih.gov', port=443): Failed to resolve 'dev.posit.niehs.nih.gov' ([Errno 8] nodename nor servname provided, or not known)""))"
990,PDF batch 990/6155 (1 references),1,ConnectionError,"HTTPSConnectionPool(host='dev.posit.niehs.nih.gov', port=443): Max retries exceeded with url: /et/api/pdf-download (Caused by NameResolutionError(""HTTPSConnection(host='dev.posit.niehs.nih.gov', port=443): Failed to resolve 'dev.posit.niehs.nih.gov' ([Errno 8] nodename nor servname provided, or not known)""))"
987,PDF batch 987/6155 (1 references),1,ConnectionError,"HTTPSConnectionPool(host='dev.posit.niehs.nih.gov', port=443): Max retries exceeded with url: /et/api/pdf-download (Caused by NameResolutionError(""HTTPSConnection(host='dev.posit.niehs.nih.gov', port=443): Failed to resolve 'dev.posit.niehs.nih.gov' ([Errno 8] nodename nor servname provided, or not known)""))"
992,PDF batch 992/6155 (1 references),1,ConnectionError,"HTTPSConnectionPool(host='dev.posit.niehs.nih.gov', port=443): Max retries exceeded with url: /et/api/pdf-download (Caused by NameResolutionError(""HTTPSConnection(host='dev.posit.niehs.nih.gov', port=443): Failed to resolve 'dev.posit.niehs.nih.gov' ([Errno 8] nodename nor servname provided, or not known)""))"
993,PDF batch 993/6155 (1 references),1,ConnectionError,"HTTPSConnectionPool(host='dev.posit.niehs.nih.gov', port=443): Max retries exceeded with url: /et/api/pdf-download (Caused by NameResolutionError(""HTTPSConnection(host='dev.posit.niehs.nih.gov', port=443): Failed to resolve 'dev.posit.niehs.nih.gov' ([Errno 8] nodename nor servname provided, or not known)""))"
994,PDF batch 994/6155 (1 references),1,ConnectionError,"HTTPSConnectionPool(host='dev.posit.niehs.nih.gov', port=443): Max retries exceeded with url: /et/api/pdf-download (Caused by NameResolutionError(""HTTPSConnection(host='dev.posit.niehs.nih.gov', port=443): Failed to resolve 'dev.posit.niehs.nih.gov' ([Errno 8] nodename nor servname provided, or not known)""))"
996,PDF batch 996/6155 (1 references),1,ConnectionError,"HTTPSConnectionPool(host='dev.posit.niehs.nih.gov', port=443): Max retries exceeded with url: /et/api/pdf-download (Caused by NameResolutionError(""HTTPSConnection(host='dev.posit.niehs.nih.gov', port=443): Failed to resolve 'dev.posit.niehs.nih.gov' ([Errno 8] nodename nor servname provided, or not known)""))"
997,PDF batch 997/6155 (1 references),1,ConnectionError,"HTTPSConnectionPool(host='dev.posit.niehs.nih.gov', port=443): Max retries exceeded with url: /et/api/pdf-download (Caused by NameResolutionError(""HTTPSConnection(host='dev.posit.niehs.nih.gov', port=443): Failed to resolve 'dev.posit.niehs.nih.gov' ([Errno 8] nodename nor servname provided, or not known)""))"
995,PDF batch 995/6155 (1 references),1,ConnectionError,"HTTPSConnectionPool(host='dev.posit.niehs.nih.gov', port=443): Max retries exceeded with url: /et/api/pdf-download (Caused by NameResolutionError(""HTTPSConnection(host='dev.posit.niehs.nih.gov', port=443): Failed to resolve 'dev.posit.niehs.nih.gov' ([Errno 8] nodename nor servname provided, or not known)""))"
998,PDF batch 998/6155 (1 references),1,ConnectionError,"HTTPSConnectionPool(host='dev.posit.niehs.nih.gov', port=443): Max retries exceeded with url: /et/api/pdf-download (Caused by NameResolutionError(""HTTPSConnection(host='dev.posit.niehs.nih.gov', port=443): Failed to resolve 'dev.posit.niehs.nih.gov' ([Errno 8] nodename nor servname provided, or not known)""))"
1001,PDF batch 1001/6155 (1 references),1,ConnectionError,"HTTPSConnectionPool(host='dev.posit.niehs.nih.gov', port=443): Max retries exceeded with url: /et/api/pdf-download (Caused by NameResolutionError(""HTTPSConnection(host='dev.posit.niehs.nih.gov', port=443): Failed to resolve 'dev.posit.niehs.nih.gov' ([Errno 8] nodename nor servname provided, or not known)""))"
1000,PDF batch 1000/6155 (1 references),1,ConnectionError,"HTTPSConnectionPool(host='dev.posit.niehs.nih.gov', port=443): Max retries exceeded with url: /et/api/pdf-download (Caused by NameResolutionError(""HTTPSConnection(host='dev.posit.niehs.nih.gov', port=443): Failed to resolve 'dev.posit.niehs.nih.gov' ([Errno 8] nodename nor servname provided, or not known)""))"
999,PDF batch 999/6155 (1 references),1,ConnectionError,"HTTPSConnectionPool(host='dev.posit.niehs.nih.gov', port=443): Max retries exceeded with url: /et/api/pdf-download (Caused by NameResolutionError(""HTTPSConnection(host='dev.posit.niehs.nih.gov', port=443): Failed to resolve 'dev.posit.niehs.nih.gov' ([Errno 8] nodename nor servname provided, or not known)""))"
1003,PDF batch 1003/6155 (1 references),1,ConnectionError,"HTTPSConnectionPool(host='dev.posit.niehs.nih.gov', port=443): Max retries exceeded with url: /et/api/pdf-download (Caused by NameResolutionError(""HTTPSConnection(host='dev.posit.niehs.nih.gov', port=443): Failed to resolve 'dev.posit.niehs.nih.gov' ([Errno 8] nodename nor servname provided, or not known)""))"
1002,PDF batch 1002/6155 (1 references),1,ConnectionError,"HTTPSConnectionPool(host='dev.posit.niehs.nih.gov', port=443): Max retries exceeded with url: /et/api/pdf-download (Caused by NameResolutionError(""HTTPSConnection(host='dev.posit.niehs.nih.gov', port=443): Failed to resolve 'dev.posit.niehs.nih.gov' ([Errno 8] nodename nor servname provided, or not known)""))"
1004,PDF batch 1004/6155 (1 references),1,ConnectionError,"HTTPSConnectionPool(host='dev.posit.niehs.nih.gov', port=443): Max retries exceeded with url: /et/api/pdf-download (Caused by NameResolutionError(""HTTPSConnection(host='dev.posit.niehs.nih.gov', port=443): Failed to resolve 'dev.posit.niehs.nih.gov' ([Errno 8] nodename nor servname provided, or not known)""))"
1005,PDF batch 1005/6155 (1 references),1,ConnectionError,"HTTPSConnectionPool(host='dev.posit.niehs.nih.gov', port=443): Max retries exceeded with url: /et/api/pdf-download (Caused by NameResolutionError(""HTTPSConnection(host='dev.posit.niehs.nih.gov', port=443): Failed to resolve 'dev.posit.niehs.nih.gov' ([Errno 8] nodename nor servname provided, or not known)""))"
1007,PDF batch 1007/6155 (1 references),1,ConnectionError,"HTTPSConnectionPool(host='dev.posit.niehs.nih.gov', port=443): Max retries exceeded with url: /et/api/pdf-download (Caused by NameResolutionError(""HTTPSConnection(host='dev.posit.niehs.nih.gov', port=443): Failed to resolve 'dev.posit.niehs.nih.gov' ([Errno 8] nodename nor servname provided, or not known)""))"
1009,PDF batch 1009/6155 (1 references),1,ConnectionError,"HTTPSConnectionPool(host='dev.posit.niehs.nih.gov', port=443): Max retries exceeded with url: /et/api/pdf-download (Caused by NameResolutionError(""HTTPSConnection(host='dev.posit.niehs.nih.gov', port=443): Failed to resolve 'dev.posit.niehs.nih.gov' ([Errno 8] nodename nor servname provided, or not known)""))"
1006,PDF batch 1006/6155 (1 references),1,ConnectionError,"HTTPSConnectionPool(host='dev.posit.niehs.nih.gov', port=443): Max retries exceeded with url: /et/api/pdf-download (Caused by NameResolutionError(""HTTPSConnection(host='dev.posit.niehs.nih.gov', port=443): Failed to resolve 'dev.posit.niehs.nih.gov' ([Errno 8] nodename nor servname provided, or not known)""))"
1011,PDF batch 1011/6155 (1 references),1,ConnectionError,"HTTPSConnectionPool(host='dev.posit.niehs.nih.gov', port=443): Max retries exceeded with url: /et/api/pdf-download (Caused by NameResolutionError(""HTTPSConnection(host='dev.posit.niehs.nih.gov', port=443): Failed to resolve 'dev.posit.niehs.nih.gov' ([Errno 8] nodename nor servname provided, or not known)""))"
1008,PDF batch 1008/6155 (1 references),1,ConnectionError,"HTTPSConnectionPool(host='dev.posit.niehs.nih.gov', port=443): Max retries exceeded with url: /et/api/pdf-download (Caused by NameResolutionError(""HTTPSConnection(host='dev.posit.niehs.nih.gov', port=443): Failed to resolve 'dev.posit.niehs.nih.gov' ([Errno 8] nodename nor servname provided, or not known)""))"
1010,PDF batch 1010/6155 (1 references),1,ConnectionError,"HTTPSConnectionPool(host='dev.posit.niehs.nih.gov', port=443): Max retries exceeded with url: /et/api/pdf-download (Caused by NameResolutionError(""HTTPSConnection(host='dev.posit.niehs.nih.gov', port=443): Failed to resolve 'dev.posit.niehs.nih.gov' ([Errno 8] nodename nor servname provided, or not known)""))"
1012,PDF batch 1012/6155 (1 references),1,ConnectionError,"HTTPSConnectionPool(host='dev.posit.niehs.nih.gov', port=443): Max retries exceeded with url: /et/api/pdf-download (Caused by NameResolutionError(""HTTPSConnection(host='dev.posit.niehs.nih.gov', port=443): Failed to resolve 'dev.posit.niehs.nih.gov' ([Errno 8] nodename nor servname provided, or not known)""))"
1013,PDF batch 1013/6155 (1 references),1,ConnectionError,"HTTPSConnectionPool(host='dev.posit.niehs.nih.gov', port=443): Max retries exceeded with url: /et/api/pdf-download (Caused by NameResolutionError(""HTTPSConnection(host='dev.posit.niehs.nih.gov', port=443): Failed to resolve 'dev.posit.niehs.nih.gov' ([Errno 8] nodename nor servname provided, or not known)""))"
1015,PDF batch 1015/6155 (1 references),1,ConnectionError,"HTTPSConnectionPool(host='dev.posit.niehs.nih.gov', port=443): Max retries exceeded with url: /et/api/pdf-download (Caused by NameResolutionError(""HTTPSConnection(host='dev.posit.niehs.nih.gov', port=443): Failed to resolve 'dev.posit.niehs.nih.gov' ([Errno 8] nodename nor servname provided, or not known)""))"
1014,PDF batch 1014/6155 (1 references),1,ConnectionError,"HTTPSConnectionPool(host='dev.posit.niehs.nih.gov', port=443): Max retries exceeded with url: /et/api/pdf-download (Caused by NameResolutionError(""HTTPSConnection(host='dev.posit.niehs.nih.gov', port=443): Failed to resolve 'dev.posit.niehs.nih.gov' ([Errno 8] nodename nor servname provided, or not known)""))"
1016,PDF batch 1016/6155 (1 references),1,ConnectionError,"HTTPSConnectionPool(host='dev.posit.niehs.nih.gov', port=443): Max retries exceeded with url: /et/api/pdf-download (Caused by NameResolutionError(""HTTPSConnection(host='dev.posit.niehs.nih.gov', port=443): Failed to resolve 'dev.posit.niehs.nih.gov' ([Errno 8] nodename nor servname provided, or not known)""))"
1017,PDF batch 1017/6155 (1 references),1,ConnectionError,"HTTPSConnectionPool(host='dev.posit.niehs.nih.gov', port=443): Max retries exceeded with url: /et/api/pdf-download (Caused by NameResolutionError(""HTTPSConnection(host='dev.posit.niehs.nih.gov', port=443): Failed to resolve 'dev.posit.niehs.nih.gov' ([Errno 8] nodename nor servname provided, or not known)""))"
1020,PDF batch 1020/6155 (1 references),1,ConnectionError,"HTTPSConnectionPool(host='dev.posit.niehs.nih.gov', port=443): Max retries exceeded with url: /et/api/pdf-download (Caused by NameResolutionError(""HTTPSConnection(host='dev.posit.niehs.nih.gov', port=443): Failed to resolve 'dev.posit.niehs.nih.gov' ([Errno 8] nodename nor servname provided, or not known)""))"
1019,PDF batch 1019/6155 (1 references),1,ConnectionError,"HTTPSConnectionPool(host='dev.posit.niehs.nih.gov', port=443): Max retries exceeded with url: /et/api/pdf-download (Caused by NameResolutionError(""HTTPSConnection(host='dev.posit.niehs.nih.gov', port=443): Failed to resolve 'dev.posit.niehs.nih.gov' ([Errno 8] nodename nor servname provided, or not known)""))"
1018,PDF batch 1018/6155 (1 references),1,ConnectionError,"HTTPSConnectionPool(host='dev.posit.niehs.nih.gov', port=443): Max retries exceeded with url: /et/api/pdf-download (Caused by NameResolutionError(""HTTPSConnection(host='dev.posit.niehs.nih.gov', port=443): Failed to resolve 'dev.posit.niehs.nih.gov' ([Errno 8] nodename nor servname provided, or not known)""))"
1023,PDF batch 1023/6155 (1 references),1,ConnectionError,"HTTPSConnectionPool(host='dev.posit.niehs.nih.gov', port=443): Max retries exceeded with url: /et/api/pdf-download (Caused by NameResolutionError(""HTTPSConnection(host='dev.posit.niehs.nih.gov', port=443): Failed to resolve 'dev.posit.niehs.nih.gov' ([Errno 8] nodename nor servname provided, or not known)""))"
1024,PDF batch 1024/6155 (1 references),1,ConnectionError,"HTTPSConnectionPool(host='dev.posit.niehs.nih.gov', port=443): Max retries exceeded with url: /et/api/pdf-download (Caused by NameResolutionError(""HTTPSConnection(host='dev.posit.niehs.nih.gov', port=443): Failed to resolve 'dev.posit.niehs.nih.gov' ([Errno 8] nodename nor servname provided, or not known)""))"
1021,PDF batch 1021/6155 (1 references),1,ConnectionError,"HTTPSConnectionPool(host='dev.posit.niehs.nih.gov', port=443): Max retries exceeded with url: /et/api/pdf-download (Caused by NameResolutionError(""HTTPSConnection(host='dev.posit.niehs.nih.gov', port=443): Failed to resolve 'dev.posit.niehs.nih.gov' ([Errno 8] nodename nor servname provided, or not known)""))"
1022,PDF batch 1022/6155 (1 references),1,ConnectionError,"HTTPSConnectionPool(host='dev.posit.niehs.nih.gov', port=443): Max retries exceeded with url: /et/api/pdf-download (Caused by NameResolutionError(""HTTPSConnection(host='dev.posit.niehs.nih.gov', port=443): Failed to resolve 'dev.posit.niehs.nih.gov' ([Errno 8] nodename nor servname provided, or not known)""))"
1026,PDF batch 1026/6155 (1 references),1,ConnectionError,"HTTPSConnectionPool(host='dev.posit.niehs.nih.gov', port=443): Max retries exceeded with url: /et/api/pdf-download (Caused by NameResolutionError(""HTTPSConnection(host='dev.posit.niehs.nih.gov', port=443): Failed to resolve 'dev.posit.niehs.nih.gov' ([Errno 8] nodename nor servname provided, or not known)""))"
1028,PDF batch 1028/6155 (1 references),1,ConnectionError,"HTTPSConnectionPool(host='dev.posit.niehs.nih.gov', port=443): Max retries exceeded with url: /et/api/pdf-download (Caused by NameResolutionError(""HTTPSConnection(host='dev.posit.niehs.nih.gov', port=443): Failed to resolve 'dev.posit.niehs.nih.gov' ([Errno 8] nodename nor servname provided, or not known)""))"
1030,PDF batch 1030/6155 (1 references),1,ConnectionError,"HTTPSConnectionPool(host='dev.posit.niehs.nih.gov', port=443): Max retries exceeded with url: /et/api/pdf-download (Caused by NameResolutionError(""HTTPSConnection(host='dev.posit.niehs.nih.gov', port=443): Failed to resolve 'dev.posit.niehs.nih.gov' ([Errno 8] nodename nor servname provided, or not known)""))"
1029,PDF batch 1029/6155 (1 references),1,ConnectionError,"HTTPSConnectionPool(host='dev.posit.niehs.nih.gov', port=443): Max retries exceeded with url: /et/api/pdf-download (Caused by NameResolutionError(""HTTPSConnection(host='dev.posit.niehs.nih.gov', port=443): Failed to resolve 'dev.posit.niehs.nih.gov' ([Errno 8] nodename nor servname provided, or not known)""))"
1027,PDF batch 1027/6155 (1 references),1,ConnectionError,"HTTPSConnectionPool(host='dev.posit.niehs.nih.gov', port=443): Max retries exceeded with url: /et/api/pdf-download (Caused by NameResolutionError(""HTTPSConnection(host='dev.posit.niehs.nih.gov', port=443): Failed to resolve 'dev.posit.niehs.nih.gov' ([Errno 8] nodename nor servname provided, or not known)""))"
1025,PDF batch 1025/6155 (1 references),1,ConnectionError,"HTTPSConnectionPool(host='dev.posit.niehs.nih.gov', port=443): Max retries exceeded with url: /et/api/pdf-download (Caused by NameResolutionError(""HTTPSConnection(host='dev.posit.niehs.nih.gov', port=443): Failed to resolve 'dev.posit.niehs.nih.gov' ([Errno 8] nodename nor servname provided, or not known)""))"
1032,PDF batch 1032/6155 (1 references),1,ConnectionError,"HTTPSConnectionPool(host='dev.posit.niehs.nih.gov', port=443): Max retries exceeded with url: /et/api/pdf-download (Caused by NameResolutionError(""HTTPSConnection(host='dev.posit.niehs.nih.gov', port=443): Failed to resolve 'dev.posit.niehs.nih.gov' ([Errno 8] nodename nor servname provided, or not known)""))"
1031,PDF batch 1031/6155 (1 references),1,ConnectionError,"HTTPSConnectionPool(host='dev.posit.niehs.nih.gov', port=443): Max retries exceeded with url: /et/api/pdf-download (Caused by NameResolutionError(""HTTPSConnection(host='dev.posit.niehs.nih.gov', port=443): Failed to resolve 'dev.posit.niehs.nih.gov' ([Errno 8] nodename nor servname provided, or not known)""))"
1033,PDF batch 1033/6155 (1 references),1,ConnectionError,"HTTPSConnectionPool(host='dev.posit.niehs.nih.gov', port=443): Max retries exceeded with url: /et/api/pdf-download (Caused by NameResolutionError(""HTTPSConnection(host='dev.posit.niehs.nih.gov', port=443): Failed to resolve 'dev.posit.niehs.nih.gov' ([Errno 8] nodename nor servname provided, or not known)""))"
1035,PDF batch 1035/6155 (1 references),1,ConnectionError,"HTTPSConnectionPool(host='dev.posit.niehs.nih.gov', port=443): Max retries exceeded with url: /et/api/pdf-download (Caused by NameResolutionError(""HTTPSConnection(host='dev.posit.niehs.nih.gov', port=443): Failed to resolve 'dev.posit.niehs.nih.gov' ([Errno 8] nodename nor servname provided, or not known)""))"
1034,PDF batch 1034/6155 (1 references),1,ConnectionError,"HTTPSConnectionPool(host='dev.posit.niehs.nih.gov', port=443): Max retries exceeded with url: /et/api/pdf-download (Caused by NameResolutionError(""HTTPSConnection(host='dev.posit.niehs.nih.gov', port=443): Failed to resolve 'dev.posit.niehs.nih.gov' ([Errno 8] nodename nor servname provided, or not known)""))"
1036,PDF batch 1036/6155 (1 references),1,ConnectionError,"HTTPSConnectionPool(host='dev.posit.niehs.nih.gov', port=443): Max retries exceeded with url: /et/api/pdf-download (Caused by NameResolutionError(""HTTPSConnection(host='dev.posit.niehs.nih.gov', port=443): Failed to resolve 'dev.posit.niehs.nih.gov' ([Errno 8] nodename nor servname provided, or not known)""))"
1038,PDF batch 1038/6155 (1 references),1,ConnectionError,"HTTPSConnectionPool(host='dev.posit.niehs.nih.gov', port=443): Max retries exceeded with url: /et/api/pdf-download (Caused by NameResolutionError(""HTTPSConnection(host='dev.posit.niehs.nih.gov', port=443): Failed to resolve 'dev.posit.niehs.nih.gov' ([Errno 8] nodename nor servname provided, or not known)""))"
1039,PDF batch 1039/6155 (1 references),1,ConnectionError,"HTTPSConnectionPool(host='dev.posit.niehs.nih.gov', port=443): Max retries exceeded with url: /et/api/pdf-download (Caused by NameResolutionError(""HTTPSConnection(host='dev.posit.niehs.nih.gov', port=443): Failed to resolve 'dev.posit.niehs.nih.gov' ([Errno 8] nodename nor servname provided, or not known)""))"
1040,PDF batch 1040/6155 (1 references),1,ConnectionError,"HTTPSConnectionPool(host='dev.posit.niehs.nih.gov', port=443): Max retries exceeded with url: /et/api/pdf-download (Caused by NameResolutionError(""HTTPSConnection(host='dev.posit.niehs.nih.gov', port=443): Failed to resolve 'dev.posit.niehs.nih.gov' ([Errno 8] nodename nor servname provided, or not known)""))"
1042,PDF batch 1042/6155 (1 references),1,ConnectionError,"HTTPSConnectionPool(host='dev.posit.niehs.nih.gov', port=443): Max retries exceeded with url: /et/api/pdf-download (Caused by NameResolutionError(""HTTPSConnection(host='dev.posit.niehs.nih.gov', port=443): Failed to resolve 'dev.posit.niehs.nih.gov' ([Errno 8] nodename nor servname provided, or not known)""))"
1037,PDF batch 1037/6155 (1 references),1,ConnectionError,"HTTPSConnectionPool(host='dev.posit.niehs.nih.gov', port=443): Max retries exceeded with url: /et/api/pdf-download (Caused by NameResolutionError(""HTTPSConnection(host='dev.posit.niehs.nih.gov', port=443): Failed to resolve 'dev.posit.niehs.nih.gov' ([Errno 8] nodename nor servname provided, or not known)""))"
1041,PDF batch 1041/6155 (1 references),1,ConnectionError,"HTTPSConnectionPool(host='dev.posit.niehs.nih.gov', port=443): Max retries exceeded with url: /et/api/pdf-download (Caused by NameResolutionError(""HTTPSConnection(host='dev.posit.niehs.nih.gov', port=443): Failed to resolve 'dev.posit.niehs.nih.gov' ([Errno 8] nodename nor servname provided, or not known)""))"
1043,PDF batch 1043/6155 (1 references),1,ConnectionError,"HTTPSConnectionPool(host='dev.posit.niehs.nih.gov', port=443): Max retries exceeded with url: /et/api/pdf-download (Caused by NameResolutionError(""HTTPSConnection(host='dev.posit.niehs.nih.gov', port=443): Failed to resolve 'dev.posit.niehs.nih.gov' ([Errno 8] nodename nor servname provided, or not known)""))"
1046,PDF batch 1046/6155 (1 references),1,ConnectionError,"HTTPSConnectionPool(host='dev.posit.niehs.nih.gov', port=443): Max retries exceeded with url: /et/api/pdf-download (Caused by NameResolutionError(""HTTPSConnection(host='dev.posit.niehs.nih.gov', port=443): Failed to resolve 'dev.posit.niehs.nih.gov' ([Errno 8] nodename nor servname provided, or not known)""))"
1044,PDF batch 1044/6155 (1 references),1,ConnectionError,"HTTPSConnectionPool(host='dev.posit.niehs.nih.gov', port=443): Max retries exceeded with url: /et/api/pdf-download (Caused by NameResolutionError(""HTTPSConnection(host='dev.posit.niehs.nih.gov', port=443): Failed to resolve 'dev.posit.niehs.nih.gov' ([Errno 8] nodename nor servname provided, or not known)""))"
1048,PDF batch 1048/6155 (1 references),1,ConnectionError,"HTTPSConnectionPool(host='dev.posit.niehs.nih.gov', port=443): Max retries exceeded with url: /et/api/pdf-download (Caused by NameResolutionError(""HTTPSConnection(host='dev.posit.niehs.nih.gov', port=443): Failed to resolve 'dev.posit.niehs.nih.gov' ([Errno 8] nodename nor servname provided, or not known)""))"
1049,PDF batch 1049/6155 (1 references),1,ConnectionError,"HTTPSConnectionPool(host='dev.posit.niehs.nih.gov', port=443): Max retries exceeded with url: /et/api/pdf-download (Caused by NameResolutionError(""HTTPSConnection(host='dev.posit.niehs.nih.gov', port=443): Failed to resolve 'dev.posit.niehs.nih.gov' ([Errno 8] nodename nor servname provided, or not known)""))"
1047,PDF batch 1047/6155 (1 references),1,ConnectionError,"HTTPSConnectionPool(host='dev.posit.niehs.nih.gov', port=443): Max retries exceeded with url: /et/api/pdf-download (Caused by NameResolutionError(""HTTPSConnection(host='dev.posit.niehs.nih.gov', port=443): Failed to resolve 'dev.posit.niehs.nih.gov' ([Errno 8] nodename nor servname provided, or not known)""))"
1045,PDF batch 1045/6155 (1 references),1,ConnectionError,"HTTPSConnectionPool(host='dev.posit.niehs.nih.gov', port=443): Max retries exceeded with url: /et/api/pdf-download (Caused by NameResolutionError(""HTTPSConnection(host='dev.posit.niehs.nih.gov', port=443): Failed to resolve 'dev.posit.niehs.nih.gov' ([Errno 8] nodename nor servname provided, or not known)""))"
1051,PDF batch 1051/6155 (1 references),1,ConnectionError,"HTTPSConnectionPool(host='dev.posit.niehs.nih.gov', port=443): Max retries exceeded with url: /et/api/pdf-download (Caused by NameResolutionError(""HTTPSConnection(host='dev.posit.niehs.nih.gov', port=443): Failed to resolve 'dev.posit.niehs.nih.gov' ([Errno 8] nodename nor servname provided, or not known)""))"
1050,PDF batch 1050/6155 (1 references),1,ConnectionError,"HTTPSConnectionPool(host='dev.posit.niehs.nih.gov', port=443): Max retries exceeded with url: /et/api/pdf-download (Caused by NameResolutionError(""HTTPSConnection(host='dev.posit.niehs.nih.gov', port=443): Failed to resolve 'dev.posit.niehs.nih.gov' ([Errno 8] nodename nor servname provided, or not known)""))"
1053,PDF batch 1053/6155 (1 references),1,ConnectionError,"HTTPSConnectionPool(host='dev.posit.niehs.nih.gov', port=443): Max retries exceeded with url: /et/api/pdf-download (Caused by NameResolutionError(""HTTPSConnection(host='dev.posit.niehs.nih.gov', port=443): Failed to resolve 'dev.posit.niehs.nih.gov' ([Errno 8] nodename nor servname provided, or not known)""))"
1054,PDF batch 1054/6155 (1 references),1,ConnectionError,"HTTPSConnectionPool(host='dev.posit.niehs.nih.gov', port=443): Max retries exceeded with url: /et/api/pdf-download (Caused by NameResolutionError(""HTTPSConnection(host='dev.posit.niehs.nih.gov', port=443): Failed to resolve 'dev.posit.niehs.nih.gov' ([Errno 8] nodename nor servname provided, or not known)""))"
1052,PDF batch 1052/6155 (1 references),1,ConnectionError,"HTTPSConnectionPool(host='dev.posit.niehs.nih.gov', port=443): Max retries exceeded with url: /et/api/pdf-download (Caused by NameResolutionError(""HTTPSConnection(host='dev.posit.niehs.nih.gov', port=443): Failed to resolve 'dev.posit.niehs.nih.gov' ([Errno 8] nodename nor servname provided, or not known)""))"
1055,PDF batch 1055/6155 (1 references),1,ConnectionError,"HTTPSConnectionPool(host='dev.posit.niehs.nih.gov', port=443): Max retries exceeded with url: /et/api/pdf-download (Caused by NameResolutionError(""HTTPSConnection(host='dev.posit.niehs.nih.gov', port=443): Failed to resolve 'dev.posit.niehs.nih.gov' ([Errno 8] nodename nor servname provided, or not known)""))"
1057,PDF batch 1057/6155 (1 references),1,ConnectionError,"HTTPSConnectionPool(host='dev.posit.niehs.nih.gov', port=443): Max retries exceeded with url: /et/api/pdf-download (Caused by NameResolutionError(""HTTPSConnection(host='dev.posit.niehs.nih.gov', port=443): Failed to resolve 'dev.posit.niehs.nih.gov' ([Errno 8] nodename nor servname provided, or not known)""))"
1062,PDF batch 1062/6155 (1 references),1,ConnectionError,"HTTPSConnectionPool(host='dev.posit.niehs.nih.gov', port=443): Max retries exceeded with url: /et/api/pdf-download (Caused by NameResolutionError(""HTTPSConnection(host='dev.posit.niehs.nih.gov', port=443): Failed to resolve 'dev.posit.niehs.nih.gov' ([Errno 8] nodename nor servname provided, or not known)""))"
1060,PDF batch 1060/6155 (1 references),1,ConnectionError,"HTTPSConnectionPool(host='dev.posit.niehs.nih.gov', port=443): Max retries exceeded with url: /et/api/pdf-download (Caused by NameResolutionError(""HTTPSConnection(host='dev.posit.niehs.nih.gov', port=443): Failed to resolve 'dev.posit.niehs.nih.gov' ([Errno 8] nodename nor servname provided, or not known)""))"
1058,PDF batch 1058/6155 (1 references),1,ConnectionError,"HTTPSConnectionPool(host='dev.posit.niehs.nih.gov', port=443): Max retries exceeded with url: /et/api/pdf-download (Caused by NameResolutionError(""HTTPSConnection(host='dev.posit.niehs.nih.gov', port=443): Failed to resolve 'dev.posit.niehs.nih.gov' ([Errno 8] nodename nor servname provided, or not known)""))"
1061,PDF batch 1061/6155 (1 references),1,ConnectionError,"HTTPSConnectionPool(host='dev.posit.niehs.nih.gov', port=443): Max retries exceeded with url: /et/api/pdf-download (Caused by NameResolutionError(""HTTPSConnection(host='dev.posit.niehs.nih.gov', port=443): Failed to resolve 'dev.posit.niehs.nih.gov' ([Errno 8] nodename nor servname provided, or not known)""))"
1059,PDF batch 1059/6155 (1 references),1,ConnectionError,"HTTPSConnectionPool(host='dev.posit.niehs.nih.gov', port=443): Max retries exceeded with url: /et/api/pdf-download (Caused by NameResolutionError(""HTTPSConnection(host='dev.posit.niehs.nih.gov', port=443): Failed to resolve 'dev.posit.niehs.nih.gov' ([Errno 8] nodename nor servname provided, or not known)""))"
1056,PDF batch 1056/6155 (1 references),1,ConnectionError,"HTTPSConnectionPool(host='dev.posit.niehs.nih.gov', port=443): Max retries exceeded with url: /et/api/pdf-download (Caused by NameResolutionError(""HTTPSConnection(host='dev.posit.niehs.nih.gov', port=443): Failed to resolve 'dev.posit.niehs.nih.gov' ([Errno 8] nodename nor servname provided, or not known)""))"
1065,PDF batch 1065/6155 (1 references),1,ConnectionError,"HTTPSConnectionPool(host='dev.posit.niehs.nih.gov', port=443): Max retries exceeded with url: /et/api/pdf-download (Caused by NameResolutionError(""HTTPSConnection(host='dev.posit.niehs.nih.gov', port=443): Failed to resolve 'dev.posit.niehs.nih.gov' ([Errno 8] nodename nor servname provided, or not known)""))"
1064,PDF batch 1064/6155 (1 references),1,ConnectionError,"HTTPSConnectionPool(host='dev.posit.niehs.nih.gov', port=443): Max retries exceeded with url: /et/api/pdf-download (Caused by NameResolutionError(""HTTPSConnection(host='dev.posit.niehs.nih.gov', port=443): Failed to resolve 'dev.posit.niehs.nih.gov' ([Errno 8] nodename nor servname provided, or not known)""))"
1063,PDF batch 1063/6155 (1 references),1,ConnectionError,"HTTPSConnectionPool(host='dev.posit.niehs.nih.gov', port=443): Max retries exceeded with url: /et/api/pdf-download (Caused by NameResolutionError(""HTTPSConnection(host='dev.posit.niehs.nih.gov', port=443): Failed to resolve 'dev.posit.niehs.nih.gov' ([Errno 8] nodename nor servname provided, or not known)""))"
1067,PDF batch 1067/6155 (1 references),1,ConnectionError,"HTTPSConnectionPool(host='dev.posit.niehs.nih.gov', port=443): Max retries exceeded with url: /et/api/pdf-download (Caused by NameResolutionError(""HTTPSConnection(host='dev.posit.niehs.nih.gov', port=443): Failed to resolve 'dev.posit.niehs.nih.gov' ([Errno 8] nodename nor servname provided, or not known)""))"
1066,PDF batch 1066/6155 (1 references),1,ConnectionError,"HTTPSConnectionPool(host='dev.posit.niehs.nih.gov', port=443): Max retries exceeded with url: /et/api/pdf-download (Caused by NameResolutionError(""HTTPSConnection(host='dev.posit.niehs.nih.gov', port=443): Failed to resolve 'dev.posit.niehs.nih.gov' ([Errno 8] nodename nor servname provided, or not known)""))"
1068,PDF batch 1068/6155 (1 references),1,ConnectionError,"HTTPSConnectionPool(host='dev.posit.niehs.nih.gov', port=443): Max retries exceeded with url: /et/api/pdf-download (Caused by NameResolutionError(""HTTPSConnection(host='dev.posit.niehs.nih.gov', port=443): Failed to resolve 'dev.posit.niehs.nih.gov' ([Errno 8] nodename nor servname provided, or not known)""))"
1070,PDF batch 1070/6155 (1 references),1,ConnectionError,"HTTPSConnectionPool(host='dev.posit.niehs.nih.gov', port=443): Max retries exceeded with url: /et/api/pdf-download (Caused by NameResolutionError(""HTTPSConnection(host='dev.posit.niehs.nih.gov', port=443): Failed to resolve 'dev.posit.niehs.nih.gov' ([Errno 8] nodename nor servname provided, or not known)""))"
1069,PDF batch 1069/6155 (1 references),1,ConnectionError,"HTTPSConnectionPool(host='dev.posit.niehs.nih.gov', port=443): Max retries exceeded with url: /et/api/pdf-download (Caused by NameResolutionError(""HTTPSConnection(host='dev.posit.niehs.nih.gov', port=443): Failed to resolve 'dev.posit.niehs.nih.gov' ([Errno 8] nodename nor servname provided, or not known)""))"
1072,PDF batch 1072/6155 (1 references),1,ConnectionError,"HTTPSConnectionPool(host='dev.posit.niehs.nih.gov', port=443): Max retries exceeded with url: /et/api/pdf-download (Caused by NameResolutionError(""HTTPSConnection(host='dev.posit.niehs.nih.gov', port=443): Failed to resolve 'dev.posit.niehs.nih.gov' ([Errno 8] nodename nor servname provided, or not known)""))"
1073,PDF batch 1073/6155 (1 references),1,ConnectionError,"HTTPSConnectionPool(host='dev.posit.niehs.nih.gov', port=443): Max retries exceeded with url: /et/api/pdf-download (Caused by NameResolutionError(""HTTPSConnection(host='dev.posit.niehs.nih.gov', port=443): Failed to resolve 'dev.posit.niehs.nih.gov' ([Errno 8] nodename nor servname provided, or not known)""))"
1071,PDF batch 1071/6155 (1 references),1,ConnectionError,"HTTPSConnectionPool(host='dev.posit.niehs.nih.gov', port=443): Max retries exceeded with url: /et/api/pdf-download (Caused by NameResolutionError(""HTTPSConnection(host='dev.posit.niehs.nih.gov', port=443): Failed to resolve 'dev.posit.niehs.nih.gov' ([Errno 8] nodename nor servname provided, or not known)""))"
1074,PDF batch 1074/6155 (1 references),1,ConnectionError,"HTTPSConnectionPool(host='dev.posit.niehs.nih.gov', port=443): Max retries exceeded with url: /et/api/pdf-download (Caused by NameResolutionError(""HTTPSConnection(host='dev.posit.niehs.nih.gov', port=443): Failed to resolve 'dev.posit.niehs.nih.gov' ([Errno 8] nodename nor servname provided, or not known)""))"
1077,PDF batch 1077/6155 (1 references),1,ConnectionError,"HTTPSConnectionPool(host='dev.posit.niehs.nih.gov', port=443): Max retries exceeded with url: /et/api/pdf-download (Caused by NameResolutionError(""HTTPSConnection(host='dev.posit.niehs.nih.gov', port=443): Failed to resolve 'dev.posit.niehs.nih.gov' ([Errno 8] nodename nor servname provided, or not known)""))"
1075,PDF batch 1075/6155 (1 references),1,ConnectionError,"HTTPSConnectionPool(host='dev.posit.niehs.nih.gov', port=443): Max retries exceeded with url: /et/api/pdf-download (Caused by NameResolutionError(""HTTPSConnection(host='dev.posit.niehs.nih.gov', port=443): Failed to resolve 'dev.posit.niehs.nih.gov' ([Errno 8] nodename nor servname provided, or not known)""))"
1078,PDF batch 1078/6155 (1 references),1,ConnectionError,"HTTPSConnectionPool(host='dev.posit.niehs.nih.gov', port=443): Max retries exceeded with url: /et/api/pdf-download (Caused by NameResolutionError(""HTTPSConnection(host='dev.posit.niehs.nih.gov', port=443): Failed to resolve 'dev.posit.niehs.nih.gov' ([Errno 8] nodename nor servname provided, or not known)""))"
1076,PDF batch 1076/6155 (1 references),1,ConnectionError,"HTTPSConnectionPool(host='dev.posit.niehs.nih.gov', port=443): Max retries exceeded with url: /et/api/pdf-download (Caused by NameResolutionError(""HTTPSConnection(host='dev.posit.niehs.nih.gov', port=443): Failed to resolve 'dev.posit.niehs.nih.gov' ([Errno 8] nodename nor servname provided, or not known)""))"
1080,PDF batch 1080/6155 (1 references),1,ConnectionError,"HTTPSConnectionPool(host='dev.posit.niehs.nih.gov', port=443): Max retries exceeded with url: /et/api/pdf-download (Caused by NameResolutionError(""HTTPSConnection(host='dev.posit.niehs.nih.gov', port=443): Failed to resolve 'dev.posit.niehs.nih.gov' ([Errno 8] nodename nor servname provided, or not known)""))"
1081,PDF batch 1081/6155 (1 references),1,ConnectionError,"HTTPSConnectionPool(host='dev.posit.niehs.nih.gov', port=443): Max retries exceeded with url: /et/api/pdf-download (Caused by NameResolutionError(""HTTPSConnection(host='dev.posit.niehs.nih.gov', port=443): Failed to resolve 'dev.posit.niehs.nih.gov' ([Errno 8] nodename nor servname provided, or not known)""))"
1079,PDF batch 1079/6155 (1 references),1,ConnectionError,"HTTPSConnectionPool(host='dev.posit.niehs.nih.gov', port=443): Max retries exceeded with url: /et/api/pdf-download (Caused by NameResolutionError(""HTTPSConnection(host='dev.posit.niehs.nih.gov', port=443): Failed to resolve 'dev.posit.niehs.nih.gov' ([Errno 8] nodename nor servname provided, or not known)""))"
1084,PDF batch 1084/6155 (1 references),1,ConnectionError,"HTTPSConnectionPool(host='dev.posit.niehs.nih.gov', port=443): Max retries exceeded with url: /et/api/pdf-download (Caused by NameResolutionError(""HTTPSConnection(host='dev.posit.niehs.nih.gov', port=443): Failed to resolve 'dev.posit.niehs.nih.gov' ([Errno 8] nodename nor servname provided, or not known)""))"
1083,PDF batch 1083/6155 (1 references),1,ConnectionError,"HTTPSConnectionPool(host='dev.posit.niehs.nih.gov', port=443): Max retries exceeded with url: /et/api/pdf-download (Caused by NameResolutionError(""HTTPSConnection(host='dev.posit.niehs.nih.gov', port=443): Failed to resolve 'dev.posit.niehs.nih.gov' ([Errno 8] nodename nor servname provided, or not known)""))"
1087,PDF batch 1087/6155 (1 references),1,ConnectionError,"HTTPSConnectionPool(host='dev.posit.niehs.nih.gov', port=443): Max retries exceeded with url: /et/api/pdf-download (Caused by NameResolutionError(""HTTPSConnection(host='dev.posit.niehs.nih.gov', port=443): Failed to resolve 'dev.posit.niehs.nih.gov' ([Errno 8] nodename nor servname provided, or not known)""))"
1082,PDF batch 1082/6155 (1 references),1,ConnectionError,"HTTPSConnectionPool(host='dev.posit.niehs.nih.gov', port=443): Max retries exceeded with url: /et/api/pdf-download (Caused by NameResolutionError(""HTTPSConnection(host='dev.posit.niehs.nih.gov', port=443): Failed to resolve 'dev.posit.niehs.nih.gov' ([Errno 8] nodename nor servname provided, or not known)""))"
1085,PDF batch 1085/6155 (1 references),1,ConnectionError,"HTTPSConnectionPool(host='dev.posit.niehs.nih.gov', port=443): Max retries exceeded with url: /et/api/pdf-download (Caused by NameResolutionError(""HTTPSConnection(host='dev.posit.niehs.nih.gov', port=443): Failed to resolve 'dev.posit.niehs.nih.gov' ([Errno 8] nodename nor servname provided, or not known)""))"
1086,PDF batch 1086/6155 (1 references),1,ConnectionError,"HTTPSConnectionPool(host='dev.posit.niehs.nih.gov', port=443): Max retries exceeded with url: /et/api/pdf-download (Caused by NameResolutionError(""HTTPSConnection(host='dev.posit.niehs.nih.gov', port=443): Failed to resolve 'dev.posit.niehs.nih.gov' ([Errno 8] nodename nor servname provided, or not known)""))"
1088,PDF batch 1088/6155 (1 references),1,ConnectionError,"HTTPSConnectionPool(host='dev.posit.niehs.nih.gov', port=443): Max retries exceeded with url: /et/api/pdf-download (Caused by NameResolutionError(""HTTPSConnection(host='dev.posit.niehs.nih.gov', port=443): Failed to resolve 'dev.posit.niehs.nih.gov' ([Errno 8] nodename nor servname provided, or not known)""))"
1089,PDF batch 1089/6155 (1 references),1,ConnectionError,"HTTPSConnectionPool(host='dev.posit.niehs.nih.gov', port=443): Max retries exceeded with url: /et/api/pdf-download (Caused by NameResolutionError(""HTTPSConnection(host='dev.posit.niehs.nih.gov', port=443): Failed to resolve 'dev.posit.niehs.nih.gov' ([Errno 8] nodename nor servname provided, or not known)""))"
1092,PDF batch 1092/6155 (1 references),1,ConnectionError,"HTTPSConnectionPool(host='dev.posit.niehs.nih.gov', port=443): Max retries exceeded with url: /et/api/pdf-download (Caused by NameResolutionError(""HTTPSConnection(host='dev.posit.niehs.nih.gov', port=443): Failed to resolve 'dev.posit.niehs.nih.gov' ([Errno 8] nodename nor servname provided, or not known)""))"
1090,PDF batch 1090/6155 (1 references),1,ConnectionError,"HTTPSConnectionPool(host='dev.posit.niehs.nih.gov', port=443): Max retries exceeded with url: /et/api/pdf-download (Caused by NameResolutionError(""HTTPSConnection(host='dev.posit.niehs.nih.gov', port=443): Failed to resolve 'dev.posit.niehs.nih.gov' ([Errno 8] nodename nor servname provided, or not known)""))"
1091,PDF batch 1091/6155 (1 references),1,ConnectionError,"HTTPSConnectionPool(host='dev.posit.niehs.nih.gov', port=443): Max retries exceeded with url: /et/api/pdf-download (Caused by NameResolutionError(""HTTPSConnection(host='dev.posit.niehs.nih.gov', port=443): Failed to resolve 'dev.posit.niehs.nih.gov' ([Errno 8] nodename nor servname provided, or not known)""))"
1093,PDF batch 1093/6155 (1 references),1,ConnectionError,"HTTPSConnectionPool(host='dev.posit.niehs.nih.gov', port=443): Max retries exceeded with url: /et/api/pdf-download (Caused by NameResolutionError(""HTTPSConnection(host='dev.posit.niehs.nih.gov', port=443): Failed to resolve 'dev.posit.niehs.nih.gov' ([Errno 8] nodename nor servname provided, or not known)""))"
1095,PDF batch 1095/6155 (1 references),1,ConnectionError,"HTTPSConnectionPool(host='dev.posit.niehs.nih.gov', port=443): Max retries exceeded with url: /et/api/pdf-download (Caused by NameResolutionError(""HTTPSConnection(host='dev.posit.niehs.nih.gov', port=443): Failed to resolve 'dev.posit.niehs.nih.gov' ([Errno 8] nodename nor servname provided, or not known)""))"
1097,PDF batch 1097/6155 (1 references),1,ConnectionError,"HTTPSConnectionPool(host='dev.posit.niehs.nih.gov', port=443): Max retries exceeded with url: /et/api/pdf-download (Caused by NameResolutionError(""HTTPSConnection(host='dev.posit.niehs.nih.gov', port=443): Failed to resolve 'dev.posit.niehs.nih.gov' ([Errno 8] nodename nor servname provided, or not known)""))"
1094,PDF batch 1094/6155 (1 references),1,ConnectionError,"HTTPSConnectionPool(host='dev.posit.niehs.nih.gov', port=443): Max retries exceeded with url: /et/api/pdf-download (Caused by NameResolutionError(""HTTPSConnection(host='dev.posit.niehs.nih.gov', port=443): Failed to resolve 'dev.posit.niehs.nih.gov' ([Errno 8] nodename nor servname provided, or not known)""))"
1096,PDF batch 1096/6155 (1 references),1,ConnectionError,"HTTPSConnectionPool(host='dev.posit.niehs.nih.gov', port=443): Max retries exceeded with url: /et/api/pdf-download (Caused by NameResolutionError(""HTTPSConnection(host='dev.posit.niehs.nih.gov', port=443): Failed to resolve 'dev.posit.niehs.nih.gov' ([Errno 8] nodename nor servname provided, or not known)""))"
1099,PDF batch 1099/6155 (1 references),1,ConnectionError,"HTTPSConnectionPool(host='dev.posit.niehs.nih.gov', port=443): Max retries exceeded with url: /et/api/pdf-download (Caused by NameResolutionError(""HTTPSConnection(host='dev.posit.niehs.nih.gov', port=443): Failed to resolve 'dev.posit.niehs.nih.gov' ([Errno 8] nodename nor servname provided, or not known)""))"
1098,PDF batch 1098/6155 (1 references),1,ConnectionError,"HTTPSConnectionPool(host='dev.posit.niehs.nih.gov', port=443): Max retries exceeded with url: /et/api/pdf-download (Caused by NameResolutionError(""HTTPSConnection(host='dev.posit.niehs.nih.gov', port=443): Failed to resolve 'dev.posit.niehs.nih.gov' ([Errno 8] nodename nor servname provided, or not known)""))"
1100,PDF batch 1100/6155 (1 references),1,ConnectionError,"HTTPSConnectionPool(host='dev.posit.niehs.nih.gov', port=443): Max retries exceeded with url: /et/api/pdf-download (Caused by NameResolutionError(""HTTPSConnection(host='dev.posit.niehs.nih.gov', port=443): Failed to resolve 'dev.posit.niehs.nih.gov' ([Errno 8] nodename nor servname provided, or not known)""))"
1103,PDF batch 1103/6155 (1 references),1,ConnectionError,"HTTPSConnectionPool(host='dev.posit.niehs.nih.gov', port=443): Max retries exceeded with url: /et/api/pdf-download (Caused by NameResolutionError(""HTTPSConnection(host='dev.posit.niehs.nih.gov', port=443): Failed to resolve 'dev.posit.niehs.nih.gov' ([Errno 8] nodename nor servname provided, or not known)""))"
1104,PDF batch 1104/6155 (1 references),1,ConnectionError,"HTTPSConnectionPool(host='dev.posit.niehs.nih.gov', port=443): Max retries exceeded with url: /et/api/pdf-download (Caused by NameResolutionError(""HTTPSConnection(host='dev.posit.niehs.nih.gov', port=443): Failed to resolve 'dev.posit.niehs.nih.gov' ([Errno 8] nodename nor servname provided, or not known)""))"
1106,PDF batch 1106/6155 (1 references),1,ConnectionError,"HTTPSConnectionPool(host='dev.posit.niehs.nih.gov', port=443): Max retries exceeded with url: /et/api/pdf-download (Caused by NameResolutionError(""HTTPSConnection(host='dev.posit.niehs.nih.gov', port=443): Failed to resolve 'dev.posit.niehs.nih.gov' ([Errno 8] nodename nor servname provided, or not known)""))"
1105,PDF batch 1105/6155 (1 references),1,ConnectionError,"HTTPSConnectionPool(host='dev.posit.niehs.nih.gov', port=443): Max retries exceeded with url: /et/api/pdf-download (Caused by NameResolutionError(""HTTPSConnection(host='dev.posit.niehs.nih.gov', port=443): Failed to resolve 'dev.posit.niehs.nih.gov' ([Errno 8] nodename nor servname provided, or not known)""))"
1101,PDF batch 1101/6155 (1 references),1,ConnectionError,"HTTPSConnectionPool(host='dev.posit.niehs.nih.gov', port=443): Max retries exceeded with url: /et/api/pdf-download (Caused by NameResolutionError(""HTTPSConnection(host='dev.posit.niehs.nih.gov', port=443): Failed to resolve 'dev.posit.niehs.nih.gov' ([Errno 8] nodename nor servname provided, or not known)""))"
1102,PDF batch 1102/6155 (1 references),1,ConnectionError,"HTTPSConnectionPool(host='dev.posit.niehs.nih.gov', port=443): Max retries exceeded with url: /et/api/pdf-download (Caused by NameResolutionError(""HTTPSConnection(host='dev.posit.niehs.nih.gov', port=443): Failed to resolve 'dev.posit.niehs.nih.gov' ([Errno 8] nodename nor servname provided, or not known)""))"
1108,PDF batch 1108/6155 (1 references),1,ConnectionError,"HTTPSConnectionPool(host='dev.posit.niehs.nih.gov', port=443): Max retries exceeded with url: /et/api/pdf-download (Caused by NameResolutionError(""HTTPSConnection(host='dev.posit.niehs.nih.gov', port=443): Failed to resolve 'dev.posit.niehs.nih.gov' ([Errno 8] nodename nor servname provided, or not known)""))"
1107,PDF batch 1107/6155 (1 references),1,ConnectionError,"HTTPSConnectionPool(host='dev.posit.niehs.nih.gov', port=443): Max retries exceeded with url: /et/api/pdf-download (Caused by NameResolutionError(""HTTPSConnection(host='dev.posit.niehs.nih.gov', port=443): Failed to resolve 'dev.posit.niehs.nih.gov' ([Errno 8] nodename nor servname provided, or not known)""))"
1110,PDF batch 1110/6155 (1 references),1,ConnectionError,"HTTPSConnectionPool(host='dev.posit.niehs.nih.gov', port=443): Max retries exceeded with url: /et/api/pdf-download (Caused by NameResolutionError(""HTTPSConnection(host='dev.posit.niehs.nih.gov', port=443): Failed to resolve 'dev.posit.niehs.nih.gov' ([Errno 8] nodename nor servname provided, or not known)""))"
1109,PDF batch 1109/6155 (1 references),1,ConnectionError,"HTTPSConnectionPool(host='dev.posit.niehs.nih.gov', port=443): Max retries exceeded with url: /et/api/pdf-download (Caused by NameResolutionError(""HTTPSConnection(host='dev.posit.niehs.nih.gov', port=443): Failed to resolve 'dev.posit.niehs.nih.gov' ([Errno 8] nodename nor servname provided, or not known)""))"
1111,PDF batch 1111/6155 (1 references),1,ConnectionError,"HTTPSConnectionPool(host='dev.posit.niehs.nih.gov', port=443): Max retries exceeded with url: /et/api/pdf-download (Caused by NameResolutionError(""HTTPSConnection(host='dev.posit.niehs.nih.gov', port=443): Failed to resolve 'dev.posit.niehs.nih.gov' ([Errno 8] nodename nor servname provided, or not known)""))"
1112,PDF batch 1112/6155 (1 references),1,ConnectionError,"HTTPSConnectionPool(host='dev.posit.niehs.nih.gov', port=443): Max retries exceeded with url: /et/api/pdf-download (Caused by NameResolutionError(""HTTPSConnection(host='dev.posit.niehs.nih.gov', port=443): Failed to resolve 'dev.posit.niehs.nih.gov' ([Errno 8] nodename nor servname provided, or not known)""))"
1113,PDF batch 1113/6155 (1 references),1,ConnectionError,"HTTPSConnectionPool(host='dev.posit.niehs.nih.gov', port=443): Max retries exceeded with url: /et/api/pdf-download (Caused by NameResolutionError(""HTTPSConnection(host='dev.posit.niehs.nih.gov', port=443): Failed to resolve 'dev.posit.niehs.nih.gov' ([Errno 8] nodename nor servname provided, or not known)""))"
1117,PDF batch 1117/6155 (1 references),1,ConnectionError,"HTTPSConnectionPool(host='dev.posit.niehs.nih.gov', port=443): Max retries exceeded with url: /et/api/pdf-download (Caused by NameResolutionError(""HTTPSConnection(host='dev.posit.niehs.nih.gov', port=443): Failed to resolve 'dev.posit.niehs.nih.gov' ([Errno 8] nodename nor servname provided, or not known)""))"
1114,PDF batch 1114/6155 (1 references),1,ConnectionError,"HTTPSConnectionPool(host='dev.posit.niehs.nih.gov', port=443): Max retries exceeded with url: /et/api/pdf-download (Caused by NameResolutionError(""HTTPSConnection(host='dev.posit.niehs.nih.gov', port=443): Failed to resolve 'dev.posit.niehs.nih.gov' ([Errno 8] nodename nor servname provided, or not known)""))"
1119,PDF batch 1119/6155 (1 references),1,ConnectionError,"HTTPSConnectionPool(host='dev.posit.niehs.nih.gov', port=443): Max retries exceeded with url: /et/api/pdf-download (Caused by NameResolutionError(""HTTPSConnection(host='dev.posit.niehs.nih.gov', port=443): Failed to resolve 'dev.posit.niehs.nih.gov' ([Errno 8] nodename nor servname provided, or not known)""))"
1115,PDF batch 1115/6155 (1 references),1,ConnectionError,"HTTPSConnectionPool(host='dev.posit.niehs.nih.gov', port=443): Max retries exceeded with url: /et/api/pdf-download (Caused by NameResolutionError(""HTTPSConnection(host='dev.posit.niehs.nih.gov', port=443): Failed to resolve 'dev.posit.niehs.nih.gov' ([Errno 8] nodename nor servname provided, or not known)""))"
1116,PDF batch 1116/6155 (1 references),1,ConnectionError,"HTTPSConnectionPool(host='dev.posit.niehs.nih.gov', port=443): Max retries exceeded with url: /et/api/pdf-download (Caused by NameResolutionError(""HTTPSConnection(host='dev.posit.niehs.nih.gov', port=443): Failed to resolve 'dev.posit.niehs.nih.gov' ([Errno 8] nodename nor servname provided, or not known)""))"
1118,PDF batch 1118/6155 (1 references),1,ConnectionError,"HTTPSConnectionPool(host='dev.posit.niehs.nih.gov', port=443): Max retries exceeded with url: /et/api/pdf-download (Caused by NameResolutionError(""HTTPSConnection(host='dev.posit.niehs.nih.gov', port=443): Failed to resolve 'dev.posit.niehs.nih.gov' ([Errno 8] nodename nor servname provided, or not known)""))"
1124,PDF batch 1124/6155 (1 references),1,ConnectionError,"HTTPSConnectionPool(host='dev.posit.niehs.nih.gov', port=443): Max retries exceeded with url: /et/api/pdf-download (Caused by NameResolutionError(""HTTPSConnection(host='dev.posit.niehs.nih.gov', port=443): Failed to resolve 'dev.posit.niehs.nih.gov' ([Errno 8] nodename nor servname provided, or not known)""))"
1120,PDF batch 1120/6155 (1 references),1,ConnectionError,"HTTPSConnectionPool(host='dev.posit.niehs.nih.gov', port=443): Max retries exceeded with url: /et/api/pdf-download (Caused by NameResolutionError(""HTTPSConnection(host='dev.posit.niehs.nih.gov', port=443): Failed to resolve 'dev.posit.niehs.nih.gov' ([Errno 8] nodename nor servname provided, or not known)""))"
1123,PDF batch 1123/6155 (1 references),1,ConnectionError,"HTTPSConnectionPool(host='dev.posit.niehs.nih.gov', port=443): Max retries exceeded with url: /et/api/pdf-download (Caused by NameResolutionError(""HTTPSConnection(host='dev.posit.niehs.nih.gov', port=443): Failed to resolve 'dev.posit.niehs.nih.gov' ([Errno 8] nodename nor servname provided, or not known)""))"
1122,PDF batch 1122/6155 (1 references),1,ConnectionError,"HTTPSConnectionPool(host='dev.posit.niehs.nih.gov', port=443): Max retries exceeded with url: /et/api/pdf-download (Caused by NameResolutionError(""HTTPSConnection(host='dev.posit.niehs.nih.gov', port=443): Failed to resolve 'dev.posit.niehs.nih.gov' ([Errno 8] nodename nor servname provided, or not known)""))"
1125,PDF batch 1125/6155 (1 references),1,ConnectionError,"HTTPSConnectionPool(host='dev.posit.niehs.nih.gov', port=443): Max retries exceeded with url: /et/api/pdf-download (Caused by NameResolutionError(""HTTPSConnection(host='dev.posit.niehs.nih.gov', port=443): Failed to resolve 'dev.posit.niehs.nih.gov' ([Errno 8] nodename nor servname provided, or not known)""))"
1121,PDF batch 1121/6155 (1 references),1,ConnectionError,"HTTPSConnectionPool(host='dev.posit.niehs.nih.gov', port=443): Max retries exceeded with url: /et/api/pdf-download (Caused by NameResolutionError(""HTTPSConnection(host='dev.posit.niehs.nih.gov', port=443): Failed to resolve 'dev.posit.niehs.nih.gov' ([Errno 8] nodename nor servname provided, or not known)""))"
1127,PDF batch 1127/6155 (1 references),1,ConnectionError,"HTTPSConnectionPool(host='dev.posit.niehs.nih.gov', port=443): Max retries exceeded with url: /et/api/pdf-download (Caused by NameResolutionError(""HTTPSConnection(host='dev.posit.niehs.nih.gov', port=443): Failed to resolve 'dev.posit.niehs.nih.gov' ([Errno 8] nodename nor servname provided, or not known)""))"
1126,PDF batch 1126/6155 (1 references),1,ConnectionError,"HTTPSConnectionPool(host='dev.posit.niehs.nih.gov', port=443): Max retries exceeded with url: /et/api/pdf-download (Caused by NameResolutionError(""HTTPSConnection(host='dev.posit.niehs.nih.gov', port=443): Failed to resolve 'dev.posit.niehs.nih.gov' ([Errno 8] nodename nor servname provided, or not known)""))"
1130,PDF batch 1130/6155 (1 references),1,ConnectionError,"HTTPSConnectionPool(host='dev.posit.niehs.nih.gov', port=443): Max retries exceeded with url: /et/api/pdf-download (Caused by NameResolutionError(""HTTPSConnection(host='dev.posit.niehs.nih.gov', port=443): Failed to resolve 'dev.posit.niehs.nih.gov' ([Errno 8] nodename nor servname provided, or not known)""))"
1128,PDF batch 1128/6155 (1 references),1,ConnectionError,"HTTPSConnectionPool(host='dev.posit.niehs.nih.gov', port=443): Max retries exceeded with url: /et/api/pdf-download (Caused by NameResolutionError(""HTTPSConnection(host='dev.posit.niehs.nih.gov', port=443): Failed to resolve 'dev.posit.niehs.nih.gov' ([Errno 8] nodename nor servname provided, or not known)""))"
1129,PDF batch 1129/6155 (1 references),1,ConnectionError,"HTTPSConnectionPool(host='dev.posit.niehs.nih.gov', port=443): Max retries exceeded with url: /et/api/pdf-download (Caused by NameResolutionError(""HTTPSConnection(host='dev.posit.niehs.nih.gov', port=443): Failed to resolve 'dev.posit.niehs.nih.gov' ([Errno 8] nodename nor servname provided, or not known)""))"
1131,PDF batch 1131/6155 (1 references),1,ConnectionError,"HTTPSConnectionPool(host='dev.posit.niehs.nih.gov', port=443): Max retries exceeded with url: /et/api/pdf-download (Caused by NameResolutionError(""HTTPSConnection(host='dev.posit.niehs.nih.gov', port=443): Failed to resolve 'dev.posit.niehs.nih.gov' ([Errno 8] nodename nor servname provided, or not known)""))"
1137,PDF batch 1137/6155 (1 references),1,ConnectionError,"HTTPSConnectionPool(host='dev.posit.niehs.nih.gov', port=443): Max retries exceeded with url: /et/api/pdf-download (Caused by NameResolutionError(""HTTPSConnection(host='dev.posit.niehs.nih.gov', port=443): Failed to resolve 'dev.posit.niehs.nih.gov' ([Errno 8] nodename nor servname provided, or not known)""))"
1136,PDF batch 1136/6155 (1 references),1,ConnectionError,"HTTPSConnectionPool(host='dev.posit.niehs.nih.gov', port=443): Max retries exceeded with url: /et/api/pdf-download (Caused by NameResolutionError(""HTTPSConnection(host='dev.posit.niehs.nih.gov', port=443): Failed to resolve 'dev.posit.niehs.nih.gov' ([Errno 8] nodename nor servname provided, or not known)""))"
1132,PDF batch 1132/6155 (1 references),1,ConnectionError,"HTTPSConnectionPool(host='dev.posit.niehs.nih.gov', port=443): Max retries exceeded with url: /et/api/pdf-download (Caused by NameResolutionError(""HTTPSConnection(host='dev.posit.niehs.nih.gov', port=443): Failed to resolve 'dev.posit.niehs.nih.gov' ([Errno 8] nodename nor servname provided, or not known)""))"
1135,PDF batch 1135/6155 (1 references),1,ConnectionError,"HTTPSConnectionPool(host='dev.posit.niehs.nih.gov', port=443): Max retries exceeded with url: /et/api/pdf-download (Caused by NameResolutionError(""HTTPSConnection(host='dev.posit.niehs.nih.gov', port=443): Failed to resolve 'dev.posit.niehs.nih.gov' ([Errno 8] nodename nor servname provided, or not known)""))"
1133,PDF batch 1133/6155 (1 references),1,ConnectionError,"HTTPSConnectionPool(host='dev.posit.niehs.nih.gov', port=443): Max retries exceeded with url: /et/api/pdf-download (Caused by NameResolutionError(""HTTPSConnection(host='dev.posit.niehs.nih.gov', port=443): Failed to resolve 'dev.posit.niehs.nih.gov' ([Errno 8] nodename nor servname provided, or not known)""))"
1138,PDF batch 1138/6155 (1 references),1,ConnectionError,"HTTPSConnectionPool(host='dev.posit.niehs.nih.gov', port=443): Max retries exceeded with url: /et/api/pdf-download (Caused by NameResolutionError(""HTTPSConnection(host='dev.posit.niehs.nih.gov', port=443): Failed to resolve 'dev.posit.niehs.nih.gov' ([Errno 8] nodename nor servname provided, or not known)""))"
1134,PDF batch 1134/6155 (1 references),1,ConnectionError,"HTTPSConnectionPool(host='dev.posit.niehs.nih.gov', port=443): Max retries exceeded with url: /et/api/pdf-download (Caused by NameResolutionError(""HTTPSConnection(host='dev.posit.niehs.nih.gov', port=443): Failed to resolve 'dev.posit.niehs.nih.gov' ([Errno 8] nodename nor servname provided, or not known)""))"
1140,PDF batch 1140/6155 (1 references),1,ConnectionError,"HTTPSConnectionPool(host='dev.posit.niehs.nih.gov', port=443): Max retries exceeded with url: /et/api/pdf-download (Caused by NameResolutionError(""HTTPSConnection(host='dev.posit.niehs.nih.gov', port=443): Failed to resolve 'dev.posit.niehs.nih.gov' ([Errno 8] nodename nor servname provided, or not known)""))"
1144,PDF batch 1144/6155 (1 references),1,ConnectionError,"HTTPSConnectionPool(host='dev.posit.niehs.nih.gov', port=443): Max retries exceeded with url: /et/api/pdf-download (Caused by NameResolutionError(""HTTPSConnection(host='dev.posit.niehs.nih.gov', port=443): Failed to resolve 'dev.posit.niehs.nih.gov' ([Errno 8] nodename nor servname provided, or not known)""))"
1143,PDF batch 1143/6155 (1 references),1,ConnectionError,"HTTPSConnectionPool(host='dev.posit.niehs.nih.gov', port=443): Max retries exceeded with url: /et/api/pdf-download (Caused by NameResolutionError(""HTTPSConnection(host='dev.posit.niehs.nih.gov', port=443): Failed to resolve 'dev.posit.niehs.nih.gov' ([Errno 8] nodename nor servname provided, or not known)""))"
1142,PDF batch 1142/6155 (1 references),1,ConnectionError,"HTTPSConnectionPool(host='dev.posit.niehs.nih.gov', port=443): Max retries exceeded with url: /et/api/pdf-download (Caused by NameResolutionError(""HTTPSConnection(host='dev.posit.niehs.nih.gov', port=443): Failed to resolve 'dev.posit.niehs.nih.gov' ([Errno 8] nodename nor servname provided, or not known)""))"
1141,PDF batch 1141/6155 (1 references),1,ConnectionError,"HTTPSConnectionPool(host='dev.posit.niehs.nih.gov', port=443): Max retries exceeded with url: /et/api/pdf-download (Caused by NameResolutionError(""HTTPSConnection(host='dev.posit.niehs.nih.gov', port=443): Failed to resolve 'dev.posit.niehs.nih.gov' ([Errno 8] nodename nor servname provided, or not known)""))"
1139,PDF batch 1139/6155 (1 references),1,ConnectionError,"HTTPSConnectionPool(host='dev.posit.niehs.nih.gov', port=443): Max retries exceeded with url: /et/api/pdf-download (Caused by NameResolutionError(""HTTPSConnection(host='dev.posit.niehs.nih.gov', port=443): Failed to resolve 'dev.posit.niehs.nih.gov' ([Errno 8] nodename nor servname provided, or not known)""))"
1146,PDF batch 1146/6155 (1 references),1,ConnectionError,"HTTPSConnectionPool(host='dev.posit.niehs.nih.gov', port=443): Max retries exceeded with url: /et/api/pdf-download (Caused by NameResolutionError(""HTTPSConnection(host='dev.posit.niehs.nih.gov', port=443): Failed to resolve 'dev.posit.niehs.nih.gov' ([Errno 8] nodename nor servname provided, or not known)""))"
1145,PDF batch 1145/6155 (1 references),1,ConnectionError,"HTTPSConnectionPool(host='dev.posit.niehs.nih.gov', port=443): Max retries exceeded with url: /et/api/pdf-download (Caused by NameResolutionError(""HTTPSConnection(host='dev.posit.niehs.nih.gov', port=443): Failed to resolve 'dev.posit.niehs.nih.gov' ([Errno 8] nodename nor servname provided, or not known)""))"
1147,PDF batch 1147/6155 (1 references),1,ConnectionError,"HTTPSConnectionPool(host='dev.posit.niehs.nih.gov', port=443): Max retries exceeded with url: /et/api/pdf-download (Caused by NameResolutionError(""HTTPSConnection(host='dev.posit.niehs.nih.gov', port=443): Failed to resolve 'dev.posit.niehs.nih.gov' ([Errno 8] nodename nor servname provided, or not known)""))"
1148,PDF batch 1148/6155 (1 references),1,ConnectionError,"HTTPSConnectionPool(host='dev.posit.niehs.nih.gov', port=443): Max retries exceeded with url: /et/api/pdf-download (Caused by NameResolutionError(""HTTPSConnection(host='dev.posit.niehs.nih.gov', port=443): Failed to resolve 'dev.posit.niehs.nih.gov' ([Errno 8] nodename nor servname provided, or not known)""))"
1149,PDF batch 1149/6155 (1 references),1,ConnectionError,"HTTPSConnectionPool(host='dev.posit.niehs.nih.gov', port=443): Max retries exceeded with url: /et/api/pdf-download (Caused by NameResolutionError(""HTTPSConnection(host='dev.posit.niehs.nih.gov', port=443): Failed to resolve 'dev.posit.niehs.nih.gov' ([Errno 8] nodename nor servname provided, or not known)""))"
1150,PDF batch 1150/6155 (1 references),1,ConnectionError,"HTTPSConnectionPool(host='dev.posit.niehs.nih.gov', port=443): Max retries exceeded with url: /et/api/pdf-download (Caused by NameResolutionError(""HTTPSConnection(host='dev.posit.niehs.nih.gov', port=443): Failed to resolve 'dev.posit.niehs.nih.gov' ([Errno 8] nodename nor servname provided, or not known)""))"
1151,PDF batch 1151/6155 (1 references),1,ConnectionError,"HTTPSConnectionPool(host='dev.posit.niehs.nih.gov', port=443): Max retries exceeded with url: /et/api/pdf-download (Caused by NameResolutionError(""HTTPSConnection(host='dev.posit.niehs.nih.gov', port=443): Failed to resolve 'dev.posit.niehs.nih.gov' ([Errno 8] nodename nor servname provided, or not known)""))"
1152,PDF batch 1152/6155 (1 references),1,ConnectionError,"HTTPSConnectionPool(host='dev.posit.niehs.nih.gov', port=443): Max retries exceeded with url: /et/api/pdf-download (Caused by NameResolutionError(""HTTPSConnection(host='dev.posit.niehs.nih.gov', port=443): Failed to resolve 'dev.posit.niehs.nih.gov' ([Errno 8] nodename nor servname provided, or not known)""))"
1156,PDF batch 1156/6155 (1 references),1,ConnectionError,"HTTPSConnectionPool(host='dev.posit.niehs.nih.gov', port=443): Max retries exceeded with url: /et/api/pdf-download (Caused by NameResolutionError(""HTTPSConnection(host='dev.posit.niehs.nih.gov', port=443): Failed to resolve 'dev.posit.niehs.nih.gov' ([Errno 8] nodename nor servname provided, or not known)""))"
1155,PDF batch 1155/6155 (1 references),1,ConnectionError,"HTTPSConnectionPool(host='dev.posit.niehs.nih.gov', port=443): Max retries exceeded with url: /et/api/pdf-download (Caused by NameResolutionError(""HTTPSConnection(host='dev.posit.niehs.nih.gov', port=443): Failed to resolve 'dev.posit.niehs.nih.gov' ([Errno 8] nodename nor servname provided, or not known)""))"
1157,PDF batch 1157/6155 (1 references),1,ConnectionError,"HTTPSConnectionPool(host='dev.posit.niehs.nih.gov', port=443): Max retries exceeded with url: /et/api/pdf-download (Caused by NameResolutionError(""HTTPSConnection(host='dev.posit.niehs.nih.gov', port=443): Failed to resolve 'dev.posit.niehs.nih.gov' ([Errno 8] nodename nor servname provided, or not known)""))"
1154,PDF batch 1154/6155 (1 references),1,ConnectionError,"HTTPSConnectionPool(host='dev.posit.niehs.nih.gov', port=443): Max retries exceeded with url: /et/api/pdf-download (Caused by NameResolutionError(""HTTPSConnection(host='dev.posit.niehs.nih.gov', port=443): Failed to resolve 'dev.posit.niehs.nih.gov' ([Errno 8] nodename nor servname provided, or not known)""))"
1153,PDF batch 1153/6155 (1 references),1,ConnectionError,"HTTPSConnectionPool(host='dev.posit.niehs.nih.gov', port=443): Max retries exceeded with url: /et/api/pdf-download (Caused by NameResolutionError(""HTTPSConnection(host='dev.posit.niehs.nih.gov', port=443): Failed to resolve 'dev.posit.niehs.nih.gov' ([Errno 8] nodename nor servname provided, or not known)""))"
1159,PDF batch 1159/6155 (1 references),1,ConnectionError,"HTTPSConnectionPool(host='dev.posit.niehs.nih.gov', port=443): Max retries exceeded with url: /et/api/pdf-download (Caused by NameResolutionError(""HTTPSConnection(host='dev.posit.niehs.nih.gov', port=443): Failed to resolve 'dev.posit.niehs.nih.gov' ([Errno 8] nodename nor servname provided, or not known)""))"
1160,PDF batch 1160/6155 (1 references),1,ConnectionError,"HTTPSConnectionPool(host='dev.posit.niehs.nih.gov', port=443): Max retries exceeded with url: /et/api/pdf-download (Caused by NameResolutionError(""HTTPSConnection(host='dev.posit.niehs.nih.gov', port=443): Failed to resolve 'dev.posit.niehs.nih.gov' ([Errno 8] nodename nor servname provided, or not known)""))"
1163,PDF batch 1163/6155 (1 references),1,ConnectionError,"HTTPSConnectionPool(host='dev.posit.niehs.nih.gov', port=443): Max retries exceeded with url: /et/api/pdf-download (Caused by NameResolutionError(""HTTPSConnection(host='dev.posit.niehs.nih.gov', port=443): Failed to resolve 'dev.posit.niehs.nih.gov' ([Errno 8] nodename nor servname provided, or not known)""))"
1161,PDF batch 1161/6155 (1 references),1,ConnectionError,"HTTPSConnectionPool(host='dev.posit.niehs.nih.gov', port=443): Max retries exceeded with url: /et/api/pdf-download (Caused by NameResolutionError(""HTTPSConnection(host='dev.posit.niehs.nih.gov', port=443): Failed to resolve 'dev.posit.niehs.nih.gov' ([Errno 8] nodename nor servname provided, or not known)""))"
1162,PDF batch 1162/6155 (1 references),1,ConnectionError,"HTTPSConnectionPool(host='dev.posit.niehs.nih.gov', port=443): Max retries exceeded with url: /et/api/pdf-download (Caused by NameResolutionError(""HTTPSConnection(host='dev.posit.niehs.nih.gov', port=443): Failed to resolve 'dev.posit.niehs.nih.gov' ([Errno 8] nodename nor servname provided, or not known)""))"
1158,PDF batch 1158/6155 (1 references),1,ConnectionError,"HTTPSConnectionPool(host='dev.posit.niehs.nih.gov', port=443): Max retries exceeded with url: /et/api/pdf-download (Caused by NameResolutionError(""HTTPSConnection(host='dev.posit.niehs.nih.gov', port=443): Failed to resolve 'dev.posit.niehs.nih.gov' ([Errno 8] nodename nor servname provided, or not known)""))"
1165,PDF batch 1165/6155 (1 references),1,ConnectionError,"HTTPSConnectionPool(host='dev.posit.niehs.nih.gov', port=443): Max retries exceeded with url: /et/api/pdf-download (Caused by NameResolutionError(""HTTPSConnection(host='dev.posit.niehs.nih.gov', port=443): Failed to resolve 'dev.posit.niehs.nih.gov' ([Errno 8] nodename nor servname provided, or not known)""))"
1164,PDF batch 1164/6155 (1 references),1,ConnectionError,"HTTPSConnectionPool(host='dev.posit.niehs.nih.gov', port=443): Max retries exceeded with url: /et/api/pdf-download (Caused by NameResolutionError(""HTTPSConnection(host='dev.posit.niehs.nih.gov', port=443): Failed to resolve 'dev.posit.niehs.nih.gov' ([Errno 8] nodename nor servname provided, or not known)""))"
1166,PDF batch 1166/6155 (1 references),1,ConnectionError,"HTTPSConnectionPool(host='dev.posit.niehs.nih.gov', port=443): Max retries exceeded with url: /et/api/pdf-download (Caused by NameResolutionError(""HTTPSConnection(host='dev.posit.niehs.nih.gov', port=443): Failed to resolve 'dev.posit.niehs.nih.gov' ([Errno 8] nodename nor servname provided, or not known)""))"
1168,PDF batch 1168/6155 (1 references),1,ConnectionError,"HTTPSConnectionPool(host='dev.posit.niehs.nih.gov', port=443): Max retries exceeded with url: /et/api/pdf-download (Caused by NameResolutionError(""HTTPSConnection(host='dev.posit.niehs.nih.gov', port=443): Failed to resolve 'dev.posit.niehs.nih.gov' ([Errno 8] nodename nor servname provided, or not known)""))"
1167,PDF batch 1167/6155 (1 references),1,ConnectionError,"HTTPSConnectionPool(host='dev.posit.niehs.nih.gov', port=443): Max retries exceeded with url: /et/api/pdf-download (Caused by NameResolutionError(""HTTPSConnection(host='dev.posit.niehs.nih.gov', port=443): Failed to resolve 'dev.posit.niehs.nih.gov' ([Errno 8] nodename nor servname provided, or not known)""))"
1169,PDF batch 1169/6155 (1 references),1,ConnectionError,"HTTPSConnectionPool(host='dev.posit.niehs.nih.gov', port=443): Max retries exceeded with url: /et/api/pdf-download (Caused by NameResolutionError(""HTTPSConnection(host='dev.posit.niehs.nih.gov', port=443): Failed to resolve 'dev.posit.niehs.nih.gov' ([Errno 8] nodename nor servname provided, or not known)""))"
1170,PDF batch 1170/6155 (1 references),1,ConnectionError,"HTTPSConnectionPool(host='dev.posit.niehs.nih.gov', port=443): Max retries exceeded with url: /et/api/pdf-download (Caused by NameResolutionError(""HTTPSConnection(host='dev.posit.niehs.nih.gov', port=443): Failed to resolve 'dev.posit.niehs.nih.gov' ([Errno 8] nodename nor servname provided, or not known)""))"
1172,PDF batch 1172/6155 (1 references),1,ConnectionError,"HTTPSConnectionPool(host='dev.posit.niehs.nih.gov', port=443): Max retries exceeded with url: /et/api/pdf-download (Caused by NameResolutionError(""HTTPSConnection(host='dev.posit.niehs.nih.gov', port=443): Failed to resolve 'dev.posit.niehs.nih.gov' ([Errno 8] nodename nor servname provided, or not known)""))"
1171,PDF batch 1171/6155 (1 references),1,ConnectionError,"HTTPSConnectionPool(host='dev.posit.niehs.nih.gov', port=443): Max retries exceeded with url: /et/api/pdf-download (Caused by NameResolutionError(""HTTPSConnection(host='dev.posit.niehs.nih.gov', port=443): Failed to resolve 'dev.posit.niehs.nih.gov' ([Errno 8] nodename nor servname provided, or not known)""))"
1174,PDF batch 1174/6155 (1 references),1,ConnectionError,"HTTPSConnectionPool(host='dev.posit.niehs.nih.gov', port=443): Max retries exceeded with url: /et/api/pdf-download (Caused by NameResolutionError(""HTTPSConnection(host='dev.posit.niehs.nih.gov', port=443): Failed to resolve 'dev.posit.niehs.nih.gov' ([Errno 8] nodename nor servname provided, or not known)""))"
1175,PDF batch 1175/6155 (1 references),1,ConnectionError,"HTTPSConnectionPool(host='dev.posit.niehs.nih.gov', port=443): Max retries exceeded with url: /et/api/pdf-download (Caused by NameResolutionError(""HTTPSConnection(host='dev.posit.niehs.nih.gov', port=443): Failed to resolve 'dev.posit.niehs.nih.gov' ([Errno 8] nodename nor servname provided, or not known)""))"
1173,PDF batch 1173/6155 (1 references),1,ConnectionError,"HTTPSConnectionPool(host='dev.posit.niehs.nih.gov', port=443): Max retries exceeded with url: /et/api/pdf-download (Caused by NameResolutionError(""HTTPSConnection(host='dev.posit.niehs.nih.gov', port=443): Failed to resolve 'dev.posit.niehs.nih.gov' ([Errno 8] nodename nor servname provided, or not known)""))"
1176,PDF batch 1176/6155 (1 references),1,ConnectionError,"HTTPSConnectionPool(host='dev.posit.niehs.nih.gov', port=443): Max retries exceeded with url: /et/api/pdf-download (Caused by NameResolutionError(""HTTPSConnection(host='dev.posit.niehs.nih.gov', port=443): Failed to resolve 'dev.posit.niehs.nih.gov' ([Errno 8] nodename nor servname provided, or not known)""))"
1180,PDF batch 1180/6155 (1 references),1,ConnectionError,"HTTPSConnectionPool(host='dev.posit.niehs.nih.gov', port=443): Max retries exceeded with url: /et/api/pdf-download (Caused by NameResolutionError(""HTTPSConnection(host='dev.posit.niehs.nih.gov', port=443): Failed to resolve 'dev.posit.niehs.nih.gov' ([Errno 8] nodename nor servname provided, or not known)""))"
1177,PDF batch 1177/6155 (1 references),1,ConnectionError,"HTTPSConnectionPool(host='dev.posit.niehs.nih.gov', port=443): Max retries exceeded with url: /et/api/pdf-download (Caused by NameResolutionError(""HTTPSConnection(host='dev.posit.niehs.nih.gov', port=443): Failed to resolve 'dev.posit.niehs.nih.gov' ([Errno 8] nodename nor servname provided, or not known)""))"
1182,PDF batch 1182/6155 (1 references),1,ConnectionError,"HTTPSConnectionPool(host='dev.posit.niehs.nih.gov', port=443): Max retries exceeded with url: /et/api/pdf-download (Caused by NameResolutionError(""HTTPSConnection(host='dev.posit.niehs.nih.gov', port=443): Failed to resolve 'dev.posit.niehs.nih.gov' ([Errno 8] nodename nor servname provided, or not known)""))"
1181,PDF batch 1181/6155 (1 references),1,ConnectionError,"HTTPSConnectionPool(host='dev.posit.niehs.nih.gov', port=443): Max retries exceeded with url: /et/api/pdf-download (Caused by NameResolutionError(""HTTPSConnection(host='dev.posit.niehs.nih.gov', port=443): Failed to resolve 'dev.posit.niehs.nih.gov' ([Errno 8] nodename nor servname provided, or not known)""))"
1178,PDF batch 1178/6155 (1 references),1,ConnectionError,"HTTPSConnectionPool(host='dev.posit.niehs.nih.gov', port=443): Max retries exceeded with url: /et/api/pdf-download (Caused by NameResolutionError(""HTTPSConnection(host='dev.posit.niehs.nih.gov', port=443): Failed to resolve 'dev.posit.niehs.nih.gov' ([Errno 8] nodename nor servname provided, or not known)""))"
1179,PDF batch 1179/6155 (1 references),1,ConnectionError,"HTTPSConnectionPool(host='dev.posit.niehs.nih.gov', port=443): Max retries exceeded with url: /et/api/pdf-download (Caused by NameResolutionError(""HTTPSConnection(host='dev.posit.niehs.nih.gov', port=443): Failed to resolve 'dev.posit.niehs.nih.gov' ([Errno 8] nodename nor servname provided, or not known)""))"
1183,PDF batch 1183/6155 (1 references),1,ConnectionError,"HTTPSConnectionPool(host='dev.posit.niehs.nih.gov', port=443): Max retries exceeded with url: /et/api/pdf-download (Caused by NameResolutionError(""HTTPSConnection(host='dev.posit.niehs.nih.gov', port=443): Failed to resolve 'dev.posit.niehs.nih.gov' ([Errno 8] nodename nor servname provided, or not known)""))"
1184,PDF batch 1184/6155 (1 references),1,ConnectionError,"HTTPSConnectionPool(host='dev.posit.niehs.nih.gov', port=443): Max retries exceeded with url: /et/api/pdf-download (Caused by NameResolutionError(""HTTPSConnection(host='dev.posit.niehs.nih.gov', port=443): Failed to resolve 'dev.posit.niehs.nih.gov' ([Errno 8] nodename nor servname provided, or not known)""))"
1185,PDF batch 1185/6155 (1 references),1,ConnectionError,"HTTPSConnectionPool(host='dev.posit.niehs.nih.gov', port=443): Max retries exceeded with url: /et/api/pdf-download (Caused by NameResolutionError(""HTTPSConnection(host='dev.posit.niehs.nih.gov', port=443): Failed to resolve 'dev.posit.niehs.nih.gov' ([Errno 8] nodename nor servname provided, or not known)""))"
1187,PDF batch 1187/6155 (1 references),1,ConnectionError,"HTTPSConnectionPool(host='dev.posit.niehs.nih.gov', port=443): Max retries exceeded with url: /et/api/pdf-download (Caused by NameResolutionError(""HTTPSConnection(host='dev.posit.niehs.nih.gov', port=443): Failed to resolve 'dev.posit.niehs.nih.gov' ([Errno 8] nodename nor servname provided, or not known)""))"
1186,PDF batch 1186/6155 (1 references),1,ConnectionError,"HTTPSConnectionPool(host='dev.posit.niehs.nih.gov', port=443): Max retries exceeded with url: /et/api/pdf-download (Caused by NameResolutionError(""HTTPSConnection(host='dev.posit.niehs.nih.gov', port=443): Failed to resolve 'dev.posit.niehs.nih.gov' ([Errno 8] nodename nor servname provided, or not known)""))"
1188,PDF batch 1188/6155 (1 references),1,ConnectionError,"HTTPSConnectionPool(host='dev.posit.niehs.nih.gov', port=443): Max retries exceeded with url: /et/api/pdf-download (Caused by NameResolutionError(""HTTPSConnection(host='dev.posit.niehs.nih.gov', port=443): Failed to resolve 'dev.posit.niehs.nih.gov' ([Errno 8] nodename nor servname provided, or not known)""))"
1189,PDF batch 1189/6155 (1 references),1,ConnectionError,"HTTPSConnectionPool(host='dev.posit.niehs.nih.gov', port=443): Max retries exceeded with url: /et/api/pdf-download (Caused by NameResolutionError(""HTTPSConnection(host='dev.posit.niehs.nih.gov', port=443): Failed to resolve 'dev.posit.niehs.nih.gov' ([Errno 8] nodename nor servname provided, or not known)""))"
1191,PDF batch 1191/6155 (1 references),1,ConnectionError,"HTTPSConnectionPool(host='dev.posit.niehs.nih.gov', port=443): Max retries exceeded with url: /et/api/pdf-download (Caused by NameResolutionError(""HTTPSConnection(host='dev.posit.niehs.nih.gov', port=443): Failed to resolve 'dev.posit.niehs.nih.gov' ([Errno 8] nodename nor servname provided, or not known)""))"
1192,PDF batch 1192/6155 (1 references),1,ConnectionError,"HTTPSConnectionPool(host='dev.posit.niehs.nih.gov', port=443): Max retries exceeded with url: /et/api/pdf-download (Caused by NameResolutionError(""HTTPSConnection(host='dev.posit.niehs.nih.gov', port=443): Failed to resolve 'dev.posit.niehs.nih.gov' ([Errno 8] nodename nor servname provided, or not known)""))"
1190,PDF batch 1190/6155 (1 references),1,ConnectionError,"HTTPSConnectionPool(host='dev.posit.niehs.nih.gov', port=443): Max retries exceeded with url: /et/api/pdf-download (Caused by NameResolutionError(""HTTPSConnection(host='dev.posit.niehs.nih.gov', port=443): Failed to resolve 'dev.posit.niehs.nih.gov' ([Errno 8] nodename nor servname provided, or not known)""))"
1194,PDF batch 1194/6155 (1 references),1,ConnectionError,"HTTPSConnectionPool(host='dev.posit.niehs.nih.gov', port=443): Max retries exceeded with url: /et/api/pdf-download (Caused by NameResolutionError(""HTTPSConnection(host='dev.posit.niehs.nih.gov', port=443): Failed to resolve 'dev.posit.niehs.nih.gov' ([Errno 8] nodename nor servname provided, or not known)""))"
1195,PDF batch 1195/6155 (1 references),1,ConnectionError,"HTTPSConnectionPool(host='dev.posit.niehs.nih.gov', port=443): Max retries exceeded with url: /et/api/pdf-download (Caused by NameResolutionError(""HTTPSConnection(host='dev.posit.niehs.nih.gov', port=443): Failed to resolve 'dev.posit.niehs.nih.gov' ([Errno 8] nodename nor servname provided, or not known)""))"
1193,PDF batch 1193/6155 (1 references),1,ConnectionError,"HTTPSConnectionPool(host='dev.posit.niehs.nih.gov', port=443): Max retries exceeded with url: /et/api/pdf-download (Caused by NameResolutionError(""HTTPSConnection(host='dev.posit.niehs.nih.gov', port=443): Failed to resolve 'dev.posit.niehs.nih.gov' ([Errno 8] nodename nor servname provided, or not known)""))"
1197,PDF batch 1197/6155 (1 references),1,ConnectionError,"HTTPSConnectionPool(host='dev.posit.niehs.nih.gov', port=443): Max retries exceeded with url: /et/api/pdf-download (Caused by NameResolutionError(""HTTPSConnection(host='dev.posit.niehs.nih.gov', port=443): Failed to resolve 'dev.posit.niehs.nih.gov' ([Errno 8] nodename nor servname provided, or not known)""))"
1198,PDF batch 1198/6155 (1 references),1,ConnectionError,"HTTPSConnectionPool(host='dev.posit.niehs.nih.gov', port=443): Max retries exceeded with url: /et/api/pdf-download (Caused by NameResolutionError(""HTTPSConnection(host='dev.posit.niehs.nih.gov', port=443): Failed to resolve 'dev.posit.niehs.nih.gov' ([Errno 8] nodename nor servname provided, or not known)""))"
1196,PDF batch 1196/6155 (1 references),1,ConnectionError,"HTTPSConnectionPool(host='dev.posit.niehs.nih.gov', port=443): Max retries exceeded with url: /et/api/pdf-download (Caused by NameResolutionError(""HTTPSConnection(host='dev.posit.niehs.nih.gov', port=443): Failed to resolve 'dev.posit.niehs.nih.gov' ([Errno 8] nodename nor servname provided, or not known)""))"
1199,PDF batch 1199/6155 (1 references),1,ConnectionError,"HTTPSConnectionPool(host='dev.posit.niehs.nih.gov', port=443): Max retries exceeded with url: /et/api/pdf-download (Caused by NameResolutionError(""HTTPSConnection(host='dev.posit.niehs.nih.gov', port=443): Failed to resolve 'dev.posit.niehs.nih.gov' ([Errno 8] nodename nor servname provided, or not known)""))"
1200,PDF batch 1200/6155 (1 references),1,ConnectionError,"HTTPSConnectionPool(host='dev.posit.niehs.nih.gov', port=443): Max retries exceeded with url: /et/api/pdf-download (Caused by NameResolutionError(""HTTPSConnection(host='dev.posit.niehs.nih.gov', port=443): Failed to resolve 'dev.posit.niehs.nih.gov' ([Errno 8] nodename nor servname provided, or not known)""))"
1201,PDF batch 1201/6155 (1 references),1,ConnectionError,"HTTPSConnectionPool(host='dev.posit.niehs.nih.gov', port=443): Max retries exceeded with url: /et/api/pdf-download (Caused by NameResolutionError(""HTTPSConnection(host='dev.posit.niehs.nih.gov', port=443): Failed to resolve 'dev.posit.niehs.nih.gov' ([Errno 8] nodename nor servname provided, or not known)""))"
1202,PDF batch 1202/6155 (1 references),1,ConnectionError,"HTTPSConnectionPool(host='dev.posit.niehs.nih.gov', port=443): Max retries exceeded with url: /et/api/pdf-download (Caused by NameResolutionError(""HTTPSConnection(host='dev.posit.niehs.nih.gov', port=443): Failed to resolve 'dev.posit.niehs.nih.gov' ([Errno 8] nodename nor servname provided, or not known)""))"
1203,PDF batch 1203/6155 (1 references),1,ConnectionError,"HTTPSConnectionPool(host='dev.posit.niehs.nih.gov', port=443): Max retries exceeded with url: /et/api/pdf-download (Caused by NameResolutionError(""HTTPSConnection(host='dev.posit.niehs.nih.gov', port=443): Failed to resolve 'dev.posit.niehs.nih.gov' ([Errno 8] nodename nor servname provided, or not known)""))"
1204,PDF batch 1204/6155 (1 references),1,ConnectionError,"HTTPSConnectionPool(host='dev.posit.niehs.nih.gov', port=443): Max retries exceeded with url: /et/api/pdf-download (Caused by NameResolutionError(""HTTPSConnection(host='dev.posit.niehs.nih.gov', port=443): Failed to resolve 'dev.posit.niehs.nih.gov' ([Errno 8] nodename nor servname provided, or not known)""))"
1206,PDF batch 1206/6155 (1 references),1,ConnectionError,"HTTPSConnectionPool(host='dev.posit.niehs.nih.gov', port=443): Max retries exceeded with url: /et/api/pdf-download (Caused by NameResolutionError(""HTTPSConnection(host='dev.posit.niehs.nih.gov', port=443): Failed to resolve 'dev.posit.niehs.nih.gov' ([Errno 8] nodename nor servname provided, or not known)""))"
1205,PDF batch 1205/6155 (1 references),1,ConnectionError,"HTTPSConnectionPool(host='dev.posit.niehs.nih.gov', port=443): Max retries exceeded with url: /et/api/pdf-download (Caused by NameResolutionError(""HTTPSConnection(host='dev.posit.niehs.nih.gov', port=443): Failed to resolve 'dev.posit.niehs.nih.gov' ([Errno 8] nodename nor servname provided, or not known)""))"
1207,PDF batch 1207/6155 (1 references),1,ConnectionError,"HTTPSConnectionPool(host='dev.posit.niehs.nih.gov', port=443): Max retries exceeded with url: /et/api/pdf-download (Caused by NameResolutionError(""HTTPSConnection(host='dev.posit.niehs.nih.gov', port=443): Failed to resolve 'dev.posit.niehs.nih.gov' ([Errno 8] nodename nor servname provided, or not known)""))"
1211,PDF batch 1211/6155 (1 references),1,ConnectionError,"HTTPSConnectionPool(host='dev.posit.niehs.nih.gov', port=443): Max retries exceeded with url: /et/api/pdf-download (Caused by NameResolutionError(""HTTPSConnection(host='dev.posit.niehs.nih.gov', port=443): Failed to resolve 'dev.posit.niehs.nih.gov' ([Errno 8] nodename nor servname provided, or not known)""))"
1208,PDF batch 1208/6155 (1 references),1,ConnectionError,"HTTPSConnectionPool(host='dev.posit.niehs.nih.gov', port=443): Max retries exceeded with url: /et/api/pdf-download (Caused by NameResolutionError(""HTTPSConnection(host='dev.posit.niehs.nih.gov', port=443): Failed to resolve 'dev.posit.niehs.nih.gov' ([Errno 8] nodename nor servname provided, or not known)""))"
1209,PDF batch 1209/6155 (1 references),1,ConnectionError,"HTTPSConnectionPool(host='dev.posit.niehs.nih.gov', port=443): Max retries exceeded with url: /et/api/pdf-download (Caused by NameResolutionError(""HTTPSConnection(host='dev.posit.niehs.nih.gov', port=443): Failed to resolve 'dev.posit.niehs.nih.gov' ([Errno 8] nodename nor servname provided, or not known)""))"
1212,PDF batch 1212/6155 (1 references),1,ConnectionError,"HTTPSConnectionPool(host='dev.posit.niehs.nih.gov', port=443): Max retries exceeded with url: /et/api/pdf-download (Caused by NameResolutionError(""HTTPSConnection(host='dev.posit.niehs.nih.gov', port=443): Failed to resolve 'dev.posit.niehs.nih.gov' ([Errno 8] nodename nor servname provided, or not known)""))"
1214,PDF batch 1214/6155 (1 references),1,ConnectionError,"HTTPSConnectionPool(host='dev.posit.niehs.nih.gov', port=443): Max retries exceeded with url: /et/api/pdf-download (Caused by NameResolutionError(""HTTPSConnection(host='dev.posit.niehs.nih.gov', port=443): Failed to resolve 'dev.posit.niehs.nih.gov' ([Errno 8] nodename nor servname provided, or not known)""))"
1210,PDF batch 1210/6155 (1 references),1,ConnectionError,"HTTPSConnectionPool(host='dev.posit.niehs.nih.gov', port=443): Max retries exceeded with url: /et/api/pdf-download (Caused by NameResolutionError(""HTTPSConnection(host='dev.posit.niehs.nih.gov', port=443): Failed to resolve 'dev.posit.niehs.nih.gov' ([Errno 8] nodename nor servname provided, or not known)""))"
1213,PDF batch 1213/6155 (1 references),1,ConnectionError,"HTTPSConnectionPool(host='dev.posit.niehs.nih.gov', port=443): Max retries exceeded with url: /et/api/pdf-download (Caused by NameResolutionError(""HTTPSConnection(host='dev.posit.niehs.nih.gov', port=443): Failed to resolve 'dev.posit.niehs.nih.gov' ([Errno 8] nodename nor servname provided, or not known)""))"
1220,PDF batch 1220/6155 (1 references),1,ConnectionError,"HTTPSConnectionPool(host='dev.posit.niehs.nih.gov', port=443): Max retries exceeded with url: /et/api/pdf-download (Caused by NameResolutionError(""HTTPSConnection(host='dev.posit.niehs.nih.gov', port=443): Failed to resolve 'dev.posit.niehs.nih.gov' ([Errno 8] nodename nor servname provided, or not known)""))"
1219,PDF batch 1219/6155 (1 references),1,ConnectionError,"HTTPSConnectionPool(host='dev.posit.niehs.nih.gov', port=443): Max retries exceeded with url: /et/api/pdf-download (Caused by NameResolutionError(""HTTPSConnection(host='dev.posit.niehs.nih.gov', port=443): Failed to resolve 'dev.posit.niehs.nih.gov' ([Errno 8] nodename nor servname provided, or not known)""))"
1218,PDF batch 1218/6155 (1 references),1,ConnectionError,"HTTPSConnectionPool(host='dev.posit.niehs.nih.gov', port=443): Max retries exceeded with url: /et/api/pdf-download (Caused by NameResolutionError(""HTTPSConnection(host='dev.posit.niehs.nih.gov', port=443): Failed to resolve 'dev.posit.niehs.nih.gov' ([Errno 8] nodename nor servname provided, or not known)""))"
1217,PDF batch 1217/6155 (1 references),1,ConnectionError,"HTTPSConnectionPool(host='dev.posit.niehs.nih.gov', port=443): Max retries exceeded with url: /et/api/pdf-download (Caused by NameResolutionError(""HTTPSConnection(host='dev.posit.niehs.nih.gov', port=443): Failed to resolve 'dev.posit.niehs.nih.gov' ([Errno 8] nodename nor servname provided, or not known)""))"
1215,PDF batch 1215/6155 (1 references),1,ConnectionError,"HTTPSConnectionPool(host='dev.posit.niehs.nih.gov', port=443): Max retries exceeded with url: /et/api/pdf-download (Caused by NameResolutionError(""HTTPSConnection(host='dev.posit.niehs.nih.gov', port=443): Failed to resolve 'dev.posit.niehs.nih.gov' ([Errno 8] nodename nor servname provided, or not known)""))"
1216,PDF batch 1216/6155 (1 references),1,ConnectionError,"HTTPSConnectionPool(host='dev.posit.niehs.nih.gov', port=443): Max retries exceeded with url: /et/api/pdf-download (Caused by NameResolutionError(""HTTPSConnection(host='dev.posit.niehs.nih.gov', port=443): Failed to resolve 'dev.posit.niehs.nih.gov' ([Errno 8] nodename nor servname provided, or not known)""))"
1222,PDF batch 1222/6155 (1 references),1,ConnectionError,"HTTPSConnectionPool(host='dev.posit.niehs.nih.gov', port=443): Max retries exceeded with url: /et/api/pdf-download (Caused by NameResolutionError(""HTTPSConnection(host='dev.posit.niehs.nih.gov', port=443): Failed to resolve 'dev.posit.niehs.nih.gov' ([Errno 8] nodename nor servname provided, or not known)""))"
1221,PDF batch 1221/6155 (1 references),1,ConnectionError,"HTTPSConnectionPool(host='dev.posit.niehs.nih.gov', port=443): Max retries exceeded with url: /et/api/pdf-download (Caused by NameResolutionError(""HTTPSConnection(host='dev.posit.niehs.nih.gov', port=443): Failed to resolve 'dev.posit.niehs.nih.gov' ([Errno 8] nodename nor servname provided, or not known)""))"
1223,PDF batch 1223/6155 (1 references),1,ConnectionError,"HTTPSConnectionPool(host='dev.posit.niehs.nih.gov', port=443): Max retries exceeded with url: /et/api/pdf-download (Caused by NameResolutionError(""HTTPSConnection(host='dev.posit.niehs.nih.gov', port=443): Failed to resolve 'dev.posit.niehs.nih.gov' ([Errno 8] nodename nor servname provided, or not known)""))"
1225,PDF batch 1225/6155 (1 references),1,ConnectionError,"HTTPSConnectionPool(host='dev.posit.niehs.nih.gov', port=443): Max retries exceeded with url: /et/api/pdf-download (Caused by NameResolutionError(""HTTPSConnection(host='dev.posit.niehs.nih.gov', port=443): Failed to resolve 'dev.posit.niehs.nih.gov' ([Errno 8] nodename nor servname provided, or not known)""))"
1224,PDF batch 1224/6155 (1 references),1,ConnectionError,"HTTPSConnectionPool(host='dev.posit.niehs.nih.gov', port=443): Max retries exceeded with url: /et/api/pdf-download (Caused by NameResolutionError(""HTTPSConnection(host='dev.posit.niehs.nih.gov', port=443): Failed to resolve 'dev.posit.niehs.nih.gov' ([Errno 8] nodename nor servname provided, or not known)""))"
1226,PDF batch 1226/6155 (1 references),1,ConnectionError,"HTTPSConnectionPool(host='dev.posit.niehs.nih.gov', port=443): Max retries exceeded with url: /et/api/pdf-download (Caused by NameResolutionError(""HTTPSConnection(host='dev.posit.niehs.nih.gov', port=443): Failed to resolve 'dev.posit.niehs.nih.gov' ([Errno 8] nodename nor servname provided, or not known)""))"
1227,PDF batch 1227/6155 (1 references),1,ConnectionError,"HTTPSConnectionPool(host='dev.posit.niehs.nih.gov', port=443): Max retries exceeded with url: /et/api/pdf-download (Caused by NameResolutionError(""HTTPSConnection(host='dev.posit.niehs.nih.gov', port=443): Failed to resolve 'dev.posit.niehs.nih.gov' ([Errno 8] nodename nor servname provided, or not known)""))"
1229,PDF batch 1229/6155 (1 references),1,ConnectionError,"HTTPSConnectionPool(host='dev.posit.niehs.nih.gov', port=443): Max retries exceeded with url: /et/api/pdf-download (Caused by NameResolutionError(""HTTPSConnection(host='dev.posit.niehs.nih.gov', port=443): Failed to resolve 'dev.posit.niehs.nih.gov' ([Errno 8] nodename nor servname provided, or not known)""))"
1228,PDF batch 1228/6155 (1 references),1,ConnectionError,"HTTPSConnectionPool(host='dev.posit.niehs.nih.gov', port=443): Max retries exceeded with url: /et/api/pdf-download (Caused by NameResolutionError(""HTTPSConnection(host='dev.posit.niehs.nih.gov', port=443): Failed to resolve 'dev.posit.niehs.nih.gov' ([Errno 8] nodename nor servname provided, or not known)""))"
1233,PDF batch 1233/6155 (1 references),1,ConnectionError,"HTTPSConnectionPool(host='dev.posit.niehs.nih.gov', port=443): Max retries exceeded with url: /et/api/pdf-download (Caused by NameResolutionError(""HTTPSConnection(host='dev.posit.niehs.nih.gov', port=443): Failed to resolve 'dev.posit.niehs.nih.gov' ([Errno 8] nodename nor servname provided, or not known)""))"
1230,PDF batch 1230/6155 (1 references),1,ConnectionError,"HTTPSConnectionPool(host='dev.posit.niehs.nih.gov', port=443): Max retries exceeded with url: /et/api/pdf-download (Caused by NameResolutionError(""HTTPSConnection(host='dev.posit.niehs.nih.gov', port=443): Failed to resolve 'dev.posit.niehs.nih.gov' ([Errno 8] nodename nor servname provided, or not known)""))"
1231,PDF batch 1231/6155 (1 references),1,ConnectionError,"HTTPSConnectionPool(host='dev.posit.niehs.nih.gov', port=443): Max retries exceeded with url: /et/api/pdf-download (Caused by NameResolutionError(""HTTPSConnection(host='dev.posit.niehs.nih.gov', port=443): Failed to resolve 'dev.posit.niehs.nih.gov' ([Errno 8] nodename nor servname provided, or not known)""))"
1232,PDF batch 1232/6155 (1 references),1,ConnectionError,"HTTPSConnectionPool(host='dev.posit.niehs.nih.gov', port=443): Max retries exceeded with url: /et/api/pdf-download (Caused by NameResolutionError(""HTTPSConnection(host='dev.posit.niehs.nih.gov', port=443): Failed to resolve 'dev.posit.niehs.nih.gov' ([Errno 8] nodename nor servname provided, or not known)""))"
1239,PDF batch 1239/6155 (1 references),1,ConnectionError,"HTTPSConnectionPool(host='dev.posit.niehs.nih.gov', port=443): Max retries exceeded with url: /et/api/pdf-download (Caused by NameResolutionError(""HTTPSConnection(host='dev.posit.niehs.nih.gov', port=443): Failed to resolve 'dev.posit.niehs.nih.gov' ([Errno 8] nodename nor servname provided, or not known)""))"
1237,PDF batch 1237/6155 (1 references),1,ConnectionError,"HTTPSConnectionPool(host='dev.posit.niehs.nih.gov', port=443): Max retries exceeded with url: /et/api/pdf-download (Caused by NameResolutionError(""HTTPSConnection(host='dev.posit.niehs.nih.gov', port=443): Failed to resolve 'dev.posit.niehs.nih.gov' ([Errno 8] nodename nor servname provided, or not known)""))"
1234,PDF batch 1234/6155 (1 references),1,ConnectionError,"HTTPSConnectionPool(host='dev.posit.niehs.nih.gov', port=443): Max retries exceeded with url: /et/api/pdf-download (Caused by NameResolutionError(""HTTPSConnection(host='dev.posit.niehs.nih.gov', port=443): Failed to resolve 'dev.posit.niehs.nih.gov' ([Errno 8] nodename nor servname provided, or not known)""))"
1238,PDF batch 1238/6155 (1 references),1,ConnectionError,"HTTPSConnectionPool(host='dev.posit.niehs.nih.gov', port=443): Max retries exceeded with url: /et/api/pdf-download (Caused by NameResolutionError(""HTTPSConnection(host='dev.posit.niehs.nih.gov', port=443): Failed to resolve 'dev.posit.niehs.nih.gov' ([Errno 8] nodename nor servname provided, or not known)""))"
1235,PDF batch 1235/6155 (1 references),1,ConnectionError,"HTTPSConnectionPool(host='dev.posit.niehs.nih.gov', port=443): Max retries exceeded with url: /et/api/pdf-download (Caused by NameResolutionError(""HTTPSConnection(host='dev.posit.niehs.nih.gov', port=443): Failed to resolve 'dev.posit.niehs.nih.gov' ([Errno 8] nodename nor servname provided, or not known)""))"
1236,PDF batch 1236/6155 (1 references),1,ConnectionError,"HTTPSConnectionPool(host='dev.posit.niehs.nih.gov', port=443): Max retries exceeded with url: /et/api/pdf-download (Caused by NameResolutionError(""HTTPSConnection(host='dev.posit.niehs.nih.gov', port=443): Failed to resolve 'dev.posit.niehs.nih.gov' ([Errno 8] nodename nor servname provided, or not known)""))"
1241,PDF batch 1241/6155 (1 references),1,ConnectionError,"HTTPSConnectionPool(host='dev.posit.niehs.nih.gov', port=443): Max retries exceeded with url: /et/api/pdf-download (Caused by NameResolutionError(""HTTPSConnection(host='dev.posit.niehs.nih.gov', port=443): Failed to resolve 'dev.posit.niehs.nih.gov' ([Errno 8] nodename nor servname provided, or not known)""))"
1240,PDF batch 1240/6155 (1 references),1,ConnectionError,"HTTPSConnectionPool(host='dev.posit.niehs.nih.gov', port=443): Max retries exceeded with url: /et/api/pdf-download (Caused by NameResolutionError(""HTTPSConnection(host='dev.posit.niehs.nih.gov', port=443): Failed to resolve 'dev.posit.niehs.nih.gov' ([Errno 8] nodename nor servname provided, or not known)""))"
1242,PDF batch 1242/6155 (1 references),1,ConnectionError,"HTTPSConnectionPool(host='dev.posit.niehs.nih.gov', port=443): Max retries exceeded with url: /et/api/pdf-download (Caused by NameResolutionError(""HTTPSConnection(host='dev.posit.niehs.nih.gov', port=443): Failed to resolve 'dev.posit.niehs.nih.gov' ([Errno 8] nodename nor servname provided, or not known)""))"
1244,PDF batch 1244/6155 (1 references),1,ConnectionError,"HTTPSConnectionPool(host='dev.posit.niehs.nih.gov', port=443): Max retries exceeded with url: /et/api/pdf-download (Caused by NameResolutionError(""HTTPSConnection(host='dev.posit.niehs.nih.gov', port=443): Failed to resolve 'dev.posit.niehs.nih.gov' ([Errno 8] nodename nor servname provided, or not known)""))"
1243,PDF batch 1243/6155 (1 references),1,ConnectionError,"HTTPSConnectionPool(host='dev.posit.niehs.nih.gov', port=443): Max retries exceeded with url: /et/api/pdf-download (Caused by NameResolutionError(""HTTPSConnection(host='dev.posit.niehs.nih.gov', port=443): Failed to resolve 'dev.posit.niehs.nih.gov' ([Errno 8] nodename nor servname provided, or not known)""))"
1245,PDF batch 1245/6155 (1 references),1,ConnectionError,"HTTPSConnectionPool(host='dev.posit.niehs.nih.gov', port=443): Max retries exceeded with url: /et/api/pdf-download (Caused by NameResolutionError(""HTTPSConnection(host='dev.posit.niehs.nih.gov', port=443): Failed to resolve 'dev.posit.niehs.nih.gov' ([Errno 8] nodename nor servname provided, or not known)""))"
1246,PDF batch 1246/6155 (1 references),1,ConnectionError,"HTTPSConnectionPool(host='dev.posit.niehs.nih.gov', port=443): Max retries exceeded with url: /et/api/pdf-download (Caused by NameResolutionError(""HTTPSConnection(host='dev.posit.niehs.nih.gov', port=443): Failed to resolve 'dev.posit.niehs.nih.gov' ([Errno 8] nodename nor servname provided, or not known)""))"
1250,PDF batch 1250/6155 (1 references),1,ConnectionError,"HTTPSConnectionPool(host='dev.posit.niehs.nih.gov', port=443): Max retries exceeded with url: /et/api/pdf-download (Caused by NameResolutionError(""HTTPSConnection(host='dev.posit.niehs.nih.gov', port=443): Failed to resolve 'dev.posit.niehs.nih.gov' ([Errno 8] nodename nor servname provided, or not known)""))"
1247,PDF batch 1247/6155 (1 references),1,ConnectionError,"HTTPSConnectionPool(host='dev.posit.niehs.nih.gov', port=443): Max retries exceeded with url: /et/api/pdf-download (Caused by NameResolutionError(""HTTPSConnection(host='dev.posit.niehs.nih.gov', port=443): Failed to resolve 'dev.posit.niehs.nih.gov' ([Errno 8] nodename nor servname provided, or not known)""))"
1249,PDF batch 1249/6155 (1 references),1,ConnectionError,"HTTPSConnectionPool(host='dev.posit.niehs.nih.gov', port=443): Max retries exceeded with url: /et/api/pdf-download (Caused by NameResolutionError(""HTTPSConnection(host='dev.posit.niehs.nih.gov', port=443): Failed to resolve 'dev.posit.niehs.nih.gov' ([Errno 8] nodename nor servname provided, or not known)""))"
1251,PDF batch 1251/6155 (1 references),1,ConnectionError,"HTTPSConnectionPool(host='dev.posit.niehs.nih.gov', port=443): Max retries exceeded with url: /et/api/pdf-download (Caused by NameResolutionError(""HTTPSConnection(host='dev.posit.niehs.nih.gov', port=443): Failed to resolve 'dev.posit.niehs.nih.gov' ([Errno 8] nodename nor servname provided, or not known)""))"
1248,PDF batch 1248/6155 (1 references),1,ConnectionError,"HTTPSConnectionPool(host='dev.posit.niehs.nih.gov', port=443): Max retries exceeded with url: /et/api/pdf-download (Caused by NameResolutionError(""HTTPSConnection(host='dev.posit.niehs.nih.gov', port=443): Failed to resolve 'dev.posit.niehs.nih.gov' ([Errno 8] nodename nor servname provided, or not known)""))"
1252,PDF batch 1252/6155 (1 references),1,ConnectionError,"HTTPSConnectionPool(host='dev.posit.niehs.nih.gov', port=443): Max retries exceeded with url: /et/api/pdf-download (Caused by NameResolutionError(""HTTPSConnection(host='dev.posit.niehs.nih.gov', port=443): Failed to resolve 'dev.posit.niehs.nih.gov' ([Errno 8] nodename nor servname provided, or not known)""))"
1253,PDF batch 1253/6155 (1 references),1,ConnectionError,"HTTPSConnectionPool(host='dev.posit.niehs.nih.gov', port=443): Max retries exceeded with url: /et/api/pdf-download (Caused by NameResolutionError(""HTTPSConnection(host='dev.posit.niehs.nih.gov', port=443): Failed to resolve 'dev.posit.niehs.nih.gov' ([Errno 8] nodename nor servname provided, or not known)""))"
1256,PDF batch 1256/6155 (1 references),1,ConnectionError,"HTTPSConnectionPool(host='dev.posit.niehs.nih.gov', port=443): Max retries exceeded with url: /et/api/pdf-download (Caused by NameResolutionError(""HTTPSConnection(host='dev.posit.niehs.nih.gov', port=443): Failed to resolve 'dev.posit.niehs.nih.gov' ([Errno 8] nodename nor servname provided, or not known)""))"
1258,PDF batch 1258/6155 (1 references),1,ConnectionError,"HTTPSConnectionPool(host='dev.posit.niehs.nih.gov', port=443): Max retries exceeded with url: /et/api/pdf-download (Caused by NameResolutionError(""HTTPSConnection(host='dev.posit.niehs.nih.gov', port=443): Failed to resolve 'dev.posit.niehs.nih.gov' ([Errno 8] nodename nor servname provided, or not known)""))"
1254,PDF batch 1254/6155 (1 references),1,ConnectionError,"HTTPSConnectionPool(host='dev.posit.niehs.nih.gov', port=443): Max retries exceeded with url: /et/api/pdf-download (Caused by NameResolutionError(""HTTPSConnection(host='dev.posit.niehs.nih.gov', port=443): Failed to resolve 'dev.posit.niehs.nih.gov' ([Errno 8] nodename nor servname provided, or not known)""))"
1257,PDF batch 1257/6155 (1 references),1,ConnectionError,"HTTPSConnectionPool(host='dev.posit.niehs.nih.gov', port=443): Max retries exceeded with url: /et/api/pdf-download (Caused by NameResolutionError(""HTTPSConnection(host='dev.posit.niehs.nih.gov', port=443): Failed to resolve 'dev.posit.niehs.nih.gov' ([Errno 8] nodename nor servname provided, or not known)""))"
1255,PDF batch 1255/6155 (1 references),1,ConnectionError,"HTTPSConnectionPool(host='dev.posit.niehs.nih.gov', port=443): Max retries exceeded with url: /et/api/pdf-download (Caused by NameResolutionError(""HTTPSConnection(host='dev.posit.niehs.nih.gov', port=443): Failed to resolve 'dev.posit.niehs.nih.gov' ([Errno 8] nodename nor servname provided, or not known)""))"
1260,PDF batch 1260/6155 (1 references),1,ConnectionError,"HTTPSConnectionPool(host='dev.posit.niehs.nih.gov', port=443): Max retries exceeded with url: /et/api/pdf-download (Caused by NameResolutionError(""HTTPSConnection(host='dev.posit.niehs.nih.gov', port=443): Failed to resolve 'dev.posit.niehs.nih.gov' ([Errno 8] nodename nor servname provided, or not known)""))"
1259,PDF batch 1259/6155 (1 references),1,ConnectionError,"HTTPSConnectionPool(host='dev.posit.niehs.nih.gov', port=443): Max retries exceeded with url: /et/api/pdf-download (Caused by NameResolutionError(""HTTPSConnection(host='dev.posit.niehs.nih.gov', port=443): Failed to resolve 'dev.posit.niehs.nih.gov' ([Errno 8] nodename nor servname provided, or not known)""))"
1261,PDF batch 1261/6155 (1 references),1,ConnectionError,"HTTPSConnectionPool(host='dev.posit.niehs.nih.gov', port=443): Max retries exceeded with url: /et/api/pdf-download (Caused by NameResolutionError(""HTTPSConnection(host='dev.posit.niehs.nih.gov', port=443): Failed to resolve 'dev.posit.niehs.nih.gov' ([Errno 8] nodename nor servname provided, or not known)""))"
1263,PDF batch 1263/6155 (1 references),1,ConnectionError,"HTTPSConnectionPool(host='dev.posit.niehs.nih.gov', port=443): Max retries exceeded with url: /et/api/pdf-download (Caused by NameResolutionError(""HTTPSConnection(host='dev.posit.niehs.nih.gov', port=443): Failed to resolve 'dev.posit.niehs.nih.gov' ([Errno 8] nodename nor servname provided, or not known)""))"
1262,PDF batch 1262/6155 (1 references),1,ConnectionError,"HTTPSConnectionPool(host='dev.posit.niehs.nih.gov', port=443): Max retries exceeded with url: /et/api/pdf-download (Caused by NameResolutionError(""HTTPSConnection(host='dev.posit.niehs.nih.gov', port=443): Failed to resolve 'dev.posit.niehs.nih.gov' ([Errno 8] nodename nor servname provided, or not known)""))"
1264,PDF batch 1264/6155 (1 references),1,ConnectionError,"HTTPSConnectionPool(host='dev.posit.niehs.nih.gov', port=443): Max retries exceeded with url: /et/api/pdf-download (Caused by NameResolutionError(""HTTPSConnection(host='dev.posit.niehs.nih.gov', port=443): Failed to resolve 'dev.posit.niehs.nih.gov' ([Errno 8] nodename nor servname provided, or not known)""))"
1265,PDF batch 1265/6155 (1 references),1,ConnectionError,"HTTPSConnectionPool(host='dev.posit.niehs.nih.gov', port=443): Max retries exceeded with url: /et/api/pdf-download (Caused by NameResolutionError(""HTTPSConnection(host='dev.posit.niehs.nih.gov', port=443): Failed to resolve 'dev.posit.niehs.nih.gov' ([Errno 8] nodename nor servname provided, or not known)""))"
1269,PDF batch 1269/6155 (1 references),1,ConnectionError,"HTTPSConnectionPool(host='dev.posit.niehs.nih.gov', port=443): Max retries exceeded with url: /et/api/pdf-download (Caused by NameResolutionError(""HTTPSConnection(host='dev.posit.niehs.nih.gov', port=443): Failed to resolve 'dev.posit.niehs.nih.gov' ([Errno 8] nodename nor servname provided, or not known)""))"
1268,PDF batch 1268/6155 (1 references),1,ConnectionError,"HTTPSConnectionPool(host='dev.posit.niehs.nih.gov', port=443): Max retries exceeded with url: /et/api/pdf-download (Caused by NameResolutionError(""HTTPSConnection(host='dev.posit.niehs.nih.gov', port=443): Failed to resolve 'dev.posit.niehs.nih.gov' ([Errno 8] nodename nor servname provided, or not known)""))"
1266,PDF batch 1266/6155 (1 references),1,ConnectionError,"HTTPSConnectionPool(host='dev.posit.niehs.nih.gov', port=443): Max retries exceeded with url: /et/api/pdf-download (Caused by NameResolutionError(""HTTPSConnection(host='dev.posit.niehs.nih.gov', port=443): Failed to resolve 'dev.posit.niehs.nih.gov' ([Errno 8] nodename nor servname provided, or not known)""))"
1271,PDF batch 1271/6155 (1 references),1,ConnectionError,"HTTPSConnectionPool(host='dev.posit.niehs.nih.gov', port=443): Max retries exceeded with url: /et/api/pdf-download (Caused by NameResolutionError(""HTTPSConnection(host='dev.posit.niehs.nih.gov', port=443): Failed to resolve 'dev.posit.niehs.nih.gov' ([Errno 8] nodename nor servname provided, or not known)""))"
1270,PDF batch 1270/6155 (1 references),1,ConnectionError,"HTTPSConnectionPool(host='dev.posit.niehs.nih.gov', port=443): Max retries exceeded with url: /et/api/pdf-download (Caused by NameResolutionError(""HTTPSConnection(host='dev.posit.niehs.nih.gov', port=443): Failed to resolve 'dev.posit.niehs.nih.gov' ([Errno 8] nodename nor servname provided, or not known)""))"
1267,PDF batch 1267/6155 (1 references),1,ConnectionError,"HTTPSConnectionPool(host='dev.posit.niehs.nih.gov', port=443): Max retries exceeded with url: /et/api/pdf-download (Caused by NameResolutionError(""HTTPSConnection(host='dev.posit.niehs.nih.gov', port=443): Failed to resolve 'dev.posit.niehs.nih.gov' ([Errno 8] nodename nor servname provided, or not known)""))"
1272,PDF batch 1272/6155 (1 references),1,ConnectionError,"HTTPSConnectionPool(host='dev.posit.niehs.nih.gov', port=443): Max retries exceeded with url: /et/api/pdf-download (Caused by NameResolutionError(""HTTPSConnection(host='dev.posit.niehs.nih.gov', port=443): Failed to resolve 'dev.posit.niehs.nih.gov' ([Errno 8] nodename nor servname provided, or not known)""))"
1273,PDF batch 1273/6155 (1 references),1,ConnectionError,"HTTPSConnectionPool(host='dev.posit.niehs.nih.gov', port=443): Max retries exceeded with url: /et/api/pdf-download (Caused by NameResolutionError(""HTTPSConnection(host='dev.posit.niehs.nih.gov', port=443): Failed to resolve 'dev.posit.niehs.nih.gov' ([Errno 8] nodename nor servname provided, or not known)""))"
1274,PDF batch 1274/6155 (1 references),1,ConnectionError,"HTTPSConnectionPool(host='dev.posit.niehs.nih.gov', port=443): Max retries exceeded with url: /et/api/pdf-download (Caused by NameResolutionError(""HTTPSConnection(host='dev.posit.niehs.nih.gov', port=443): Failed to resolve 'dev.posit.niehs.nih.gov' ([Errno 8] nodename nor servname provided, or not known)""))"
1277,PDF batch 1277/6155 (1 references),1,ConnectionError,"HTTPSConnectionPool(host='dev.posit.niehs.nih.gov', port=443): Max retries exceeded with url: /et/api/pdf-download (Caused by NameResolutionError(""HTTPSConnection(host='dev.posit.niehs.nih.gov', port=443): Failed to resolve 'dev.posit.niehs.nih.gov' ([Errno 8] nodename nor servname provided, or not known)""))"
1275,PDF batch 1275/6155 (1 references),1,ConnectionError,"HTTPSConnectionPool(host='dev.posit.niehs.nih.gov', port=443): Max retries exceeded with url: /et/api/pdf-download (Caused by NameResolutionError(""HTTPSConnection(host='dev.posit.niehs.nih.gov', port=443): Failed to resolve 'dev.posit.niehs.nih.gov' ([Errno 8] nodename nor servname provided, or not known)""))"
1276,PDF batch 1276/6155 (1 references),1,ConnectionError,"HTTPSConnectionPool(host='dev.posit.niehs.nih.gov', port=443): Max retries exceeded with url: /et/api/pdf-download (Caused by NameResolutionError(""HTTPSConnection(host='dev.posit.niehs.nih.gov', port=443): Failed to resolve 'dev.posit.niehs.nih.gov' ([Errno 8] nodename nor servname provided, or not known)""))"
1279,PDF batch 1279/6155 (1 references),1,ConnectionError,"HTTPSConnectionPool(host='dev.posit.niehs.nih.gov', port=443): Max retries exceeded with url: /et/api/pdf-download (Caused by NameResolutionError(""HTTPSConnection(host='dev.posit.niehs.nih.gov', port=443): Failed to resolve 'dev.posit.niehs.nih.gov' ([Errno 8] nodename nor servname provided, or not known)""))"
1278,PDF batch 1278/6155 (1 references),1,ConnectionError,"HTTPSConnectionPool(host='dev.posit.niehs.nih.gov', port=443): Max retries exceeded with url: /et/api/pdf-download (Caused by NameResolutionError(""HTTPSConnection(host='dev.posit.niehs.nih.gov', port=443): Failed to resolve 'dev.posit.niehs.nih.gov' ([Errno 8] nodename nor servname provided, or not known)""))"
1280,PDF batch 1280/6155 (1 references),1,ConnectionError,"HTTPSConnectionPool(host='dev.posit.niehs.nih.gov', port=443): Max retries exceeded with url: /et/api/pdf-download (Caused by NameResolutionError(""HTTPSConnection(host='dev.posit.niehs.nih.gov', port=443): Failed to resolve 'dev.posit.niehs.nih.gov' ([Errno 8] nodename nor servname provided, or not known)""))"
1281,PDF batch 1281/6155 (1 references),1,ConnectionError,"HTTPSConnectionPool(host='dev.posit.niehs.nih.gov', port=443): Max retries exceeded with url: /et/api/pdf-download (Caused by NameResolutionError(""HTTPSConnection(host='dev.posit.niehs.nih.gov', port=443): Failed to resolve 'dev.posit.niehs.nih.gov' ([Errno 8] nodename nor servname provided, or not known)""))"
1282,PDF batch 1282/6155 (1 references),1,ConnectionError,"HTTPSConnectionPool(host='dev.posit.niehs.nih.gov', port=443): Max retries exceeded with url: /et/api/pdf-download (Caused by NameResolutionError(""HTTPSConnection(host='dev.posit.niehs.nih.gov', port=443): Failed to resolve 'dev.posit.niehs.nih.gov' ([Errno 8] nodename nor servname provided, or not known)""))"
1283,PDF batch 1283/6155 (1 references),1,ConnectionError,"HTTPSConnectionPool(host='dev.posit.niehs.nih.gov', port=443): Max retries exceeded with url: /et/api/pdf-download (Caused by NameResolutionError(""HTTPSConnection(host='dev.posit.niehs.nih.gov', port=443): Failed to resolve 'dev.posit.niehs.nih.gov' ([Errno 8] nodename nor servname provided, or not known)""))"
1284,PDF batch 1284/6155 (1 references),1,ConnectionError,"HTTPSConnectionPool(host='dev.posit.niehs.nih.gov', port=443): Max retries exceeded with url: /et/api/pdf-download (Caused by NameResolutionError(""HTTPSConnection(host='dev.posit.niehs.nih.gov', port=443): Failed to resolve 'dev.posit.niehs.nih.gov' ([Errno 8] nodename nor servname provided, or not known)""))"
1287,PDF batch 1287/6155 (1 references),1,ConnectionError,"HTTPSConnectionPool(host='dev.posit.niehs.nih.gov', port=443): Max retries exceeded with url: /et/api/pdf-download (Caused by NameResolutionError(""HTTPSConnection(host='dev.posit.niehs.nih.gov', port=443): Failed to resolve 'dev.posit.niehs.nih.gov' ([Errno 8] nodename nor servname provided, or not known)""))"
1285,PDF batch 1285/6155 (1 references),1,ConnectionError,"HTTPSConnectionPool(host='dev.posit.niehs.nih.gov', port=443): Max retries exceeded with url: /et/api/pdf-download (Caused by NameResolutionError(""HTTPSConnection(host='dev.posit.niehs.nih.gov', port=443): Failed to resolve 'dev.posit.niehs.nih.gov' ([Errno 8] nodename nor servname provided, or not known)""))"
1286,PDF batch 1286/6155 (1 references),1,ConnectionError,"HTTPSConnectionPool(host='dev.posit.niehs.nih.gov', port=443): Max retries exceeded with url: /et/api/pdf-download (Caused by NameResolutionError(""HTTPSConnection(host='dev.posit.niehs.nih.gov', port=443): Failed to resolve 'dev.posit.niehs.nih.gov' ([Errno 8] nodename nor servname provided, or not known)""))"
1289,PDF batch 1289/6155 (1 references),1,ConnectionError,"HTTPSConnectionPool(host='dev.posit.niehs.nih.gov', port=443): Max retries exceeded with url: /et/api/pdf-download (Caused by NameResolutionError(""HTTPSConnection(host='dev.posit.niehs.nih.gov', port=443): Failed to resolve 'dev.posit.niehs.nih.gov' ([Errno 8] nodename nor servname provided, or not known)""))"
1288,PDF batch 1288/6155 (1 references),1,ConnectionError,"HTTPSConnectionPool(host='dev.posit.niehs.nih.gov', port=443): Max retries exceeded with url: /et/api/pdf-download (Caused by NameResolutionError(""HTTPSConnection(host='dev.posit.niehs.nih.gov', port=443): Failed to resolve 'dev.posit.niehs.nih.gov' ([Errno 8] nodename nor servname provided, or not known)""))"
1290,PDF batch 1290/6155 (1 references),1,ConnectionError,"HTTPSConnectionPool(host='dev.posit.niehs.nih.gov', port=443): Max retries exceeded with url: /et/api/pdf-download (Caused by NameResolutionError(""HTTPSConnection(host='dev.posit.niehs.nih.gov', port=443): Failed to resolve 'dev.posit.niehs.nih.gov' ([Errno 8] nodename nor servname provided, or not known)""))"
1291,PDF batch 1291/6155 (1 references),1,ConnectionError,"HTTPSConnectionPool(host='dev.posit.niehs.nih.gov', port=443): Max retries exceeded with url: /et/api/pdf-download (Caused by NameResolutionError(""HTTPSConnection(host='dev.posit.niehs.nih.gov', port=443): Failed to resolve 'dev.posit.niehs.nih.gov' ([Errno 8] nodename nor servname provided, or not known)""))"
1296,PDF batch 1296/6155 (1 references),1,ConnectionError,"HTTPSConnectionPool(host='dev.posit.niehs.nih.gov', port=443): Max retries exceeded with url: /et/api/pdf-download (Caused by NameResolutionError(""HTTPSConnection(host='dev.posit.niehs.nih.gov', port=443): Failed to resolve 'dev.posit.niehs.nih.gov' ([Errno 8] nodename nor servname provided, or not known)""))"
1293,PDF batch 1293/6155 (1 references),1,ConnectionError,"HTTPSConnectionPool(host='dev.posit.niehs.nih.gov', port=443): Max retries exceeded with url: /et/api/pdf-download (Caused by NameResolutionError(""HTTPSConnection(host='dev.posit.niehs.nih.gov', port=443): Failed to resolve 'dev.posit.niehs.nih.gov' ([Errno 8] nodename nor servname provided, or not known)""))"
1294,PDF batch 1294/6155 (1 references),1,ConnectionError,"HTTPSConnectionPool(host='dev.posit.niehs.nih.gov', port=443): Max retries exceeded with url: /et/api/pdf-download (Caused by NameResolutionError(""HTTPSConnection(host='dev.posit.niehs.nih.gov', port=443): Failed to resolve 'dev.posit.niehs.nih.gov' ([Errno 8] nodename nor servname provided, or not known)""))"
1295,PDF batch 1295/6155 (1 references),1,ConnectionError,"HTTPSConnectionPool(host='dev.posit.niehs.nih.gov', port=443): Max retries exceeded with url: /et/api/pdf-download (Caused by NameResolutionError(""HTTPSConnection(host='dev.posit.niehs.nih.gov', port=443): Failed to resolve 'dev.posit.niehs.nih.gov' ([Errno 8] nodename nor servname provided, or not known)""))"
1292,PDF batch 1292/6155 (1 references),1,ConnectionError,"HTTPSConnectionPool(host='dev.posit.niehs.nih.gov', port=443): Max retries exceeded with url: /et/api/pdf-download (Caused by NameResolutionError(""HTTPSConnection(host='dev.posit.niehs.nih.gov', port=443): Failed to resolve 'dev.posit.niehs.nih.gov' ([Errno 8] nodename nor servname provided, or not known)""))"
1297,PDF batch 1297/6155 (1 references),1,ConnectionError,"HTTPSConnectionPool(host='dev.posit.niehs.nih.gov', port=443): Max retries exceeded with url: /et/api/pdf-download (Caused by NameResolutionError(""HTTPSConnection(host='dev.posit.niehs.nih.gov', port=443): Failed to resolve 'dev.posit.niehs.nih.gov' ([Errno 8] nodename nor servname provided, or not known)""))"
1298,PDF batch 1298/6155 (1 references),1,ConnectionError,"HTTPSConnectionPool(host='dev.posit.niehs.nih.gov', port=443): Max retries exceeded with url: /et/api/pdf-download (Caused by NameResolutionError(""HTTPSConnection(host='dev.posit.niehs.nih.gov', port=443): Failed to resolve 'dev.posit.niehs.nih.gov' ([Errno 8] nodename nor servname provided, or not known)""))"
1300,PDF batch 1300/6155 (1 references),1,ConnectionError,"HTTPSConnectionPool(host='dev.posit.niehs.nih.gov', port=443): Max retries exceeded with url: /et/api/pdf-download (Caused by NameResolutionError(""HTTPSConnection(host='dev.posit.niehs.nih.gov', port=443): Failed to resolve 'dev.posit.niehs.nih.gov' ([Errno 8] nodename nor servname provided, or not known)""))"
1299,PDF batch 1299/6155 (1 references),1,ConnectionError,"HTTPSConnectionPool(host='dev.posit.niehs.nih.gov', port=443): Max retries exceeded with url: /et/api/pdf-download (Caused by NameResolutionError(""HTTPSConnection(host='dev.posit.niehs.nih.gov', port=443): Failed to resolve 'dev.posit.niehs.nih.gov' ([Errno 8] nodename nor servname provided, or not known)""))"
1301,PDF batch 1301/6155 (1 references),1,ConnectionError,"HTTPSConnectionPool(host='dev.posit.niehs.nih.gov', port=443): Max retries exceeded with url: /et/api/pdf-download (Caused by NameResolutionError(""HTTPSConnection(host='dev.posit.niehs.nih.gov', port=443): Failed to resolve 'dev.posit.niehs.nih.gov' ([Errno 8] nodename nor servname provided, or not known)""))"
1302,PDF batch 1302/6155 (1 references),1,ConnectionError,"HTTPSConnectionPool(host='dev.posit.niehs.nih.gov', port=443): Max retries exceeded with url: /et/api/pdf-download (Caused by NameResolutionError(""HTTPSConnection(host='dev.posit.niehs.nih.gov', port=443): Failed to resolve 'dev.posit.niehs.nih.gov' ([Errno 8] nodename nor servname provided, or not known)""))"
1303,PDF batch 1303/6155 (1 references),1,ConnectionError,"HTTPSConnectionPool(host='dev.posit.niehs.nih.gov', port=443): Max retries exceeded with url: /et/api/pdf-download (Caused by NameResolutionError(""HTTPSConnection(host='dev.posit.niehs.nih.gov', port=443): Failed to resolve 'dev.posit.niehs.nih.gov' ([Errno 8] nodename nor servname provided, or not known)""))"
1305,PDF batch 1305/6155 (1 references),1,ConnectionError,"HTTPSConnectionPool(host='dev.posit.niehs.nih.gov', port=443): Max retries exceeded with url: /et/api/pdf-download (Caused by NameResolutionError(""HTTPSConnection(host='dev.posit.niehs.nih.gov', port=443): Failed to resolve 'dev.posit.niehs.nih.gov' ([Errno 8] nodename nor servname provided, or not known)""))"
1304,PDF batch 1304/6155 (1 references),1,ConnectionError,"HTTPSConnectionPool(host='dev.posit.niehs.nih.gov', port=443): Max retries exceeded with url: /et/api/pdf-download (Caused by NameResolutionError(""HTTPSConnection(host='dev.posit.niehs.nih.gov', port=443): Failed to resolve 'dev.posit.niehs.nih.gov' ([Errno 8] nodename nor servname provided, or not known)""))"
1306,PDF batch 1306/6155 (1 references),1,ConnectionError,"HTTPSConnectionPool(host='dev.posit.niehs.nih.gov', port=443): Max retries exceeded with url: /et/api/pdf-download (Caused by NameResolutionError(""HTTPSConnection(host='dev.posit.niehs.nih.gov', port=443): Failed to resolve 'dev.posit.niehs.nih.gov' ([Errno 8] nodename nor servname provided, or not known)""))"
1307,PDF batch 1307/6155 (1 references),1,ConnectionError,"HTTPSConnectionPool(host='dev.posit.niehs.nih.gov', port=443): Max retries exceeded with url: /et/api/pdf-download (Caused by NameResolutionError(""HTTPSConnection(host='dev.posit.niehs.nih.gov', port=443): Failed to resolve 'dev.posit.niehs.nih.gov' ([Errno 8] nodename nor servname provided, or not known)""))"
1309,PDF batch 1309/6155 (1 references),1,ConnectionError,"HTTPSConnectionPool(host='dev.posit.niehs.nih.gov', port=443): Max retries exceeded with url: /et/api/pdf-download (Caused by NameResolutionError(""HTTPSConnection(host='dev.posit.niehs.nih.gov', port=443): Failed to resolve 'dev.posit.niehs.nih.gov' ([Errno 8] nodename nor servname provided, or not known)""))"
1308,PDF batch 1308/6155 (1 references),1,ConnectionError,"HTTPSConnectionPool(host='dev.posit.niehs.nih.gov', port=443): Max retries exceeded with url: /et/api/pdf-download (Caused by NameResolutionError(""HTTPSConnection(host='dev.posit.niehs.nih.gov', port=443): Failed to resolve 'dev.posit.niehs.nih.gov' ([Errno 8] nodename nor servname provided, or not known)""))"
1310,PDF batch 1310/6155 (1 references),1,ConnectionError,"HTTPSConnectionPool(host='dev.posit.niehs.nih.gov', port=443): Max retries exceeded with url: /et/api/pdf-download (Caused by NameResolutionError(""HTTPSConnection(host='dev.posit.niehs.nih.gov', port=443): Failed to resolve 'dev.posit.niehs.nih.gov' ([Errno 8] nodename nor servname provided, or not known)""))"
1311,PDF batch 1311/6155 (1 references),1,ConnectionError,"HTTPSConnectionPool(host='dev.posit.niehs.nih.gov', port=443): Max retries exceeded with url: /et/api/pdf-download (Caused by NameResolutionError(""HTTPSConnection(host='dev.posit.niehs.nih.gov', port=443): Failed to resolve 'dev.posit.niehs.nih.gov' ([Errno 8] nodename nor servname provided, or not known)""))"
1312,PDF batch 1312/6155 (1 references),1,ConnectionError,"HTTPSConnectionPool(host='dev.posit.niehs.nih.gov', port=443): Max retries exceeded with url: /et/api/pdf-download (Caused by NameResolutionError(""HTTPSConnection(host='dev.posit.niehs.nih.gov', port=443): Failed to resolve 'dev.posit.niehs.nih.gov' ([Errno 8] nodename nor servname provided, or not known)""))"
1313,PDF batch 1313/6155 (1 references),1,ConnectionError,"HTTPSConnectionPool(host='dev.posit.niehs.nih.gov', port=443): Max retries exceeded with url: /et/api/pdf-download (Caused by NameResolutionError(""HTTPSConnection(host='dev.posit.niehs.nih.gov', port=443): Failed to resolve 'dev.posit.niehs.nih.gov' ([Errno 8] nodename nor servname provided, or not known)""))"
1314,PDF batch 1314/6155 (1 references),1,ConnectionError,"HTTPSConnectionPool(host='dev.posit.niehs.nih.gov', port=443): Max retries exceeded with url: /et/api/pdf-download (Caused by NameResolutionError(""HTTPSConnection(host='dev.posit.niehs.nih.gov', port=443): Failed to resolve 'dev.posit.niehs.nih.gov' ([Errno 8] nodename nor servname provided, or not known)""))"
1315,PDF batch 1315/6155 (1 references),1,ConnectionError,"HTTPSConnectionPool(host='dev.posit.niehs.nih.gov', port=443): Max retries exceeded with url: /et/api/pdf-download (Caused by NameResolutionError(""HTTPSConnection(host='dev.posit.niehs.nih.gov', port=443): Failed to resolve 'dev.posit.niehs.nih.gov' ([Errno 8] nodename nor servname provided, or not known)""))"
1316,PDF batch 1316/6155 (1 references),1,ConnectionError,"HTTPSConnectionPool(host='dev.posit.niehs.nih.gov', port=443): Max retries exceeded with url: /et/api/pdf-download (Caused by NameResolutionError(""HTTPSConnection(host='dev.posit.niehs.nih.gov', port=443): Failed to resolve 'dev.posit.niehs.nih.gov' ([Errno 8] nodename nor servname provided, or not known)""))"
1317,PDF batch 1317/6155 (1 references),1,ConnectionError,"HTTPSConnectionPool(host='dev.posit.niehs.nih.gov', port=443): Max retries exceeded with url: /et/api/pdf-download (Caused by NameResolutionError(""HTTPSConnection(host='dev.posit.niehs.nih.gov', port=443): Failed to resolve 'dev.posit.niehs.nih.gov' ([Errno 8] nodename nor servname provided, or not known)""))"
1318,PDF batch 1318/6155 (1 references),1,ConnectionError,"HTTPSConnectionPool(host='dev.posit.niehs.nih.gov', port=443): Max retries exceeded with url: /et/api/pdf-download (Caused by NameResolutionError(""HTTPSConnection(host='dev.posit.niehs.nih.gov', port=443): Failed to resolve 'dev.posit.niehs.nih.gov' ([Errno 8] nodename nor servname provided, or not known)""))"
1319,PDF batch 1319/6155 (1 references),1,ConnectionError,"HTTPSConnectionPool(host='dev.posit.niehs.nih.gov', port=443): Max retries exceeded with url: /et/api/pdf-download (Caused by NameResolutionError(""HTTPSConnection(host='dev.posit.niehs.nih.gov', port=443): Failed to resolve 'dev.posit.niehs.nih.gov' ([Errno 8] nodename nor servname provided, or not known)""))"
1320,PDF batch 1320/6155 (1 references),1,ConnectionError,"HTTPSConnectionPool(host='dev.posit.niehs.nih.gov', port=443): Max retries exceeded with url: /et/api/pdf-download (Caused by NameResolutionError(""HTTPSConnection(host='dev.posit.niehs.nih.gov', port=443): Failed to resolve 'dev.posit.niehs.nih.gov' ([Errno 8] nodename nor servname provided, or not known)""))"
1321,PDF batch 1321/6155 (1 references),1,ConnectionError,"HTTPSConnectionPool(host='dev.posit.niehs.nih.gov', port=443): Max retries exceeded with url: /et/api/pdf-download (Caused by NameResolutionError(""HTTPSConnection(host='dev.posit.niehs.nih.gov', port=443): Failed to resolve 'dev.posit.niehs.nih.gov' ([Errno 8] nodename nor servname provided, or not known)""))"
1322,PDF batch 1322/6155 (1 references),1,ConnectionError,"HTTPSConnectionPool(host='dev.posit.niehs.nih.gov', port=443): Max retries exceeded with url: /et/api/pdf-download (Caused by NameResolutionError(""HTTPSConnection(host='dev.posit.niehs.nih.gov', port=443): Failed to resolve 'dev.posit.niehs.nih.gov' ([Errno 8] nodename nor servname provided, or not known)""))"
1324,PDF batch 1324/6155 (1 references),1,ConnectionError,"HTTPSConnectionPool(host='dev.posit.niehs.nih.gov', port=443): Max retries exceeded with url: /et/api/pdf-download (Caused by NameResolutionError(""HTTPSConnection(host='dev.posit.niehs.nih.gov', port=443): Failed to resolve 'dev.posit.niehs.nih.gov' ([Errno 8] nodename nor servname provided, or not known)""))"
1325,PDF batch 1325/6155 (1 references),1,ConnectionError,"HTTPSConnectionPool(host='dev.posit.niehs.nih.gov', port=443): Max retries exceeded with url: /et/api/pdf-download (Caused by NameResolutionError(""HTTPSConnection(host='dev.posit.niehs.nih.gov', port=443): Failed to resolve 'dev.posit.niehs.nih.gov' ([Errno 8] nodename nor servname provided, or not known)""))"
1326,PDF batch 1326/6155 (1 references),1,ConnectionError,"HTTPSConnectionPool(host='dev.posit.niehs.nih.gov', port=443): Max retries exceeded with url: /et/api/pdf-download (Caused by NameResolutionError(""HTTPSConnection(host='dev.posit.niehs.nih.gov', port=443): Failed to resolve 'dev.posit.niehs.nih.gov' ([Errno 8] nodename nor servname provided, or not known)""))"
1323,PDF batch 1323/6155 (1 references),1,ConnectionError,"HTTPSConnectionPool(host='dev.posit.niehs.nih.gov', port=443): Max retries exceeded with url: /et/api/pdf-download (Caused by NameResolutionError(""HTTPSConnection(host='dev.posit.niehs.nih.gov', port=443): Failed to resolve 'dev.posit.niehs.nih.gov' ([Errno 8] nodename nor servname provided, or not known)""))"
1328,PDF batch 1328/6155 (1 references),1,ConnectionError,"HTTPSConnectionPool(host='dev.posit.niehs.nih.gov', port=443): Max retries exceeded with url: /et/api/pdf-download (Caused by NameResolutionError(""HTTPSConnection(host='dev.posit.niehs.nih.gov', port=443): Failed to resolve 'dev.posit.niehs.nih.gov' ([Errno 8] nodename nor servname provided, or not known)""))"
1327,PDF batch 1327/6155 (1 references),1,ConnectionError,"HTTPSConnectionPool(host='dev.posit.niehs.nih.gov', port=443): Max retries exceeded with url: /et/api/pdf-download (Caused by NameResolutionError(""HTTPSConnection(host='dev.posit.niehs.nih.gov', port=443): Failed to resolve 'dev.posit.niehs.nih.gov' ([Errno 8] nodename nor servname provided, or not known)""))"
1329,PDF batch 1329/6155 (1 references),1,ConnectionError,"HTTPSConnectionPool(host='dev.posit.niehs.nih.gov', port=443): Max retries exceeded with url: /et/api/pdf-download (Caused by NameResolutionError(""HTTPSConnection(host='dev.posit.niehs.nih.gov', port=443): Failed to resolve 'dev.posit.niehs.nih.gov' ([Errno 8] nodename nor servname provided, or not known)""))"
1330,PDF batch 1330/6155 (1 references),1,ConnectionError,"HTTPSConnectionPool(host='dev.posit.niehs.nih.gov', port=443): Max retries exceeded with url: /et/api/pdf-download (Caused by NameResolutionError(""HTTPSConnection(host='dev.posit.niehs.nih.gov', port=443): Failed to resolve 'dev.posit.niehs.nih.gov' ([Errno 8] nodename nor servname provided, or not known)""))"
1331,PDF batch 1331/6155 (1 references),1,ConnectionError,"HTTPSConnectionPool(host='dev.posit.niehs.nih.gov', port=443): Max retries exceeded with url: /et/api/pdf-download (Caused by NameResolutionError(""HTTPSConnection(host='dev.posit.niehs.nih.gov', port=443): Failed to resolve 'dev.posit.niehs.nih.gov' ([Errno 8] nodename nor servname provided, or not known)""))"
1334,PDF batch 1334/6155 (1 references),1,ConnectionError,"HTTPSConnectionPool(host='dev.posit.niehs.nih.gov', port=443): Max retries exceeded with url: /et/api/pdf-download (Caused by NameResolutionError(""HTTPSConnection(host='dev.posit.niehs.nih.gov', port=443): Failed to resolve 'dev.posit.niehs.nih.gov' ([Errno 8] nodename nor servname provided, or not known)""))"
1333,PDF batch 1333/6155 (1 references),1,ConnectionError,"HTTPSConnectionPool(host='dev.posit.niehs.nih.gov', port=443): Max retries exceeded with url: /et/api/pdf-download (Caused by NameResolutionError(""HTTPSConnection(host='dev.posit.niehs.nih.gov', port=443): Failed to resolve 'dev.posit.niehs.nih.gov' ([Errno 8] nodename nor servname provided, or not known)""))"
1332,PDF batch 1332/6155 (1 references),1,ConnectionError,"HTTPSConnectionPool(host='dev.posit.niehs.nih.gov', port=443): Max retries exceeded with url: /et/api/pdf-download (Caused by NameResolutionError(""HTTPSConnection(host='dev.posit.niehs.nih.gov', port=443): Failed to resolve 'dev.posit.niehs.nih.gov' ([Errno 8] nodename nor servname provided, or not known)""))"
1335,PDF batch 1335/6155 (1 references),1,ConnectionError,"HTTPSConnectionPool(host='dev.posit.niehs.nih.gov', port=443): Max retries exceeded with url: /et/api/pdf-download (Caused by NameResolutionError(""HTTPSConnection(host='dev.posit.niehs.nih.gov', port=443): Failed to resolve 'dev.posit.niehs.nih.gov' ([Errno 8] nodename nor servname provided, or not known)""))"
1336,PDF batch 1336/6155 (1 references),1,ConnectionError,"HTTPSConnectionPool(host='dev.posit.niehs.nih.gov', port=443): Max retries exceeded with url: /et/api/pdf-download (Caused by NameResolutionError(""HTTPSConnection(host='dev.posit.niehs.nih.gov', port=443): Failed to resolve 'dev.posit.niehs.nih.gov' ([Errno 8] nodename nor servname provided, or not known)""))"
1337,PDF batch 1337/6155 (1 references),1,ConnectionError,"HTTPSConnectionPool(host='dev.posit.niehs.nih.gov', port=443): Max retries exceeded with url: /et/api/pdf-download (Caused by NameResolutionError(""HTTPSConnection(host='dev.posit.niehs.nih.gov', port=443): Failed to resolve 'dev.posit.niehs.nih.gov' ([Errno 8] nodename nor servname provided, or not known)""))"
1339,PDF batch 1339/6155 (1 references),1,ConnectionError,"HTTPSConnectionPool(host='dev.posit.niehs.nih.gov', port=443): Max retries exceeded with url: /et/api/pdf-download (Caused by NameResolutionError(""HTTPSConnection(host='dev.posit.niehs.nih.gov', port=443): Failed to resolve 'dev.posit.niehs.nih.gov' ([Errno 8] nodename nor servname provided, or not known)""))"
1338,PDF batch 1338/6155 (1 references),1,ConnectionError,"HTTPSConnectionPool(host='dev.posit.niehs.nih.gov', port=443): Max retries exceeded with url: /et/api/pdf-download (Caused by NameResolutionError(""HTTPSConnection(host='dev.posit.niehs.nih.gov', port=443): Failed to resolve 'dev.posit.niehs.nih.gov' ([Errno 8] nodename nor servname provided, or not known)""))"
1340,PDF batch 1340/6155 (1 references),1,ConnectionError,"HTTPSConnectionPool(host='dev.posit.niehs.nih.gov', port=443): Max retries exceeded with url: /et/api/pdf-download (Caused by NameResolutionError(""HTTPSConnection(host='dev.posit.niehs.nih.gov', port=443): Failed to resolve 'dev.posit.niehs.nih.gov' ([Errno 8] nodename nor servname provided, or not known)""))"
1341,PDF batch 1341/6155 (1 references),1,ConnectionError,"HTTPSConnectionPool(host='dev.posit.niehs.nih.gov', port=443): Max retries exceeded with url: /et/api/pdf-download (Caused by NameResolutionError(""HTTPSConnection(host='dev.posit.niehs.nih.gov', port=443): Failed to resolve 'dev.posit.niehs.nih.gov' ([Errno 8] nodename nor servname provided, or not known)""))"
1342,PDF batch 1342/6155 (1 references),1,ConnectionError,"HTTPSConnectionPool(host='dev.posit.niehs.nih.gov', port=443): Max retries exceeded with url: /et/api/pdf-download (Caused by NameResolutionError(""HTTPSConnection(host='dev.posit.niehs.nih.gov', port=443): Failed to resolve 'dev.posit.niehs.nih.gov' ([Errno 8] nodename nor servname provided, or not known)""))"
1344,PDF batch 1344/6155 (1 references),1,ConnectionError,"HTTPSConnectionPool(host='dev.posit.niehs.nih.gov', port=443): Max retries exceeded with url: /et/api/pdf-download (Caused by NameResolutionError(""HTTPSConnection(host='dev.posit.niehs.nih.gov', port=443): Failed to resolve 'dev.posit.niehs.nih.gov' ([Errno 8] nodename nor servname provided, or not known)""))"
1346,PDF batch 1346/6155 (1 references),1,ConnectionError,"HTTPSConnectionPool(host='dev.posit.niehs.nih.gov', port=443): Max retries exceeded with url: /et/api/pdf-download (Caused by NameResolutionError(""HTTPSConnection(host='dev.posit.niehs.nih.gov', port=443): Failed to resolve 'dev.posit.niehs.nih.gov' ([Errno 8] nodename nor servname provided, or not known)""))"
1343,PDF batch 1343/6155 (1 references),1,ConnectionError,"HTTPSConnectionPool(host='dev.posit.niehs.nih.gov', port=443): Max retries exceeded with url: /et/api/pdf-download (Caused by NameResolutionError(""HTTPSConnection(host='dev.posit.niehs.nih.gov', port=443): Failed to resolve 'dev.posit.niehs.nih.gov' ([Errno 8] nodename nor servname provided, or not known)""))"
1345,PDF batch 1345/6155 (1 references),1,ConnectionError,"HTTPSConnectionPool(host='dev.posit.niehs.nih.gov', port=443): Max retries exceeded with url: /et/api/pdf-download (Caused by NameResolutionError(""HTTPSConnection(host='dev.posit.niehs.nih.gov', port=443): Failed to resolve 'dev.posit.niehs.nih.gov' ([Errno 8] nodename nor servname provided, or not known)""))"
1347,PDF batch 1347/6155 (1 references),1,ConnectionError,"HTTPSConnectionPool(host='dev.posit.niehs.nih.gov', port=443): Max retries exceeded with url: /et/api/pdf-download (Caused by NameResolutionError(""HTTPSConnection(host='dev.posit.niehs.nih.gov', port=443): Failed to resolve 'dev.posit.niehs.nih.gov' ([Errno 8] nodename nor servname provided, or not known)""))"
1348,PDF batch 1348/6155 (1 references),1,ConnectionError,"HTTPSConnectionPool(host='dev.posit.niehs.nih.gov', port=443): Max retries exceeded with url: /et/api/pdf-download (Caused by NameResolutionError(""HTTPSConnection(host='dev.posit.niehs.nih.gov', port=443): Failed to resolve 'dev.posit.niehs.nih.gov' ([Errno 8] nodename nor servname provided, or not known)""))"
1353,PDF batch 1353/6155 (1 references),1,ConnectionError,"HTTPSConnectionPool(host='dev.posit.niehs.nih.gov', port=443): Max retries exceeded with url: /et/api/pdf-download (Caused by NameResolutionError(""HTTPSConnection(host='dev.posit.niehs.nih.gov', port=443): Failed to resolve 'dev.posit.niehs.nih.gov' ([Errno 8] nodename nor servname provided, or not known)""))"
1352,PDF batch 1352/6155 (1 references),1,ConnectionError,"HTTPSConnectionPool(host='dev.posit.niehs.nih.gov', port=443): Max retries exceeded with url: /et/api/pdf-download (Caused by NameResolutionError(""HTTPSConnection(host='dev.posit.niehs.nih.gov', port=443): Failed to resolve 'dev.posit.niehs.nih.gov' ([Errno 8] nodename nor servname provided, or not known)""))"
1351,PDF batch 1351/6155 (1 references),1,ConnectionError,"HTTPSConnectionPool(host='dev.posit.niehs.nih.gov', port=443): Max retries exceeded with url: /et/api/pdf-download (Caused by NameResolutionError(""HTTPSConnection(host='dev.posit.niehs.nih.gov', port=443): Failed to resolve 'dev.posit.niehs.nih.gov' ([Errno 8] nodename nor servname provided, or not known)""))"
1350,PDF batch 1350/6155 (1 references),1,ConnectionError,"HTTPSConnectionPool(host='dev.posit.niehs.nih.gov', port=443): Max retries exceeded with url: /et/api/pdf-download (Caused by NameResolutionError(""HTTPSConnection(host='dev.posit.niehs.nih.gov', port=443): Failed to resolve 'dev.posit.niehs.nih.gov' ([Errno 8] nodename nor servname provided, or not known)""))"
1349,PDF batch 1349/6155 (1 references),1,ConnectionError,"HTTPSConnectionPool(host='dev.posit.niehs.nih.gov', port=443): Max retries exceeded with url: /et/api/pdf-download (Caused by NameResolutionError(""HTTPSConnection(host='dev.posit.niehs.nih.gov', port=443): Failed to resolve 'dev.posit.niehs.nih.gov' ([Errno 8] nodename nor servname provided, or not known)""))"
1354,PDF batch 1354/6155 (1 references),1,ConnectionError,"HTTPSConnectionPool(host='dev.posit.niehs.nih.gov', port=443): Max retries exceeded with url: /et/api/pdf-download (Caused by NameResolutionError(""HTTPSConnection(host='dev.posit.niehs.nih.gov', port=443): Failed to resolve 'dev.posit.niehs.nih.gov' ([Errno 8] nodename nor servname provided, or not known)""))"
1355,PDF batch 1355/6155 (1 references),1,ConnectionError,"HTTPSConnectionPool(host='dev.posit.niehs.nih.gov', port=443): Max retries exceeded with url: /et/api/pdf-download (Caused by NameResolutionError(""HTTPSConnection(host='dev.posit.niehs.nih.gov', port=443): Failed to resolve 'dev.posit.niehs.nih.gov' ([Errno 8] nodename nor servname provided, or not known)""))"
1357,PDF batch 1357/6155 (1 references),1,ConnectionError,"HTTPSConnectionPool(host='dev.posit.niehs.nih.gov', port=443): Max retries exceeded with url: /et/api/pdf-download (Caused by NameResolutionError(""HTTPSConnection(host='dev.posit.niehs.nih.gov', port=443): Failed to resolve 'dev.posit.niehs.nih.gov' ([Errno 8] nodename nor servname provided, or not known)""))"
1356,PDF batch 1356/6155 (1 references),1,ConnectionError,"HTTPSConnectionPool(host='dev.posit.niehs.nih.gov', port=443): Max retries exceeded with url: /et/api/pdf-download (Caused by NameResolutionError(""HTTPSConnection(host='dev.posit.niehs.nih.gov', port=443): Failed to resolve 'dev.posit.niehs.nih.gov' ([Errno 8] nodename nor servname provided, or not known)""))"
1358,PDF batch 1358/6155 (1 references),1,ConnectionError,"HTTPSConnectionPool(host='dev.posit.niehs.nih.gov', port=443): Max retries exceeded with url: /et/api/pdf-download (Caused by NameResolutionError(""HTTPSConnection(host='dev.posit.niehs.nih.gov', port=443): Failed to resolve 'dev.posit.niehs.nih.gov' ([Errno 8] nodename nor servname provided, or not known)""))"
1359,PDF batch 1359/6155 (1 references),1,ConnectionError,"HTTPSConnectionPool(host='dev.posit.niehs.nih.gov', port=443): Max retries exceeded with url: /et/api/pdf-download (Caused by NameResolutionError(""HTTPSConnection(host='dev.posit.niehs.nih.gov', port=443): Failed to resolve 'dev.posit.niehs.nih.gov' ([Errno 8] nodename nor servname provided, or not known)""))"
1360,PDF batch 1360/6155 (1 references),1,ConnectionError,"HTTPSConnectionPool(host='dev.posit.niehs.nih.gov', port=443): Max retries exceeded with url: /et/api/pdf-download (Caused by NameResolutionError(""HTTPSConnection(host='dev.posit.niehs.nih.gov', port=443): Failed to resolve 'dev.posit.niehs.nih.gov' ([Errno 8] nodename nor servname provided, or not known)""))"
1361,PDF batch 1361/6155 (1 references),1,ConnectionError,"HTTPSConnectionPool(host='dev.posit.niehs.nih.gov', port=443): Max retries exceeded with url: /et/api/pdf-download (Caused by NameResolutionError(""HTTPSConnection(host='dev.posit.niehs.nih.gov', port=443): Failed to resolve 'dev.posit.niehs.nih.gov' ([Errno 8] nodename nor servname provided, or not known)""))"
1362,PDF batch 1362/6155 (1 references),1,ConnectionError,"HTTPSConnectionPool(host='dev.posit.niehs.nih.gov', port=443): Max retries exceeded with url: /et/api/pdf-download (Caused by NameResolutionError(""HTTPSConnection(host='dev.posit.niehs.nih.gov', port=443): Failed to resolve 'dev.posit.niehs.nih.gov' ([Errno 8] nodename nor servname provided, or not known)""))"
1363,PDF batch 1363/6155 (1 references),1,ConnectionError,"HTTPSConnectionPool(host='dev.posit.niehs.nih.gov', port=443): Max retries exceeded with url: /et/api/pdf-download (Caused by NameResolutionError(""HTTPSConnection(host='dev.posit.niehs.nih.gov', port=443): Failed to resolve 'dev.posit.niehs.nih.gov' ([Errno 8] nodename nor servname provided, or not known)""))"
1366,PDF batch 1366/6155 (1 references),1,ConnectionError,"HTTPSConnectionPool(host='dev.posit.niehs.nih.gov', port=443): Max retries exceeded with url: /et/api/pdf-download (Caused by NameResolutionError(""HTTPSConnection(host='dev.posit.niehs.nih.gov', port=443): Failed to resolve 'dev.posit.niehs.nih.gov' ([Errno 8] nodename nor servname provided, or not known)""))"
1365,PDF batch 1365/6155 (1 references),1,ConnectionError,"HTTPSConnectionPool(host='dev.posit.niehs.nih.gov', port=443): Max retries exceeded with url: /et/api/pdf-download (Caused by NameResolutionError(""HTTPSConnection(host='dev.posit.niehs.nih.gov', port=443): Failed to resolve 'dev.posit.niehs.nih.gov' ([Errno 8] nodename nor servname provided, or not known)""))"
1364,PDF batch 1364/6155 (1 references),1,ConnectionError,"HTTPSConnectionPool(host='dev.posit.niehs.nih.gov', port=443): Max retries exceeded with url: /et/api/pdf-download (Caused by NameResolutionError(""HTTPSConnection(host='dev.posit.niehs.nih.gov', port=443): Failed to resolve 'dev.posit.niehs.nih.gov' ([Errno 8] nodename nor servname provided, or not known)""))"
1367,PDF batch 1367/6155 (1 references),1,ConnectionError,"HTTPSConnectionPool(host='dev.posit.niehs.nih.gov', port=443): Max retries exceeded with url: /et/api/pdf-download (Caused by NameResolutionError(""HTTPSConnection(host='dev.posit.niehs.nih.gov', port=443): Failed to resolve 'dev.posit.niehs.nih.gov' ([Errno 8] nodename nor servname provided, or not known)""))"
1368,PDF batch 1368/6155 (1 references),1,ConnectionError,"HTTPSConnectionPool(host='dev.posit.niehs.nih.gov', port=443): Max retries exceeded with url: /et/api/pdf-download (Caused by NameResolutionError(""HTTPSConnection(host='dev.posit.niehs.nih.gov', port=443): Failed to resolve 'dev.posit.niehs.nih.gov' ([Errno 8] nodename nor servname provided, or not known)""))"
1372,PDF batch 1372/6155 (1 references),1,ConnectionError,"HTTPSConnectionPool(host='dev.posit.niehs.nih.gov', port=443): Max retries exceeded with url: /et/api/pdf-download (Caused by NameResolutionError(""HTTPSConnection(host='dev.posit.niehs.nih.gov', port=443): Failed to resolve 'dev.posit.niehs.nih.gov' ([Errno 8] nodename nor servname provided, or not known)""))"
1369,PDF batch 1369/6155 (1 references),1,ConnectionError,"HTTPSConnectionPool(host='dev.posit.niehs.nih.gov', port=443): Max retries exceeded with url: /et/api/pdf-download (Caused by NameResolutionError(""HTTPSConnection(host='dev.posit.niehs.nih.gov', port=443): Failed to resolve 'dev.posit.niehs.nih.gov' ([Errno 8] nodename nor servname provided, or not known)""))"
1370,PDF batch 1370/6155 (1 references),1,ConnectionError,"HTTPSConnectionPool(host='dev.posit.niehs.nih.gov', port=443): Max retries exceeded with url: /et/api/pdf-download (Caused by NameResolutionError(""HTTPSConnection(host='dev.posit.niehs.nih.gov', port=443): Failed to resolve 'dev.posit.niehs.nih.gov' ([Errno 8] nodename nor servname provided, or not known)""))"
1371,PDF batch 1371/6155 (1 references),1,ConnectionError,"HTTPSConnectionPool(host='dev.posit.niehs.nih.gov', port=443): Max retries exceeded with url: /et/api/pdf-download (Caused by NameResolutionError(""HTTPSConnection(host='dev.posit.niehs.nih.gov', port=443): Failed to resolve 'dev.posit.niehs.nih.gov' ([Errno 8] nodename nor servname provided, or not known)""))"
1373,PDF batch 1373/6155 (1 references),1,ConnectionError,"HTTPSConnectionPool(host='dev.posit.niehs.nih.gov', port=443): Max retries exceeded with url: /et/api/pdf-download (Caused by NameResolutionError(""HTTPSConnection(host='dev.posit.niehs.nih.gov', port=443): Failed to resolve 'dev.posit.niehs.nih.gov' ([Errno 8] nodename nor servname provided, or not known)""))"
1374,PDF batch 1374/6155 (1 references),1,ConnectionError,"HTTPSConnectionPool(host='dev.posit.niehs.nih.gov', port=443): Max retries exceeded with url: /et/api/pdf-download (Caused by NameResolutionError(""HTTPSConnection(host='dev.posit.niehs.nih.gov', port=443): Failed to resolve 'dev.posit.niehs.nih.gov' ([Errno 8] nodename nor servname provided, or not known)""))"
1376,PDF batch 1376/6155 (1 references),1,ConnectionError,"HTTPSConnectionPool(host='dev.posit.niehs.nih.gov', port=443): Max retries exceeded with url: /et/api/pdf-download (Caused by NameResolutionError(""HTTPSConnection(host='dev.posit.niehs.nih.gov', port=443): Failed to resolve 'dev.posit.niehs.nih.gov' ([Errno 8] nodename nor servname provided, or not known)""))"
1377,PDF batch 1377/6155 (1 references),1,ConnectionError,"HTTPSConnectionPool(host='dev.posit.niehs.nih.gov', port=443): Max retries exceeded with url: /et/api/pdf-download (Caused by NameResolutionError(""HTTPSConnection(host='dev.posit.niehs.nih.gov', port=443): Failed to resolve 'dev.posit.niehs.nih.gov' ([Errno 8] nodename nor servname provided, or not known)""))"
1375,PDF batch 1375/6155 (1 references),1,ConnectionError,"HTTPSConnectionPool(host='dev.posit.niehs.nih.gov', port=443): Max retries exceeded with url: /et/api/pdf-download (Caused by NameResolutionError(""HTTPSConnection(host='dev.posit.niehs.nih.gov', port=443): Failed to resolve 'dev.posit.niehs.nih.gov' ([Errno 8] nodename nor servname provided, or not known)""))"
1378,PDF batch 1378/6155 (1 references),1,ConnectionError,"HTTPSConnectionPool(host='dev.posit.niehs.nih.gov', port=443): Max retries exceeded with url: /et/api/pdf-download (Caused by NameResolutionError(""HTTPSConnection(host='dev.posit.niehs.nih.gov', port=443): Failed to resolve 'dev.posit.niehs.nih.gov' ([Errno 8] nodename nor servname provided, or not known)""))"
1379,PDF batch 1379/6155 (1 references),1,ConnectionError,"HTTPSConnectionPool(host='dev.posit.niehs.nih.gov', port=443): Max retries exceeded with url: /et/api/pdf-download (Caused by NameResolutionError(""HTTPSConnection(host='dev.posit.niehs.nih.gov', port=443): Failed to resolve 'dev.posit.niehs.nih.gov' ([Errno 8] nodename nor servname provided, or not known)""))"
1380,PDF batch 1380/6155 (1 references),1,ConnectionError,"HTTPSConnectionPool(host='dev.posit.niehs.nih.gov', port=443): Max retries exceeded with url: /et/api/pdf-download (Caused by NameResolutionError(""HTTPSConnection(host='dev.posit.niehs.nih.gov', port=443): Failed to resolve 'dev.posit.niehs.nih.gov' ([Errno 8] nodename nor servname provided, or not known)""))"
1381,PDF batch 1381/6155 (1 references),1,ConnectionError,"HTTPSConnectionPool(host='dev.posit.niehs.nih.gov', port=443): Max retries exceeded with url: /et/api/pdf-download (Caused by NameResolutionError(""HTTPSConnection(host='dev.posit.niehs.nih.gov', port=443): Failed to resolve 'dev.posit.niehs.nih.gov' ([Errno 8] nodename nor servname provided, or not known)""))"
1382,PDF batch 1382/6155 (1 references),1,ConnectionError,"HTTPSConnectionPool(host='dev.posit.niehs.nih.gov', port=443): Max retries exceeded with url: /et/api/pdf-download (Caused by NameResolutionError(""HTTPSConnection(host='dev.posit.niehs.nih.gov', port=443): Failed to resolve 'dev.posit.niehs.nih.gov' ([Errno 8] nodename nor servname provided, or not known)""))"
1383,PDF batch 1383/6155 (1 references),1,ConnectionError,"HTTPSConnectionPool(host='dev.posit.niehs.nih.gov', port=443): Max retries exceeded with url: /et/api/pdf-download (Caused by NameResolutionError(""HTTPSConnection(host='dev.posit.niehs.nih.gov', port=443): Failed to resolve 'dev.posit.niehs.nih.gov' ([Errno 8] nodename nor servname provided, or not known)""))"
1384,PDF batch 1384/6155 (1 references),1,ConnectionError,"HTTPSConnectionPool(host='dev.posit.niehs.nih.gov', port=443): Max retries exceeded with url: /et/api/pdf-download (Caused by NameResolutionError(""HTTPSConnection(host='dev.posit.niehs.nih.gov', port=443): Failed to resolve 'dev.posit.niehs.nih.gov' ([Errno 8] nodename nor servname provided, or not known)""))"
1385,PDF batch 1385/6155 (1 references),1,ConnectionError,"HTTPSConnectionPool(host='dev.posit.niehs.nih.gov', port=443): Max retries exceeded with url: /et/api/pdf-download (Caused by NameResolutionError(""HTTPSConnection(host='dev.posit.niehs.nih.gov', port=443): Failed to resolve 'dev.posit.niehs.nih.gov' ([Errno 8] nodename nor servname provided, or not known)""))"
1386,PDF batch 1386/6155 (1 references),1,ConnectionError,"HTTPSConnectionPool(host='dev.posit.niehs.nih.gov', port=443): Max retries exceeded with url: /et/api/pdf-download (Caused by NameResolutionError(""HTTPSConnection(host='dev.posit.niehs.nih.gov', port=443): Failed to resolve 'dev.posit.niehs.nih.gov' ([Errno 8] nodename nor servname provided, or not known)""))"
1387,PDF batch 1387/6155 (1 references),1,ConnectionError,"HTTPSConnectionPool(host='dev.posit.niehs.nih.gov', port=443): Max retries exceeded with url: /et/api/pdf-download (Caused by NameResolutionError(""HTTPSConnection(host='dev.posit.niehs.nih.gov', port=443): Failed to resolve 'dev.posit.niehs.nih.gov' ([Errno 8] nodename nor servname provided, or not known)""))"
1391,PDF batch 1391/6155 (1 references),1,ConnectionError,"HTTPSConnectionPool(host='dev.posit.niehs.nih.gov', port=443): Max retries exceeded with url: /et/api/pdf-download (Caused by NameResolutionError(""HTTPSConnection(host='dev.posit.niehs.nih.gov', port=443): Failed to resolve 'dev.posit.niehs.nih.gov' ([Errno 8] nodename nor servname provided, or not known)""))"
1389,PDF batch 1389/6155 (1 references),1,ConnectionError,"HTTPSConnectionPool(host='dev.posit.niehs.nih.gov', port=443): Max retries exceeded with url: /et/api/pdf-download (Caused by NameResolutionError(""HTTPSConnection(host='dev.posit.niehs.nih.gov', port=443): Failed to resolve 'dev.posit.niehs.nih.gov' ([Errno 8] nodename nor servname provided, or not known)""))"
1388,PDF batch 1388/6155 (1 references),1,ConnectionError,"HTTPSConnectionPool(host='dev.posit.niehs.nih.gov', port=443): Max retries exceeded with url: /et/api/pdf-download (Caused by NameResolutionError(""HTTPSConnection(host='dev.posit.niehs.nih.gov', port=443): Failed to resolve 'dev.posit.niehs.nih.gov' ([Errno 8] nodename nor servname provided, or not known)""))"
1390,PDF batch 1390/6155 (1 references),1,ConnectionError,"HTTPSConnectionPool(host='dev.posit.niehs.nih.gov', port=443): Max retries exceeded with url: /et/api/pdf-download (Caused by NameResolutionError(""HTTPSConnection(host='dev.posit.niehs.nih.gov', port=443): Failed to resolve 'dev.posit.niehs.nih.gov' ([Errno 8] nodename nor servname provided, or not known)""))"
1393,PDF batch 1393/6155 (1 references),1,ConnectionError,"HTTPSConnectionPool(host='dev.posit.niehs.nih.gov', port=443): Max retries exceeded with url: /et/api/pdf-download (Caused by NameResolutionError(""HTTPSConnection(host='dev.posit.niehs.nih.gov', port=443): Failed to resolve 'dev.posit.niehs.nih.gov' ([Errno 8] nodename nor servname provided, or not known)""))"
1392,PDF batch 1392/6155 (1 references),1,ConnectionError,"HTTPSConnectionPool(host='dev.posit.niehs.nih.gov', port=443): Max retries exceeded with url: /et/api/pdf-download (Caused by NameResolutionError(""HTTPSConnection(host='dev.posit.niehs.nih.gov', port=443): Failed to resolve 'dev.posit.niehs.nih.gov' ([Errno 8] nodename nor servname provided, or not known)""))"
1395,PDF batch 1395/6155 (1 references),1,ConnectionError,"HTTPSConnectionPool(host='dev.posit.niehs.nih.gov', port=443): Max retries exceeded with url: /et/api/pdf-download (Caused by NameResolutionError(""HTTPSConnection(host='dev.posit.niehs.nih.gov', port=443): Failed to resolve 'dev.posit.niehs.nih.gov' ([Errno 8] nodename nor servname provided, or not known)""))"
1394,PDF batch 1394/6155 (1 references),1,ConnectionError,"HTTPSConnectionPool(host='dev.posit.niehs.nih.gov', port=443): Max retries exceeded with url: /et/api/pdf-download (Caused by NameResolutionError(""HTTPSConnection(host='dev.posit.niehs.nih.gov', port=443): Failed to resolve 'dev.posit.niehs.nih.gov' ([Errno 8] nodename nor servname provided, or not known)""))"
1396,PDF batch 1396/6155 (1 references),1,ConnectionError,"HTTPSConnectionPool(host='dev.posit.niehs.nih.gov', port=443): Max retries exceeded with url: /et/api/pdf-download (Caused by NameResolutionError(""HTTPSConnection(host='dev.posit.niehs.nih.gov', port=443): Failed to resolve 'dev.posit.niehs.nih.gov' ([Errno 8] nodename nor servname provided, or not known)""))"
1397,PDF batch 1397/6155 (1 references),1,ConnectionError,"HTTPSConnectionPool(host='dev.posit.niehs.nih.gov', port=443): Max retries exceeded with url: /et/api/pdf-download (Caused by NameResolutionError(""HTTPSConnection(host='dev.posit.niehs.nih.gov', port=443): Failed to resolve 'dev.posit.niehs.nih.gov' ([Errno 8] nodename nor servname provided, or not known)""))"
1398,PDF batch 1398/6155 (1 references),1,ConnectionError,"HTTPSConnectionPool(host='dev.posit.niehs.nih.gov', port=443): Max retries exceeded with url: /et/api/pdf-download (Caused by NameResolutionError(""HTTPSConnection(host='dev.posit.niehs.nih.gov', port=443): Failed to resolve 'dev.posit.niehs.nih.gov' ([Errno 8] nodename nor servname provided, or not known)""))"
1399,PDF batch 1399/6155 (1 references),1,ConnectionError,"HTTPSConnectionPool(host='dev.posit.niehs.nih.gov', port=443): Max retries exceeded with url: /et/api/pdf-download (Caused by NameResolutionError(""HTTPSConnection(host='dev.posit.niehs.nih.gov', port=443): Failed to resolve 'dev.posit.niehs.nih.gov' ([Errno 8] nodename nor servname provided, or not known)""))"
1400,PDF batch 1400/6155 (1 references),1,ConnectionError,"HTTPSConnectionPool(host='dev.posit.niehs.nih.gov', port=443): Max retries exceeded with url: /et/api/pdf-download (Caused by NameResolutionError(""HTTPSConnection(host='dev.posit.niehs.nih.gov', port=443): Failed to resolve 'dev.posit.niehs.nih.gov' ([Errno 8] nodename nor servname provided, or not known)""))"
1401,PDF batch 1401/6155 (1 references),1,ConnectionError,"HTTPSConnectionPool(host='dev.posit.niehs.nih.gov', port=443): Max retries exceeded with url: /et/api/pdf-download (Caused by NameResolutionError(""HTTPSConnection(host='dev.posit.niehs.nih.gov', port=443): Failed to resolve 'dev.posit.niehs.nih.gov' ([Errno 8] nodename nor servname provided, or not known)""))"
1402,PDF batch 1402/6155 (1 references),1,ConnectionError,"HTTPSConnectionPool(host='dev.posit.niehs.nih.gov', port=443): Max retries exceeded with url: /et/api/pdf-download (Caused by NameResolutionError(""HTTPSConnection(host='dev.posit.niehs.nih.gov', port=443): Failed to resolve 'dev.posit.niehs.nih.gov' ([Errno 8] nodename nor servname provided, or not known)""))"
1404,PDF batch 1404/6155 (1 references),1,ConnectionError,"HTTPSConnectionPool(host='dev.posit.niehs.nih.gov', port=443): Max retries exceeded with url: /et/api/pdf-download (Caused by NameResolutionError(""HTTPSConnection(host='dev.posit.niehs.nih.gov', port=443): Failed to resolve 'dev.posit.niehs.nih.gov' ([Errno 8] nodename nor servname provided, or not known)""))"
1403,PDF batch 1403/6155 (1 references),1,ConnectionError,"HTTPSConnectionPool(host='dev.posit.niehs.nih.gov', port=443): Max retries exceeded with url: /et/api/pdf-download (Caused by NameResolutionError(""HTTPSConnection(host='dev.posit.niehs.nih.gov', port=443): Failed to resolve 'dev.posit.niehs.nih.gov' ([Errno 8] nodename nor servname provided, or not known)""))"
1406,PDF batch 1406/6155 (1 references),1,ConnectionError,"HTTPSConnectionPool(host='dev.posit.niehs.nih.gov', port=443): Max retries exceeded with url: /et/api/pdf-download (Caused by NameResolutionError(""HTTPSConnection(host='dev.posit.niehs.nih.gov', port=443): Failed to resolve 'dev.posit.niehs.nih.gov' ([Errno 8] nodename nor servname provided, or not known)""))"
1405,PDF batch 1405/6155 (1 references),1,ConnectionError,"HTTPSConnectionPool(host='dev.posit.niehs.nih.gov', port=443): Max retries exceeded with url: /et/api/pdf-download (Caused by NameResolutionError(""HTTPSConnection(host='dev.posit.niehs.nih.gov', port=443): Failed to resolve 'dev.posit.niehs.nih.gov' ([Errno 8] nodename nor servname provided, or not known)""))"
1409,PDF batch 1409/6155 (1 references),1,ConnectionError,"HTTPSConnectionPool(host='dev.posit.niehs.nih.gov', port=443): Max retries exceeded with url: /et/api/pdf-download (Caused by NameResolutionError(""HTTPSConnection(host='dev.posit.niehs.nih.gov', port=443): Failed to resolve 'dev.posit.niehs.nih.gov' ([Errno 8] nodename nor servname provided, or not known)""))"
1410,PDF batch 1410/6155 (1 references),1,ConnectionError,"HTTPSConnectionPool(host='dev.posit.niehs.nih.gov', port=443): Max retries exceeded with url: /et/api/pdf-download (Caused by NameResolutionError(""HTTPSConnection(host='dev.posit.niehs.nih.gov', port=443): Failed to resolve 'dev.posit.niehs.nih.gov' ([Errno 8] nodename nor servname provided, or not known)""))"
1408,PDF batch 1408/6155 (1 references),1,ConnectionError,"HTTPSConnectionPool(host='dev.posit.niehs.nih.gov', port=443): Max retries exceeded with url: /et/api/pdf-download (Caused by NameResolutionError(""HTTPSConnection(host='dev.posit.niehs.nih.gov', port=443): Failed to resolve 'dev.posit.niehs.nih.gov' ([Errno 8] nodename nor servname provided, or not known)""))"
1407,PDF batch 1407/6155 (1 references),1,ConnectionError,"HTTPSConnectionPool(host='dev.posit.niehs.nih.gov', port=443): Max retries exceeded with url: /et/api/pdf-download (Caused by NameResolutionError(""HTTPSConnection(host='dev.posit.niehs.nih.gov', port=443): Failed to resolve 'dev.posit.niehs.nih.gov' ([Errno 8] nodename nor servname provided, or not known)""))"
1411,PDF batch 1411/6155 (1 references),1,ConnectionError,"HTTPSConnectionPool(host='dev.posit.niehs.nih.gov', port=443): Max retries exceeded with url: /et/api/pdf-download (Caused by NameResolutionError(""HTTPSConnection(host='dev.posit.niehs.nih.gov', port=443): Failed to resolve 'dev.posit.niehs.nih.gov' ([Errno 8] nodename nor servname provided, or not known)""))"
1412,PDF batch 1412/6155 (1 references),1,ConnectionError,"HTTPSConnectionPool(host='dev.posit.niehs.nih.gov', port=443): Max retries exceeded with url: /et/api/pdf-download (Caused by NameResolutionError(""HTTPSConnection(host='dev.posit.niehs.nih.gov', port=443): Failed to resolve 'dev.posit.niehs.nih.gov' ([Errno 8] nodename nor servname provided, or not known)""))"
1413,PDF batch 1413/6155 (1 references),1,ConnectionError,"HTTPSConnectionPool(host='dev.posit.niehs.nih.gov', port=443): Max retries exceeded with url: /et/api/pdf-download (Caused by NameResolutionError(""HTTPSConnection(host='dev.posit.niehs.nih.gov', port=443): Failed to resolve 'dev.posit.niehs.nih.gov' ([Errno 8] nodename nor servname provided, or not known)""))"
1414,PDF batch 1414/6155 (1 references),1,ConnectionError,"HTTPSConnectionPool(host='dev.posit.niehs.nih.gov', port=443): Max retries exceeded with url: /et/api/pdf-download (Caused by NameResolutionError(""HTTPSConnection(host='dev.posit.niehs.nih.gov', port=443): Failed to resolve 'dev.posit.niehs.nih.gov' ([Errno 8] nodename nor servname provided, or not known)""))"
1415,PDF batch 1415/6155 (1 references),1,ConnectionError,"HTTPSConnectionPool(host='dev.posit.niehs.nih.gov', port=443): Max retries exceeded with url: /et/api/pdf-download (Caused by NameResolutionError(""HTTPSConnection(host='dev.posit.niehs.nih.gov', port=443): Failed to resolve 'dev.posit.niehs.nih.gov' ([Errno 8] nodename nor servname provided, or not known)""))"
1416,PDF batch 1416/6155 (1 references),1,ConnectionError,"HTTPSConnectionPool(host='dev.posit.niehs.nih.gov', port=443): Max retries exceeded with url: /et/api/pdf-download (Caused by NameResolutionError(""HTTPSConnection(host='dev.posit.niehs.nih.gov', port=443): Failed to resolve 'dev.posit.niehs.nih.gov' ([Errno 8] nodename nor servname provided, or not known)""))"
1417,PDF batch 1417/6155 (1 references),1,ConnectionError,"HTTPSConnectionPool(host='dev.posit.niehs.nih.gov', port=443): Max retries exceeded with url: /et/api/pdf-download (Caused by NameResolutionError(""HTTPSConnection(host='dev.posit.niehs.nih.gov', port=443): Failed to resolve 'dev.posit.niehs.nih.gov' ([Errno 8] nodename nor servname provided, or not known)""))"
1418,PDF batch 1418/6155 (1 references),1,ConnectionError,"HTTPSConnectionPool(host='dev.posit.niehs.nih.gov', port=443): Max retries exceeded with url: /et/api/pdf-download (Caused by NameResolutionError(""HTTPSConnection(host='dev.posit.niehs.nih.gov', port=443): Failed to resolve 'dev.posit.niehs.nih.gov' ([Errno 8] nodename nor servname provided, or not known)""))"
1420,PDF batch 1420/6155 (1 references),1,ConnectionError,"HTTPSConnectionPool(host='dev.posit.niehs.nih.gov', port=443): Max retries exceeded with url: /et/api/pdf-download (Caused by NameResolutionError(""HTTPSConnection(host='dev.posit.niehs.nih.gov', port=443): Failed to resolve 'dev.posit.niehs.nih.gov' ([Errno 8] nodename nor servname provided, or not known)""))"
1419,PDF batch 1419/6155 (1 references),1,ConnectionError,"HTTPSConnectionPool(host='dev.posit.niehs.nih.gov', port=443): Max retries exceeded with url: /et/api/pdf-download (Caused by NameResolutionError(""HTTPSConnection(host='dev.posit.niehs.nih.gov', port=443): Failed to resolve 'dev.posit.niehs.nih.gov' ([Errno 8] nodename nor servname provided, or not known)""))"
1421,PDF batch 1421/6155 (1 references),1,ConnectionError,"HTTPSConnectionPool(host='dev.posit.niehs.nih.gov', port=443): Max retries exceeded with url: /et/api/pdf-download (Caused by NameResolutionError(""HTTPSConnection(host='dev.posit.niehs.nih.gov', port=443): Failed to resolve 'dev.posit.niehs.nih.gov' ([Errno 8] nodename nor servname provided, or not known)""))"
1422,PDF batch 1422/6155 (1 references),1,ConnectionError,"HTTPSConnectionPool(host='dev.posit.niehs.nih.gov', port=443): Max retries exceeded with url: /et/api/pdf-download (Caused by NameResolutionError(""HTTPSConnection(host='dev.posit.niehs.nih.gov', port=443): Failed to resolve 'dev.posit.niehs.nih.gov' ([Errno 8] nodename nor servname provided, or not known)""))"
1423,PDF batch 1423/6155 (1 references),1,ConnectionError,"HTTPSConnectionPool(host='dev.posit.niehs.nih.gov', port=443): Max retries exceeded with url: /et/api/pdf-download (Caused by NameResolutionError(""HTTPSConnection(host='dev.posit.niehs.nih.gov', port=443): Failed to resolve 'dev.posit.niehs.nih.gov' ([Errno 8] nodename nor servname provided, or not known)""))"
1424,PDF batch 1424/6155 (1 references),1,ConnectionError,"HTTPSConnectionPool(host='dev.posit.niehs.nih.gov', port=443): Max retries exceeded with url: /et/api/pdf-download (Caused by NameResolutionError(""HTTPSConnection(host='dev.posit.niehs.nih.gov', port=443): Failed to resolve 'dev.posit.niehs.nih.gov' ([Errno 8] nodename nor servname provided, or not known)""))"
1425,PDF batch 1425/6155 (1 references),1,ConnectionError,"HTTPSConnectionPool(host='dev.posit.niehs.nih.gov', port=443): Max retries exceeded with url: /et/api/pdf-download (Caused by NameResolutionError(""HTTPSConnection(host='dev.posit.niehs.nih.gov', port=443): Failed to resolve 'dev.posit.niehs.nih.gov' ([Errno 8] nodename nor servname provided, or not known)""))"
1426,PDF batch 1426/6155 (1 references),1,ConnectionError,"HTTPSConnectionPool(host='dev.posit.niehs.nih.gov', port=443): Max retries exceeded with url: /et/api/pdf-download (Caused by NameResolutionError(""HTTPSConnection(host='dev.posit.niehs.nih.gov', port=443): Failed to resolve 'dev.posit.niehs.nih.gov' ([Errno 8] nodename nor servname provided, or not known)""))"
1427,PDF batch 1427/6155 (1 references),1,ConnectionError,"HTTPSConnectionPool(host='dev.posit.niehs.nih.gov', port=443): Max retries exceeded with url: /et/api/pdf-download (Caused by NameResolutionError(""HTTPSConnection(host='dev.posit.niehs.nih.gov', port=443): Failed to resolve 'dev.posit.niehs.nih.gov' ([Errno 8] nodename nor servname provided, or not known)""))"
1428,PDF batch 1428/6155 (1 references),1,ConnectionError,"HTTPSConnectionPool(host='dev.posit.niehs.nih.gov', port=443): Max retries exceeded with url: /et/api/pdf-download (Caused by NameResolutionError(""HTTPSConnection(host='dev.posit.niehs.nih.gov', port=443): Failed to resolve 'dev.posit.niehs.nih.gov' ([Errno 8] nodename nor servname provided, or not known)""))"
1429,PDF batch 1429/6155 (1 references),1,ConnectionError,"HTTPSConnectionPool(host='dev.posit.niehs.nih.gov', port=443): Max retries exceeded with url: /et/api/pdf-download (Caused by NameResolutionError(""HTTPSConnection(host='dev.posit.niehs.nih.gov', port=443): Failed to resolve 'dev.posit.niehs.nih.gov' ([Errno 8] nodename nor servname provided, or not known)""))"
1430,PDF batch 1430/6155 (1 references),1,ConnectionError,"HTTPSConnectionPool(host='dev.posit.niehs.nih.gov', port=443): Max retries exceeded with url: /et/api/pdf-download (Caused by NameResolutionError(""HTTPSConnection(host='dev.posit.niehs.nih.gov', port=443): Failed to resolve 'dev.posit.niehs.nih.gov' ([Errno 8] nodename nor servname provided, or not known)""))"
1431,PDF batch 1431/6155 (1 references),1,ConnectionError,"HTTPSConnectionPool(host='dev.posit.niehs.nih.gov', port=443): Max retries exceeded with url: /et/api/pdf-download (Caused by NameResolutionError(""HTTPSConnection(host='dev.posit.niehs.nih.gov', port=443): Failed to resolve 'dev.posit.niehs.nih.gov' ([Errno 8] nodename nor servname provided, or not known)""))"
1433,PDF batch 1433/6155 (1 references),1,ConnectionError,"HTTPSConnectionPool(host='dev.posit.niehs.nih.gov', port=443): Max retries exceeded with url: /et/api/pdf-download (Caused by NameResolutionError(""HTTPSConnection(host='dev.posit.niehs.nih.gov', port=443): Failed to resolve 'dev.posit.niehs.nih.gov' ([Errno 8] nodename nor servname provided, or not known)""))"
1432,PDF batch 1432/6155 (1 references),1,ConnectionError,"HTTPSConnectionPool(host='dev.posit.niehs.nih.gov', port=443): Max retries exceeded with url: /et/api/pdf-download (Caused by NameResolutionError(""HTTPSConnection(host='dev.posit.niehs.nih.gov', port=443): Failed to resolve 'dev.posit.niehs.nih.gov' ([Errno 8] nodename nor servname provided, or not known)""))"
1434,PDF batch 1434/6155 (1 references),1,ConnectionError,"HTTPSConnectionPool(host='dev.posit.niehs.nih.gov', port=443): Max retries exceeded with url: /et/api/pdf-download (Caused by NameResolutionError(""HTTPSConnection(host='dev.posit.niehs.nih.gov', port=443): Failed to resolve 'dev.posit.niehs.nih.gov' ([Errno 8] nodename nor servname provided, or not known)""))"
1435,PDF batch 1435/6155 (1 references),1,ConnectionError,"HTTPSConnectionPool(host='dev.posit.niehs.nih.gov', port=443): Max retries exceeded with url: /et/api/pdf-download (Caused by NameResolutionError(""HTTPSConnection(host='dev.posit.niehs.nih.gov', port=443): Failed to resolve 'dev.posit.niehs.nih.gov' ([Errno 8] nodename nor servname provided, or not known)""))"
1436,PDF batch 1436/6155 (1 references),1,ConnectionError,"HTTPSConnectionPool(host='dev.posit.niehs.nih.gov', port=443): Max retries exceeded with url: /et/api/pdf-download (Caused by NameResolutionError(""HTTPSConnection(host='dev.posit.niehs.nih.gov', port=443): Failed to resolve 'dev.posit.niehs.nih.gov' ([Errno 8] nodename nor servname provided, or not known)""))"
1437,PDF batch 1437/6155 (1 references),1,ConnectionError,"HTTPSConnectionPool(host='dev.posit.niehs.nih.gov', port=443): Max retries exceeded with url: /et/api/pdf-download (Caused by NameResolutionError(""HTTPSConnection(host='dev.posit.niehs.nih.gov', port=443): Failed to resolve 'dev.posit.niehs.nih.gov' ([Errno 8] nodename nor servname provided, or not known)""))"
1438,PDF batch 1438/6155 (1 references),1,ConnectionError,"HTTPSConnectionPool(host='dev.posit.niehs.nih.gov', port=443): Max retries exceeded with url: /et/api/pdf-download (Caused by NameResolutionError(""HTTPSConnection(host='dev.posit.niehs.nih.gov', port=443): Failed to resolve 'dev.posit.niehs.nih.gov' ([Errno 8] nodename nor servname provided, or not known)""))"
1439,PDF batch 1439/6155 (1 references),1,ConnectionError,"HTTPSConnectionPool(host='dev.posit.niehs.nih.gov', port=443): Max retries exceeded with url: /et/api/pdf-download (Caused by NameResolutionError(""HTTPSConnection(host='dev.posit.niehs.nih.gov', port=443): Failed to resolve 'dev.posit.niehs.nih.gov' ([Errno 8] nodename nor servname provided, or not known)""))"
1441,PDF batch 1441/6155 (1 references),1,ConnectionError,"HTTPSConnectionPool(host='dev.posit.niehs.nih.gov', port=443): Max retries exceeded with url: /et/api/pdf-download (Caused by NameResolutionError(""HTTPSConnection(host='dev.posit.niehs.nih.gov', port=443): Failed to resolve 'dev.posit.niehs.nih.gov' ([Errno 8] nodename nor servname provided, or not known)""))"
1442,PDF batch 1442/6155 (1 references),1,ConnectionError,"HTTPSConnectionPool(host='dev.posit.niehs.nih.gov', port=443): Max retries exceeded with url: /et/api/pdf-download (Caused by NameResolutionError(""HTTPSConnection(host='dev.posit.niehs.nih.gov', port=443): Failed to resolve 'dev.posit.niehs.nih.gov' ([Errno 8] nodename nor servname provided, or not known)""))"
1440,PDF batch 1440/6155 (1 references),1,ConnectionError,"HTTPSConnectionPool(host='dev.posit.niehs.nih.gov', port=443): Max retries exceeded with url: /et/api/pdf-download (Caused by NameResolutionError(""HTTPSConnection(host='dev.posit.niehs.nih.gov', port=443): Failed to resolve 'dev.posit.niehs.nih.gov' ([Errno 8] nodename nor servname provided, or not known)""))"
1443,PDF batch 1443/6155 (1 references),1,ConnectionError,"HTTPSConnectionPool(host='dev.posit.niehs.nih.gov', port=443): Max retries exceeded with url: /et/api/pdf-download (Caused by NameResolutionError(""HTTPSConnection(host='dev.posit.niehs.nih.gov', port=443): Failed to resolve 'dev.posit.niehs.nih.gov' ([Errno 8] nodename nor servname provided, or not known)""))"
1446,PDF batch 1446/6155 (1 references),1,ConnectionError,"HTTPSConnectionPool(host='dev.posit.niehs.nih.gov', port=443): Max retries exceeded with url: /et/api/pdf-download (Caused by NameResolutionError(""HTTPSConnection(host='dev.posit.niehs.nih.gov', port=443): Failed to resolve 'dev.posit.niehs.nih.gov' ([Errno 8] nodename nor servname provided, or not known)""))"
1444,PDF batch 1444/6155 (1 references),1,ConnectionError,"HTTPSConnectionPool(host='dev.posit.niehs.nih.gov', port=443): Max retries exceeded with url: /et/api/pdf-download (Caused by NameResolutionError(""HTTPSConnection(host='dev.posit.niehs.nih.gov', port=443): Failed to resolve 'dev.posit.niehs.nih.gov' ([Errno 8] nodename nor servname provided, or not known)""))"
1445,PDF batch 1445/6155 (1 references),1,ConnectionError,"HTTPSConnectionPool(host='dev.posit.niehs.nih.gov', port=443): Max retries exceeded with url: /et/api/pdf-download (Caused by NameResolutionError(""HTTPSConnection(host='dev.posit.niehs.nih.gov', port=443): Failed to resolve 'dev.posit.niehs.nih.gov' ([Errno 8] nodename nor servname provided, or not known)""))"
1448,PDF batch 1448/6155 (1 references),1,ConnectionError,"HTTPSConnectionPool(host='dev.posit.niehs.nih.gov', port=443): Max retries exceeded with url: /et/api/pdf-download (Caused by NameResolutionError(""HTTPSConnection(host='dev.posit.niehs.nih.gov', port=443): Failed to resolve 'dev.posit.niehs.nih.gov' ([Errno 8] nodename nor servname provided, or not known)""))"
1447,PDF batch 1447/6155 (1 references),1,ConnectionError,"HTTPSConnectionPool(host='dev.posit.niehs.nih.gov', port=443): Max retries exceeded with url: /et/api/pdf-download (Caused by NameResolutionError(""HTTPSConnection(host='dev.posit.niehs.nih.gov', port=443): Failed to resolve 'dev.posit.niehs.nih.gov' ([Errno 8] nodename nor servname provided, or not known)""))"
1449,PDF batch 1449/6155 (1 references),1,ConnectionError,"HTTPSConnectionPool(host='dev.posit.niehs.nih.gov', port=443): Max retries exceeded with url: /et/api/pdf-download (Caused by NameResolutionError(""HTTPSConnection(host='dev.posit.niehs.nih.gov', port=443): Failed to resolve 'dev.posit.niehs.nih.gov' ([Errno 8] nodename nor servname provided, or not known)""))"
1450,PDF batch 1450/6155 (1 references),1,ConnectionError,"HTTPSConnectionPool(host='dev.posit.niehs.nih.gov', port=443): Max retries exceeded with url: /et/api/pdf-download (Caused by NameResolutionError(""HTTPSConnection(host='dev.posit.niehs.nih.gov', port=443): Failed to resolve 'dev.posit.niehs.nih.gov' ([Errno 8] nodename nor servname provided, or not known)""))"
1451,PDF batch 1451/6155 (1 references),1,ConnectionError,"HTTPSConnectionPool(host='dev.posit.niehs.nih.gov', port=443): Max retries exceeded with url: /et/api/pdf-download (Caused by NameResolutionError(""HTTPSConnection(host='dev.posit.niehs.nih.gov', port=443): Failed to resolve 'dev.posit.niehs.nih.gov' ([Errno 8] nodename nor servname provided, or not known)""))"
1452,PDF batch 1452/6155 (1 references),1,ConnectionError,"HTTPSConnectionPool(host='dev.posit.niehs.nih.gov', port=443): Max retries exceeded with url: /et/api/pdf-download (Caused by NameResolutionError(""HTTPSConnection(host='dev.posit.niehs.nih.gov', port=443): Failed to resolve 'dev.posit.niehs.nih.gov' ([Errno 8] nodename nor servname provided, or not known)""))"
1453,PDF batch 1453/6155 (1 references),1,ConnectionError,"HTTPSConnectionPool(host='dev.posit.niehs.nih.gov', port=443): Max retries exceeded with url: /et/api/pdf-download (Caused by NameResolutionError(""HTTPSConnection(host='dev.posit.niehs.nih.gov', port=443): Failed to resolve 'dev.posit.niehs.nih.gov' ([Errno 8] nodename nor servname provided, or not known)""))"
1454,PDF batch 1454/6155 (1 references),1,ConnectionError,"HTTPSConnectionPool(host='dev.posit.niehs.nih.gov', port=443): Max retries exceeded with url: /et/api/pdf-download (Caused by NameResolutionError(""HTTPSConnection(host='dev.posit.niehs.nih.gov', port=443): Failed to resolve 'dev.posit.niehs.nih.gov' ([Errno 8] nodename nor servname provided, or not known)""))"
1455,PDF batch 1455/6155 (1 references),1,ConnectionError,"HTTPSConnectionPool(host='dev.posit.niehs.nih.gov', port=443): Max retries exceeded with url: /et/api/pdf-download (Caused by NameResolutionError(""HTTPSConnection(host='dev.posit.niehs.nih.gov', port=443): Failed to resolve 'dev.posit.niehs.nih.gov' ([Errno 8] nodename nor servname provided, or not known)""))"
1456,PDF batch 1456/6155 (1 references),1,ConnectionError,"HTTPSConnectionPool(host='dev.posit.niehs.nih.gov', port=443): Max retries exceeded with url: /et/api/pdf-download (Caused by NameResolutionError(""HTTPSConnection(host='dev.posit.niehs.nih.gov', port=443): Failed to resolve 'dev.posit.niehs.nih.gov' ([Errno 8] nodename nor servname provided, or not known)""))"
1461,PDF batch 1461/6155 (1 references),1,ConnectionError,"HTTPSConnectionPool(host='dev.posit.niehs.nih.gov', port=443): Max retries exceeded with url: /et/api/pdf-download (Caused by NameResolutionError(""HTTPSConnection(host='dev.posit.niehs.nih.gov', port=443): Failed to resolve 'dev.posit.niehs.nih.gov' ([Errno 8] nodename nor servname provided, or not known)""))"
1460,PDF batch 1460/6155 (1 references),1,ConnectionError,"HTTPSConnectionPool(host='dev.posit.niehs.nih.gov', port=443): Max retries exceeded with url: /et/api/pdf-download (Caused by NameResolutionError(""HTTPSConnection(host='dev.posit.niehs.nih.gov', port=443): Failed to resolve 'dev.posit.niehs.nih.gov' ([Errno 8] nodename nor servname provided, or not known)""))"
1458,PDF batch 1458/6155 (1 references),1,ConnectionError,"HTTPSConnectionPool(host='dev.posit.niehs.nih.gov', port=443): Max retries exceeded with url: /et/api/pdf-download (Caused by NameResolutionError(""HTTPSConnection(host='dev.posit.niehs.nih.gov', port=443): Failed to resolve 'dev.posit.niehs.nih.gov' ([Errno 8] nodename nor servname provided, or not known)""))"
1459,PDF batch 1459/6155 (1 references),1,ConnectionError,"HTTPSConnectionPool(host='dev.posit.niehs.nih.gov', port=443): Max retries exceeded with url: /et/api/pdf-download (Caused by NameResolutionError(""HTTPSConnection(host='dev.posit.niehs.nih.gov', port=443): Failed to resolve 'dev.posit.niehs.nih.gov' ([Errno 8] nodename nor servname provided, or not known)""))"
1457,PDF batch 1457/6155 (1 references),1,ConnectionError,"HTTPSConnectionPool(host='dev.posit.niehs.nih.gov', port=443): Max retries exceeded with url: /et/api/pdf-download (Caused by NameResolutionError(""HTTPSConnection(host='dev.posit.niehs.nih.gov', port=443): Failed to resolve 'dev.posit.niehs.nih.gov' ([Errno 8] nodename nor servname provided, or not known)""))"
1462,PDF batch 1462/6155 (1 references),1,ConnectionError,"HTTPSConnectionPool(host='dev.posit.niehs.nih.gov', port=443): Max retries exceeded with url: /et/api/pdf-download (Caused by NameResolutionError(""HTTPSConnection(host='dev.posit.niehs.nih.gov', port=443): Failed to resolve 'dev.posit.niehs.nih.gov' ([Errno 8] nodename nor servname provided, or not known)""))"
1464,PDF batch 1464/6155 (1 references),1,ConnectionError,"HTTPSConnectionPool(host='dev.posit.niehs.nih.gov', port=443): Max retries exceeded with url: /et/api/pdf-download (Caused by NameResolutionError(""HTTPSConnection(host='dev.posit.niehs.nih.gov', port=443): Failed to resolve 'dev.posit.niehs.nih.gov' ([Errno 8] nodename nor servname provided, or not known)""))"
1465,PDF batch 1465/6155 (1 references),1,ConnectionError,"HTTPSConnectionPool(host='dev.posit.niehs.nih.gov', port=443): Max retries exceeded with url: /et/api/pdf-download (Caused by NameResolutionError(""HTTPSConnection(host='dev.posit.niehs.nih.gov', port=443): Failed to resolve 'dev.posit.niehs.nih.gov' ([Errno 8] nodename nor servname provided, or not known)""))"
1466,PDF batch 1466/6155 (1 references),1,ConnectionError,"HTTPSConnectionPool(host='dev.posit.niehs.nih.gov', port=443): Max retries exceeded with url: /et/api/pdf-download (Caused by NameResolutionError(""HTTPSConnection(host='dev.posit.niehs.nih.gov', port=443): Failed to resolve 'dev.posit.niehs.nih.gov' ([Errno 8] nodename nor servname provided, or not known)""))"
1463,PDF batch 1463/6155 (1 references),1,ConnectionError,"HTTPSConnectionPool(host='dev.posit.niehs.nih.gov', port=443): Max retries exceeded with url: /et/api/pdf-download (Caused by NameResolutionError(""HTTPSConnection(host='dev.posit.niehs.nih.gov', port=443): Failed to resolve 'dev.posit.niehs.nih.gov' ([Errno 8] nodename nor servname provided, or not known)""))"
1467,PDF batch 1467/6155 (1 references),1,ConnectionError,"HTTPSConnectionPool(host='dev.posit.niehs.nih.gov', port=443): Max retries exceeded with url: /et/api/pdf-download (Caused by NameResolutionError(""HTTPSConnection(host='dev.posit.niehs.nih.gov', port=443): Failed to resolve 'dev.posit.niehs.nih.gov' ([Errno 8] nodename nor servname provided, or not known)""))"
1468,PDF batch 1468/6155 (1 references),1,ConnectionError,"HTTPSConnectionPool(host='dev.posit.niehs.nih.gov', port=443): Max retries exceeded with url: /et/api/pdf-download (Caused by NameResolutionError(""HTTPSConnection(host='dev.posit.niehs.nih.gov', port=443): Failed to resolve 'dev.posit.niehs.nih.gov' ([Errno 8] nodename nor servname provided, or not known)""))"
1469,PDF batch 1469/6155 (1 references),1,ConnectionError,"HTTPSConnectionPool(host='dev.posit.niehs.nih.gov', port=443): Max retries exceeded with url: /et/api/pdf-download (Caused by NameResolutionError(""HTTPSConnection(host='dev.posit.niehs.nih.gov', port=443): Failed to resolve 'dev.posit.niehs.nih.gov' ([Errno 8] nodename nor servname provided, or not known)""))"
1470,PDF batch 1470/6155 (1 references),1,ConnectionError,"HTTPSConnectionPool(host='dev.posit.niehs.nih.gov', port=443): Max retries exceeded with url: /et/api/pdf-download (Caused by NameResolutionError(""HTTPSConnection(host='dev.posit.niehs.nih.gov', port=443): Failed to resolve 'dev.posit.niehs.nih.gov' ([Errno 8] nodename nor servname provided, or not known)""))"
1471,PDF batch 1471/6155 (1 references),1,ConnectionError,"HTTPSConnectionPool(host='dev.posit.niehs.nih.gov', port=443): Max retries exceeded with url: /et/api/pdf-download (Caused by NameResolutionError(""HTTPSConnection(host='dev.posit.niehs.nih.gov', port=443): Failed to resolve 'dev.posit.niehs.nih.gov' ([Errno 8] nodename nor servname provided, or not known)""))"
1472,PDF batch 1472/6155 (1 references),1,ConnectionError,"HTTPSConnectionPool(host='dev.posit.niehs.nih.gov', port=443): Max retries exceeded with url: /et/api/pdf-download (Caused by NameResolutionError(""HTTPSConnection(host='dev.posit.niehs.nih.gov', port=443): Failed to resolve 'dev.posit.niehs.nih.gov' ([Errno 8] nodename nor servname provided, or not known)""))"
1473,PDF batch 1473/6155 (1 references),1,ConnectionError,"HTTPSConnectionPool(host='dev.posit.niehs.nih.gov', port=443): Max retries exceeded with url: /et/api/pdf-download (Caused by NameResolutionError(""HTTPSConnection(host='dev.posit.niehs.nih.gov', port=443): Failed to resolve 'dev.posit.niehs.nih.gov' ([Errno 8] nodename nor servname provided, or not known)""))"
1474,PDF batch 1474/6155 (1 references),1,ConnectionError,"HTTPSConnectionPool(host='dev.posit.niehs.nih.gov', port=443): Max retries exceeded with url: /et/api/pdf-download (Caused by NameResolutionError(""HTTPSConnection(host='dev.posit.niehs.nih.gov', port=443): Failed to resolve 'dev.posit.niehs.nih.gov' ([Errno 8] nodename nor servname provided, or not known)""))"
1475,PDF batch 1475/6155 (1 references),1,ConnectionError,"HTTPSConnectionPool(host='dev.posit.niehs.nih.gov', port=443): Max retries exceeded with url: /et/api/pdf-download (Caused by NameResolutionError(""HTTPSConnection(host='dev.posit.niehs.nih.gov', port=443): Failed to resolve 'dev.posit.niehs.nih.gov' ([Errno 8] nodename nor servname provided, or not known)""))"
1479,PDF batch 1479/6155 (1 references),1,ConnectionError,"HTTPSConnectionPool(host='dev.posit.niehs.nih.gov', port=443): Max retries exceeded with url: /et/api/pdf-download (Caused by NameResolutionError(""HTTPSConnection(host='dev.posit.niehs.nih.gov', port=443): Failed to resolve 'dev.posit.niehs.nih.gov' ([Errno 8] nodename nor servname provided, or not known)""))"
1476,PDF batch 1476/6155 (1 references),1,ConnectionError,"HTTPSConnectionPool(host='dev.posit.niehs.nih.gov', port=443): Max retries exceeded with url: /et/api/pdf-download (Caused by NameResolutionError(""HTTPSConnection(host='dev.posit.niehs.nih.gov', port=443): Failed to resolve 'dev.posit.niehs.nih.gov' ([Errno 8] nodename nor servname provided, or not known)""))"
1477,PDF batch 1477/6155 (1 references),1,ConnectionError,"HTTPSConnectionPool(host='dev.posit.niehs.nih.gov', port=443): Max retries exceeded with url: /et/api/pdf-download (Caused by NameResolutionError(""HTTPSConnection(host='dev.posit.niehs.nih.gov', port=443): Failed to resolve 'dev.posit.niehs.nih.gov' ([Errno 8] nodename nor servname provided, or not known)""))"
1478,PDF batch 1478/6155 (1 references),1,ConnectionError,"HTTPSConnectionPool(host='dev.posit.niehs.nih.gov', port=443): Max retries exceeded with url: /et/api/pdf-download (Caused by NameResolutionError(""HTTPSConnection(host='dev.posit.niehs.nih.gov', port=443): Failed to resolve 'dev.posit.niehs.nih.gov' ([Errno 8] nodename nor servname provided, or not known)""))"
1480,PDF batch 1480/6155 (1 references),1,ConnectionError,"HTTPSConnectionPool(host='dev.posit.niehs.nih.gov', port=443): Max retries exceeded with url: /et/api/pdf-download (Caused by NameResolutionError(""HTTPSConnection(host='dev.posit.niehs.nih.gov', port=443): Failed to resolve 'dev.posit.niehs.nih.gov' ([Errno 8] nodename nor servname provided, or not known)""))"
1481,PDF batch 1481/6155 (1 references),1,ConnectionError,"HTTPSConnectionPool(host='dev.posit.niehs.nih.gov', port=443): Max retries exceeded with url: /et/api/pdf-download (Caused by NameResolutionError(""HTTPSConnection(host='dev.posit.niehs.nih.gov', port=443): Failed to resolve 'dev.posit.niehs.nih.gov' ([Errno 8] nodename nor servname provided, or not known)""))"
1484,PDF batch 1484/6155 (1 references),1,ConnectionError,"HTTPSConnectionPool(host='dev.posit.niehs.nih.gov', port=443): Max retries exceeded with url: /et/api/pdf-download (Caused by NameResolutionError(""HTTPSConnection(host='dev.posit.niehs.nih.gov', port=443): Failed to resolve 'dev.posit.niehs.nih.gov' ([Errno 8] nodename nor servname provided, or not known)""))"
1482,PDF batch 1482/6155 (1 references),1,ConnectionError,"HTTPSConnectionPool(host='dev.posit.niehs.nih.gov', port=443): Max retries exceeded with url: /et/api/pdf-download (Caused by NameResolutionError(""HTTPSConnection(host='dev.posit.niehs.nih.gov', port=443): Failed to resolve 'dev.posit.niehs.nih.gov' ([Errno 8] nodename nor servname provided, or not known)""))"
1486,PDF batch 1486/6155 (1 references),1,ConnectionError,"HTTPSConnectionPool(host='dev.posit.niehs.nih.gov', port=443): Max retries exceeded with url: /et/api/pdf-download (Caused by NameResolutionError(""HTTPSConnection(host='dev.posit.niehs.nih.gov', port=443): Failed to resolve 'dev.posit.niehs.nih.gov' ([Errno 8] nodename nor servname provided, or not known)""))"
1485,PDF batch 1485/6155 (1 references),1,ConnectionError,"HTTPSConnectionPool(host='dev.posit.niehs.nih.gov', port=443): Max retries exceeded with url: /et/api/pdf-download (Caused by NameResolutionError(""HTTPSConnection(host='dev.posit.niehs.nih.gov', port=443): Failed to resolve 'dev.posit.niehs.nih.gov' ([Errno 8] nodename nor servname provided, or not known)""))"
1483,PDF batch 1483/6155 (1 references),1,ConnectionError,"HTTPSConnectionPool(host='dev.posit.niehs.nih.gov', port=443): Max retries exceeded with url: /et/api/pdf-download (Caused by NameResolutionError(""HTTPSConnection(host='dev.posit.niehs.nih.gov', port=443): Failed to resolve 'dev.posit.niehs.nih.gov' ([Errno 8] nodename nor servname provided, or not known)""))"
1487,PDF batch 1487/6155 (1 references),1,ConnectionError,"HTTPSConnectionPool(host='dev.posit.niehs.nih.gov', port=443): Max retries exceeded with url: /et/api/pdf-download (Caused by NameResolutionError(""HTTPSConnection(host='dev.posit.niehs.nih.gov', port=443): Failed to resolve 'dev.posit.niehs.nih.gov' ([Errno 8] nodename nor servname provided, or not known)""))"
1488,PDF batch 1488/6155 (1 references),1,ConnectionError,"HTTPSConnectionPool(host='dev.posit.niehs.nih.gov', port=443): Max retries exceeded with url: /et/api/pdf-download (Caused by NameResolutionError(""HTTPSConnection(host='dev.posit.niehs.nih.gov', port=443): Failed to resolve 'dev.posit.niehs.nih.gov' ([Errno 8] nodename nor servname provided, or not known)""))"
1490,PDF batch 1490/6155 (1 references),1,ConnectionError,"HTTPSConnectionPool(host='dev.posit.niehs.nih.gov', port=443): Max retries exceeded with url: /et/api/pdf-download (Caused by NameResolutionError(""HTTPSConnection(host='dev.posit.niehs.nih.gov', port=443): Failed to resolve 'dev.posit.niehs.nih.gov' ([Errno 8] nodename nor servname provided, or not known)""))"
1491,PDF batch 1491/6155 (1 references),1,ConnectionError,"HTTPSConnectionPool(host='dev.posit.niehs.nih.gov', port=443): Max retries exceeded with url: /et/api/pdf-download (Caused by NameResolutionError(""HTTPSConnection(host='dev.posit.niehs.nih.gov', port=443): Failed to resolve 'dev.posit.niehs.nih.gov' ([Errno 8] nodename nor servname provided, or not known)""))"
1489,PDF batch 1489/6155 (1 references),1,ConnectionError,"HTTPSConnectionPool(host='dev.posit.niehs.nih.gov', port=443): Max retries exceeded with url: /et/api/pdf-download (Caused by NameResolutionError(""HTTPSConnection(host='dev.posit.niehs.nih.gov', port=443): Failed to resolve 'dev.posit.niehs.nih.gov' ([Errno 8] nodename nor servname provided, or not known)""))"
1492,PDF batch 1492/6155 (1 references),1,ConnectionError,"HTTPSConnectionPool(host='dev.posit.niehs.nih.gov', port=443): Max retries exceeded with url: /et/api/pdf-download (Caused by NameResolutionError(""HTTPSConnection(host='dev.posit.niehs.nih.gov', port=443): Failed to resolve 'dev.posit.niehs.nih.gov' ([Errno 8] nodename nor servname provided, or not known)""))"
1493,PDF batch 1493/6155 (1 references),1,ConnectionError,"HTTPSConnectionPool(host='dev.posit.niehs.nih.gov', port=443): Max retries exceeded with url: /et/api/pdf-download (Caused by NameResolutionError(""HTTPSConnection(host='dev.posit.niehs.nih.gov', port=443): Failed to resolve 'dev.posit.niehs.nih.gov' ([Errno 8] nodename nor servname provided, or not known)""))"
1494,PDF batch 1494/6155 (1 references),1,ConnectionError,"HTTPSConnectionPool(host='dev.posit.niehs.nih.gov', port=443): Max retries exceeded with url: /et/api/pdf-download (Caused by NameResolutionError(""HTTPSConnection(host='dev.posit.niehs.nih.gov', port=443): Failed to resolve 'dev.posit.niehs.nih.gov' ([Errno 8] nodename nor servname provided, or not known)""))"
1499,PDF batch 1499/6155 (1 references),1,ConnectionError,"HTTPSConnectionPool(host='dev.posit.niehs.nih.gov', port=443): Max retries exceeded with url: /et/api/pdf-download (Caused by NameResolutionError(""HTTPSConnection(host='dev.posit.niehs.nih.gov', port=443): Failed to resolve 'dev.posit.niehs.nih.gov' ([Errno 8] nodename nor servname provided, or not known)""))"
1495,PDF batch 1495/6155 (1 references),1,ConnectionError,"HTTPSConnectionPool(host='dev.posit.niehs.nih.gov', port=443): Max retries exceeded with url: /et/api/pdf-download (Caused by NameResolutionError(""HTTPSConnection(host='dev.posit.niehs.nih.gov', port=443): Failed to resolve 'dev.posit.niehs.nih.gov' ([Errno 8] nodename nor servname provided, or not known)""))"
1497,PDF batch 1497/6155 (1 references),1,ConnectionError,"HTTPSConnectionPool(host='dev.posit.niehs.nih.gov', port=443): Max retries exceeded with url: /et/api/pdf-download (Caused by NameResolutionError(""HTTPSConnection(host='dev.posit.niehs.nih.gov', port=443): Failed to resolve 'dev.posit.niehs.nih.gov' ([Errno 8] nodename nor servname provided, or not known)""))"
1496,PDF batch 1496/6155 (1 references),1,ConnectionError,"HTTPSConnectionPool(host='dev.posit.niehs.nih.gov', port=443): Max retries exceeded with url: /et/api/pdf-download (Caused by NameResolutionError(""HTTPSConnection(host='dev.posit.niehs.nih.gov', port=443): Failed to resolve 'dev.posit.niehs.nih.gov' ([Errno 8] nodename nor servname provided, or not known)""))"
1498,PDF batch 1498/6155 (1 references),1,ConnectionError,"HTTPSConnectionPool(host='dev.posit.niehs.nih.gov', port=443): Max retries exceeded with url: /et/api/pdf-download (Caused by NameResolutionError(""HTTPSConnection(host='dev.posit.niehs.nih.gov', port=443): Failed to resolve 'dev.posit.niehs.nih.gov' ([Errno 8] nodename nor servname provided, or not known)""))"
1500,PDF batch 1500/6155 (1 references),1,ConnectionError,"HTTPSConnectionPool(host='dev.posit.niehs.nih.gov', port=443): Max retries exceeded with url: /et/api/pdf-download (Caused by NameResolutionError(""HTTPSConnection(host='dev.posit.niehs.nih.gov', port=443): Failed to resolve 'dev.posit.niehs.nih.gov' ([Errno 8] nodename nor servname provided, or not known)""))"
1501,PDF batch 1501/6155 (1 references),1,ConnectionError,"HTTPSConnectionPool(host='dev.posit.niehs.nih.gov', port=443): Max retries exceeded with url: /et/api/pdf-download (Caused by NameResolutionError(""HTTPSConnection(host='dev.posit.niehs.nih.gov', port=443): Failed to resolve 'dev.posit.niehs.nih.gov' ([Errno 8] nodename nor servname provided, or not known)""))"
1502,PDF batch 1502/6155 (1 references),1,ConnectionError,"HTTPSConnectionPool(host='dev.posit.niehs.nih.gov', port=443): Max retries exceeded with url: /et/api/pdf-download (Caused by NameResolutionError(""HTTPSConnection(host='dev.posit.niehs.nih.gov', port=443): Failed to resolve 'dev.posit.niehs.nih.gov' ([Errno 8] nodename nor servname provided, or not known)""))"
1504,PDF batch 1504/6155 (1 references),1,ConnectionError,"HTTPSConnectionPool(host='dev.posit.niehs.nih.gov', port=443): Max retries exceeded with url: /et/api/pdf-download (Caused by NameResolutionError(""HTTPSConnection(host='dev.posit.niehs.nih.gov', port=443): Failed to resolve 'dev.posit.niehs.nih.gov' ([Errno 8] nodename nor servname provided, or not known)""))"
1505,PDF batch 1505/6155 (1 references),1,ConnectionError,"HTTPSConnectionPool(host='dev.posit.niehs.nih.gov', port=443): Max retries exceeded with url: /et/api/pdf-download (Caused by NameResolutionError(""HTTPSConnection(host='dev.posit.niehs.nih.gov', port=443): Failed to resolve 'dev.posit.niehs.nih.gov' ([Errno 8] nodename nor servname provided, or not known)""))"
1503,PDF batch 1503/6155 (1 references),1,ConnectionError,"HTTPSConnectionPool(host='dev.posit.niehs.nih.gov', port=443): Max retries exceeded with url: /et/api/pdf-download (Caused by NameResolutionError(""HTTPSConnection(host='dev.posit.niehs.nih.gov', port=443): Failed to resolve 'dev.posit.niehs.nih.gov' ([Errno 8] nodename nor servname provided, or not known)""))"
1506,PDF batch 1506/6155 (1 references),1,ConnectionError,"HTTPSConnectionPool(host='dev.posit.niehs.nih.gov', port=443): Max retries exceeded with url: /et/api/pdf-download (Caused by NameResolutionError(""HTTPSConnection(host='dev.posit.niehs.nih.gov', port=443): Failed to resolve 'dev.posit.niehs.nih.gov' ([Errno 8] nodename nor servname provided, or not known)""))"
1507,PDF batch 1507/6155 (1 references),1,ConnectionError,"HTTPSConnectionPool(host='dev.posit.niehs.nih.gov', port=443): Max retries exceeded with url: /et/api/pdf-download (Caused by NameResolutionError(""HTTPSConnection(host='dev.posit.niehs.nih.gov', port=443): Failed to resolve 'dev.posit.niehs.nih.gov' ([Errno 8] nodename nor servname provided, or not known)""))"
1508,PDF batch 1508/6155 (1 references),1,ConnectionError,"HTTPSConnectionPool(host='dev.posit.niehs.nih.gov', port=443): Max retries exceeded with url: /et/api/pdf-download (Caused by NameResolutionError(""HTTPSConnection(host='dev.posit.niehs.nih.gov', port=443): Failed to resolve 'dev.posit.niehs.nih.gov' ([Errno 8] nodename nor servname provided, or not known)""))"
1509,PDF batch 1509/6155 (1 references),1,ConnectionError,"HTTPSConnectionPool(host='dev.posit.niehs.nih.gov', port=443): Max retries exceeded with url: /et/api/pdf-download (Caused by NameResolutionError(""HTTPSConnection(host='dev.posit.niehs.nih.gov', port=443): Failed to resolve 'dev.posit.niehs.nih.gov' ([Errno 8] nodename nor servname provided, or not known)""))"
1510,PDF batch 1510/6155 (1 references),1,ConnectionError,"HTTPSConnectionPool(host='dev.posit.niehs.nih.gov', port=443): Max retries exceeded with url: /et/api/pdf-download (Caused by NameResolutionError(""HTTPSConnection(host='dev.posit.niehs.nih.gov', port=443): Failed to resolve 'dev.posit.niehs.nih.gov' ([Errno 8] nodename nor servname provided, or not known)""))"
1511,PDF batch 1511/6155 (1 references),1,ConnectionError,"HTTPSConnectionPool(host='dev.posit.niehs.nih.gov', port=443): Max retries exceeded with url: /et/api/pdf-download (Caused by NameResolutionError(""HTTPSConnection(host='dev.posit.niehs.nih.gov', port=443): Failed to resolve 'dev.posit.niehs.nih.gov' ([Errno 8] nodename nor servname provided, or not known)""))"
1512,PDF batch 1512/6155 (1 references),1,ConnectionError,"HTTPSConnectionPool(host='dev.posit.niehs.nih.gov', port=443): Max retries exceeded with url: /et/api/pdf-download (Caused by NameResolutionError(""HTTPSConnection(host='dev.posit.niehs.nih.gov', port=443): Failed to resolve 'dev.posit.niehs.nih.gov' ([Errno 8] nodename nor servname provided, or not known)""))"
1513,PDF batch 1513/6155 (1 references),1,ConnectionError,"HTTPSConnectionPool(host='dev.posit.niehs.nih.gov', port=443): Max retries exceeded with url: /et/api/pdf-download (Caused by NameResolutionError(""HTTPSConnection(host='dev.posit.niehs.nih.gov', port=443): Failed to resolve 'dev.posit.niehs.nih.gov' ([Errno 8] nodename nor servname provided, or not known)""))"
1514,PDF batch 1514/6155 (1 references),1,ConnectionError,"HTTPSConnectionPool(host='dev.posit.niehs.nih.gov', port=443): Max retries exceeded with url: /et/api/pdf-download (Caused by NameResolutionError(""HTTPSConnection(host='dev.posit.niehs.nih.gov', port=443): Failed to resolve 'dev.posit.niehs.nih.gov' ([Errno 8] nodename nor servname provided, or not known)""))"
1516,PDF batch 1516/6155 (1 references),1,ConnectionError,"HTTPSConnectionPool(host='dev.posit.niehs.nih.gov', port=443): Max retries exceeded with url: /et/api/pdf-download (Caused by NameResolutionError(""HTTPSConnection(host='dev.posit.niehs.nih.gov', port=443): Failed to resolve 'dev.posit.niehs.nih.gov' ([Errno 8] nodename nor servname provided, or not known)""))"
1518,PDF batch 1518/6155 (1 references),1,ConnectionError,"HTTPSConnectionPool(host='dev.posit.niehs.nih.gov', port=443): Max retries exceeded with url: /et/api/pdf-download (Caused by NameResolutionError(""HTTPSConnection(host='dev.posit.niehs.nih.gov', port=443): Failed to resolve 'dev.posit.niehs.nih.gov' ([Errno 8] nodename nor servname provided, or not known)""))"
1515,PDF batch 1515/6155 (1 references),1,ConnectionError,"HTTPSConnectionPool(host='dev.posit.niehs.nih.gov', port=443): Max retries exceeded with url: /et/api/pdf-download (Caused by NameResolutionError(""HTTPSConnection(host='dev.posit.niehs.nih.gov', port=443): Failed to resolve 'dev.posit.niehs.nih.gov' ([Errno 8] nodename nor servname provided, or not known)""))"
1517,PDF batch 1517/6155 (1 references),1,ConnectionError,"HTTPSConnectionPool(host='dev.posit.niehs.nih.gov', port=443): Max retries exceeded with url: /et/api/pdf-download (Caused by NameResolutionError(""HTTPSConnection(host='dev.posit.niehs.nih.gov', port=443): Failed to resolve 'dev.posit.niehs.nih.gov' ([Errno 8] nodename nor servname provided, or not known)""))"
1519,PDF batch 1519/6155 (1 references),1,ConnectionError,"HTTPSConnectionPool(host='dev.posit.niehs.nih.gov', port=443): Max retries exceeded with url: /et/api/pdf-download (Caused by NameResolutionError(""HTTPSConnection(host='dev.posit.niehs.nih.gov', port=443): Failed to resolve 'dev.posit.niehs.nih.gov' ([Errno 8] nodename nor servname provided, or not known)""))"
1520,PDF batch 1520/6155 (1 references),1,ConnectionError,"HTTPSConnectionPool(host='dev.posit.niehs.nih.gov', port=443): Max retries exceeded with url: /et/api/pdf-download (Caused by NameResolutionError(""HTTPSConnection(host='dev.posit.niehs.nih.gov', port=443): Failed to resolve 'dev.posit.niehs.nih.gov' ([Errno 8] nodename nor servname provided, or not known)""))"
1521,PDF batch 1521/6155 (1 references),1,ConnectionError,"HTTPSConnectionPool(host='dev.posit.niehs.nih.gov', port=443): Max retries exceeded with url: /et/api/pdf-download (Caused by NameResolutionError(""HTTPSConnection(host='dev.posit.niehs.nih.gov', port=443): Failed to resolve 'dev.posit.niehs.nih.gov' ([Errno 8] nodename nor servname provided, or not known)""))"
1524,PDF batch 1524/6155 (1 references),1,ConnectionError,"HTTPSConnectionPool(host='dev.posit.niehs.nih.gov', port=443): Max retries exceeded with url: /et/api/pdf-download (Caused by NameResolutionError(""HTTPSConnection(host='dev.posit.niehs.nih.gov', port=443): Failed to resolve 'dev.posit.niehs.nih.gov' ([Errno 8] nodename nor servname provided, or not known)""))"
1523,PDF batch 1523/6155 (1 references),1,ConnectionError,"HTTPSConnectionPool(host='dev.posit.niehs.nih.gov', port=443): Max retries exceeded with url: /et/api/pdf-download (Caused by NameResolutionError(""HTTPSConnection(host='dev.posit.niehs.nih.gov', port=443): Failed to resolve 'dev.posit.niehs.nih.gov' ([Errno 8] nodename nor servname provided, or not known)""))"
1522,PDF batch 1522/6155 (1 references),1,ConnectionError,"HTTPSConnectionPool(host='dev.posit.niehs.nih.gov', port=443): Max retries exceeded with url: /et/api/pdf-download (Caused by NameResolutionError(""HTTPSConnection(host='dev.posit.niehs.nih.gov', port=443): Failed to resolve 'dev.posit.niehs.nih.gov' ([Errno 8] nodename nor servname provided, or not known)""))"
1526,PDF batch 1526/6155 (1 references),1,ConnectionError,"HTTPSConnectionPool(host='dev.posit.niehs.nih.gov', port=443): Max retries exceeded with url: /et/api/pdf-download (Caused by NameResolutionError(""HTTPSConnection(host='dev.posit.niehs.nih.gov', port=443): Failed to resolve 'dev.posit.niehs.nih.gov' ([Errno 8] nodename nor servname provided, or not known)""))"
1525,PDF batch 1525/6155 (1 references),1,ConnectionError,"HTTPSConnectionPool(host='dev.posit.niehs.nih.gov', port=443): Max retries exceeded with url: /et/api/pdf-download (Caused by NameResolutionError(""HTTPSConnection(host='dev.posit.niehs.nih.gov', port=443): Failed to resolve 'dev.posit.niehs.nih.gov' ([Errno 8] nodename nor servname provided, or not known)""))"
1529,PDF batch 1529/6155 (1 references),1,ConnectionError,"HTTPSConnectionPool(host='dev.posit.niehs.nih.gov', port=443): Max retries exceeded with url: /et/api/pdf-download (Caused by NameResolutionError(""HTTPSConnection(host='dev.posit.niehs.nih.gov', port=443): Failed to resolve 'dev.posit.niehs.nih.gov' ([Errno 8] nodename nor servname provided, or not known)""))"
1528,PDF batch 1528/6155 (1 references),1,ConnectionError,"HTTPSConnectionPool(host='dev.posit.niehs.nih.gov', port=443): Max retries exceeded with url: /et/api/pdf-download (Caused by NameResolutionError(""HTTPSConnection(host='dev.posit.niehs.nih.gov', port=443): Failed to resolve 'dev.posit.niehs.nih.gov' ([Errno 8] nodename nor servname provided, or not known)""))"
1527,PDF batch 1527/6155 (1 references),1,ConnectionError,"HTTPSConnectionPool(host='dev.posit.niehs.nih.gov', port=443): Max retries exceeded with url: /et/api/pdf-download (Caused by NameResolutionError(""HTTPSConnection(host='dev.posit.niehs.nih.gov', port=443): Failed to resolve 'dev.posit.niehs.nih.gov' ([Errno 8] nodename nor servname provided, or not known)""))"
1530,PDF batch 1530/6155 (1 references),1,ConnectionError,"HTTPSConnectionPool(host='dev.posit.niehs.nih.gov', port=443): Max retries exceeded with url: /et/api/pdf-download (Caused by NameResolutionError(""HTTPSConnection(host='dev.posit.niehs.nih.gov', port=443): Failed to resolve 'dev.posit.niehs.nih.gov' ([Errno 8] nodename nor servname provided, or not known)""))"
1532,PDF batch 1532/6155 (1 references),1,ConnectionError,"HTTPSConnectionPool(host='dev.posit.niehs.nih.gov', port=443): Max retries exceeded with url: /et/api/pdf-download (Caused by NameResolutionError(""HTTPSConnection(host='dev.posit.niehs.nih.gov', port=443): Failed to resolve 'dev.posit.niehs.nih.gov' ([Errno 8] nodename nor servname provided, or not known)""))"
1531,PDF batch 1531/6155 (1 references),1,ConnectionError,"HTTPSConnectionPool(host='dev.posit.niehs.nih.gov', port=443): Max retries exceeded with url: /et/api/pdf-download (Caused by NameResolutionError(""HTTPSConnection(host='dev.posit.niehs.nih.gov', port=443): Failed to resolve 'dev.posit.niehs.nih.gov' ([Errno 8] nodename nor servname provided, or not known)""))"
1536,PDF batch 1536/6155 (1 references),1,ConnectionError,"HTTPSConnectionPool(host='dev.posit.niehs.nih.gov', port=443): Max retries exceeded with url: /et/api/pdf-download (Caused by NameResolutionError(""HTTPSConnection(host='dev.posit.niehs.nih.gov', port=443): Failed to resolve 'dev.posit.niehs.nih.gov' ([Errno 8] nodename nor servname provided, or not known)""))"
1533,PDF batch 1533/6155 (1 references),1,ConnectionError,"HTTPSConnectionPool(host='dev.posit.niehs.nih.gov', port=443): Max retries exceeded with url: /et/api/pdf-download (Caused by NameResolutionError(""HTTPSConnection(host='dev.posit.niehs.nih.gov', port=443): Failed to resolve 'dev.posit.niehs.nih.gov' ([Errno 8] nodename nor servname provided, or not known)""))"
1537,PDF batch 1537/6155 (1 references),1,ConnectionError,"HTTPSConnectionPool(host='dev.posit.niehs.nih.gov', port=443): Max retries exceeded with url: /et/api/pdf-download (Caused by NameResolutionError(""HTTPSConnection(host='dev.posit.niehs.nih.gov', port=443): Failed to resolve 'dev.posit.niehs.nih.gov' ([Errno 8] nodename nor servname provided, or not known)""))"
1535,PDF batch 1535/6155 (1 references),1,ConnectionError,"HTTPSConnectionPool(host='dev.posit.niehs.nih.gov', port=443): Max retries exceeded with url: /et/api/pdf-download (Caused by NameResolutionError(""HTTPSConnection(host='dev.posit.niehs.nih.gov', port=443): Failed to resolve 'dev.posit.niehs.nih.gov' ([Errno 8] nodename nor servname provided, or not known)""))"
1534,PDF batch 1534/6155 (1 references),1,ConnectionError,"HTTPSConnectionPool(host='dev.posit.niehs.nih.gov', port=443): Max retries exceeded with url: /et/api/pdf-download (Caused by NameResolutionError(""HTTPSConnection(host='dev.posit.niehs.nih.gov', port=443): Failed to resolve 'dev.posit.niehs.nih.gov' ([Errno 8] nodename nor servname provided, or not known)""))"
1541,PDF batch 1541/6155 (1 references),1,ConnectionError,"HTTPSConnectionPool(host='dev.posit.niehs.nih.gov', port=443): Max retries exceeded with url: /et/api/pdf-download (Caused by NameResolutionError(""HTTPSConnection(host='dev.posit.niehs.nih.gov', port=443): Failed to resolve 'dev.posit.niehs.nih.gov' ([Errno 8] nodename nor servname provided, or not known)""))"
1543,PDF batch 1543/6155 (1 references),1,ConnectionError,"HTTPSConnectionPool(host='dev.posit.niehs.nih.gov', port=443): Max retries exceeded with url: /et/api/pdf-download (Caused by NameResolutionError(""HTTPSConnection(host='dev.posit.niehs.nih.gov', port=443): Failed to resolve 'dev.posit.niehs.nih.gov' ([Errno 8] nodename nor servname provided, or not known)""))"
1540,PDF batch 1540/6155 (1 references),1,ConnectionError,"HTTPSConnectionPool(host='dev.posit.niehs.nih.gov', port=443): Max retries exceeded with url: /et/api/pdf-download (Caused by NameResolutionError(""HTTPSConnection(host='dev.posit.niehs.nih.gov', port=443): Failed to resolve 'dev.posit.niehs.nih.gov' ([Errno 8] nodename nor servname provided, or not known)""))"
1539,PDF batch 1539/6155 (1 references),1,ConnectionError,"HTTPSConnectionPool(host='dev.posit.niehs.nih.gov', port=443): Max retries exceeded with url: /et/api/pdf-download (Caused by NameResolutionError(""HTTPSConnection(host='dev.posit.niehs.nih.gov', port=443): Failed to resolve 'dev.posit.niehs.nih.gov' ([Errno 8] nodename nor servname provided, or not known)""))"
1538,PDF batch 1538/6155 (1 references),1,ConnectionError,"HTTPSConnectionPool(host='dev.posit.niehs.nih.gov', port=443): Max retries exceeded with url: /et/api/pdf-download (Caused by NameResolutionError(""HTTPSConnection(host='dev.posit.niehs.nih.gov', port=443): Failed to resolve 'dev.posit.niehs.nih.gov' ([Errno 8] nodename nor servname provided, or not known)""))"
1542,PDF batch 1542/6155 (1 references),1,ConnectionError,"HTTPSConnectionPool(host='dev.posit.niehs.nih.gov', port=443): Max retries exceeded with url: /et/api/pdf-download (Caused by NameResolutionError(""HTTPSConnection(host='dev.posit.niehs.nih.gov', port=443): Failed to resolve 'dev.posit.niehs.nih.gov' ([Errno 8] nodename nor servname provided, or not known)""))"
1544,PDF batch 1544/6155 (1 references),1,ConnectionError,"HTTPSConnectionPool(host='dev.posit.niehs.nih.gov', port=443): Max retries exceeded with url: /et/api/pdf-download (Caused by NameResolutionError(""HTTPSConnection(host='dev.posit.niehs.nih.gov', port=443): Failed to resolve 'dev.posit.niehs.nih.gov' ([Errno 8] nodename nor servname provided, or not known)""))"
1545,PDF batch 1545/6155 (1 references),1,ConnectionError,"HTTPSConnectionPool(host='dev.posit.niehs.nih.gov', port=443): Max retries exceeded with url: /et/api/pdf-download (Caused by NameResolutionError(""HTTPSConnection(host='dev.posit.niehs.nih.gov', port=443): Failed to resolve 'dev.posit.niehs.nih.gov' ([Errno 8] nodename nor servname provided, or not known)""))"
1548,PDF batch 1548/6155 (1 references),1,ConnectionError,"HTTPSConnectionPool(host='dev.posit.niehs.nih.gov', port=443): Max retries exceeded with url: /et/api/pdf-download (Caused by NameResolutionError(""HTTPSConnection(host='dev.posit.niehs.nih.gov', port=443): Failed to resolve 'dev.posit.niehs.nih.gov' ([Errno 8] nodename nor servname provided, or not known)""))"
1546,PDF batch 1546/6155 (1 references),1,ConnectionError,"HTTPSConnectionPool(host='dev.posit.niehs.nih.gov', port=443): Max retries exceeded with url: /et/api/pdf-download (Caused by NameResolutionError(""HTTPSConnection(host='dev.posit.niehs.nih.gov', port=443): Failed to resolve 'dev.posit.niehs.nih.gov' ([Errno 8] nodename nor servname provided, or not known)""))"
1547,PDF batch 1547/6155 (1 references),1,ConnectionError,"HTTPSConnectionPool(host='dev.posit.niehs.nih.gov', port=443): Max retries exceeded with url: /et/api/pdf-download (Caused by NameResolutionError(""HTTPSConnection(host='dev.posit.niehs.nih.gov', port=443): Failed to resolve 'dev.posit.niehs.nih.gov' ([Errno 8] nodename nor servname provided, or not known)""))"
1549,PDF batch 1549/6155 (1 references),1,ConnectionError,"HTTPSConnectionPool(host='dev.posit.niehs.nih.gov', port=443): Max retries exceeded with url: /et/api/pdf-download (Caused by NameResolutionError(""HTTPSConnection(host='dev.posit.niehs.nih.gov', port=443): Failed to resolve 'dev.posit.niehs.nih.gov' ([Errno 8] nodename nor servname provided, or not known)""))"
1551,PDF batch 1551/6155 (1 references),1,ConnectionError,"HTTPSConnectionPool(host='dev.posit.niehs.nih.gov', port=443): Max retries exceeded with url: /et/api/pdf-download (Caused by NameResolutionError(""HTTPSConnection(host='dev.posit.niehs.nih.gov', port=443): Failed to resolve 'dev.posit.niehs.nih.gov' ([Errno 8] nodename nor servname provided, or not known)""))"
1550,PDF batch 1550/6155 (1 references),1,ConnectionError,"HTTPSConnectionPool(host='dev.posit.niehs.nih.gov', port=443): Max retries exceeded with url: /et/api/pdf-download (Caused by NameResolutionError(""HTTPSConnection(host='dev.posit.niehs.nih.gov', port=443): Failed to resolve 'dev.posit.niehs.nih.gov' ([Errno 8] nodename nor servname provided, or not known)""))"
1553,PDF batch 1553/6155 (1 references),1,ConnectionError,"HTTPSConnectionPool(host='dev.posit.niehs.nih.gov', port=443): Max retries exceeded with url: /et/api/pdf-download (Caused by NameResolutionError(""HTTPSConnection(host='dev.posit.niehs.nih.gov', port=443): Failed to resolve 'dev.posit.niehs.nih.gov' ([Errno 8] nodename nor servname provided, or not known)""))"
1555,PDF batch 1555/6155 (1 references),1,ConnectionError,"HTTPSConnectionPool(host='dev.posit.niehs.nih.gov', port=443): Max retries exceeded with url: /et/api/pdf-download (Caused by NameResolutionError(""HTTPSConnection(host='dev.posit.niehs.nih.gov', port=443): Failed to resolve 'dev.posit.niehs.nih.gov' ([Errno 8] nodename nor servname provided, or not known)""))"
1556,PDF batch 1556/6155 (1 references),1,ConnectionError,"HTTPSConnectionPool(host='dev.posit.niehs.nih.gov', port=443): Max retries exceeded with url: /et/api/pdf-download (Caused by NameResolutionError(""HTTPSConnection(host='dev.posit.niehs.nih.gov', port=443): Failed to resolve 'dev.posit.niehs.nih.gov' ([Errno 8] nodename nor servname provided, or not known)""))"
1554,PDF batch 1554/6155 (1 references),1,ConnectionError,"HTTPSConnectionPool(host='dev.posit.niehs.nih.gov', port=443): Max retries exceeded with url: /et/api/pdf-download (Caused by NameResolutionError(""HTTPSConnection(host='dev.posit.niehs.nih.gov', port=443): Failed to resolve 'dev.posit.niehs.nih.gov' ([Errno 8] nodename nor servname provided, or not known)""))"
1552,PDF batch 1552/6155 (1 references),1,ConnectionError,"HTTPSConnectionPool(host='dev.posit.niehs.nih.gov', port=443): Max retries exceeded with url: /et/api/pdf-download (Caused by NameResolutionError(""HTTPSConnection(host='dev.posit.niehs.nih.gov', port=443): Failed to resolve 'dev.posit.niehs.nih.gov' ([Errno 8] nodename nor servname provided, or not known)""))"
1558,PDF batch 1558/6155 (1 references),1,ConnectionError,"HTTPSConnectionPool(host='dev.posit.niehs.nih.gov', port=443): Max retries exceeded with url: /et/api/pdf-download (Caused by NameResolutionError(""HTTPSConnection(host='dev.posit.niehs.nih.gov', port=443): Failed to resolve 'dev.posit.niehs.nih.gov' ([Errno 8] nodename nor servname provided, or not known)""))"
1560,PDF batch 1560/6155 (1 references),1,ConnectionError,"HTTPSConnectionPool(host='dev.posit.niehs.nih.gov', port=443): Max retries exceeded with url: /et/api/pdf-download (Caused by NameResolutionError(""HTTPSConnection(host='dev.posit.niehs.nih.gov', port=443): Failed to resolve 'dev.posit.niehs.nih.gov' ([Errno 8] nodename nor servname provided, or not known)""))"
1561,PDF batch 1561/6155 (1 references),1,ConnectionError,"HTTPSConnectionPool(host='dev.posit.niehs.nih.gov', port=443): Max retries exceeded with url: /et/api/pdf-download (Caused by NameResolutionError(""HTTPSConnection(host='dev.posit.niehs.nih.gov', port=443): Failed to resolve 'dev.posit.niehs.nih.gov' ([Errno 8] nodename nor servname provided, or not known)""))"
1562,PDF batch 1562/6155 (1 references),1,ConnectionError,"HTTPSConnectionPool(host='dev.posit.niehs.nih.gov', port=443): Max retries exceeded with url: /et/api/pdf-download (Caused by NameResolutionError(""HTTPSConnection(host='dev.posit.niehs.nih.gov', port=443): Failed to resolve 'dev.posit.niehs.nih.gov' ([Errno 8] nodename nor servname provided, or not known)""))"
1557,PDF batch 1557/6155 (1 references),1,ConnectionError,"HTTPSConnectionPool(host='dev.posit.niehs.nih.gov', port=443): Max retries exceeded with url: /et/api/pdf-download (Caused by NameResolutionError(""HTTPSConnection(host='dev.posit.niehs.nih.gov', port=443): Failed to resolve 'dev.posit.niehs.nih.gov' ([Errno 8] nodename nor servname provided, or not known)""))"
1559,PDF batch 1559/6155 (1 references),1,ConnectionError,"HTTPSConnectionPool(host='dev.posit.niehs.nih.gov', port=443): Max retries exceeded with url: /et/api/pdf-download (Caused by NameResolutionError(""HTTPSConnection(host='dev.posit.niehs.nih.gov', port=443): Failed to resolve 'dev.posit.niehs.nih.gov' ([Errno 8] nodename nor servname provided, or not known)""))"
1563,PDF batch 1563/6155 (1 references),1,ConnectionError,"HTTPSConnectionPool(host='dev.posit.niehs.nih.gov', port=443): Max retries exceeded with url: /et/api/pdf-download (Caused by NameResolutionError(""HTTPSConnection(host='dev.posit.niehs.nih.gov', port=443): Failed to resolve 'dev.posit.niehs.nih.gov' ([Errno 8] nodename nor servname provided, or not known)""))"
1564,PDF batch 1564/6155 (1 references),1,ConnectionError,"HTTPSConnectionPool(host='dev.posit.niehs.nih.gov', port=443): Max retries exceeded with url: /et/api/pdf-download (Caused by NameResolutionError(""HTTPSConnection(host='dev.posit.niehs.nih.gov', port=443): Failed to resolve 'dev.posit.niehs.nih.gov' ([Errno 8] nodename nor servname provided, or not known)""))"
1565,PDF batch 1565/6155 (1 references),1,ConnectionError,"HTTPSConnectionPool(host='dev.posit.niehs.nih.gov', port=443): Max retries exceeded with url: /et/api/pdf-download (Caused by NameResolutionError(""HTTPSConnection(host='dev.posit.niehs.nih.gov', port=443): Failed to resolve 'dev.posit.niehs.nih.gov' ([Errno 8] nodename nor servname provided, or not known)""))"
1567,PDF batch 1567/6155 (1 references),1,ConnectionError,"HTTPSConnectionPool(host='dev.posit.niehs.nih.gov', port=443): Max retries exceeded with url: /et/api/pdf-download (Caused by NameResolutionError(""HTTPSConnection(host='dev.posit.niehs.nih.gov', port=443): Failed to resolve 'dev.posit.niehs.nih.gov' ([Errno 8] nodename nor servname provided, or not known)""))"
1566,PDF batch 1566/6155 (1 references),1,ConnectionError,"HTTPSConnectionPool(host='dev.posit.niehs.nih.gov', port=443): Max retries exceeded with url: /et/api/pdf-download (Caused by NameResolutionError(""HTTPSConnection(host='dev.posit.niehs.nih.gov', port=443): Failed to resolve 'dev.posit.niehs.nih.gov' ([Errno 8] nodename nor servname provided, or not known)""))"
1568,PDF batch 1568/6155 (1 references),1,ConnectionError,"HTTPSConnectionPool(host='dev.posit.niehs.nih.gov', port=443): Max retries exceeded with url: /et/api/pdf-download (Caused by NameResolutionError(""HTTPSConnection(host='dev.posit.niehs.nih.gov', port=443): Failed to resolve 'dev.posit.niehs.nih.gov' ([Errno 8] nodename nor servname provided, or not known)""))"
1570,PDF batch 1570/6155 (1 references),1,ConnectionError,"HTTPSConnectionPool(host='dev.posit.niehs.nih.gov', port=443): Max retries exceeded with url: /et/api/pdf-download (Caused by NameResolutionError(""HTTPSConnection(host='dev.posit.niehs.nih.gov', port=443): Failed to resolve 'dev.posit.niehs.nih.gov' ([Errno 8] nodename nor servname provided, or not known)""))"
1569,PDF batch 1569/6155 (1 references),1,ConnectionError,"HTTPSConnectionPool(host='dev.posit.niehs.nih.gov', port=443): Max retries exceeded with url: /et/api/pdf-download (Caused by NameResolutionError(""HTTPSConnection(host='dev.posit.niehs.nih.gov', port=443): Failed to resolve 'dev.posit.niehs.nih.gov' ([Errno 8] nodename nor servname provided, or not known)""))"
1571,PDF batch 1571/6155 (1 references),1,ConnectionError,"HTTPSConnectionPool(host='dev.posit.niehs.nih.gov', port=443): Max retries exceeded with url: /et/api/pdf-download (Caused by NameResolutionError(""HTTPSConnection(host='dev.posit.niehs.nih.gov', port=443): Failed to resolve 'dev.posit.niehs.nih.gov' ([Errno 8] nodename nor servname provided, or not known)""))"
1572,PDF batch 1572/6155 (1 references),1,ConnectionError,"HTTPSConnectionPool(host='dev.posit.niehs.nih.gov', port=443): Max retries exceeded with url: /et/api/pdf-download (Caused by NameResolutionError(""HTTPSConnection(host='dev.posit.niehs.nih.gov', port=443): Failed to resolve 'dev.posit.niehs.nih.gov' ([Errno 8] nodename nor servname provided, or not known)""))"
1574,PDF batch 1574/6155 (1 references),1,ConnectionError,"HTTPSConnectionPool(host='dev.posit.niehs.nih.gov', port=443): Max retries exceeded with url: /et/api/pdf-download (Caused by NameResolutionError(""HTTPSConnection(host='dev.posit.niehs.nih.gov', port=443): Failed to resolve 'dev.posit.niehs.nih.gov' ([Errno 8] nodename nor servname provided, or not known)""))"
1575,PDF batch 1575/6155 (1 references),1,ConnectionError,"HTTPSConnectionPool(host='dev.posit.niehs.nih.gov', port=443): Max retries exceeded with url: /et/api/pdf-download (Caused by NameResolutionError(""HTTPSConnection(host='dev.posit.niehs.nih.gov', port=443): Failed to resolve 'dev.posit.niehs.nih.gov' ([Errno 8] nodename nor servname provided, or not known)""))"
1573,PDF batch 1573/6155 (1 references),1,ConnectionError,"HTTPSConnectionPool(host='dev.posit.niehs.nih.gov', port=443): Max retries exceeded with url: /et/api/pdf-download (Caused by NameResolutionError(""HTTPSConnection(host='dev.posit.niehs.nih.gov', port=443): Failed to resolve 'dev.posit.niehs.nih.gov' ([Errno 8] nodename nor servname provided, or not known)""))"
1577,PDF batch 1577/6155 (1 references),1,ConnectionError,"HTTPSConnectionPool(host='dev.posit.niehs.nih.gov', port=443): Max retries exceeded with url: /et/api/pdf-download (Caused by NameResolutionError(""HTTPSConnection(host='dev.posit.niehs.nih.gov', port=443): Failed to resolve 'dev.posit.niehs.nih.gov' ([Errno 8] nodename nor servname provided, or not known)""))"
1578,PDF batch 1578/6155 (1 references),1,ConnectionError,"HTTPSConnectionPool(host='dev.posit.niehs.nih.gov', port=443): Max retries exceeded with url: /et/api/pdf-download (Caused by NameResolutionError(""HTTPSConnection(host='dev.posit.niehs.nih.gov', port=443): Failed to resolve 'dev.posit.niehs.nih.gov' ([Errno 8] nodename nor servname provided, or not known)""))"
1579,PDF batch 1579/6155 (1 references),1,ConnectionError,"HTTPSConnectionPool(host='dev.posit.niehs.nih.gov', port=443): Max retries exceeded with url: /et/api/pdf-download (Caused by NameResolutionError(""HTTPSConnection(host='dev.posit.niehs.nih.gov', port=443): Failed to resolve 'dev.posit.niehs.nih.gov' ([Errno 8] nodename nor servname provided, or not known)""))"
1580,PDF batch 1580/6155 (1 references),1,ConnectionError,"HTTPSConnectionPool(host='dev.posit.niehs.nih.gov', port=443): Max retries exceeded with url: /et/api/pdf-download (Caused by NameResolutionError(""HTTPSConnection(host='dev.posit.niehs.nih.gov', port=443): Failed to resolve 'dev.posit.niehs.nih.gov' ([Errno 8] nodename nor servname provided, or not known)""))"
1581,PDF batch 1581/6155 (1 references),1,ConnectionError,"HTTPSConnectionPool(host='dev.posit.niehs.nih.gov', port=443): Max retries exceeded with url: /et/api/pdf-download (Caused by NameResolutionError(""HTTPSConnection(host='dev.posit.niehs.nih.gov', port=443): Failed to resolve 'dev.posit.niehs.nih.gov' ([Errno 8] nodename nor servname provided, or not known)""))"
1576,PDF batch 1576/6155 (1 references),1,ConnectionError,"HTTPSConnectionPool(host='dev.posit.niehs.nih.gov', port=443): Max retries exceeded with url: /et/api/pdf-download (Caused by NameResolutionError(""HTTPSConnection(host='dev.posit.niehs.nih.gov', port=443): Failed to resolve 'dev.posit.niehs.nih.gov' ([Errno 8] nodename nor servname provided, or not known)""))"
1582,PDF batch 1582/6155 (1 references),1,ConnectionError,"HTTPSConnectionPool(host='dev.posit.niehs.nih.gov', port=443): Max retries exceeded with url: /et/api/pdf-download (Caused by NameResolutionError(""HTTPSConnection(host='dev.posit.niehs.nih.gov', port=443): Failed to resolve 'dev.posit.niehs.nih.gov' ([Errno 8] nodename nor servname provided, or not known)""))"
1583,PDF batch 1583/6155 (1 references),1,ConnectionError,"HTTPSConnectionPool(host='dev.posit.niehs.nih.gov', port=443): Max retries exceeded with url: /et/api/pdf-download (Caused by NameResolutionError(""HTTPSConnection(host='dev.posit.niehs.nih.gov', port=443): Failed to resolve 'dev.posit.niehs.nih.gov' ([Errno 8] nodename nor servname provided, or not known)""))"
1584,PDF batch 1584/6155 (1 references),1,ConnectionError,"HTTPSConnectionPool(host='dev.posit.niehs.nih.gov', port=443): Max retries exceeded with url: /et/api/pdf-download (Caused by NameResolutionError(""HTTPSConnection(host='dev.posit.niehs.nih.gov', port=443): Failed to resolve 'dev.posit.niehs.nih.gov' ([Errno 8] nodename nor servname provided, or not known)""))"
1586,PDF batch 1586/6155 (1 references),1,ConnectionError,"HTTPSConnectionPool(host='dev.posit.niehs.nih.gov', port=443): Max retries exceeded with url: /et/api/pdf-download (Caused by NameResolutionError(""HTTPSConnection(host='dev.posit.niehs.nih.gov', port=443): Failed to resolve 'dev.posit.niehs.nih.gov' ([Errno 8] nodename nor servname provided, or not known)""))"
1585,PDF batch 1585/6155 (1 references),1,ConnectionError,"HTTPSConnectionPool(host='dev.posit.niehs.nih.gov', port=443): Max retries exceeded with url: /et/api/pdf-download (Caused by NameResolutionError(""HTTPSConnection(host='dev.posit.niehs.nih.gov', port=443): Failed to resolve 'dev.posit.niehs.nih.gov' ([Errno 8] nodename nor servname provided, or not known)""))"
1587,PDF batch 1587/6155 (1 references),1,ConnectionError,"HTTPSConnectionPool(host='dev.posit.niehs.nih.gov', port=443): Max retries exceeded with url: /et/api/pdf-download (Caused by NameResolutionError(""HTTPSConnection(host='dev.posit.niehs.nih.gov', port=443): Failed to resolve 'dev.posit.niehs.nih.gov' ([Errno 8] nodename nor servname provided, or not known)""))"
1589,PDF batch 1589/6155 (1 references),1,ConnectionError,"HTTPSConnectionPool(host='dev.posit.niehs.nih.gov', port=443): Max retries exceeded with url: /et/api/pdf-download (Caused by NameResolutionError(""HTTPSConnection(host='dev.posit.niehs.nih.gov', port=443): Failed to resolve 'dev.posit.niehs.nih.gov' ([Errno 8] nodename nor servname provided, or not known)""))"
1588,PDF batch 1588/6155 (1 references),1,ConnectionError,"HTTPSConnectionPool(host='dev.posit.niehs.nih.gov', port=443): Max retries exceeded with url: /et/api/pdf-download (Caused by NameResolutionError(""HTTPSConnection(host='dev.posit.niehs.nih.gov', port=443): Failed to resolve 'dev.posit.niehs.nih.gov' ([Errno 8] nodename nor servname provided, or not known)""))"
1592,PDF batch 1592/6155 (1 references),1,ConnectionError,"HTTPSConnectionPool(host='dev.posit.niehs.nih.gov', port=443): Max retries exceeded with url: /et/api/pdf-download (Caused by NameResolutionError(""HTTPSConnection(host='dev.posit.niehs.nih.gov', port=443): Failed to resolve 'dev.posit.niehs.nih.gov' ([Errno 8] nodename nor servname provided, or not known)""))"
1590,PDF batch 1590/6155 (1 references),1,ConnectionError,"HTTPSConnectionPool(host='dev.posit.niehs.nih.gov', port=443): Max retries exceeded with url: /et/api/pdf-download (Caused by NameResolutionError(""HTTPSConnection(host='dev.posit.niehs.nih.gov', port=443): Failed to resolve 'dev.posit.niehs.nih.gov' ([Errno 8] nodename nor servname provided, or not known)""))"
1591,PDF batch 1591/6155 (1 references),1,ConnectionError,"HTTPSConnectionPool(host='dev.posit.niehs.nih.gov', port=443): Max retries exceeded with url: /et/api/pdf-download (Caused by NameResolutionError(""HTTPSConnection(host='dev.posit.niehs.nih.gov', port=443): Failed to resolve 'dev.posit.niehs.nih.gov' ([Errno 8] nodename nor servname provided, or not known)""))"
1593,PDF batch 1593/6155 (1 references),1,ConnectionError,"HTTPSConnectionPool(host='dev.posit.niehs.nih.gov', port=443): Max retries exceeded with url: /et/api/pdf-download (Caused by NameResolutionError(""HTTPSConnection(host='dev.posit.niehs.nih.gov', port=443): Failed to resolve 'dev.posit.niehs.nih.gov' ([Errno 8] nodename nor servname provided, or not known)""))"
1594,PDF batch 1594/6155 (1 references),1,ConnectionError,"HTTPSConnectionPool(host='dev.posit.niehs.nih.gov', port=443): Max retries exceeded with url: /et/api/pdf-download (Caused by NameResolutionError(""HTTPSConnection(host='dev.posit.niehs.nih.gov', port=443): Failed to resolve 'dev.posit.niehs.nih.gov' ([Errno 8] nodename nor servname provided, or not known)""))"
1597,PDF batch 1597/6155 (1 references),1,ConnectionError,"HTTPSConnectionPool(host='dev.posit.niehs.nih.gov', port=443): Max retries exceeded with url: /et/api/pdf-download (Caused by NameResolutionError(""HTTPSConnection(host='dev.posit.niehs.nih.gov', port=443): Failed to resolve 'dev.posit.niehs.nih.gov' ([Errno 8] nodename nor servname provided, or not known)""))"
1600,PDF batch 1600/6155 (1 references),1,ConnectionError,"HTTPSConnectionPool(host='dev.posit.niehs.nih.gov', port=443): Max retries exceeded with url: /et/api/pdf-download (Caused by NameResolutionError(""HTTPSConnection(host='dev.posit.niehs.nih.gov', port=443): Failed to resolve 'dev.posit.niehs.nih.gov' ([Errno 8] nodename nor servname provided, or not known)""))"
1595,PDF batch 1595/6155 (1 references),1,ConnectionError,"HTTPSConnectionPool(host='dev.posit.niehs.nih.gov', port=443): Max retries exceeded with url: /et/api/pdf-download (Caused by NameResolutionError(""HTTPSConnection(host='dev.posit.niehs.nih.gov', port=443): Failed to resolve 'dev.posit.niehs.nih.gov' ([Errno 8] nodename nor servname provided, or not known)""))"
1598,PDF batch 1598/6155 (1 references),1,ConnectionError,"HTTPSConnectionPool(host='dev.posit.niehs.nih.gov', port=443): Max retries exceeded with url: /et/api/pdf-download (Caused by NameResolutionError(""HTTPSConnection(host='dev.posit.niehs.nih.gov', port=443): Failed to resolve 'dev.posit.niehs.nih.gov' ([Errno 8] nodename nor servname provided, or not known)""))"
1596,PDF batch 1596/6155 (1 references),1,ConnectionError,"HTTPSConnectionPool(host='dev.posit.niehs.nih.gov', port=443): Max retries exceeded with url: /et/api/pdf-download (Caused by NameResolutionError(""HTTPSConnection(host='dev.posit.niehs.nih.gov', port=443): Failed to resolve 'dev.posit.niehs.nih.gov' ([Errno 8] nodename nor servname provided, or not known)""))"
1599,PDF batch 1599/6155 (1 references),1,ConnectionError,"HTTPSConnectionPool(host='dev.posit.niehs.nih.gov', port=443): Max retries exceeded with url: /et/api/pdf-download (Caused by NameResolutionError(""HTTPSConnection(host='dev.posit.niehs.nih.gov', port=443): Failed to resolve 'dev.posit.niehs.nih.gov' ([Errno 8] nodename nor servname provided, or not known)""))"
1602,PDF batch 1602/6155 (1 references),1,ConnectionError,"HTTPSConnectionPool(host='dev.posit.niehs.nih.gov', port=443): Max retries exceeded with url: /et/api/pdf-download (Caused by NameResolutionError(""HTTPSConnection(host='dev.posit.niehs.nih.gov', port=443): Failed to resolve 'dev.posit.niehs.nih.gov' ([Errno 8] nodename nor servname provided, or not known)""))"
1601,PDF batch 1601/6155 (1 references),1,ConnectionError,"HTTPSConnectionPool(host='dev.posit.niehs.nih.gov', port=443): Max retries exceeded with url: /et/api/pdf-download (Caused by NameResolutionError(""HTTPSConnection(host='dev.posit.niehs.nih.gov', port=443): Failed to resolve 'dev.posit.niehs.nih.gov' ([Errno 8] nodename nor servname provided, or not known)""))"
1605,PDF batch 1605/6155 (1 references),1,ConnectionError,"HTTPSConnectionPool(host='dev.posit.niehs.nih.gov', port=443): Max retries exceeded with url: /et/api/pdf-download (Caused by NameResolutionError(""HTTPSConnection(host='dev.posit.niehs.nih.gov', port=443): Failed to resolve 'dev.posit.niehs.nih.gov' ([Errno 8] nodename nor servname provided, or not known)""))"
1603,PDF batch 1603/6155 (1 references),1,ConnectionError,"HTTPSConnectionPool(host='dev.posit.niehs.nih.gov', port=443): Max retries exceeded with url: /et/api/pdf-download (Caused by NameResolutionError(""HTTPSConnection(host='dev.posit.niehs.nih.gov', port=443): Failed to resolve 'dev.posit.niehs.nih.gov' ([Errno 8] nodename nor servname provided, or not known)""))"
1604,PDF batch 1604/6155 (1 references),1,ConnectionError,"HTTPSConnectionPool(host='dev.posit.niehs.nih.gov', port=443): Max retries exceeded with url: /et/api/pdf-download (Caused by NameResolutionError(""HTTPSConnection(host='dev.posit.niehs.nih.gov', port=443): Failed to resolve 'dev.posit.niehs.nih.gov' ([Errno 8] nodename nor servname provided, or not known)""))"
1606,PDF batch 1606/6155 (1 references),1,ConnectionError,"HTTPSConnectionPool(host='dev.posit.niehs.nih.gov', port=443): Max retries exceeded with url: /et/api/pdf-download (Caused by NameResolutionError(""HTTPSConnection(host='dev.posit.niehs.nih.gov', port=443): Failed to resolve 'dev.posit.niehs.nih.gov' ([Errno 8] nodename nor servname provided, or not known)""))"
1610,PDF batch 1610/6155 (1 references),1,ConnectionError,"HTTPSConnectionPool(host='dev.posit.niehs.nih.gov', port=443): Max retries exceeded with url: /et/api/pdf-download (Caused by NameResolutionError(""HTTPSConnection(host='dev.posit.niehs.nih.gov', port=443): Failed to resolve 'dev.posit.niehs.nih.gov' ([Errno 8] nodename nor servname provided, or not known)""))"
1609,PDF batch 1609/6155 (1 references),1,ConnectionError,"HTTPSConnectionPool(host='dev.posit.niehs.nih.gov', port=443): Max retries exceeded with url: /et/api/pdf-download (Caused by NameResolutionError(""HTTPSConnection(host='dev.posit.niehs.nih.gov', port=443): Failed to resolve 'dev.posit.niehs.nih.gov' ([Errno 8] nodename nor servname provided, or not known)""))"
1608,PDF batch 1608/6155 (1 references),1,ConnectionError,"HTTPSConnectionPool(host='dev.posit.niehs.nih.gov', port=443): Max retries exceeded with url: /et/api/pdf-download (Caused by NameResolutionError(""HTTPSConnection(host='dev.posit.niehs.nih.gov', port=443): Failed to resolve 'dev.posit.niehs.nih.gov' ([Errno 8] nodename nor servname provided, or not known)""))"
1612,PDF batch 1612/6155 (1 references),1,ConnectionError,"HTTPSConnectionPool(host='dev.posit.niehs.nih.gov', port=443): Max retries exceeded with url: /et/api/pdf-download (Caused by NameResolutionError(""HTTPSConnection(host='dev.posit.niehs.nih.gov', port=443): Failed to resolve 'dev.posit.niehs.nih.gov' ([Errno 8] nodename nor servname provided, or not known)""))"
1611,PDF batch 1611/6155 (1 references),1,ConnectionError,"HTTPSConnectionPool(host='dev.posit.niehs.nih.gov', port=443): Max retries exceeded with url: /et/api/pdf-download (Caused by NameResolutionError(""HTTPSConnection(host='dev.posit.niehs.nih.gov', port=443): Failed to resolve 'dev.posit.niehs.nih.gov' ([Errno 8] nodename nor servname provided, or not known)""))"
1607,PDF batch 1607/6155 (1 references),1,ConnectionError,"HTTPSConnectionPool(host='dev.posit.niehs.nih.gov', port=443): Max retries exceeded with url: /et/api/pdf-download (Caused by NameResolutionError(""HTTPSConnection(host='dev.posit.niehs.nih.gov', port=443): Failed to resolve 'dev.posit.niehs.nih.gov' ([Errno 8] nodename nor servname provided, or not known)""))"
1613,PDF batch 1613/6155 (1 references),1,ConnectionError,"HTTPSConnectionPool(host='dev.posit.niehs.nih.gov', port=443): Max retries exceeded with url: /et/api/pdf-download (Caused by NameResolutionError(""HTTPSConnection(host='dev.posit.niehs.nih.gov', port=443): Failed to resolve 'dev.posit.niehs.nih.gov' ([Errno 8] nodename nor servname provided, or not known)""))"
1616,PDF batch 1616/6155 (1 references),1,ConnectionError,"HTTPSConnectionPool(host='dev.posit.niehs.nih.gov', port=443): Max retries exceeded with url: /et/api/pdf-download (Caused by NameResolutionError(""HTTPSConnection(host='dev.posit.niehs.nih.gov', port=443): Failed to resolve 'dev.posit.niehs.nih.gov' ([Errno 8] nodename nor servname provided, or not known)""))"
1619,PDF batch 1619/6155 (1 references),1,ConnectionError,"HTTPSConnectionPool(host='dev.posit.niehs.nih.gov', port=443): Max retries exceeded with url: /et/api/pdf-download (Caused by NameResolutionError(""HTTPSConnection(host='dev.posit.niehs.nih.gov', port=443): Failed to resolve 'dev.posit.niehs.nih.gov' ([Errno 8] nodename nor servname provided, or not known)""))"
1614,PDF batch 1614/6155 (1 references),1,ConnectionError,"HTTPSConnectionPool(host='dev.posit.niehs.nih.gov', port=443): Max retries exceeded with url: /et/api/pdf-download (Caused by NameResolutionError(""HTTPSConnection(host='dev.posit.niehs.nih.gov', port=443): Failed to resolve 'dev.posit.niehs.nih.gov' ([Errno 8] nodename nor servname provided, or not known)""))"
1617,PDF batch 1617/6155 (1 references),1,ConnectionError,"HTTPSConnectionPool(host='dev.posit.niehs.nih.gov', port=443): Max retries exceeded with url: /et/api/pdf-download (Caused by NameResolutionError(""HTTPSConnection(host='dev.posit.niehs.nih.gov', port=443): Failed to resolve 'dev.posit.niehs.nih.gov' ([Errno 8] nodename nor servname provided, or not known)""))"
1618,PDF batch 1618/6155 (1 references),1,ConnectionError,"HTTPSConnectionPool(host='dev.posit.niehs.nih.gov', port=443): Max retries exceeded with url: /et/api/pdf-download (Caused by NameResolutionError(""HTTPSConnection(host='dev.posit.niehs.nih.gov', port=443): Failed to resolve 'dev.posit.niehs.nih.gov' ([Errno 8] nodename nor servname provided, or not known)""))"
1615,PDF batch 1615/6155 (1 references),1,ConnectionError,"HTTPSConnectionPool(host='dev.posit.niehs.nih.gov', port=443): Max retries exceeded with url: /et/api/pdf-download (Caused by NameResolutionError(""HTTPSConnection(host='dev.posit.niehs.nih.gov', port=443): Failed to resolve 'dev.posit.niehs.nih.gov' ([Errno 8] nodename nor servname provided, or not known)""))"
1620,PDF batch 1620/6155 (1 references),1,ConnectionError,"HTTPSConnectionPool(host='dev.posit.niehs.nih.gov', port=443): Max retries exceeded with url: /et/api/pdf-download (Caused by NameResolutionError(""HTTPSConnection(host='dev.posit.niehs.nih.gov', port=443): Failed to resolve 'dev.posit.niehs.nih.gov' ([Errno 8] nodename nor servname provided, or not known)""))"
1621,PDF batch 1621/6155 (1 references),1,ConnectionError,"HTTPSConnectionPool(host='dev.posit.niehs.nih.gov', port=443): Max retries exceeded with url: /et/api/pdf-download (Caused by NameResolutionError(""HTTPSConnection(host='dev.posit.niehs.nih.gov', port=443): Failed to resolve 'dev.posit.niehs.nih.gov' ([Errno 8] nodename nor servname provided, or not known)""))"
1622,PDF batch 1622/6155 (1 references),1,ConnectionError,"HTTPSConnectionPool(host='dev.posit.niehs.nih.gov', port=443): Max retries exceeded with url: /et/api/pdf-download (Caused by NameResolutionError(""HTTPSConnection(host='dev.posit.niehs.nih.gov', port=443): Failed to resolve 'dev.posit.niehs.nih.gov' ([Errno 8] nodename nor servname provided, or not known)""))"
1623,PDF batch 1623/6155 (1 references),1,ConnectionError,"HTTPSConnectionPool(host='dev.posit.niehs.nih.gov', port=443): Max retries exceeded with url: /et/api/pdf-download (Caused by NameResolutionError(""HTTPSConnection(host='dev.posit.niehs.nih.gov', port=443): Failed to resolve 'dev.posit.niehs.nih.gov' ([Errno 8] nodename nor servname provided, or not known)""))"
1624,PDF batch 1624/6155 (1 references),1,ConnectionError,"HTTPSConnectionPool(host='dev.posit.niehs.nih.gov', port=443): Max retries exceeded with url: /et/api/pdf-download (Caused by NameResolutionError(""HTTPSConnection(host='dev.posit.niehs.nih.gov', port=443): Failed to resolve 'dev.posit.niehs.nih.gov' ([Errno 8] nodename nor servname provided, or not known)""))"
1625,PDF batch 1625/6155 (1 references),1,ConnectionError,"HTTPSConnectionPool(host='dev.posit.niehs.nih.gov', port=443): Max retries exceeded with url: /et/api/pdf-download (Caused by NameResolutionError(""HTTPSConnection(host='dev.posit.niehs.nih.gov', port=443): Failed to resolve 'dev.posit.niehs.nih.gov' ([Errno 8] nodename nor servname provided, or not known)""))"
1631,PDF batch 1631/6155 (1 references),1,ConnectionError,"HTTPSConnectionPool(host='dev.posit.niehs.nih.gov', port=443): Max retries exceeded with url: /et/api/pdf-download (Caused by NameResolutionError(""HTTPSConnection(host='dev.posit.niehs.nih.gov', port=443): Failed to resolve 'dev.posit.niehs.nih.gov' ([Errno 8] nodename nor servname provided, or not known)""))"
1626,PDF batch 1626/6155 (1 references),1,ConnectionError,"HTTPSConnectionPool(host='dev.posit.niehs.nih.gov', port=443): Max retries exceeded with url: /et/api/pdf-download (Caused by NameResolutionError(""HTTPSConnection(host='dev.posit.niehs.nih.gov', port=443): Failed to resolve 'dev.posit.niehs.nih.gov' ([Errno 8] nodename nor servname provided, or not known)""))"
1628,PDF batch 1628/6155 (1 references),1,ConnectionError,"HTTPSConnectionPool(host='dev.posit.niehs.nih.gov', port=443): Max retries exceeded with url: /et/api/pdf-download (Caused by NameResolutionError(""HTTPSConnection(host='dev.posit.niehs.nih.gov', port=443): Failed to resolve 'dev.posit.niehs.nih.gov' ([Errno 8] nodename nor servname provided, or not known)""))"
1629,PDF batch 1629/6155 (1 references),1,ConnectionError,"HTTPSConnectionPool(host='dev.posit.niehs.nih.gov', port=443): Max retries exceeded with url: /et/api/pdf-download (Caused by NameResolutionError(""HTTPSConnection(host='dev.posit.niehs.nih.gov', port=443): Failed to resolve 'dev.posit.niehs.nih.gov' ([Errno 8] nodename nor servname provided, or not known)""))"
1627,PDF batch 1627/6155 (1 references),1,ConnectionError,"HTTPSConnectionPool(host='dev.posit.niehs.nih.gov', port=443): Max retries exceeded with url: /et/api/pdf-download (Caused by NameResolutionError(""HTTPSConnection(host='dev.posit.niehs.nih.gov', port=443): Failed to resolve 'dev.posit.niehs.nih.gov' ([Errno 8] nodename nor servname provided, or not known)""))"
1632,PDF batch 1632/6155 (1 references),1,ConnectionError,"HTTPSConnectionPool(host='dev.posit.niehs.nih.gov', port=443): Max retries exceeded with url: /et/api/pdf-download (Caused by NameResolutionError(""HTTPSConnection(host='dev.posit.niehs.nih.gov', port=443): Failed to resolve 'dev.posit.niehs.nih.gov' ([Errno 8] nodename nor servname provided, or not known)""))"
1630,PDF batch 1630/6155 (1 references),1,ConnectionError,"HTTPSConnectionPool(host='dev.posit.niehs.nih.gov', port=443): Max retries exceeded with url: /et/api/pdf-download (Caused by NameResolutionError(""HTTPSConnection(host='dev.posit.niehs.nih.gov', port=443): Failed to resolve 'dev.posit.niehs.nih.gov' ([Errno 8] nodename nor servname provided, or not known)""))"
1636,PDF batch 1636/6155 (1 references),1,ConnectionError,"HTTPSConnectionPool(host='dev.posit.niehs.nih.gov', port=443): Max retries exceeded with url: /et/api/pdf-download (Caused by NameResolutionError(""HTTPSConnection(host='dev.posit.niehs.nih.gov', port=443): Failed to resolve 'dev.posit.niehs.nih.gov' ([Errno 8] nodename nor servname provided, or not known)""))"
1635,PDF batch 1635/6155 (1 references),1,ConnectionError,"HTTPSConnectionPool(host='dev.posit.niehs.nih.gov', port=443): Max retries exceeded with url: /et/api/pdf-download (Caused by NameResolutionError(""HTTPSConnection(host='dev.posit.niehs.nih.gov', port=443): Failed to resolve 'dev.posit.niehs.nih.gov' ([Errno 8] nodename nor servname provided, or not known)""))"
1634,PDF batch 1634/6155 (1 references),1,ConnectionError,"HTTPSConnectionPool(host='dev.posit.niehs.nih.gov', port=443): Max retries exceeded with url: /et/api/pdf-download (Caused by NameResolutionError(""HTTPSConnection(host='dev.posit.niehs.nih.gov', port=443): Failed to resolve 'dev.posit.niehs.nih.gov' ([Errno 8] nodename nor servname provided, or not known)""))"
1638,PDF batch 1638/6155 (1 references),1,ConnectionError,"HTTPSConnectionPool(host='dev.posit.niehs.nih.gov', port=443): Max retries exceeded with url: /et/api/pdf-download (Caused by NameResolutionError(""HTTPSConnection(host='dev.posit.niehs.nih.gov', port=443): Failed to resolve 'dev.posit.niehs.nih.gov' ([Errno 8] nodename nor servname provided, or not known)""))"
1633,PDF batch 1633/6155 (1 references),1,ConnectionError,"HTTPSConnectionPool(host='dev.posit.niehs.nih.gov', port=443): Max retries exceeded with url: /et/api/pdf-download (Caused by NameResolutionError(""HTTPSConnection(host='dev.posit.niehs.nih.gov', port=443): Failed to resolve 'dev.posit.niehs.nih.gov' ([Errno 8] nodename nor servname provided, or not known)""))"
1637,PDF batch 1637/6155 (1 references),1,ConnectionError,"HTTPSConnectionPool(host='dev.posit.niehs.nih.gov', port=443): Max retries exceeded with url: /et/api/pdf-download (Caused by NameResolutionError(""HTTPSConnection(host='dev.posit.niehs.nih.gov', port=443): Failed to resolve 'dev.posit.niehs.nih.gov' ([Errno 8] nodename nor servname provided, or not known)""))"
1639,PDF batch 1639/6155 (1 references),1,ConnectionError,"HTTPSConnectionPool(host='dev.posit.niehs.nih.gov', port=443): Max retries exceeded with url: /et/api/pdf-download (Caused by NameResolutionError(""HTTPSConnection(host='dev.posit.niehs.nih.gov', port=443): Failed to resolve 'dev.posit.niehs.nih.gov' ([Errno 8] nodename nor servname provided, or not known)""))"
1640,PDF batch 1640/6155 (1 references),1,ConnectionError,"HTTPSConnectionPool(host='dev.posit.niehs.nih.gov', port=443): Max retries exceeded with url: /et/api/pdf-download (Caused by NameResolutionError(""HTTPSConnection(host='dev.posit.niehs.nih.gov', port=443): Failed to resolve 'dev.posit.niehs.nih.gov' ([Errno 8] nodename nor servname provided, or not known)""))"
1643,PDF batch 1643/6155 (1 references),1,ConnectionError,"HTTPSConnectionPool(host='dev.posit.niehs.nih.gov', port=443): Max retries exceeded with url: /et/api/pdf-download (Caused by NameResolutionError(""HTTPSConnection(host='dev.posit.niehs.nih.gov', port=443): Failed to resolve 'dev.posit.niehs.nih.gov' ([Errno 8] nodename nor servname provided, or not known)""))"
1642,PDF batch 1642/6155 (1 references),1,ConnectionError,"HTTPSConnectionPool(host='dev.posit.niehs.nih.gov', port=443): Max retries exceeded with url: /et/api/pdf-download (Caused by NameResolutionError(""HTTPSConnection(host='dev.posit.niehs.nih.gov', port=443): Failed to resolve 'dev.posit.niehs.nih.gov' ([Errno 8] nodename nor servname provided, or not known)""))"
1641,PDF batch 1641/6155 (1 references),1,ConnectionError,"HTTPSConnectionPool(host='dev.posit.niehs.nih.gov', port=443): Max retries exceeded with url: /et/api/pdf-download (Caused by NameResolutionError(""HTTPSConnection(host='dev.posit.niehs.nih.gov', port=443): Failed to resolve 'dev.posit.niehs.nih.gov' ([Errno 8] nodename nor servname provided, or not known)""))"
1644,PDF batch 1644/6155 (1 references),1,ConnectionError,"HTTPSConnectionPool(host='dev.posit.niehs.nih.gov', port=443): Max retries exceeded with url: /et/api/pdf-download (Caused by NameResolutionError(""HTTPSConnection(host='dev.posit.niehs.nih.gov', port=443): Failed to resolve 'dev.posit.niehs.nih.gov' ([Errno 8] nodename nor servname provided, or not known)""))"
1648,PDF batch 1648/6155 (1 references),1,ConnectionError,"HTTPSConnectionPool(host='dev.posit.niehs.nih.gov', port=443): Max retries exceeded with url: /et/api/pdf-download (Caused by NameResolutionError(""HTTPSConnection(host='dev.posit.niehs.nih.gov', port=443): Failed to resolve 'dev.posit.niehs.nih.gov' ([Errno 8] nodename nor servname provided, or not known)""))"
1646,PDF batch 1646/6155 (1 references),1,ConnectionError,"HTTPSConnectionPool(host='dev.posit.niehs.nih.gov', port=443): Max retries exceeded with url: /et/api/pdf-download (Caused by NameResolutionError(""HTTPSConnection(host='dev.posit.niehs.nih.gov', port=443): Failed to resolve 'dev.posit.niehs.nih.gov' ([Errno 8] nodename nor servname provided, or not known)""))"
1645,PDF batch 1645/6155 (1 references),1,ConnectionError,"HTTPSConnectionPool(host='dev.posit.niehs.nih.gov', port=443): Max retries exceeded with url: /et/api/pdf-download (Caused by NameResolutionError(""HTTPSConnection(host='dev.posit.niehs.nih.gov', port=443): Failed to resolve 'dev.posit.niehs.nih.gov' ([Errno 8] nodename nor servname provided, or not known)""))"
1651,PDF batch 1651/6155 (1 references),1,ConnectionError,"HTTPSConnectionPool(host='dev.posit.niehs.nih.gov', port=443): Max retries exceeded with url: /et/api/pdf-download (Caused by NameResolutionError(""HTTPSConnection(host='dev.posit.niehs.nih.gov', port=443): Failed to resolve 'dev.posit.niehs.nih.gov' ([Errno 8] nodename nor servname provided, or not known)""))"
1649,PDF batch 1649/6155 (1 references),1,ConnectionError,"HTTPSConnectionPool(host='dev.posit.niehs.nih.gov', port=443): Max retries exceeded with url: /et/api/pdf-download (Caused by NameResolutionError(""HTTPSConnection(host='dev.posit.niehs.nih.gov', port=443): Failed to resolve 'dev.posit.niehs.nih.gov' ([Errno 8] nodename nor servname provided, or not known)""))"
1650,PDF batch 1650/6155 (1 references),1,ConnectionError,"HTTPSConnectionPool(host='dev.posit.niehs.nih.gov', port=443): Max retries exceeded with url: /et/api/pdf-download (Caused by NameResolutionError(""HTTPSConnection(host='dev.posit.niehs.nih.gov', port=443): Failed to resolve 'dev.posit.niehs.nih.gov' ([Errno 8] nodename nor servname provided, or not known)""))"
1647,PDF batch 1647/6155 (1 references),1,ConnectionError,"HTTPSConnectionPool(host='dev.posit.niehs.nih.gov', port=443): Max retries exceeded with url: /et/api/pdf-download (Caused by NameResolutionError(""HTTPSConnection(host='dev.posit.niehs.nih.gov', port=443): Failed to resolve 'dev.posit.niehs.nih.gov' ([Errno 8] nodename nor servname provided, or not known)""))"
1656,PDF batch 1656/6155 (1 references),1,ConnectionError,"HTTPSConnectionPool(host='dev.posit.niehs.nih.gov', port=443): Max retries exceeded with url: /et/api/pdf-download (Caused by NameResolutionError(""HTTPSConnection(host='dev.posit.niehs.nih.gov', port=443): Failed to resolve 'dev.posit.niehs.nih.gov' ([Errno 8] nodename nor servname provided, or not known)""))"
1654,PDF batch 1654/6155 (1 references),1,ConnectionError,"HTTPSConnectionPool(host='dev.posit.niehs.nih.gov', port=443): Max retries exceeded with url: /et/api/pdf-download (Caused by NameResolutionError(""HTTPSConnection(host='dev.posit.niehs.nih.gov', port=443): Failed to resolve 'dev.posit.niehs.nih.gov' ([Errno 8] nodename nor servname provided, or not known)""))"
1657,PDF batch 1657/6155 (1 references),1,ConnectionError,"HTTPSConnectionPool(host='dev.posit.niehs.nih.gov', port=443): Max retries exceeded with url: /et/api/pdf-download (Caused by NameResolutionError(""HTTPSConnection(host='dev.posit.niehs.nih.gov', port=443): Failed to resolve 'dev.posit.niehs.nih.gov' ([Errno 8] nodename nor servname provided, or not known)""))"
1653,PDF batch 1653/6155 (1 references),1,ConnectionError,"HTTPSConnectionPool(host='dev.posit.niehs.nih.gov', port=443): Max retries exceeded with url: /et/api/pdf-download (Caused by NameResolutionError(""HTTPSConnection(host='dev.posit.niehs.nih.gov', port=443): Failed to resolve 'dev.posit.niehs.nih.gov' ([Errno 8] nodename nor servname provided, or not known)""))"
1652,PDF batch 1652/6155 (1 references),1,ConnectionError,"HTTPSConnectionPool(host='dev.posit.niehs.nih.gov', port=443): Max retries exceeded with url: /et/api/pdf-download (Caused by NameResolutionError(""HTTPSConnection(host='dev.posit.niehs.nih.gov', port=443): Failed to resolve 'dev.posit.niehs.nih.gov' ([Errno 8] nodename nor servname provided, or not known)""))"
1655,PDF batch 1655/6155 (1 references),1,ConnectionError,"HTTPSConnectionPool(host='dev.posit.niehs.nih.gov', port=443): Max retries exceeded with url: /et/api/pdf-download (Caused by NameResolutionError(""HTTPSConnection(host='dev.posit.niehs.nih.gov', port=443): Failed to resolve 'dev.posit.niehs.nih.gov' ([Errno 8] nodename nor servname provided, or not known)""))"
1659,PDF batch 1659/6155 (1 references),1,ConnectionError,"HTTPSConnectionPool(host='dev.posit.niehs.nih.gov', port=443): Max retries exceeded with url: /et/api/pdf-download (Caused by NameResolutionError(""HTTPSConnection(host='dev.posit.niehs.nih.gov', port=443): Failed to resolve 'dev.posit.niehs.nih.gov' ([Errno 8] nodename nor servname provided, or not known)""))"
1658,PDF batch 1658/6155 (1 references),1,ConnectionError,"HTTPSConnectionPool(host='dev.posit.niehs.nih.gov', port=443): Max retries exceeded with url: /et/api/pdf-download (Caused by NameResolutionError(""HTTPSConnection(host='dev.posit.niehs.nih.gov', port=443): Failed to resolve 'dev.posit.niehs.nih.gov' ([Errno 8] nodename nor servname provided, or not known)""))"
1660,PDF batch 1660/6155 (1 references),1,ConnectionError,"HTTPSConnectionPool(host='dev.posit.niehs.nih.gov', port=443): Max retries exceeded with url: /et/api/pdf-download (Caused by NameResolutionError(""HTTPSConnection(host='dev.posit.niehs.nih.gov', port=443): Failed to resolve 'dev.posit.niehs.nih.gov' ([Errno 8] nodename nor servname provided, or not known)""))"
1662,PDF batch 1662/6155 (1 references),1,ConnectionError,"HTTPSConnectionPool(host='dev.posit.niehs.nih.gov', port=443): Max retries exceeded with url: /et/api/pdf-download (Caused by NameResolutionError(""HTTPSConnection(host='dev.posit.niehs.nih.gov', port=443): Failed to resolve 'dev.posit.niehs.nih.gov' ([Errno 8] nodename nor servname provided, or not known)""))"
1661,PDF batch 1661/6155 (1 references),1,ConnectionError,"HTTPSConnectionPool(host='dev.posit.niehs.nih.gov', port=443): Max retries exceeded with url: /et/api/pdf-download (Caused by NameResolutionError(""HTTPSConnection(host='dev.posit.niehs.nih.gov', port=443): Failed to resolve 'dev.posit.niehs.nih.gov' ([Errno 8] nodename nor servname provided, or not known)""))"
1663,PDF batch 1663/6155 (1 references),1,ConnectionError,"HTTPSConnectionPool(host='dev.posit.niehs.nih.gov', port=443): Max retries exceeded with url: /et/api/pdf-download (Caused by NameResolutionError(""HTTPSConnection(host='dev.posit.niehs.nih.gov', port=443): Failed to resolve 'dev.posit.niehs.nih.gov' ([Errno 8] nodename nor servname provided, or not known)""))"
1664,PDF batch 1664/6155 (1 references),1,ConnectionError,"HTTPSConnectionPool(host='dev.posit.niehs.nih.gov', port=443): Max retries exceeded with url: /et/api/pdf-download (Caused by NameResolutionError(""HTTPSConnection(host='dev.posit.niehs.nih.gov', port=443): Failed to resolve 'dev.posit.niehs.nih.gov' ([Errno 8] nodename nor servname provided, or not known)""))"
1666,PDF batch 1666/6155 (1 references),1,ConnectionError,"HTTPSConnectionPool(host='dev.posit.niehs.nih.gov', port=443): Max retries exceeded with url: /et/api/pdf-download (Caused by NameResolutionError(""HTTPSConnection(host='dev.posit.niehs.nih.gov', port=443): Failed to resolve 'dev.posit.niehs.nih.gov' ([Errno 8] nodename nor servname provided, or not known)""))"
1665,PDF batch 1665/6155 (1 references),1,ConnectionError,"HTTPSConnectionPool(host='dev.posit.niehs.nih.gov', port=443): Max retries exceeded with url: /et/api/pdf-download (Caused by NameResolutionError(""HTTPSConnection(host='dev.posit.niehs.nih.gov', port=443): Failed to resolve 'dev.posit.niehs.nih.gov' ([Errno 8] nodename nor servname provided, or not known)""))"
1668,PDF batch 1668/6155 (1 references),1,ConnectionError,"HTTPSConnectionPool(host='dev.posit.niehs.nih.gov', port=443): Max retries exceeded with url: /et/api/pdf-download (Caused by NameResolutionError(""HTTPSConnection(host='dev.posit.niehs.nih.gov', port=443): Failed to resolve 'dev.posit.niehs.nih.gov' ([Errno 8] nodename nor servname provided, or not known)""))"
1669,PDF batch 1669/6155 (1 references),1,ConnectionError,"HTTPSConnectionPool(host='dev.posit.niehs.nih.gov', port=443): Max retries exceeded with url: /et/api/pdf-download (Caused by NameResolutionError(""HTTPSConnection(host='dev.posit.niehs.nih.gov', port=443): Failed to resolve 'dev.posit.niehs.nih.gov' ([Errno 8] nodename nor servname provided, or not known)""))"
1670,PDF batch 1670/6155 (1 references),1,ConnectionError,"HTTPSConnectionPool(host='dev.posit.niehs.nih.gov', port=443): Max retries exceeded with url: /et/api/pdf-download (Caused by NameResolutionError(""HTTPSConnection(host='dev.posit.niehs.nih.gov', port=443): Failed to resolve 'dev.posit.niehs.nih.gov' ([Errno 8] nodename nor servname provided, or not known)""))"
1667,PDF batch 1667/6155 (1 references),1,ConnectionError,"HTTPSConnectionPool(host='dev.posit.niehs.nih.gov', port=443): Max retries exceeded with url: /et/api/pdf-download (Caused by NameResolutionError(""HTTPSConnection(host='dev.posit.niehs.nih.gov', port=443): Failed to resolve 'dev.posit.niehs.nih.gov' ([Errno 8] nodename nor servname provided, or not known)""))"
1676,PDF batch 1676/6155 (1 references),1,ConnectionError,"HTTPSConnectionPool(host='dev.posit.niehs.nih.gov', port=443): Max retries exceeded with url: /et/api/pdf-download (Caused by NameResolutionError(""HTTPSConnection(host='dev.posit.niehs.nih.gov', port=443): Failed to resolve 'dev.posit.niehs.nih.gov' ([Errno 8] nodename nor servname provided, or not known)""))"
1671,PDF batch 1671/6155 (1 references),1,ConnectionError,"HTTPSConnectionPool(host='dev.posit.niehs.nih.gov', port=443): Max retries exceeded with url: /et/api/pdf-download (Caused by NameResolutionError(""HTTPSConnection(host='dev.posit.niehs.nih.gov', port=443): Failed to resolve 'dev.posit.niehs.nih.gov' ([Errno 8] nodename nor servname provided, or not known)""))"
1674,PDF batch 1674/6155 (1 references),1,ConnectionError,"HTTPSConnectionPool(host='dev.posit.niehs.nih.gov', port=443): Max retries exceeded with url: /et/api/pdf-download (Caused by NameResolutionError(""HTTPSConnection(host='dev.posit.niehs.nih.gov', port=443): Failed to resolve 'dev.posit.niehs.nih.gov' ([Errno 8] nodename nor servname provided, or not known)""))"
1675,PDF batch 1675/6155 (1 references),1,ConnectionError,"HTTPSConnectionPool(host='dev.posit.niehs.nih.gov', port=443): Max retries exceeded with url: /et/api/pdf-download (Caused by NameResolutionError(""HTTPSConnection(host='dev.posit.niehs.nih.gov', port=443): Failed to resolve 'dev.posit.niehs.nih.gov' ([Errno 8] nodename nor servname provided, or not known)""))"
1673,PDF batch 1673/6155 (1 references),1,ConnectionError,"HTTPSConnectionPool(host='dev.posit.niehs.nih.gov', port=443): Max retries exceeded with url: /et/api/pdf-download (Caused by NameResolutionError(""HTTPSConnection(host='dev.posit.niehs.nih.gov', port=443): Failed to resolve 'dev.posit.niehs.nih.gov' ([Errno 8] nodename nor servname provided, or not known)""))"
1672,PDF batch 1672/6155 (1 references),1,ConnectionError,"HTTPSConnectionPool(host='dev.posit.niehs.nih.gov', port=443): Max retries exceeded with url: /et/api/pdf-download (Caused by NameResolutionError(""HTTPSConnection(host='dev.posit.niehs.nih.gov', port=443): Failed to resolve 'dev.posit.niehs.nih.gov' ([Errno 8] nodename nor servname provided, or not known)""))"
1677,PDF batch 1677/6155 (1 references),1,ConnectionError,"HTTPSConnectionPool(host='dev.posit.niehs.nih.gov', port=443): Max retries exceeded with url: /et/api/pdf-download (Caused by NameResolutionError(""HTTPSConnection(host='dev.posit.niehs.nih.gov', port=443): Failed to resolve 'dev.posit.niehs.nih.gov' ([Errno 8] nodename nor servname provided, or not known)""))"
1678,PDF batch 1678/6155 (1 references),1,ConnectionError,"HTTPSConnectionPool(host='dev.posit.niehs.nih.gov', port=443): Max retries exceeded with url: /et/api/pdf-download (Caused by NameResolutionError(""HTTPSConnection(host='dev.posit.niehs.nih.gov', port=443): Failed to resolve 'dev.posit.niehs.nih.gov' ([Errno 8] nodename nor servname provided, or not known)""))"
1681,PDF batch 1681/6155 (1 references),1,ConnectionError,"HTTPSConnectionPool(host='dev.posit.niehs.nih.gov', port=443): Max retries exceeded with url: /et/api/pdf-download (Caused by NameResolutionError(""HTTPSConnection(host='dev.posit.niehs.nih.gov', port=443): Failed to resolve 'dev.posit.niehs.nih.gov' ([Errno 8] nodename nor servname provided, or not known)""))"
1680,PDF batch 1680/6155 (1 references),1,ConnectionError,"HTTPSConnectionPool(host='dev.posit.niehs.nih.gov', port=443): Max retries exceeded with url: /et/api/pdf-download (Caused by NameResolutionError(""HTTPSConnection(host='dev.posit.niehs.nih.gov', port=443): Failed to resolve 'dev.posit.niehs.nih.gov' ([Errno 8] nodename nor servname provided, or not known)""))"
1679,PDF batch 1679/6155 (1 references),1,ConnectionError,"HTTPSConnectionPool(host='dev.posit.niehs.nih.gov', port=443): Max retries exceeded with url: /et/api/pdf-download (Caused by NameResolutionError(""HTTPSConnection(host='dev.posit.niehs.nih.gov', port=443): Failed to resolve 'dev.posit.niehs.nih.gov' ([Errno 8] nodename nor servname provided, or not known)""))"
1682,PDF batch 1682/6155 (1 references),1,ConnectionError,"HTTPSConnectionPool(host='dev.posit.niehs.nih.gov', port=443): Max retries exceeded with url: /et/api/pdf-download (Caused by NameResolutionError(""HTTPSConnection(host='dev.posit.niehs.nih.gov', port=443): Failed to resolve 'dev.posit.niehs.nih.gov' ([Errno 8] nodename nor servname provided, or not known)""))"
1683,PDF batch 1683/6155 (1 references),1,ConnectionError,"HTTPSConnectionPool(host='dev.posit.niehs.nih.gov', port=443): Max retries exceeded with url: /et/api/pdf-download (Caused by NameResolutionError(""HTTPSConnection(host='dev.posit.niehs.nih.gov', port=443): Failed to resolve 'dev.posit.niehs.nih.gov' ([Errno 8] nodename nor servname provided, or not known)""))"
1689,PDF batch 1689/6155 (1 references),1,ConnectionError,"HTTPSConnectionPool(host='dev.posit.niehs.nih.gov', port=443): Max retries exceeded with url: /et/api/pdf-download (Caused by NameResolutionError(""HTTPSConnection(host='dev.posit.niehs.nih.gov', port=443): Failed to resolve 'dev.posit.niehs.nih.gov' ([Errno 8] nodename nor servname provided, or not known)""))"
1684,PDF batch 1684/6155 (1 references),1,ConnectionError,"HTTPSConnectionPool(host='dev.posit.niehs.nih.gov', port=443): Max retries exceeded with url: /et/api/pdf-download (Caused by NameResolutionError(""HTTPSConnection(host='dev.posit.niehs.nih.gov', port=443): Failed to resolve 'dev.posit.niehs.nih.gov' ([Errno 8] nodename nor servname provided, or not known)""))"
1685,PDF batch 1685/6155 (1 references),1,ConnectionError,"HTTPSConnectionPool(host='dev.posit.niehs.nih.gov', port=443): Max retries exceeded with url: /et/api/pdf-download (Caused by NameResolutionError(""HTTPSConnection(host='dev.posit.niehs.nih.gov', port=443): Failed to resolve 'dev.posit.niehs.nih.gov' ([Errno 8] nodename nor servname provided, or not known)""))"
1688,PDF batch 1688/6155 (1 references),1,ConnectionError,"HTTPSConnectionPool(host='dev.posit.niehs.nih.gov', port=443): Max retries exceeded with url: /et/api/pdf-download (Caused by NameResolutionError(""HTTPSConnection(host='dev.posit.niehs.nih.gov', port=443): Failed to resolve 'dev.posit.niehs.nih.gov' ([Errno 8] nodename nor servname provided, or not known)""))"
1686,PDF batch 1686/6155 (1 references),1,ConnectionError,"HTTPSConnectionPool(host='dev.posit.niehs.nih.gov', port=443): Max retries exceeded with url: /et/api/pdf-download (Caused by NameResolutionError(""HTTPSConnection(host='dev.posit.niehs.nih.gov', port=443): Failed to resolve 'dev.posit.niehs.nih.gov' ([Errno 8] nodename nor servname provided, or not known)""))"
1687,PDF batch 1687/6155 (1 references),1,ConnectionError,"HTTPSConnectionPool(host='dev.posit.niehs.nih.gov', port=443): Max retries exceeded with url: /et/api/pdf-download (Caused by NameResolutionError(""HTTPSConnection(host='dev.posit.niehs.nih.gov', port=443): Failed to resolve 'dev.posit.niehs.nih.gov' ([Errno 8] nodename nor servname provided, or not known)""))"
1690,PDF batch 1690/6155 (1 references),1,ConnectionError,"HTTPSConnectionPool(host='dev.posit.niehs.nih.gov', port=443): Max retries exceeded with url: /et/api/pdf-download (Caused by NameResolutionError(""HTTPSConnection(host='dev.posit.niehs.nih.gov', port=443): Failed to resolve 'dev.posit.niehs.nih.gov' ([Errno 8] nodename nor servname provided, or not known)""))"
1695,PDF batch 1695/6155 (1 references),1,ConnectionError,"HTTPSConnectionPool(host='dev.posit.niehs.nih.gov', port=443): Max retries exceeded with url: /et/api/pdf-download (Caused by NameResolutionError(""HTTPSConnection(host='dev.posit.niehs.nih.gov', port=443): Failed to resolve 'dev.posit.niehs.nih.gov' ([Errno 8] nodename nor servname provided, or not known)""))"
1692,PDF batch 1692/6155 (1 references),1,ConnectionError,"HTTPSConnectionPool(host='dev.posit.niehs.nih.gov', port=443): Max retries exceeded with url: /et/api/pdf-download (Caused by NameResolutionError(""HTTPSConnection(host='dev.posit.niehs.nih.gov', port=443): Failed to resolve 'dev.posit.niehs.nih.gov' ([Errno 8] nodename nor servname provided, or not known)""))"
1693,PDF batch 1693/6155 (1 references),1,ConnectionError,"HTTPSConnectionPool(host='dev.posit.niehs.nih.gov', port=443): Max retries exceeded with url: /et/api/pdf-download (Caused by NameResolutionError(""HTTPSConnection(host='dev.posit.niehs.nih.gov', port=443): Failed to resolve 'dev.posit.niehs.nih.gov' ([Errno 8] nodename nor servname provided, or not known)""))"
1694,PDF batch 1694/6155 (1 references),1,ConnectionError,"HTTPSConnectionPool(host='dev.posit.niehs.nih.gov', port=443): Max retries exceeded with url: /et/api/pdf-download (Caused by NameResolutionError(""HTTPSConnection(host='dev.posit.niehs.nih.gov', port=443): Failed to resolve 'dev.posit.niehs.nih.gov' ([Errno 8] nodename nor servname provided, or not known)""))"
1691,PDF batch 1691/6155 (1 references),1,ConnectionError,"HTTPSConnectionPool(host='dev.posit.niehs.nih.gov', port=443): Max retries exceeded with url: /et/api/pdf-download (Caused by NameResolutionError(""HTTPSConnection(host='dev.posit.niehs.nih.gov', port=443): Failed to resolve 'dev.posit.niehs.nih.gov' ([Errno 8] nodename nor servname provided, or not known)""))"
1696,PDF batch 1696/6155 (1 references),1,ConnectionError,"HTTPSConnectionPool(host='dev.posit.niehs.nih.gov', port=443): Max retries exceeded with url: /et/api/pdf-download (Caused by NameResolutionError(""HTTPSConnection(host='dev.posit.niehs.nih.gov', port=443): Failed to resolve 'dev.posit.niehs.nih.gov' ([Errno 8] nodename nor servname provided, or not known)""))"
1697,PDF batch 1697/6155 (1 references),1,ConnectionError,"HTTPSConnectionPool(host='dev.posit.niehs.nih.gov', port=443): Max retries exceeded with url: /et/api/pdf-download (Caused by NameResolutionError(""HTTPSConnection(host='dev.posit.niehs.nih.gov', port=443): Failed to resolve 'dev.posit.niehs.nih.gov' ([Errno 8] nodename nor servname provided, or not known)""))"
1700,PDF batch 1700/6155 (1 references),1,ConnectionError,"HTTPSConnectionPool(host='dev.posit.niehs.nih.gov', port=443): Max retries exceeded with url: /et/api/pdf-download (Caused by NameResolutionError(""HTTPSConnection(host='dev.posit.niehs.nih.gov', port=443): Failed to resolve 'dev.posit.niehs.nih.gov' ([Errno 8] nodename nor servname provided, or not known)""))"
1699,PDF batch 1699/6155 (1 references),1,ConnectionError,"HTTPSConnectionPool(host='dev.posit.niehs.nih.gov', port=443): Max retries exceeded with url: /et/api/pdf-download (Caused by NameResolutionError(""HTTPSConnection(host='dev.posit.niehs.nih.gov', port=443): Failed to resolve 'dev.posit.niehs.nih.gov' ([Errno 8] nodename nor servname provided, or not known)""))"
1698,PDF batch 1698/6155 (1 references),1,ConnectionError,"HTTPSConnectionPool(host='dev.posit.niehs.nih.gov', port=443): Max retries exceeded with url: /et/api/pdf-download (Caused by NameResolutionError(""HTTPSConnection(host='dev.posit.niehs.nih.gov', port=443): Failed to resolve 'dev.posit.niehs.nih.gov' ([Errno 8] nodename nor servname provided, or not known)""))"
1701,PDF batch 1701/6155 (1 references),1,ConnectionError,"HTTPSConnectionPool(host='dev.posit.niehs.nih.gov', port=443): Max retries exceeded with url: /et/api/pdf-download (Caused by NameResolutionError(""HTTPSConnection(host='dev.posit.niehs.nih.gov', port=443): Failed to resolve 'dev.posit.niehs.nih.gov' ([Errno 8] nodename nor servname provided, or not known)""))"
1704,PDF batch 1704/6155 (1 references),1,ConnectionError,"HTTPSConnectionPool(host='dev.posit.niehs.nih.gov', port=443): Max retries exceeded with url: /et/api/pdf-download (Caused by NameResolutionError(""HTTPSConnection(host='dev.posit.niehs.nih.gov', port=443): Failed to resolve 'dev.posit.niehs.nih.gov' ([Errno 8] nodename nor servname provided, or not known)""))"
1703,PDF batch 1703/6155 (1 references),1,ConnectionError,"HTTPSConnectionPool(host='dev.posit.niehs.nih.gov', port=443): Max retries exceeded with url: /et/api/pdf-download (Caused by NameResolutionError(""HTTPSConnection(host='dev.posit.niehs.nih.gov', port=443): Failed to resolve 'dev.posit.niehs.nih.gov' ([Errno 8] nodename nor servname provided, or not known)""))"
1706,PDF batch 1706/6155 (1 references),1,ConnectionError,"HTTPSConnectionPool(host='dev.posit.niehs.nih.gov', port=443): Max retries exceeded with url: /et/api/pdf-download (Caused by NameResolutionError(""HTTPSConnection(host='dev.posit.niehs.nih.gov', port=443): Failed to resolve 'dev.posit.niehs.nih.gov' ([Errno 8] nodename nor servname provided, or not known)""))"
1708,PDF batch 1708/6155 (1 references),1,ConnectionError,"HTTPSConnectionPool(host='dev.posit.niehs.nih.gov', port=443): Max retries exceeded with url: /et/api/pdf-download (Caused by NameResolutionError(""HTTPSConnection(host='dev.posit.niehs.nih.gov', port=443): Failed to resolve 'dev.posit.niehs.nih.gov' ([Errno 8] nodename nor servname provided, or not known)""))"
1707,PDF batch 1707/6155 (1 references),1,ConnectionError,"HTTPSConnectionPool(host='dev.posit.niehs.nih.gov', port=443): Max retries exceeded with url: /et/api/pdf-download (Caused by NameResolutionError(""HTTPSConnection(host='dev.posit.niehs.nih.gov', port=443): Failed to resolve 'dev.posit.niehs.nih.gov' ([Errno 8] nodename nor servname provided, or not known)""))"
1702,PDF batch 1702/6155 (1 references),1,ConnectionError,"HTTPSConnectionPool(host='dev.posit.niehs.nih.gov', port=443): Max retries exceeded with url: /et/api/pdf-download (Caused by NameResolutionError(""HTTPSConnection(host='dev.posit.niehs.nih.gov', port=443): Failed to resolve 'dev.posit.niehs.nih.gov' ([Errno 8] nodename nor servname provided, or not known)""))"
1705,PDF batch 1705/6155 (1 references),1,ConnectionError,"HTTPSConnectionPool(host='dev.posit.niehs.nih.gov', port=443): Max retries exceeded with url: /et/api/pdf-download (Caused by NameResolutionError(""HTTPSConnection(host='dev.posit.niehs.nih.gov', port=443): Failed to resolve 'dev.posit.niehs.nih.gov' ([Errno 8] nodename nor servname provided, or not known)""))"
1712,PDF batch 1712/6155 (1 references),1,ConnectionError,"HTTPSConnectionPool(host='dev.posit.niehs.nih.gov', port=443): Max retries exceeded with url: /et/api/pdf-download (Caused by NameResolutionError(""HTTPSConnection(host='dev.posit.niehs.nih.gov', port=443): Failed to resolve 'dev.posit.niehs.nih.gov' ([Errno 8] nodename nor servname provided, or not known)""))"
1714,PDF batch 1714/6155 (1 references),1,ConnectionError,"HTTPSConnectionPool(host='dev.posit.niehs.nih.gov', port=443): Max retries exceeded with url: /et/api/pdf-download (Caused by NameResolutionError(""HTTPSConnection(host='dev.posit.niehs.nih.gov', port=443): Failed to resolve 'dev.posit.niehs.nih.gov' ([Errno 8] nodename nor servname provided, or not known)""))"
1711,PDF batch 1711/6155 (1 references),1,ConnectionError,"HTTPSConnectionPool(host='dev.posit.niehs.nih.gov', port=443): Max retries exceeded with url: /et/api/pdf-download (Caused by NameResolutionError(""HTTPSConnection(host='dev.posit.niehs.nih.gov', port=443): Failed to resolve 'dev.posit.niehs.nih.gov' ([Errno 8] nodename nor servname provided, or not known)""))"
1709,PDF batch 1709/6155 (1 references),1,ConnectionError,"HTTPSConnectionPool(host='dev.posit.niehs.nih.gov', port=443): Max retries exceeded with url: /et/api/pdf-download (Caused by NameResolutionError(""HTTPSConnection(host='dev.posit.niehs.nih.gov', port=443): Failed to resolve 'dev.posit.niehs.nih.gov' ([Errno 8] nodename nor servname provided, or not known)""))"
1713,PDF batch 1713/6155 (1 references),1,ConnectionError,"HTTPSConnectionPool(host='dev.posit.niehs.nih.gov', port=443): Max retries exceeded with url: /et/api/pdf-download (Caused by NameResolutionError(""HTTPSConnection(host='dev.posit.niehs.nih.gov', port=443): Failed to resolve 'dev.posit.niehs.nih.gov' ([Errno 8] nodename nor servname provided, or not known)""))"
1710,PDF batch 1710/6155 (1 references),1,ConnectionError,"HTTPSConnectionPool(host='dev.posit.niehs.nih.gov', port=443): Max retries exceeded with url: /et/api/pdf-download (Caused by NameResolutionError(""HTTPSConnection(host='dev.posit.niehs.nih.gov', port=443): Failed to resolve 'dev.posit.niehs.nih.gov' ([Errno 8] nodename nor servname provided, or not known)""))"
1715,PDF batch 1715/6155 (1 references),1,ConnectionError,"HTTPSConnectionPool(host='dev.posit.niehs.nih.gov', port=443): Max retries exceeded with url: /et/api/pdf-download (Caused by NameResolutionError(""HTTPSConnection(host='dev.posit.niehs.nih.gov', port=443): Failed to resolve 'dev.posit.niehs.nih.gov' ([Errno 8] nodename nor servname provided, or not known)""))"
1716,PDF batch 1716/6155 (1 references),1,ConnectionError,"HTTPSConnectionPool(host='dev.posit.niehs.nih.gov', port=443): Max retries exceeded with url: /et/api/pdf-download (Caused by NameResolutionError(""HTTPSConnection(host='dev.posit.niehs.nih.gov', port=443): Failed to resolve 'dev.posit.niehs.nih.gov' ([Errno 8] nodename nor servname provided, or not known)""))"
1717,PDF batch 1717/6155 (1 references),1,ConnectionError,"HTTPSConnectionPool(host='dev.posit.niehs.nih.gov', port=443): Max retries exceeded with url: /et/api/pdf-download (Caused by NameResolutionError(""HTTPSConnection(host='dev.posit.niehs.nih.gov', port=443): Failed to resolve 'dev.posit.niehs.nih.gov' ([Errno 8] nodename nor servname provided, or not known)""))"
1719,PDF batch 1719/6155 (1 references),1,ConnectionError,"HTTPSConnectionPool(host='dev.posit.niehs.nih.gov', port=443): Max retries exceeded with url: /et/api/pdf-download (Caused by NameResolutionError(""HTTPSConnection(host='dev.posit.niehs.nih.gov', port=443): Failed to resolve 'dev.posit.niehs.nih.gov' ([Errno 8] nodename nor servname provided, or not known)""))"
1718,PDF batch 1718/6155 (1 references),1,ConnectionError,"HTTPSConnectionPool(host='dev.posit.niehs.nih.gov', port=443): Max retries exceeded with url: /et/api/pdf-download (Caused by NameResolutionError(""HTTPSConnection(host='dev.posit.niehs.nih.gov', port=443): Failed to resolve 'dev.posit.niehs.nih.gov' ([Errno 8] nodename nor servname provided, or not known)""))"
1720,PDF batch 1720/6155 (1 references),1,ConnectionError,"HTTPSConnectionPool(host='dev.posit.niehs.nih.gov', port=443): Max retries exceeded with url: /et/api/pdf-download (Caused by NameResolutionError(""HTTPSConnection(host='dev.posit.niehs.nih.gov', port=443): Failed to resolve 'dev.posit.niehs.nih.gov' ([Errno 8] nodename nor servname provided, or not known)""))"
1721,PDF batch 1721/6155 (1 references),1,ConnectionError,"HTTPSConnectionPool(host='dev.posit.niehs.nih.gov', port=443): Max retries exceeded with url: /et/api/pdf-download (Caused by NameResolutionError(""HTTPSConnection(host='dev.posit.niehs.nih.gov', port=443): Failed to resolve 'dev.posit.niehs.nih.gov' ([Errno 8] nodename nor servname provided, or not known)""))"
1722,PDF batch 1722/6155 (1 references),1,ConnectionError,"HTTPSConnectionPool(host='dev.posit.niehs.nih.gov', port=443): Max retries exceeded with url: /et/api/pdf-download (Caused by NameResolutionError(""HTTPSConnection(host='dev.posit.niehs.nih.gov', port=443): Failed to resolve 'dev.posit.niehs.nih.gov' ([Errno 8] nodename nor servname provided, or not known)""))"
1723,PDF batch 1723/6155 (1 references),1,ConnectionError,"HTTPSConnectionPool(host='dev.posit.niehs.nih.gov', port=443): Max retries exceeded with url: /et/api/pdf-download (Caused by NameResolutionError(""HTTPSConnection(host='dev.posit.niehs.nih.gov', port=443): Failed to resolve 'dev.posit.niehs.nih.gov' ([Errno 8] nodename nor servname provided, or not known)""))"
1727,PDF batch 1727/6155 (1 references),1,ConnectionError,"HTTPSConnectionPool(host='dev.posit.niehs.nih.gov', port=443): Max retries exceeded with url: /et/api/pdf-download (Caused by NameResolutionError(""HTTPSConnection(host='dev.posit.niehs.nih.gov', port=443): Failed to resolve 'dev.posit.niehs.nih.gov' ([Errno 8] nodename nor servname provided, or not known)""))"
1725,PDF batch 1725/6155 (1 references),1,ConnectionError,"HTTPSConnectionPool(host='dev.posit.niehs.nih.gov', port=443): Max retries exceeded with url: /et/api/pdf-download (Caused by NameResolutionError(""HTTPSConnection(host='dev.posit.niehs.nih.gov', port=443): Failed to resolve 'dev.posit.niehs.nih.gov' ([Errno 8] nodename nor servname provided, or not known)""))"
1724,PDF batch 1724/6155 (1 references),1,ConnectionError,"HTTPSConnectionPool(host='dev.posit.niehs.nih.gov', port=443): Max retries exceeded with url: /et/api/pdf-download (Caused by NameResolutionError(""HTTPSConnection(host='dev.posit.niehs.nih.gov', port=443): Failed to resolve 'dev.posit.niehs.nih.gov' ([Errno 8] nodename nor servname provided, or not known)""))"
1726,PDF batch 1726/6155 (1 references),1,ConnectionError,"HTTPSConnectionPool(host='dev.posit.niehs.nih.gov', port=443): Max retries exceeded with url: /et/api/pdf-download (Caused by NameResolutionError(""HTTPSConnection(host='dev.posit.niehs.nih.gov', port=443): Failed to resolve 'dev.posit.niehs.nih.gov' ([Errno 8] nodename nor servname provided, or not known)""))"
1731,PDF batch 1731/6155 (1 references),1,ConnectionError,"HTTPSConnectionPool(host='dev.posit.niehs.nih.gov', port=443): Max retries exceeded with url: /et/api/pdf-download (Caused by NameResolutionError(""HTTPSConnection(host='dev.posit.niehs.nih.gov', port=443): Failed to resolve 'dev.posit.niehs.nih.gov' ([Errno 8] nodename nor servname provided, or not known)""))"
1728,PDF batch 1728/6155 (1 references),1,ConnectionError,"HTTPSConnectionPool(host='dev.posit.niehs.nih.gov', port=443): Max retries exceeded with url: /et/api/pdf-download (Caused by NameResolutionError(""HTTPSConnection(host='dev.posit.niehs.nih.gov', port=443): Failed to resolve 'dev.posit.niehs.nih.gov' ([Errno 8] nodename nor servname provided, or not known)""))"
1733,PDF batch 1733/6155 (1 references),1,ConnectionError,"HTTPSConnectionPool(host='dev.posit.niehs.nih.gov', port=443): Max retries exceeded with url: /et/api/pdf-download (Caused by NameResolutionError(""HTTPSConnection(host='dev.posit.niehs.nih.gov', port=443): Failed to resolve 'dev.posit.niehs.nih.gov' ([Errno 8] nodename nor servname provided, or not known)""))"
1730,PDF batch 1730/6155 (1 references),1,ConnectionError,"HTTPSConnectionPool(host='dev.posit.niehs.nih.gov', port=443): Max retries exceeded with url: /et/api/pdf-download (Caused by NameResolutionError(""HTTPSConnection(host='dev.posit.niehs.nih.gov', port=443): Failed to resolve 'dev.posit.niehs.nih.gov' ([Errno 8] nodename nor servname provided, or not known)""))"
1729,PDF batch 1729/6155 (1 references),1,ConnectionError,"HTTPSConnectionPool(host='dev.posit.niehs.nih.gov', port=443): Max retries exceeded with url: /et/api/pdf-download (Caused by NameResolutionError(""HTTPSConnection(host='dev.posit.niehs.nih.gov', port=443): Failed to resolve 'dev.posit.niehs.nih.gov' ([Errno 8] nodename nor servname provided, or not known)""))"
1732,PDF batch 1732/6155 (1 references),1,ConnectionError,"HTTPSConnectionPool(host='dev.posit.niehs.nih.gov', port=443): Max retries exceeded with url: /et/api/pdf-download (Caused by NameResolutionError(""HTTPSConnection(host='dev.posit.niehs.nih.gov', port=443): Failed to resolve 'dev.posit.niehs.nih.gov' ([Errno 8] nodename nor servname provided, or not known)""))"
1735,PDF batch 1735/6155 (1 references),1,ConnectionError,"HTTPSConnectionPool(host='dev.posit.niehs.nih.gov', port=443): Max retries exceeded with url: /et/api/pdf-download (Caused by NameResolutionError(""HTTPSConnection(host='dev.posit.niehs.nih.gov', port=443): Failed to resolve 'dev.posit.niehs.nih.gov' ([Errno 8] nodename nor servname provided, or not known)""))"
1734,PDF batch 1734/6155 (1 references),1,ConnectionError,"HTTPSConnectionPool(host='dev.posit.niehs.nih.gov', port=443): Max retries exceeded with url: /et/api/pdf-download (Caused by NameResolutionError(""HTTPSConnection(host='dev.posit.niehs.nih.gov', port=443): Failed to resolve 'dev.posit.niehs.nih.gov' ([Errno 8] nodename nor servname provided, or not known)""))"
1736,PDF batch 1736/6155 (1 references),1,ConnectionError,"HTTPSConnectionPool(host='dev.posit.niehs.nih.gov', port=443): Max retries exceeded with url: /et/api/pdf-download (Caused by NameResolutionError(""HTTPSConnection(host='dev.posit.niehs.nih.gov', port=443): Failed to resolve 'dev.posit.niehs.nih.gov' ([Errno 8] nodename nor servname provided, or not known)""))"
1738,PDF batch 1738/6155 (1 references),1,ConnectionError,"HTTPSConnectionPool(host='dev.posit.niehs.nih.gov', port=443): Max retries exceeded with url: /et/api/pdf-download (Caused by NameResolutionError(""HTTPSConnection(host='dev.posit.niehs.nih.gov', port=443): Failed to resolve 'dev.posit.niehs.nih.gov' ([Errno 8] nodename nor servname provided, or not known)""))"
1737,PDF batch 1737/6155 (1 references),1,ConnectionError,"HTTPSConnectionPool(host='dev.posit.niehs.nih.gov', port=443): Max retries exceeded with url: /et/api/pdf-download (Caused by NameResolutionError(""HTTPSConnection(host='dev.posit.niehs.nih.gov', port=443): Failed to resolve 'dev.posit.niehs.nih.gov' ([Errno 8] nodename nor servname provided, or not known)""))"
1739,PDF batch 1739/6155 (1 references),1,ConnectionError,"HTTPSConnectionPool(host='dev.posit.niehs.nih.gov', port=443): Max retries exceeded with url: /et/api/pdf-download (Caused by NameResolutionError(""HTTPSConnection(host='dev.posit.niehs.nih.gov', port=443): Failed to resolve 'dev.posit.niehs.nih.gov' ([Errno 8] nodename nor servname provided, or not known)""))"
1746,PDF batch 1746/6155 (1 references),1,ConnectionError,"HTTPSConnectionPool(host='dev.posit.niehs.nih.gov', port=443): Max retries exceeded with url: /et/api/pdf-download (Caused by NameResolutionError(""HTTPSConnection(host='dev.posit.niehs.nih.gov', port=443): Failed to resolve 'dev.posit.niehs.nih.gov' ([Errno 8] nodename nor servname provided, or not known)""))"
1744,PDF batch 1744/6155 (1 references),1,ConnectionError,"HTTPSConnectionPool(host='dev.posit.niehs.nih.gov', port=443): Max retries exceeded with url: /et/api/pdf-download (Caused by NameResolutionError(""HTTPSConnection(host='dev.posit.niehs.nih.gov', port=443): Failed to resolve 'dev.posit.niehs.nih.gov' ([Errno 8] nodename nor servname provided, or not known)""))"
1745,PDF batch 1745/6155 (1 references),1,ConnectionError,"HTTPSConnectionPool(host='dev.posit.niehs.nih.gov', port=443): Max retries exceeded with url: /et/api/pdf-download (Caused by NameResolutionError(""HTTPSConnection(host='dev.posit.niehs.nih.gov', port=443): Failed to resolve 'dev.posit.niehs.nih.gov' ([Errno 8] nodename nor servname provided, or not known)""))"
1740,PDF batch 1740/6155 (1 references),1,ConnectionError,"HTTPSConnectionPool(host='dev.posit.niehs.nih.gov', port=443): Max retries exceeded with url: /et/api/pdf-download (Caused by NameResolutionError(""HTTPSConnection(host='dev.posit.niehs.nih.gov', port=443): Failed to resolve 'dev.posit.niehs.nih.gov' ([Errno 8] nodename nor servname provided, or not known)""))"
1742,PDF batch 1742/6155 (1 references),1,ConnectionError,"HTTPSConnectionPool(host='dev.posit.niehs.nih.gov', port=443): Max retries exceeded with url: /et/api/pdf-download (Caused by NameResolutionError(""HTTPSConnection(host='dev.posit.niehs.nih.gov', port=443): Failed to resolve 'dev.posit.niehs.nih.gov' ([Errno 8] nodename nor servname provided, or not known)""))"
1741,PDF batch 1741/6155 (1 references),1,ConnectionError,"HTTPSConnectionPool(host='dev.posit.niehs.nih.gov', port=443): Max retries exceeded with url: /et/api/pdf-download (Caused by NameResolutionError(""HTTPSConnection(host='dev.posit.niehs.nih.gov', port=443): Failed to resolve 'dev.posit.niehs.nih.gov' ([Errno 8] nodename nor servname provided, or not known)""))"
1743,PDF batch 1743/6155 (1 references),1,ConnectionError,"HTTPSConnectionPool(host='dev.posit.niehs.nih.gov', port=443): Max retries exceeded with url: /et/api/pdf-download (Caused by NameResolutionError(""HTTPSConnection(host='dev.posit.niehs.nih.gov', port=443): Failed to resolve 'dev.posit.niehs.nih.gov' ([Errno 8] nodename nor servname provided, or not known)""))"
1747,PDF batch 1747/6155 (1 references),1,ConnectionError,"HTTPSConnectionPool(host='dev.posit.niehs.nih.gov', port=443): Max retries exceeded with url: /et/api/pdf-download (Caused by NameResolutionError(""HTTPSConnection(host='dev.posit.niehs.nih.gov', port=443): Failed to resolve 'dev.posit.niehs.nih.gov' ([Errno 8] nodename nor servname provided, or not known)""))"
1751,PDF batch 1751/6155 (1 references),1,ConnectionError,"HTTPSConnectionPool(host='dev.posit.niehs.nih.gov', port=443): Max retries exceeded with url: /et/api/pdf-download (Caused by NameResolutionError(""HTTPSConnection(host='dev.posit.niehs.nih.gov', port=443): Failed to resolve 'dev.posit.niehs.nih.gov' ([Errno 8] nodename nor servname provided, or not known)""))"
1752,PDF batch 1752/6155 (1 references),1,ConnectionError,"HTTPSConnectionPool(host='dev.posit.niehs.nih.gov', port=443): Max retries exceeded with url: /et/api/pdf-download (Caused by NameResolutionError(""HTTPSConnection(host='dev.posit.niehs.nih.gov', port=443): Failed to resolve 'dev.posit.niehs.nih.gov' ([Errno 8] nodename nor servname provided, or not known)""))"
1750,PDF batch 1750/6155 (1 references),1,ConnectionError,"HTTPSConnectionPool(host='dev.posit.niehs.nih.gov', port=443): Max retries exceeded with url: /et/api/pdf-download (Caused by NameResolutionError(""HTTPSConnection(host='dev.posit.niehs.nih.gov', port=443): Failed to resolve 'dev.posit.niehs.nih.gov' ([Errno 8] nodename nor servname provided, or not known)""))"
1748,PDF batch 1748/6155 (1 references),1,ConnectionError,"HTTPSConnectionPool(host='dev.posit.niehs.nih.gov', port=443): Max retries exceeded with url: /et/api/pdf-download (Caused by NameResolutionError(""HTTPSConnection(host='dev.posit.niehs.nih.gov', port=443): Failed to resolve 'dev.posit.niehs.nih.gov' ([Errno 8] nodename nor servname provided, or not known)""))"
1749,PDF batch 1749/6155 (1 references),1,ConnectionError,"HTTPSConnectionPool(host='dev.posit.niehs.nih.gov', port=443): Max retries exceeded with url: /et/api/pdf-download (Caused by NameResolutionError(""HTTPSConnection(host='dev.posit.niehs.nih.gov', port=443): Failed to resolve 'dev.posit.niehs.nih.gov' ([Errno 8] nodename nor servname provided, or not known)""))"
1753,PDF batch 1753/6155 (1 references),1,ConnectionError,"HTTPSConnectionPool(host='dev.posit.niehs.nih.gov', port=443): Max retries exceeded with url: /et/api/pdf-download (Caused by NameResolutionError(""HTTPSConnection(host='dev.posit.niehs.nih.gov', port=443): Failed to resolve 'dev.posit.niehs.nih.gov' ([Errno 8] nodename nor servname provided, or not known)""))"
1754,PDF batch 1754/6155 (1 references),1,ConnectionError,"HTTPSConnectionPool(host='dev.posit.niehs.nih.gov', port=443): Max retries exceeded with url: /et/api/pdf-download (Caused by NameResolutionError(""HTTPSConnection(host='dev.posit.niehs.nih.gov', port=443): Failed to resolve 'dev.posit.niehs.nih.gov' ([Errno 8] nodename nor servname provided, or not known)""))"
1755,PDF batch 1755/6155 (1 references),1,ConnectionError,"HTTPSConnectionPool(host='dev.posit.niehs.nih.gov', port=443): Max retries exceeded with url: /et/api/pdf-download (Caused by NameResolutionError(""HTTPSConnection(host='dev.posit.niehs.nih.gov', port=443): Failed to resolve 'dev.posit.niehs.nih.gov' ([Errno 8] nodename nor servname provided, or not known)""))"
1756,PDF batch 1756/6155 (1 references),1,ConnectionError,"HTTPSConnectionPool(host='dev.posit.niehs.nih.gov', port=443): Max retries exceeded with url: /et/api/pdf-download (Caused by NameResolutionError(""HTTPSConnection(host='dev.posit.niehs.nih.gov', port=443): Failed to resolve 'dev.posit.niehs.nih.gov' ([Errno 8] nodename nor servname provided, or not known)""))"
1757,PDF batch 1757/6155 (1 references),1,ConnectionError,"HTTPSConnectionPool(host='dev.posit.niehs.nih.gov', port=443): Max retries exceeded with url: /et/api/pdf-download (Caused by NameResolutionError(""HTTPSConnection(host='dev.posit.niehs.nih.gov', port=443): Failed to resolve 'dev.posit.niehs.nih.gov' ([Errno 8] nodename nor servname provided, or not known)""))"
1758,PDF batch 1758/6155 (1 references),1,ConnectionError,"HTTPSConnectionPool(host='dev.posit.niehs.nih.gov', port=443): Max retries exceeded with url: /et/api/pdf-download (Caused by NameResolutionError(""HTTPSConnection(host='dev.posit.niehs.nih.gov', port=443): Failed to resolve 'dev.posit.niehs.nih.gov' ([Errno 8] nodename nor servname provided, or not known)""))"
1759,PDF batch 1759/6155 (1 references),1,ConnectionError,"HTTPSConnectionPool(host='dev.posit.niehs.nih.gov', port=443): Max retries exceeded with url: /et/api/pdf-download (Caused by NameResolutionError(""HTTPSConnection(host='dev.posit.niehs.nih.gov', port=443): Failed to resolve 'dev.posit.niehs.nih.gov' ([Errno 8] nodename nor servname provided, or not known)""))"
1765,PDF batch 1765/6155 (1 references),1,ConnectionError,"HTTPSConnectionPool(host='dev.posit.niehs.nih.gov', port=443): Max retries exceeded with url: /et/api/pdf-download (Caused by NameResolutionError(""HTTPSConnection(host='dev.posit.niehs.nih.gov', port=443): Failed to resolve 'dev.posit.niehs.nih.gov' ([Errno 8] nodename nor servname provided, or not known)""))"
1763,PDF batch 1763/6155 (1 references),1,ConnectionError,"HTTPSConnectionPool(host='dev.posit.niehs.nih.gov', port=443): Max retries exceeded with url: /et/api/pdf-download (Caused by NameResolutionError(""HTTPSConnection(host='dev.posit.niehs.nih.gov', port=443): Failed to resolve 'dev.posit.niehs.nih.gov' ([Errno 8] nodename nor servname provided, or not known)""))"
1764,PDF batch 1764/6155 (1 references),1,ConnectionError,"HTTPSConnectionPool(host='dev.posit.niehs.nih.gov', port=443): Max retries exceeded with url: /et/api/pdf-download (Caused by NameResolutionError(""HTTPSConnection(host='dev.posit.niehs.nih.gov', port=443): Failed to resolve 'dev.posit.niehs.nih.gov' ([Errno 8] nodename nor servname provided, or not known)""))"
1760,PDF batch 1760/6155 (1 references),1,ConnectionError,"HTTPSConnectionPool(host='dev.posit.niehs.nih.gov', port=443): Max retries exceeded with url: /et/api/pdf-download (Caused by NameResolutionError(""HTTPSConnection(host='dev.posit.niehs.nih.gov', port=443): Failed to resolve 'dev.posit.niehs.nih.gov' ([Errno 8] nodename nor servname provided, or not known)""))"
1761,PDF batch 1761/6155 (1 references),1,ConnectionError,"HTTPSConnectionPool(host='dev.posit.niehs.nih.gov', port=443): Max retries exceeded with url: /et/api/pdf-download (Caused by NameResolutionError(""HTTPSConnection(host='dev.posit.niehs.nih.gov', port=443): Failed to resolve 'dev.posit.niehs.nih.gov' ([Errno 8] nodename nor servname provided, or not known)""))"
1762,PDF batch 1762/6155 (1 references),1,ConnectionError,"HTTPSConnectionPool(host='dev.posit.niehs.nih.gov', port=443): Max retries exceeded with url: /et/api/pdf-download (Caused by NameResolutionError(""HTTPSConnection(host='dev.posit.niehs.nih.gov', port=443): Failed to resolve 'dev.posit.niehs.nih.gov' ([Errno 8] nodename nor servname provided, or not known)""))"
1767,PDF batch 1767/6155 (1 references),1,ConnectionError,"HTTPSConnectionPool(host='dev.posit.niehs.nih.gov', port=443): Max retries exceeded with url: /et/api/pdf-download (Caused by NameResolutionError(""HTTPSConnection(host='dev.posit.niehs.nih.gov', port=443): Failed to resolve 'dev.posit.niehs.nih.gov' ([Errno 8] nodename nor servname provided, or not known)""))"
1769,PDF batch 1769/6155 (1 references),1,ConnectionError,"HTTPSConnectionPool(host='dev.posit.niehs.nih.gov', port=443): Max retries exceeded with url: /et/api/pdf-download (Caused by NameResolutionError(""HTTPSConnection(host='dev.posit.niehs.nih.gov', port=443): Failed to resolve 'dev.posit.niehs.nih.gov' ([Errno 8] nodename nor servname provided, or not known)""))"
1771,PDF batch 1771/6155 (1 references),1,ConnectionError,"HTTPSConnectionPool(host='dev.posit.niehs.nih.gov', port=443): Max retries exceeded with url: /et/api/pdf-download (Caused by NameResolutionError(""HTTPSConnection(host='dev.posit.niehs.nih.gov', port=443): Failed to resolve 'dev.posit.niehs.nih.gov' ([Errno 8] nodename nor servname provided, or not known)""))"
1768,PDF batch 1768/6155 (1 references),1,ConnectionError,"HTTPSConnectionPool(host='dev.posit.niehs.nih.gov', port=443): Max retries exceeded with url: /et/api/pdf-download (Caused by NameResolutionError(""HTTPSConnection(host='dev.posit.niehs.nih.gov', port=443): Failed to resolve 'dev.posit.niehs.nih.gov' ([Errno 8] nodename nor servname provided, or not known)""))"
1770,PDF batch 1770/6155 (1 references),1,ConnectionError,"HTTPSConnectionPool(host='dev.posit.niehs.nih.gov', port=443): Max retries exceeded with url: /et/api/pdf-download (Caused by NameResolutionError(""HTTPSConnection(host='dev.posit.niehs.nih.gov', port=443): Failed to resolve 'dev.posit.niehs.nih.gov' ([Errno 8] nodename nor servname provided, or not known)""))"
1766,PDF batch 1766/6155 (1 references),1,ConnectionError,"HTTPSConnectionPool(host='dev.posit.niehs.nih.gov', port=443): Max retries exceeded with url: /et/api/pdf-download (Caused by NameResolutionError(""HTTPSConnection(host='dev.posit.niehs.nih.gov', port=443): Failed to resolve 'dev.posit.niehs.nih.gov' ([Errno 8] nodename nor servname provided, or not known)""))"
1772,PDF batch 1772/6155 (1 references),1,ConnectionError,"HTTPSConnectionPool(host='dev.posit.niehs.nih.gov', port=443): Max retries exceeded with url: /et/api/pdf-download (Caused by NameResolutionError(""HTTPSConnection(host='dev.posit.niehs.nih.gov', port=443): Failed to resolve 'dev.posit.niehs.nih.gov' ([Errno 8] nodename nor servname provided, or not known)""))"
1773,PDF batch 1773/6155 (1 references),1,ConnectionError,"HTTPSConnectionPool(host='dev.posit.niehs.nih.gov', port=443): Max retries exceeded with url: /et/api/pdf-download (Caused by NameResolutionError(""HTTPSConnection(host='dev.posit.niehs.nih.gov', port=443): Failed to resolve 'dev.posit.niehs.nih.gov' ([Errno 8] nodename nor servname provided, or not known)""))"
1776,PDF batch 1776/6155 (1 references),1,ConnectionError,"HTTPSConnectionPool(host='dev.posit.niehs.nih.gov', port=443): Max retries exceeded with url: /et/api/pdf-download (Caused by NameResolutionError(""HTTPSConnection(host='dev.posit.niehs.nih.gov', port=443): Failed to resolve 'dev.posit.niehs.nih.gov' ([Errno 8] nodename nor servname provided, or not known)""))"
1774,PDF batch 1774/6155 (1 references),1,ConnectionError,"HTTPSConnectionPool(host='dev.posit.niehs.nih.gov', port=443): Max retries exceeded with url: /et/api/pdf-download (Caused by NameResolutionError(""HTTPSConnection(host='dev.posit.niehs.nih.gov', port=443): Failed to resolve 'dev.posit.niehs.nih.gov' ([Errno 8] nodename nor servname provided, or not known)""))"
1775,PDF batch 1775/6155 (1 references),1,ConnectionError,"HTTPSConnectionPool(host='dev.posit.niehs.nih.gov', port=443): Max retries exceeded with url: /et/api/pdf-download (Caused by NameResolutionError(""HTTPSConnection(host='dev.posit.niehs.nih.gov', port=443): Failed to resolve 'dev.posit.niehs.nih.gov' ([Errno 8] nodename nor servname provided, or not known)""))"
1777,PDF batch 1777/6155 (1 references),1,ConnectionError,"HTTPSConnectionPool(host='dev.posit.niehs.nih.gov', port=443): Max retries exceeded with url: /et/api/pdf-download (Caused by NameResolutionError(""HTTPSConnection(host='dev.posit.niehs.nih.gov', port=443): Failed to resolve 'dev.posit.niehs.nih.gov' ([Errno 8] nodename nor servname provided, or not known)""))"
1780,PDF batch 1780/6155 (1 references),1,ConnectionError,"HTTPSConnectionPool(host='dev.posit.niehs.nih.gov', port=443): Max retries exceeded with url: /et/api/pdf-download (Caused by NameResolutionError(""HTTPSConnection(host='dev.posit.niehs.nih.gov', port=443): Failed to resolve 'dev.posit.niehs.nih.gov' ([Errno 8] nodename nor servname provided, or not known)""))"
1781,PDF batch 1781/6155 (1 references),1,ConnectionError,"HTTPSConnectionPool(host='dev.posit.niehs.nih.gov', port=443): Max retries exceeded with url: /et/api/pdf-download (Caused by NameResolutionError(""HTTPSConnection(host='dev.posit.niehs.nih.gov', port=443): Failed to resolve 'dev.posit.niehs.nih.gov' ([Errno 8] nodename nor servname provided, or not known)""))"
1778,PDF batch 1778/6155 (1 references),1,ConnectionError,"HTTPSConnectionPool(host='dev.posit.niehs.nih.gov', port=443): Max retries exceeded with url: /et/api/pdf-download (Caused by NameResolutionError(""HTTPSConnection(host='dev.posit.niehs.nih.gov', port=443): Failed to resolve 'dev.posit.niehs.nih.gov' ([Errno 8] nodename nor servname provided, or not known)""))"
1782,PDF batch 1782/6155 (1 references),1,ConnectionError,"HTTPSConnectionPool(host='dev.posit.niehs.nih.gov', port=443): Max retries exceeded with url: /et/api/pdf-download (Caused by NameResolutionError(""HTTPSConnection(host='dev.posit.niehs.nih.gov', port=443): Failed to resolve 'dev.posit.niehs.nih.gov' ([Errno 8] nodename nor servname provided, or not known)""))"
1784,PDF batch 1784/6155 (1 references),1,ConnectionError,"HTTPSConnectionPool(host='dev.posit.niehs.nih.gov', port=443): Max retries exceeded with url: /et/api/pdf-download (Caused by NameResolutionError(""HTTPSConnection(host='dev.posit.niehs.nih.gov', port=443): Failed to resolve 'dev.posit.niehs.nih.gov' ([Errno 8] nodename nor servname provided, or not known)""))"
1783,PDF batch 1783/6155 (1 references),1,ConnectionError,"HTTPSConnectionPool(host='dev.posit.niehs.nih.gov', port=443): Max retries exceeded with url: /et/api/pdf-download (Caused by NameResolutionError(""HTTPSConnection(host='dev.posit.niehs.nih.gov', port=443): Failed to resolve 'dev.posit.niehs.nih.gov' ([Errno 8] nodename nor servname provided, or not known)""))"
1779,PDF batch 1779/6155 (1 references),1,ConnectionError,"HTTPSConnectionPool(host='dev.posit.niehs.nih.gov', port=443): Max retries exceeded with url: /et/api/pdf-download (Caused by NameResolutionError(""HTTPSConnection(host='dev.posit.niehs.nih.gov', port=443): Failed to resolve 'dev.posit.niehs.nih.gov' ([Errno 8] nodename nor servname provided, or not known)""))"
1790,PDF batch 1790/6155 (1 references),1,ConnectionError,"HTTPSConnectionPool(host='dev.posit.niehs.nih.gov', port=443): Max retries exceeded with url: /et/api/pdf-download (Caused by NameResolutionError(""HTTPSConnection(host='dev.posit.niehs.nih.gov', port=443): Failed to resolve 'dev.posit.niehs.nih.gov' ([Errno 8] nodename nor servname provided, or not known)""))"
1786,PDF batch 1786/6155 (1 references),1,ConnectionError,"HTTPSConnectionPool(host='dev.posit.niehs.nih.gov', port=443): Max retries exceeded with url: /et/api/pdf-download (Caused by NameResolutionError(""HTTPSConnection(host='dev.posit.niehs.nih.gov', port=443): Failed to resolve 'dev.posit.niehs.nih.gov' ([Errno 8] nodename nor servname provided, or not known)""))"
1788,PDF batch 1788/6155 (1 references),1,ConnectionError,"HTTPSConnectionPool(host='dev.posit.niehs.nih.gov', port=443): Max retries exceeded with url: /et/api/pdf-download (Caused by NameResolutionError(""HTTPSConnection(host='dev.posit.niehs.nih.gov', port=443): Failed to resolve 'dev.posit.niehs.nih.gov' ([Errno 8] nodename nor servname provided, or not known)""))"
1789,PDF batch 1789/6155 (1 references),1,ConnectionError,"HTTPSConnectionPool(host='dev.posit.niehs.nih.gov', port=443): Max retries exceeded with url: /et/api/pdf-download (Caused by NameResolutionError(""HTTPSConnection(host='dev.posit.niehs.nih.gov', port=443): Failed to resolve 'dev.posit.niehs.nih.gov' ([Errno 8] nodename nor servname provided, or not known)""))"
1785,PDF batch 1785/6155 (1 references),1,ConnectionError,"HTTPSConnectionPool(host='dev.posit.niehs.nih.gov', port=443): Max retries exceeded with url: /et/api/pdf-download (Caused by NameResolutionError(""HTTPSConnection(host='dev.posit.niehs.nih.gov', port=443): Failed to resolve 'dev.posit.niehs.nih.gov' ([Errno 8] nodename nor servname provided, or not known)""))"
1787,PDF batch 1787/6155 (1 references),1,ConnectionError,"HTTPSConnectionPool(host='dev.posit.niehs.nih.gov', port=443): Max retries exceeded with url: /et/api/pdf-download (Caused by NameResolutionError(""HTTPSConnection(host='dev.posit.niehs.nih.gov', port=443): Failed to resolve 'dev.posit.niehs.nih.gov' ([Errno 8] nodename nor servname provided, or not known)""))"
1792,PDF batch 1792/6155 (1 references),1,ConnectionError,"HTTPSConnectionPool(host='dev.posit.niehs.nih.gov', port=443): Max retries exceeded with url: /et/api/pdf-download (Caused by NameResolutionError(""HTTPSConnection(host='dev.posit.niehs.nih.gov', port=443): Failed to resolve 'dev.posit.niehs.nih.gov' ([Errno 8] nodename nor servname provided, or not known)""))"
1791,PDF batch 1791/6155 (1 references),1,ConnectionError,"HTTPSConnectionPool(host='dev.posit.niehs.nih.gov', port=443): Max retries exceeded with url: /et/api/pdf-download (Caused by NameResolutionError(""HTTPSConnection(host='dev.posit.niehs.nih.gov', port=443): Failed to resolve 'dev.posit.niehs.nih.gov' ([Errno 8] nodename nor servname provided, or not known)""))"
1793,PDF batch 1793/6155 (1 references),1,ConnectionError,"HTTPSConnectionPool(host='dev.posit.niehs.nih.gov', port=443): Max retries exceeded with url: /et/api/pdf-download (Caused by NameResolutionError(""HTTPSConnection(host='dev.posit.niehs.nih.gov', port=443): Failed to resolve 'dev.posit.niehs.nih.gov' ([Errno 8] nodename nor servname provided, or not known)""))"
1794,PDF batch 1794/6155 (1 references),1,ConnectionError,"HTTPSConnectionPool(host='dev.posit.niehs.nih.gov', port=443): Max retries exceeded with url: /et/api/pdf-download (Caused by NameResolutionError(""HTTPSConnection(host='dev.posit.niehs.nih.gov', port=443): Failed to resolve 'dev.posit.niehs.nih.gov' ([Errno 8] nodename nor servname provided, or not known)""))"
1795,PDF batch 1795/6155 (1 references),1,ConnectionError,"HTTPSConnectionPool(host='dev.posit.niehs.nih.gov', port=443): Max retries exceeded with url: /et/api/pdf-download (Caused by NameResolutionError(""HTTPSConnection(host='dev.posit.niehs.nih.gov', port=443): Failed to resolve 'dev.posit.niehs.nih.gov' ([Errno 8] nodename nor servname provided, or not known)""))"
1796,PDF batch 1796/6155 (1 references),1,ConnectionError,"HTTPSConnectionPool(host='dev.posit.niehs.nih.gov', port=443): Max retries exceeded with url: /et/api/pdf-download (Caused by NameResolutionError(""HTTPSConnection(host='dev.posit.niehs.nih.gov', port=443): Failed to resolve 'dev.posit.niehs.nih.gov' ([Errno 8] nodename nor servname provided, or not known)""))"
1798,PDF batch 1798/6155 (1 references),1,ConnectionError,"HTTPSConnectionPool(host='dev.posit.niehs.nih.gov', port=443): Max retries exceeded with url: /et/api/pdf-download (Caused by NameResolutionError(""HTTPSConnection(host='dev.posit.niehs.nih.gov', port=443): Failed to resolve 'dev.posit.niehs.nih.gov' ([Errno 8] nodename nor servname provided, or not known)""))"
1797,PDF batch 1797/6155 (1 references),1,ConnectionError,"HTTPSConnectionPool(host='dev.posit.niehs.nih.gov', port=443): Max retries exceeded with url: /et/api/pdf-download (Caused by NameResolutionError(""HTTPSConnection(host='dev.posit.niehs.nih.gov', port=443): Failed to resolve 'dev.posit.niehs.nih.gov' ([Errno 8] nodename nor servname provided, or not known)""))"
1801,PDF batch 1801/6155 (1 references),1,ConnectionError,"HTTPSConnectionPool(host='dev.posit.niehs.nih.gov', port=443): Max retries exceeded with url: /et/api/pdf-download (Caused by NameResolutionError(""HTTPSConnection(host='dev.posit.niehs.nih.gov', port=443): Failed to resolve 'dev.posit.niehs.nih.gov' ([Errno 8] nodename nor servname provided, or not known)""))"
1802,PDF batch 1802/6155 (1 references),1,ConnectionError,"HTTPSConnectionPool(host='dev.posit.niehs.nih.gov', port=443): Max retries exceeded with url: /et/api/pdf-download (Caused by NameResolutionError(""HTTPSConnection(host='dev.posit.niehs.nih.gov', port=443): Failed to resolve 'dev.posit.niehs.nih.gov' ([Errno 8] nodename nor servname provided, or not known)""))"
1800,PDF batch 1800/6155 (1 references),1,ConnectionError,"HTTPSConnectionPool(host='dev.posit.niehs.nih.gov', port=443): Max retries exceeded with url: /et/api/pdf-download (Caused by NameResolutionError(""HTTPSConnection(host='dev.posit.niehs.nih.gov', port=443): Failed to resolve 'dev.posit.niehs.nih.gov' ([Errno 8] nodename nor servname provided, or not known)""))"
1799,PDF batch 1799/6155 (1 references),1,ConnectionError,"HTTPSConnectionPool(host='dev.posit.niehs.nih.gov', port=443): Max retries exceeded with url: /et/api/pdf-download (Caused by NameResolutionError(""HTTPSConnection(host='dev.posit.niehs.nih.gov', port=443): Failed to resolve 'dev.posit.niehs.nih.gov' ([Errno 8] nodename nor servname provided, or not known)""))"
1803,PDF batch 1803/6155 (1 references),1,ConnectionError,"HTTPSConnectionPool(host='dev.posit.niehs.nih.gov', port=443): Max retries exceeded with url: /et/api/pdf-download (Caused by NameResolutionError(""HTTPSConnection(host='dev.posit.niehs.nih.gov', port=443): Failed to resolve 'dev.posit.niehs.nih.gov' ([Errno 8] nodename nor servname provided, or not known)""))"
1806,PDF batch 1806/6155 (1 references),1,ConnectionError,"HTTPSConnectionPool(host='dev.posit.niehs.nih.gov', port=443): Max retries exceeded with url: /et/api/pdf-download (Caused by NameResolutionError(""HTTPSConnection(host='dev.posit.niehs.nih.gov', port=443): Failed to resolve 'dev.posit.niehs.nih.gov' ([Errno 8] nodename nor servname provided, or not known)""))"
1804,PDF batch 1804/6155 (1 references),1,ConnectionError,"HTTPSConnectionPool(host='dev.posit.niehs.nih.gov', port=443): Max retries exceeded with url: /et/api/pdf-download (Caused by NameResolutionError(""HTTPSConnection(host='dev.posit.niehs.nih.gov', port=443): Failed to resolve 'dev.posit.niehs.nih.gov' ([Errno 8] nodename nor servname provided, or not known)""))"
1808,PDF batch 1808/6155 (1 references),1,ConnectionError,"HTTPSConnectionPool(host='dev.posit.niehs.nih.gov', port=443): Max retries exceeded with url: /et/api/pdf-download (Caused by NameResolutionError(""HTTPSConnection(host='dev.posit.niehs.nih.gov', port=443): Failed to resolve 'dev.posit.niehs.nih.gov' ([Errno 8] nodename nor servname provided, or not known)""))"
1805,PDF batch 1805/6155 (1 references),1,ConnectionError,"HTTPSConnectionPool(host='dev.posit.niehs.nih.gov', port=443): Max retries exceeded with url: /et/api/pdf-download (Caused by NameResolutionError(""HTTPSConnection(host='dev.posit.niehs.nih.gov', port=443): Failed to resolve 'dev.posit.niehs.nih.gov' ([Errno 8] nodename nor servname provided, or not known)""))"
1809,PDF batch 1809/6155 (1 references),1,ConnectionError,"HTTPSConnectionPool(host='dev.posit.niehs.nih.gov', port=443): Max retries exceeded with url: /et/api/pdf-download (Caused by NameResolutionError(""HTTPSConnection(host='dev.posit.niehs.nih.gov', port=443): Failed to resolve 'dev.posit.niehs.nih.gov' ([Errno 8] nodename nor servname provided, or not known)""))"
1807,PDF batch 1807/6155 (1 references),1,ConnectionError,"HTTPSConnectionPool(host='dev.posit.niehs.nih.gov', port=443): Max retries exceeded with url: /et/api/pdf-download (Caused by NameResolutionError(""HTTPSConnection(host='dev.posit.niehs.nih.gov', port=443): Failed to resolve 'dev.posit.niehs.nih.gov' ([Errno 8] nodename nor servname provided, or not known)""))"
1810,PDF batch 1810/6155 (1 references),1,ConnectionError,"HTTPSConnectionPool(host='dev.posit.niehs.nih.gov', port=443): Max retries exceeded with url: /et/api/pdf-download (Caused by NameResolutionError(""HTTPSConnection(host='dev.posit.niehs.nih.gov', port=443): Failed to resolve 'dev.posit.niehs.nih.gov' ([Errno 8] nodename nor servname provided, or not known)""))"
1811,PDF batch 1811/6155 (1 references),1,ConnectionError,"HTTPSConnectionPool(host='dev.posit.niehs.nih.gov', port=443): Max retries exceeded with url: /et/api/pdf-download (Caused by NameResolutionError(""HTTPSConnection(host='dev.posit.niehs.nih.gov', port=443): Failed to resolve 'dev.posit.niehs.nih.gov' ([Errno 8] nodename nor servname provided, or not known)""))"
1813,PDF batch 1813/6155 (1 references),1,ConnectionError,"HTTPSConnectionPool(host='dev.posit.niehs.nih.gov', port=443): Max retries exceeded with url: /et/api/pdf-download (Caused by NameResolutionError(""HTTPSConnection(host='dev.posit.niehs.nih.gov', port=443): Failed to resolve 'dev.posit.niehs.nih.gov' ([Errno 8] nodename nor servname provided, or not known)""))"
1812,PDF batch 1812/6155 (1 references),1,ConnectionError,"HTTPSConnectionPool(host='dev.posit.niehs.nih.gov', port=443): Max retries exceeded with url: /et/api/pdf-download (Caused by NameResolutionError(""HTTPSConnection(host='dev.posit.niehs.nih.gov', port=443): Failed to resolve 'dev.posit.niehs.nih.gov' ([Errno 8] nodename nor servname provided, or not known)""))"
1814,PDF batch 1814/6155 (1 references),1,ConnectionError,"HTTPSConnectionPool(host='dev.posit.niehs.nih.gov', port=443): Max retries exceeded with url: /et/api/pdf-download (Caused by NameResolutionError(""HTTPSConnection(host='dev.posit.niehs.nih.gov', port=443): Failed to resolve 'dev.posit.niehs.nih.gov' ([Errno 8] nodename nor servname provided, or not known)""))"
1815,PDF batch 1815/6155 (1 references),1,ConnectionError,"HTTPSConnectionPool(host='dev.posit.niehs.nih.gov', port=443): Max retries exceeded with url: /et/api/pdf-download (Caused by NameResolutionError(""HTTPSConnection(host='dev.posit.niehs.nih.gov', port=443): Failed to resolve 'dev.posit.niehs.nih.gov' ([Errno 8] nodename nor servname provided, or not known)""))"
1816,PDF batch 1816/6155 (1 references),1,ConnectionError,"HTTPSConnectionPool(host='dev.posit.niehs.nih.gov', port=443): Max retries exceeded with url: /et/api/pdf-download (Caused by NameResolutionError(""HTTPSConnection(host='dev.posit.niehs.nih.gov', port=443): Failed to resolve 'dev.posit.niehs.nih.gov' ([Errno 8] nodename nor servname provided, or not known)""))"
1818,PDF batch 1818/6155 (1 references),1,ConnectionError,"HTTPSConnectionPool(host='dev.posit.niehs.nih.gov', port=443): Max retries exceeded with url: /et/api/pdf-download (Caused by NameResolutionError(""HTTPSConnection(host='dev.posit.niehs.nih.gov', port=443): Failed to resolve 'dev.posit.niehs.nih.gov' ([Errno 8] nodename nor servname provided, or not known)""))"
1819,PDF batch 1819/6155 (1 references),1,ConnectionError,"HTTPSConnectionPool(host='dev.posit.niehs.nih.gov', port=443): Max retries exceeded with url: /et/api/pdf-download (Caused by NameResolutionError(""HTTPSConnection(host='dev.posit.niehs.nih.gov', port=443): Failed to resolve 'dev.posit.niehs.nih.gov' ([Errno 8] nodename nor servname provided, or not known)""))"
1817,PDF batch 1817/6155 (1 references),1,ConnectionError,"HTTPSConnectionPool(host='dev.posit.niehs.nih.gov', port=443): Max retries exceeded with url: /et/api/pdf-download (Caused by NameResolutionError(""HTTPSConnection(host='dev.posit.niehs.nih.gov', port=443): Failed to resolve 'dev.posit.niehs.nih.gov' ([Errno 8] nodename nor servname provided, or not known)""))"
1822,PDF batch 1822/6155 (1 references),1,ConnectionError,"HTTPSConnectionPool(host='dev.posit.niehs.nih.gov', port=443): Max retries exceeded with url: /et/api/pdf-download (Caused by NameResolutionError(""HTTPSConnection(host='dev.posit.niehs.nih.gov', port=443): Failed to resolve 'dev.posit.niehs.nih.gov' ([Errno 8] nodename nor servname provided, or not known)""))"
1820,PDF batch 1820/6155 (1 references),1,ConnectionError,"HTTPSConnectionPool(host='dev.posit.niehs.nih.gov', port=443): Max retries exceeded with url: /et/api/pdf-download (Caused by NameResolutionError(""HTTPSConnection(host='dev.posit.niehs.nih.gov', port=443): Failed to resolve 'dev.posit.niehs.nih.gov' ([Errno 8] nodename nor servname provided, or not known)""))"
1821,PDF batch 1821/6155 (1 references),1,ConnectionError,"HTTPSConnectionPool(host='dev.posit.niehs.nih.gov', port=443): Max retries exceeded with url: /et/api/pdf-download (Caused by NameResolutionError(""HTTPSConnection(host='dev.posit.niehs.nih.gov', port=443): Failed to resolve 'dev.posit.niehs.nih.gov' ([Errno 8] nodename nor servname provided, or not known)""))"
1825,PDF batch 1825/6155 (1 references),1,ConnectionError,"HTTPSConnectionPool(host='dev.posit.niehs.nih.gov', port=443): Max retries exceeded with url: /et/api/pdf-download (Caused by NameResolutionError(""HTTPSConnection(host='dev.posit.niehs.nih.gov', port=443): Failed to resolve 'dev.posit.niehs.nih.gov' ([Errno 8] nodename nor servname provided, or not known)""))"
1826,PDF batch 1826/6155 (1 references),1,ConnectionError,"HTTPSConnectionPool(host='dev.posit.niehs.nih.gov', port=443): Max retries exceeded with url: /et/api/pdf-download (Caused by NameResolutionError(""HTTPSConnection(host='dev.posit.niehs.nih.gov', port=443): Failed to resolve 'dev.posit.niehs.nih.gov' ([Errno 8] nodename nor servname provided, or not known)""))"
1823,PDF batch 1823/6155 (1 references),1,ConnectionError,"HTTPSConnectionPool(host='dev.posit.niehs.nih.gov', port=443): Max retries exceeded with url: /et/api/pdf-download (Caused by NameResolutionError(""HTTPSConnection(host='dev.posit.niehs.nih.gov', port=443): Failed to resolve 'dev.posit.niehs.nih.gov' ([Errno 8] nodename nor servname provided, or not known)""))"
1824,PDF batch 1824/6155 (1 references),1,ConnectionError,"HTTPSConnectionPool(host='dev.posit.niehs.nih.gov', port=443): Max retries exceeded with url: /et/api/pdf-download (Caused by NameResolutionError(""HTTPSConnection(host='dev.posit.niehs.nih.gov', port=443): Failed to resolve 'dev.posit.niehs.nih.gov' ([Errno 8] nodename nor servname provided, or not known)""))"
1828,PDF batch 1828/6155 (1 references),1,ConnectionError,"HTTPSConnectionPool(host='dev.posit.niehs.nih.gov', port=443): Max retries exceeded with url: /et/api/pdf-download (Caused by NameResolutionError(""HTTPSConnection(host='dev.posit.niehs.nih.gov', port=443): Failed to resolve 'dev.posit.niehs.nih.gov' ([Errno 8] nodename nor servname provided, or not known)""))"
1827,PDF batch 1827/6155 (1 references),1,ConnectionError,"HTTPSConnectionPool(host='dev.posit.niehs.nih.gov', port=443): Max retries exceeded with url: /et/api/pdf-download (Caused by NameResolutionError(""HTTPSConnection(host='dev.posit.niehs.nih.gov', port=443): Failed to resolve 'dev.posit.niehs.nih.gov' ([Errno 8] nodename nor servname provided, or not known)""))"
1830,PDF batch 1830/6155 (1 references),1,ConnectionError,"HTTPSConnectionPool(host='dev.posit.niehs.nih.gov', port=443): Max retries exceeded with url: /et/api/pdf-download (Caused by NameResolutionError(""HTTPSConnection(host='dev.posit.niehs.nih.gov', port=443): Failed to resolve 'dev.posit.niehs.nih.gov' ([Errno 8] nodename nor servname provided, or not known)""))"
1829,PDF batch 1829/6155 (1 references),1,ConnectionError,"HTTPSConnectionPool(host='dev.posit.niehs.nih.gov', port=443): Max retries exceeded with url: /et/api/pdf-download (Caused by NameResolutionError(""HTTPSConnection(host='dev.posit.niehs.nih.gov', port=443): Failed to resolve 'dev.posit.niehs.nih.gov' ([Errno 8] nodename nor servname provided, or not known)""))"
1833,PDF batch 1833/6155 (1 references),1,ConnectionError,"HTTPSConnectionPool(host='dev.posit.niehs.nih.gov', port=443): Max retries exceeded with url: /et/api/pdf-download (Caused by NameResolutionError(""HTTPSConnection(host='dev.posit.niehs.nih.gov', port=443): Failed to resolve 'dev.posit.niehs.nih.gov' ([Errno 8] nodename nor servname provided, or not known)""))"
1832,PDF batch 1832/6155 (1 references),1,ConnectionError,"HTTPSConnectionPool(host='dev.posit.niehs.nih.gov', port=443): Max retries exceeded with url: /et/api/pdf-download (Caused by NameResolutionError(""HTTPSConnection(host='dev.posit.niehs.nih.gov', port=443): Failed to resolve 'dev.posit.niehs.nih.gov' ([Errno 8] nodename nor servname provided, or not known)""))"
1831,PDF batch 1831/6155 (1 references),1,ConnectionError,"HTTPSConnectionPool(host='dev.posit.niehs.nih.gov', port=443): Max retries exceeded with url: /et/api/pdf-download (Caused by NameResolutionError(""HTTPSConnection(host='dev.posit.niehs.nih.gov', port=443): Failed to resolve 'dev.posit.niehs.nih.gov' ([Errno 8] nodename nor servname provided, or not known)""))"
1834,PDF batch 1834/6155 (1 references),1,ConnectionError,"HTTPSConnectionPool(host='dev.posit.niehs.nih.gov', port=443): Max retries exceeded with url: /et/api/pdf-download (Caused by NameResolutionError(""HTTPSConnection(host='dev.posit.niehs.nih.gov', port=443): Failed to resolve 'dev.posit.niehs.nih.gov' ([Errno 8] nodename nor servname provided, or not known)""))"
1837,PDF batch 1837/6155 (1 references),1,ConnectionError,"HTTPSConnectionPool(host='dev.posit.niehs.nih.gov', port=443): Max retries exceeded with url: /et/api/pdf-download (Caused by NameResolutionError(""HTTPSConnection(host='dev.posit.niehs.nih.gov', port=443): Failed to resolve 'dev.posit.niehs.nih.gov' ([Errno 8] nodename nor servname provided, or not known)""))"
1836,PDF batch 1836/6155 (1 references),1,ConnectionError,"HTTPSConnectionPool(host='dev.posit.niehs.nih.gov', port=443): Max retries exceeded with url: /et/api/pdf-download (Caused by NameResolutionError(""HTTPSConnection(host='dev.posit.niehs.nih.gov', port=443): Failed to resolve 'dev.posit.niehs.nih.gov' ([Errno 8] nodename nor servname provided, or not known)""))"
1835,PDF batch 1835/6155 (1 references),1,ConnectionError,"HTTPSConnectionPool(host='dev.posit.niehs.nih.gov', port=443): Max retries exceeded with url: /et/api/pdf-download (Caused by NameResolutionError(""HTTPSConnection(host='dev.posit.niehs.nih.gov', port=443): Failed to resolve 'dev.posit.niehs.nih.gov' ([Errno 8] nodename nor servname provided, or not known)""))"
1840,PDF batch 1840/6155 (1 references),1,ConnectionError,"HTTPSConnectionPool(host='dev.posit.niehs.nih.gov', port=443): Max retries exceeded with url: /et/api/pdf-download (Caused by NameResolutionError(""HTTPSConnection(host='dev.posit.niehs.nih.gov', port=443): Failed to resolve 'dev.posit.niehs.nih.gov' ([Errno 8] nodename nor servname provided, or not known)""))"
1839,PDF batch 1839/6155 (1 references),1,ConnectionError,"HTTPSConnectionPool(host='dev.posit.niehs.nih.gov', port=443): Max retries exceeded with url: /et/api/pdf-download (Caused by NameResolutionError(""HTTPSConnection(host='dev.posit.niehs.nih.gov', port=443): Failed to resolve 'dev.posit.niehs.nih.gov' ([Errno 8] nodename nor servname provided, or not known)""))"
1838,PDF batch 1838/6155 (1 references),1,ConnectionError,"HTTPSConnectionPool(host='dev.posit.niehs.nih.gov', port=443): Max retries exceeded with url: /et/api/pdf-download (Caused by NameResolutionError(""HTTPSConnection(host='dev.posit.niehs.nih.gov', port=443): Failed to resolve 'dev.posit.niehs.nih.gov' ([Errno 8] nodename nor servname provided, or not known)""))"
1841,PDF batch 1841/6155 (1 references),1,ConnectionError,"HTTPSConnectionPool(host='dev.posit.niehs.nih.gov', port=443): Max retries exceeded with url: /et/api/pdf-download (Caused by NameResolutionError(""HTTPSConnection(host='dev.posit.niehs.nih.gov', port=443): Failed to resolve 'dev.posit.niehs.nih.gov' ([Errno 8] nodename nor servname provided, or not known)""))"
1842,PDF batch 1842/6155 (1 references),1,ConnectionError,"HTTPSConnectionPool(host='dev.posit.niehs.nih.gov', port=443): Max retries exceeded with url: /et/api/pdf-download (Caused by NameResolutionError(""HTTPSConnection(host='dev.posit.niehs.nih.gov', port=443): Failed to resolve 'dev.posit.niehs.nih.gov' ([Errno 8] nodename nor servname provided, or not known)""))"
1843,PDF batch 1843/6155 (1 references),1,ConnectionError,"HTTPSConnectionPool(host='dev.posit.niehs.nih.gov', port=443): Max retries exceeded with url: /et/api/pdf-download (Caused by NameResolutionError(""HTTPSConnection(host='dev.posit.niehs.nih.gov', port=443): Failed to resolve 'dev.posit.niehs.nih.gov' ([Errno 8] nodename nor servname provided, or not known)""))"
1845,PDF batch 1845/6155 (1 references),1,ConnectionError,"HTTPSConnectionPool(host='dev.posit.niehs.nih.gov', port=443): Max retries exceeded with url: /et/api/pdf-download (Caused by NameResolutionError(""HTTPSConnection(host='dev.posit.niehs.nih.gov', port=443): Failed to resolve 'dev.posit.niehs.nih.gov' ([Errno 8] nodename nor servname provided, or not known)""))"
1847,PDF batch 1847/6155 (1 references),1,ConnectionError,"HTTPSConnectionPool(host='dev.posit.niehs.nih.gov', port=443): Max retries exceeded with url: /et/api/pdf-download (Caused by NameResolutionError(""HTTPSConnection(host='dev.posit.niehs.nih.gov', port=443): Failed to resolve 'dev.posit.niehs.nih.gov' ([Errno 8] nodename nor servname provided, or not known)""))"
1846,PDF batch 1846/6155 (1 references),1,ConnectionError,"HTTPSConnectionPool(host='dev.posit.niehs.nih.gov', port=443): Max retries exceeded with url: /et/api/pdf-download (Caused by NameResolutionError(""HTTPSConnection(host='dev.posit.niehs.nih.gov', port=443): Failed to resolve 'dev.posit.niehs.nih.gov' ([Errno 8] nodename nor servname provided, or not known)""))"
1848,PDF batch 1848/6155 (1 references),1,ConnectionError,"HTTPSConnectionPool(host='dev.posit.niehs.nih.gov', port=443): Max retries exceeded with url: /et/api/pdf-download (Caused by NameResolutionError(""HTTPSConnection(host='dev.posit.niehs.nih.gov', port=443): Failed to resolve 'dev.posit.niehs.nih.gov' ([Errno 8] nodename nor servname provided, or not known)""))"
1849,PDF batch 1849/6155 (1 references),1,ConnectionError,"HTTPSConnectionPool(host='dev.posit.niehs.nih.gov', port=443): Max retries exceeded with url: /et/api/pdf-download (Caused by NameResolutionError(""HTTPSConnection(host='dev.posit.niehs.nih.gov', port=443): Failed to resolve 'dev.posit.niehs.nih.gov' ([Errno 8] nodename nor servname provided, or not known)""))"
1844,PDF batch 1844/6155 (1 references),1,ConnectionError,"HTTPSConnectionPool(host='dev.posit.niehs.nih.gov', port=443): Max retries exceeded with url: /et/api/pdf-download (Caused by NameResolutionError(""HTTPSConnection(host='dev.posit.niehs.nih.gov', port=443): Failed to resolve 'dev.posit.niehs.nih.gov' ([Errno 8] nodename nor servname provided, or not known)""))"
1850,PDF batch 1850/6155 (1 references),1,ConnectionError,"HTTPSConnectionPool(host='dev.posit.niehs.nih.gov', port=443): Max retries exceeded with url: /et/api/pdf-download (Caused by NameResolutionError(""HTTPSConnection(host='dev.posit.niehs.nih.gov', port=443): Failed to resolve 'dev.posit.niehs.nih.gov' ([Errno 8] nodename nor servname provided, or not known)""))"
1851,PDF batch 1851/6155 (1 references),1,ConnectionError,"HTTPSConnectionPool(host='dev.posit.niehs.nih.gov', port=443): Max retries exceeded with url: /et/api/pdf-download (Caused by NameResolutionError(""HTTPSConnection(host='dev.posit.niehs.nih.gov', port=443): Failed to resolve 'dev.posit.niehs.nih.gov' ([Errno 8] nodename nor servname provided, or not known)""))"
1852,PDF batch 1852/6155 (1 references),1,ConnectionError,"HTTPSConnectionPool(host='dev.posit.niehs.nih.gov', port=443): Max retries exceeded with url: /et/api/pdf-download (Caused by NameResolutionError(""HTTPSConnection(host='dev.posit.niehs.nih.gov', port=443): Failed to resolve 'dev.posit.niehs.nih.gov' ([Errno 8] nodename nor servname provided, or not known)""))"
1853,PDF batch 1853/6155 (1 references),1,ConnectionError,"HTTPSConnectionPool(host='dev.posit.niehs.nih.gov', port=443): Max retries exceeded with url: /et/api/pdf-download (Caused by NameResolutionError(""HTTPSConnection(host='dev.posit.niehs.nih.gov', port=443): Failed to resolve 'dev.posit.niehs.nih.gov' ([Errno 8] nodename nor servname provided, or not known)""))"
1855,PDF batch 1855/6155 (1 references),1,ConnectionError,"HTTPSConnectionPool(host='dev.posit.niehs.nih.gov', port=443): Max retries exceeded with url: /et/api/pdf-download (Caused by NameResolutionError(""HTTPSConnection(host='dev.posit.niehs.nih.gov', port=443): Failed to resolve 'dev.posit.niehs.nih.gov' ([Errno 8] nodename nor servname provided, or not known)""))"
1856,PDF batch 1856/6155 (1 references),1,ConnectionError,"HTTPSConnectionPool(host='dev.posit.niehs.nih.gov', port=443): Max retries exceeded with url: /et/api/pdf-download (Caused by NameResolutionError(""HTTPSConnection(host='dev.posit.niehs.nih.gov', port=443): Failed to resolve 'dev.posit.niehs.nih.gov' ([Errno 8] nodename nor servname provided, or not known)""))"
1858,PDF batch 1858/6155 (1 references),1,ConnectionError,"HTTPSConnectionPool(host='dev.posit.niehs.nih.gov', port=443): Max retries exceeded with url: /et/api/pdf-download (Caused by NameResolutionError(""HTTPSConnection(host='dev.posit.niehs.nih.gov', port=443): Failed to resolve 'dev.posit.niehs.nih.gov' ([Errno 8] nodename nor servname provided, or not known)""))"
1854,PDF batch 1854/6155 (1 references),1,ConnectionError,"HTTPSConnectionPool(host='dev.posit.niehs.nih.gov', port=443): Max retries exceeded with url: /et/api/pdf-download (Caused by NameResolutionError(""HTTPSConnection(host='dev.posit.niehs.nih.gov', port=443): Failed to resolve 'dev.posit.niehs.nih.gov' ([Errno 8] nodename nor servname provided, or not known)""))"
1859,PDF batch 1859/6155 (1 references),1,ConnectionError,"HTTPSConnectionPool(host='dev.posit.niehs.nih.gov', port=443): Max retries exceeded with url: /et/api/pdf-download (Caused by NameResolutionError(""HTTPSConnection(host='dev.posit.niehs.nih.gov', port=443): Failed to resolve 'dev.posit.niehs.nih.gov' ([Errno 8] nodename nor servname provided, or not known)""))"
1860,PDF batch 1860/6155 (1 references),1,ConnectionError,"HTTPSConnectionPool(host='dev.posit.niehs.nih.gov', port=443): Max retries exceeded with url: /et/api/pdf-download (Caused by NameResolutionError(""HTTPSConnection(host='dev.posit.niehs.nih.gov', port=443): Failed to resolve 'dev.posit.niehs.nih.gov' ([Errno 8] nodename nor servname provided, or not known)""))"
1857,PDF batch 1857/6155 (1 references),1,ConnectionError,"HTTPSConnectionPool(host='dev.posit.niehs.nih.gov', port=443): Max retries exceeded with url: /et/api/pdf-download (Caused by NameResolutionError(""HTTPSConnection(host='dev.posit.niehs.nih.gov', port=443): Failed to resolve 'dev.posit.niehs.nih.gov' ([Errno 8] nodename nor servname provided, or not known)""))"
1861,PDF batch 1861/6155 (1 references),1,ConnectionError,"HTTPSConnectionPool(host='dev.posit.niehs.nih.gov', port=443): Max retries exceeded with url: /et/api/pdf-download (Caused by NameResolutionError(""HTTPSConnection(host='dev.posit.niehs.nih.gov', port=443): Failed to resolve 'dev.posit.niehs.nih.gov' ([Errno 8] nodename nor servname provided, or not known)""))"
1862,PDF batch 1862/6155 (1 references),1,ConnectionError,"HTTPSConnectionPool(host='dev.posit.niehs.nih.gov', port=443): Max retries exceeded with url: /et/api/pdf-download (Caused by NameResolutionError(""HTTPSConnection(host='dev.posit.niehs.nih.gov', port=443): Failed to resolve 'dev.posit.niehs.nih.gov' ([Errno 8] nodename nor servname provided, or not known)""))"
1865,PDF batch 1865/6155 (1 references),1,ConnectionError,"HTTPSConnectionPool(host='dev.posit.niehs.nih.gov', port=443): Max retries exceeded with url: /et/api/pdf-download (Caused by NameResolutionError(""HTTPSConnection(host='dev.posit.niehs.nih.gov', port=443): Failed to resolve 'dev.posit.niehs.nih.gov' ([Errno 8] nodename nor servname provided, or not known)""))"
1867,PDF batch 1867/6155 (1 references),1,ConnectionError,"HTTPSConnectionPool(host='dev.posit.niehs.nih.gov', port=443): Max retries exceeded with url: /et/api/pdf-download (Caused by NameResolutionError(""HTTPSConnection(host='dev.posit.niehs.nih.gov', port=443): Failed to resolve 'dev.posit.niehs.nih.gov' ([Errno 8] nodename nor servname provided, or not known)""))"
1863,PDF batch 1863/6155 (1 references),1,ConnectionError,"HTTPSConnectionPool(host='dev.posit.niehs.nih.gov', port=443): Max retries exceeded with url: /et/api/pdf-download (Caused by NameResolutionError(""HTTPSConnection(host='dev.posit.niehs.nih.gov', port=443): Failed to resolve 'dev.posit.niehs.nih.gov' ([Errno 8] nodename nor servname provided, or not known)""))"
1864,PDF batch 1864/6155 (1 references),1,ConnectionError,"HTTPSConnectionPool(host='dev.posit.niehs.nih.gov', port=443): Max retries exceeded with url: /et/api/pdf-download (Caused by NameResolutionError(""HTTPSConnection(host='dev.posit.niehs.nih.gov', port=443): Failed to resolve 'dev.posit.niehs.nih.gov' ([Errno 8] nodename nor servname provided, or not known)""))"
1866,PDF batch 1866/6155 (1 references),1,ConnectionError,"HTTPSConnectionPool(host='dev.posit.niehs.nih.gov', port=443): Max retries exceeded with url: /et/api/pdf-download (Caused by NameResolutionError(""HTTPSConnection(host='dev.posit.niehs.nih.gov', port=443): Failed to resolve 'dev.posit.niehs.nih.gov' ([Errno 8] nodename nor servname provided, or not known)""))"
1868,PDF batch 1868/6155 (1 references),1,ConnectionError,"HTTPSConnectionPool(host='dev.posit.niehs.nih.gov', port=443): Max retries exceeded with url: /et/api/pdf-download (Caused by NameResolutionError(""HTTPSConnection(host='dev.posit.niehs.nih.gov', port=443): Failed to resolve 'dev.posit.niehs.nih.gov' ([Errno 8] nodename nor servname provided, or not known)""))"
1871,PDF batch 1871/6155 (1 references),1,ConnectionError,"HTTPSConnectionPool(host='dev.posit.niehs.nih.gov', port=443): Max retries exceeded with url: /et/api/pdf-download (Caused by NameResolutionError(""HTTPSConnection(host='dev.posit.niehs.nih.gov', port=443): Failed to resolve 'dev.posit.niehs.nih.gov' ([Errno 8] nodename nor servname provided, or not known)""))"
1870,PDF batch 1870/6155 (1 references),1,ConnectionError,"HTTPSConnectionPool(host='dev.posit.niehs.nih.gov', port=443): Max retries exceeded with url: /et/api/pdf-download (Caused by NameResolutionError(""HTTPSConnection(host='dev.posit.niehs.nih.gov', port=443): Failed to resolve 'dev.posit.niehs.nih.gov' ([Errno 8] nodename nor servname provided, or not known)""))"
1869,PDF batch 1869/6155 (1 references),1,ConnectionError,"HTTPSConnectionPool(host='dev.posit.niehs.nih.gov', port=443): Max retries exceeded with url: /et/api/pdf-download (Caused by NameResolutionError(""HTTPSConnection(host='dev.posit.niehs.nih.gov', port=443): Failed to resolve 'dev.posit.niehs.nih.gov' ([Errno 8] nodename nor servname provided, or not known)""))"
1872,PDF batch 1872/6155 (1 references),1,ConnectionError,"HTTPSConnectionPool(host='dev.posit.niehs.nih.gov', port=443): Max retries exceeded with url: /et/api/pdf-download (Caused by NameResolutionError(""HTTPSConnection(host='dev.posit.niehs.nih.gov', port=443): Failed to resolve 'dev.posit.niehs.nih.gov' ([Errno 8] nodename nor servname provided, or not known)""))"
1875,PDF batch 1875/6155 (1 references),1,ConnectionError,"HTTPSConnectionPool(host='dev.posit.niehs.nih.gov', port=443): Max retries exceeded with url: /et/api/pdf-download (Caused by NameResolutionError(""HTTPSConnection(host='dev.posit.niehs.nih.gov', port=443): Failed to resolve 'dev.posit.niehs.nih.gov' ([Errno 8] nodename nor servname provided, or not known)""))"
1876,PDF batch 1876/6155 (1 references),1,ConnectionError,"HTTPSConnectionPool(host='dev.posit.niehs.nih.gov', port=443): Max retries exceeded with url: /et/api/pdf-download (Caused by NameResolutionError(""HTTPSConnection(host='dev.posit.niehs.nih.gov', port=443): Failed to resolve 'dev.posit.niehs.nih.gov' ([Errno 8] nodename nor servname provided, or not known)""))"
1879,PDF batch 1879/6155 (1 references),1,ConnectionError,"HTTPSConnectionPool(host='dev.posit.niehs.nih.gov', port=443): Max retries exceeded with url: /et/api/pdf-download (Caused by NameResolutionError(""HTTPSConnection(host='dev.posit.niehs.nih.gov', port=443): Failed to resolve 'dev.posit.niehs.nih.gov' ([Errno 8] nodename nor servname provided, or not known)""))"
1877,PDF batch 1877/6155 (1 references),1,ConnectionError,"HTTPSConnectionPool(host='dev.posit.niehs.nih.gov', port=443): Max retries exceeded with url: /et/api/pdf-download (Caused by NameResolutionError(""HTTPSConnection(host='dev.posit.niehs.nih.gov', port=443): Failed to resolve 'dev.posit.niehs.nih.gov' ([Errno 8] nodename nor servname provided, or not known)""))"
1873,PDF batch 1873/6155 (1 references),1,ConnectionError,"HTTPSConnectionPool(host='dev.posit.niehs.nih.gov', port=443): Max retries exceeded with url: /et/api/pdf-download (Caused by NameResolutionError(""HTTPSConnection(host='dev.posit.niehs.nih.gov', port=443): Failed to resolve 'dev.posit.niehs.nih.gov' ([Errno 8] nodename nor servname provided, or not known)""))"
1874,PDF batch 1874/6155 (1 references),1,ConnectionError,"HTTPSConnectionPool(host='dev.posit.niehs.nih.gov', port=443): Max retries exceeded with url: /et/api/pdf-download (Caused by NameResolutionError(""HTTPSConnection(host='dev.posit.niehs.nih.gov', port=443): Failed to resolve 'dev.posit.niehs.nih.gov' ([Errno 8] nodename nor servname provided, or not known)""))"
1878,PDF batch 1878/6155 (1 references),1,ConnectionError,"HTTPSConnectionPool(host='dev.posit.niehs.nih.gov', port=443): Max retries exceeded with url: /et/api/pdf-download (Caused by NameResolutionError(""HTTPSConnection(host='dev.posit.niehs.nih.gov', port=443): Failed to resolve 'dev.posit.niehs.nih.gov' ([Errno 8] nodename nor servname provided, or not known)""))"
1880,PDF batch 1880/6155 (1 references),1,ConnectionError,"HTTPSConnectionPool(host='dev.posit.niehs.nih.gov', port=443): Max retries exceeded with url: /et/api/pdf-download (Caused by NameResolutionError(""HTTPSConnection(host='dev.posit.niehs.nih.gov', port=443): Failed to resolve 'dev.posit.niehs.nih.gov' ([Errno 8] nodename nor servname provided, or not known)""))"
1881,PDF batch 1881/6155 (1 references),1,ConnectionError,"HTTPSConnectionPool(host='dev.posit.niehs.nih.gov', port=443): Max retries exceeded with url: /et/api/pdf-download (Caused by NameResolutionError(""HTTPSConnection(host='dev.posit.niehs.nih.gov', port=443): Failed to resolve 'dev.posit.niehs.nih.gov' ([Errno 8] nodename nor servname provided, or not known)""))"
1883,PDF batch 1883/6155 (1 references),1,ConnectionError,"HTTPSConnectionPool(host='dev.posit.niehs.nih.gov', port=443): Max retries exceeded with url: /et/api/pdf-download (Caused by NameResolutionError(""HTTPSConnection(host='dev.posit.niehs.nih.gov', port=443): Failed to resolve 'dev.posit.niehs.nih.gov' ([Errno 8] nodename nor servname provided, or not known)""))"
1885,PDF batch 1885/6155 (1 references),1,ConnectionError,"HTTPSConnectionPool(host='dev.posit.niehs.nih.gov', port=443): Max retries exceeded with url: /et/api/pdf-download (Caused by NameResolutionError(""HTTPSConnection(host='dev.posit.niehs.nih.gov', port=443): Failed to resolve 'dev.posit.niehs.nih.gov' ([Errno 8] nodename nor servname provided, or not known)""))"
1884,PDF batch 1884/6155 (1 references),1,ConnectionError,"HTTPSConnectionPool(host='dev.posit.niehs.nih.gov', port=443): Max retries exceeded with url: /et/api/pdf-download (Caused by NameResolutionError(""HTTPSConnection(host='dev.posit.niehs.nih.gov', port=443): Failed to resolve 'dev.posit.niehs.nih.gov' ([Errno 8] nodename nor servname provided, or not known)""))"
1886,PDF batch 1886/6155 (1 references),1,ConnectionError,"HTTPSConnectionPool(host='dev.posit.niehs.nih.gov', port=443): Max retries exceeded with url: /et/api/pdf-download (Caused by NameResolutionError(""HTTPSConnection(host='dev.posit.niehs.nih.gov', port=443): Failed to resolve 'dev.posit.niehs.nih.gov' ([Errno 8] nodename nor servname provided, or not known)""))"
1887,PDF batch 1887/6155 (1 references),1,ConnectionError,"HTTPSConnectionPool(host='dev.posit.niehs.nih.gov', port=443): Max retries exceeded with url: /et/api/pdf-download (Caused by NameResolutionError(""HTTPSConnection(host='dev.posit.niehs.nih.gov', port=443): Failed to resolve 'dev.posit.niehs.nih.gov' ([Errno 8] nodename nor servname provided, or not known)""))"
1882,PDF batch 1882/6155 (1 references),1,ConnectionError,"HTTPSConnectionPool(host='dev.posit.niehs.nih.gov', port=443): Max retries exceeded with url: /et/api/pdf-download (Caused by NameResolutionError(""HTTPSConnection(host='dev.posit.niehs.nih.gov', port=443): Failed to resolve 'dev.posit.niehs.nih.gov' ([Errno 8] nodename nor servname provided, or not known)""))"
1889,PDF batch 1889/6155 (1 references),1,ConnectionError,"HTTPSConnectionPool(host='dev.posit.niehs.nih.gov', port=443): Max retries exceeded with url: /et/api/pdf-download (Caused by NameResolutionError(""HTTPSConnection(host='dev.posit.niehs.nih.gov', port=443): Failed to resolve 'dev.posit.niehs.nih.gov' ([Errno 8] nodename nor servname provided, or not known)""))"
1890,PDF batch 1890/6155 (1 references),1,ConnectionError,"HTTPSConnectionPool(host='dev.posit.niehs.nih.gov', port=443): Max retries exceeded with url: /et/api/pdf-download (Caused by NameResolutionError(""HTTPSConnection(host='dev.posit.niehs.nih.gov', port=443): Failed to resolve 'dev.posit.niehs.nih.gov' ([Errno 8] nodename nor servname provided, or not known)""))"
1888,PDF batch 1888/6155 (1 references),1,ConnectionError,"HTTPSConnectionPool(host='dev.posit.niehs.nih.gov', port=443): Max retries exceeded with url: /et/api/pdf-download (Caused by NameResolutionError(""HTTPSConnection(host='dev.posit.niehs.nih.gov', port=443): Failed to resolve 'dev.posit.niehs.nih.gov' ([Errno 8] nodename nor servname provided, or not known)""))"
1891,PDF batch 1891/6155 (1 references),1,ConnectionError,"HTTPSConnectionPool(host='dev.posit.niehs.nih.gov', port=443): Max retries exceeded with url: /et/api/pdf-download (Caused by NameResolutionError(""HTTPSConnection(host='dev.posit.niehs.nih.gov', port=443): Failed to resolve 'dev.posit.niehs.nih.gov' ([Errno 8] nodename nor servname provided, or not known)""))"
1892,PDF batch 1892/6155 (1 references),1,ConnectionError,"HTTPSConnectionPool(host='dev.posit.niehs.nih.gov', port=443): Max retries exceeded with url: /et/api/pdf-download (Caused by NameResolutionError(""HTTPSConnection(host='dev.posit.niehs.nih.gov', port=443): Failed to resolve 'dev.posit.niehs.nih.gov' ([Errno 8] nodename nor servname provided, or not known)""))"
1894,PDF batch 1894/6155 (1 references),1,ConnectionError,"HTTPSConnectionPool(host='dev.posit.niehs.nih.gov', port=443): Max retries exceeded with url: /et/api/pdf-download (Caused by NameResolutionError(""HTTPSConnection(host='dev.posit.niehs.nih.gov', port=443): Failed to resolve 'dev.posit.niehs.nih.gov' ([Errno 8] nodename nor servname provided, or not known)""))"
1895,PDF batch 1895/6155 (1 references),1,ConnectionError,"HTTPSConnectionPool(host='dev.posit.niehs.nih.gov', port=443): Max retries exceeded with url: /et/api/pdf-download (Caused by NameResolutionError(""HTTPSConnection(host='dev.posit.niehs.nih.gov', port=443): Failed to resolve 'dev.posit.niehs.nih.gov' ([Errno 8] nodename nor servname provided, or not known)""))"
1896,PDF batch 1896/6155 (1 references),1,ConnectionError,"HTTPSConnectionPool(host='dev.posit.niehs.nih.gov', port=443): Max retries exceeded with url: /et/api/pdf-download (Caused by NameResolutionError(""HTTPSConnection(host='dev.posit.niehs.nih.gov', port=443): Failed to resolve 'dev.posit.niehs.nih.gov' ([Errno 8] nodename nor servname provided, or not known)""))"
1898,PDF batch 1898/6155 (1 references),1,ConnectionError,"HTTPSConnectionPool(host='dev.posit.niehs.nih.gov', port=443): Max retries exceeded with url: /et/api/pdf-download (Caused by NameResolutionError(""HTTPSConnection(host='dev.posit.niehs.nih.gov', port=443): Failed to resolve 'dev.posit.niehs.nih.gov' ([Errno 8] nodename nor servname provided, or not known)""))"
1893,PDF batch 1893/6155 (1 references),1,ConnectionError,"HTTPSConnectionPool(host='dev.posit.niehs.nih.gov', port=443): Max retries exceeded with url: /et/api/pdf-download (Caused by NameResolutionError(""HTTPSConnection(host='dev.posit.niehs.nih.gov', port=443): Failed to resolve 'dev.posit.niehs.nih.gov' ([Errno 8] nodename nor servname provided, or not known)""))"
1897,PDF batch 1897/6155 (1 references),1,ConnectionError,"HTTPSConnectionPool(host='dev.posit.niehs.nih.gov', port=443): Max retries exceeded with url: /et/api/pdf-download (Caused by NameResolutionError(""HTTPSConnection(host='dev.posit.niehs.nih.gov', port=443): Failed to resolve 'dev.posit.niehs.nih.gov' ([Errno 8] nodename nor servname provided, or not known)""))"
1899,PDF batch 1899/6155 (1 references),1,ConnectionError,"HTTPSConnectionPool(host='dev.posit.niehs.nih.gov', port=443): Max retries exceeded with url: /et/api/pdf-download (Caused by NameResolutionError(""HTTPSConnection(host='dev.posit.niehs.nih.gov', port=443): Failed to resolve 'dev.posit.niehs.nih.gov' ([Errno 8] nodename nor servname provided, or not known)""))"
1904,PDF batch 1904/6155 (1 references),1,ConnectionError,"HTTPSConnectionPool(host='dev.posit.niehs.nih.gov', port=443): Max retries exceeded with url: /et/api/pdf-download (Caused by NameResolutionError(""HTTPSConnection(host='dev.posit.niehs.nih.gov', port=443): Failed to resolve 'dev.posit.niehs.nih.gov' ([Errno 8] nodename nor servname provided, or not known)""))"
1900,PDF batch 1900/6155 (1 references),1,ConnectionError,"HTTPSConnectionPool(host='dev.posit.niehs.nih.gov', port=443): Max retries exceeded with url: /et/api/pdf-download (Caused by NameResolutionError(""HTTPSConnection(host='dev.posit.niehs.nih.gov', port=443): Failed to resolve 'dev.posit.niehs.nih.gov' ([Errno 8] nodename nor servname provided, or not known)""))"
1905,PDF batch 1905/6155 (1 references),1,ConnectionError,"HTTPSConnectionPool(host='dev.posit.niehs.nih.gov', port=443): Max retries exceeded with url: /et/api/pdf-download (Caused by NameResolutionError(""HTTPSConnection(host='dev.posit.niehs.nih.gov', port=443): Failed to resolve 'dev.posit.niehs.nih.gov' ([Errno 8] nodename nor servname provided, or not known)""))"
1901,PDF batch 1901/6155 (1 references),1,ConnectionError,"HTTPSConnectionPool(host='dev.posit.niehs.nih.gov', port=443): Max retries exceeded with url: /et/api/pdf-download (Caused by NameResolutionError(""HTTPSConnection(host='dev.posit.niehs.nih.gov', port=443): Failed to resolve 'dev.posit.niehs.nih.gov' ([Errno 8] nodename nor servname provided, or not known)""))"
1902,PDF batch 1902/6155 (1 references),1,ConnectionError,"HTTPSConnectionPool(host='dev.posit.niehs.nih.gov', port=443): Max retries exceeded with url: /et/api/pdf-download (Caused by NameResolutionError(""HTTPSConnection(host='dev.posit.niehs.nih.gov', port=443): Failed to resolve 'dev.posit.niehs.nih.gov' ([Errno 8] nodename nor servname provided, or not known)""))"
1906,PDF batch 1906/6155 (1 references),1,ConnectionError,"HTTPSConnectionPool(host='dev.posit.niehs.nih.gov', port=443): Max retries exceeded with url: /et/api/pdf-download (Caused by NameResolutionError(""HTTPSConnection(host='dev.posit.niehs.nih.gov', port=443): Failed to resolve 'dev.posit.niehs.nih.gov' ([Errno 8] nodename nor servname provided, or not known)""))"
1903,PDF batch 1903/6155 (1 references),1,ConnectionError,"HTTPSConnectionPool(host='dev.posit.niehs.nih.gov', port=443): Max retries exceeded with url: /et/api/pdf-download (Caused by NameResolutionError(""HTTPSConnection(host='dev.posit.niehs.nih.gov', port=443): Failed to resolve 'dev.posit.niehs.nih.gov' ([Errno 8] nodename nor servname provided, or not known)""))"
1909,PDF batch 1909/6155 (1 references),1,ConnectionError,"HTTPSConnectionPool(host='dev.posit.niehs.nih.gov', port=443): Max retries exceeded with url: /et/api/pdf-download (Caused by NameResolutionError(""HTTPSConnection(host='dev.posit.niehs.nih.gov', port=443): Failed to resolve 'dev.posit.niehs.nih.gov' ([Errno 8] nodename nor servname provided, or not known)""))"
1908,PDF batch 1908/6155 (1 references),1,ConnectionError,"HTTPSConnectionPool(host='dev.posit.niehs.nih.gov', port=443): Max retries exceeded with url: /et/api/pdf-download (Caused by NameResolutionError(""HTTPSConnection(host='dev.posit.niehs.nih.gov', port=443): Failed to resolve 'dev.posit.niehs.nih.gov' ([Errno 8] nodename nor servname provided, or not known)""))"
1907,PDF batch 1907/6155 (1 references),1,ConnectionError,"HTTPSConnectionPool(host='dev.posit.niehs.nih.gov', port=443): Max retries exceeded with url: /et/api/pdf-download (Caused by NameResolutionError(""HTTPSConnection(host='dev.posit.niehs.nih.gov', port=443): Failed to resolve 'dev.posit.niehs.nih.gov' ([Errno 8] nodename nor servname provided, or not known)""))"
1910,PDF batch 1910/6155 (1 references),1,ConnectionError,"HTTPSConnectionPool(host='dev.posit.niehs.nih.gov', port=443): Max retries exceeded with url: /et/api/pdf-download (Caused by NameResolutionError(""HTTPSConnection(host='dev.posit.niehs.nih.gov', port=443): Failed to resolve 'dev.posit.niehs.nih.gov' ([Errno 8] nodename nor servname provided, or not known)""))"
1911,PDF batch 1911/6155 (1 references),1,ConnectionError,"HTTPSConnectionPool(host='dev.posit.niehs.nih.gov', port=443): Max retries exceeded with url: /et/api/pdf-download (Caused by NameResolutionError(""HTTPSConnection(host='dev.posit.niehs.nih.gov', port=443): Failed to resolve 'dev.posit.niehs.nih.gov' ([Errno 8] nodename nor servname provided, or not known)""))"
1915,PDF batch 1915/6155 (1 references),1,ConnectionError,"HTTPSConnectionPool(host='dev.posit.niehs.nih.gov', port=443): Max retries exceeded with url: /et/api/pdf-download (Caused by NameResolutionError(""HTTPSConnection(host='dev.posit.niehs.nih.gov', port=443): Failed to resolve 'dev.posit.niehs.nih.gov' ([Errno 8] nodename nor servname provided, or not known)""))"
1913,PDF batch 1913/6155 (1 references),1,ConnectionError,"HTTPSConnectionPool(host='dev.posit.niehs.nih.gov', port=443): Max retries exceeded with url: /et/api/pdf-download (Caused by NameResolutionError(""HTTPSConnection(host='dev.posit.niehs.nih.gov', port=443): Failed to resolve 'dev.posit.niehs.nih.gov' ([Errno 8] nodename nor servname provided, or not known)""))"
1912,PDF batch 1912/6155 (1 references),1,ConnectionError,"HTTPSConnectionPool(host='dev.posit.niehs.nih.gov', port=443): Max retries exceeded with url: /et/api/pdf-download (Caused by NameResolutionError(""HTTPSConnection(host='dev.posit.niehs.nih.gov', port=443): Failed to resolve 'dev.posit.niehs.nih.gov' ([Errno 8] nodename nor servname provided, or not known)""))"
1914,PDF batch 1914/6155 (1 references),1,ConnectionError,"HTTPSConnectionPool(host='dev.posit.niehs.nih.gov', port=443): Max retries exceeded with url: /et/api/pdf-download (Caused by NameResolutionError(""HTTPSConnection(host='dev.posit.niehs.nih.gov', port=443): Failed to resolve 'dev.posit.niehs.nih.gov' ([Errno 8] nodename nor servname provided, or not known)""))"
1917,PDF batch 1917/6155 (1 references),1,ConnectionError,"HTTPSConnectionPool(host='dev.posit.niehs.nih.gov', port=443): Max retries exceeded with url: /et/api/pdf-download (Caused by NameResolutionError(""HTTPSConnection(host='dev.posit.niehs.nih.gov', port=443): Failed to resolve 'dev.posit.niehs.nih.gov' ([Errno 8] nodename nor servname provided, or not known)""))"
1916,PDF batch 1916/6155 (1 references),1,ConnectionError,"HTTPSConnectionPool(host='dev.posit.niehs.nih.gov', port=443): Max retries exceeded with url: /et/api/pdf-download (Caused by NameResolutionError(""HTTPSConnection(host='dev.posit.niehs.nih.gov', port=443): Failed to resolve 'dev.posit.niehs.nih.gov' ([Errno 8] nodename nor servname provided, or not known)""))"
1918,PDF batch 1918/6155 (1 references),1,ConnectionError,"HTTPSConnectionPool(host='dev.posit.niehs.nih.gov', port=443): Max retries exceeded with url: /et/api/pdf-download (Caused by NameResolutionError(""HTTPSConnection(host='dev.posit.niehs.nih.gov', port=443): Failed to resolve 'dev.posit.niehs.nih.gov' ([Errno 8] nodename nor servname provided, or not known)""))"
1921,PDF batch 1921/6155 (1 references),1,ConnectionError,"HTTPSConnectionPool(host='dev.posit.niehs.nih.gov', port=443): Max retries exceeded with url: /et/api/pdf-download (Caused by NameResolutionError(""HTTPSConnection(host='dev.posit.niehs.nih.gov', port=443): Failed to resolve 'dev.posit.niehs.nih.gov' ([Errno 8] nodename nor servname provided, or not known)""))"
1924,PDF batch 1924/6155 (1 references),1,ConnectionError,"HTTPSConnectionPool(host='dev.posit.niehs.nih.gov', port=443): Max retries exceeded with url: /et/api/pdf-download (Caused by NameResolutionError(""HTTPSConnection(host='dev.posit.niehs.nih.gov', port=443): Failed to resolve 'dev.posit.niehs.nih.gov' ([Errno 8] nodename nor servname provided, or not known)""))"
1925,PDF batch 1925/6155 (1 references),1,ConnectionError,"HTTPSConnectionPool(host='dev.posit.niehs.nih.gov', port=443): Max retries exceeded with url: /et/api/pdf-download (Caused by NameResolutionError(""HTTPSConnection(host='dev.posit.niehs.nih.gov', port=443): Failed to resolve 'dev.posit.niehs.nih.gov' ([Errno 8] nodename nor servname provided, or not known)""))"
1919,PDF batch 1919/6155 (1 references),1,ConnectionError,"HTTPSConnectionPool(host='dev.posit.niehs.nih.gov', port=443): Max retries exceeded with url: /et/api/pdf-download (Caused by NameResolutionError(""HTTPSConnection(host='dev.posit.niehs.nih.gov', port=443): Failed to resolve 'dev.posit.niehs.nih.gov' ([Errno 8] nodename nor servname provided, or not known)""))"
1920,PDF batch 1920/6155 (1 references),1,ConnectionError,"HTTPSConnectionPool(host='dev.posit.niehs.nih.gov', port=443): Max retries exceeded with url: /et/api/pdf-download (Caused by NameResolutionError(""HTTPSConnection(host='dev.posit.niehs.nih.gov', port=443): Failed to resolve 'dev.posit.niehs.nih.gov' ([Errno 8] nodename nor servname provided, or not known)""))"
1922,PDF batch 1922/6155 (1 references),1,ConnectionError,"HTTPSConnectionPool(host='dev.posit.niehs.nih.gov', port=443): Max retries exceeded with url: /et/api/pdf-download (Caused by NameResolutionError(""HTTPSConnection(host='dev.posit.niehs.nih.gov', port=443): Failed to resolve 'dev.posit.niehs.nih.gov' ([Errno 8] nodename nor servname provided, or not known)""))"
1923,PDF batch 1923/6155 (1 references),1,ConnectionError,"HTTPSConnectionPool(host='dev.posit.niehs.nih.gov', port=443): Max retries exceeded with url: /et/api/pdf-download (Caused by NameResolutionError(""HTTPSConnection(host='dev.posit.niehs.nih.gov', port=443): Failed to resolve 'dev.posit.niehs.nih.gov' ([Errno 8] nodename nor servname provided, or not known)""))"
1928,PDF batch 1928/6155 (1 references),1,ConnectionError,"HTTPSConnectionPool(host='dev.posit.niehs.nih.gov', port=443): Max retries exceeded with url: /et/api/pdf-download (Caused by NameResolutionError(""HTTPSConnection(host='dev.posit.niehs.nih.gov', port=443): Failed to resolve 'dev.posit.niehs.nih.gov' ([Errno 8] nodename nor servname provided, or not known)""))"
1926,PDF batch 1926/6155 (1 references),1,ConnectionError,"HTTPSConnectionPool(host='dev.posit.niehs.nih.gov', port=443): Max retries exceeded with url: /et/api/pdf-download (Caused by NameResolutionError(""HTTPSConnection(host='dev.posit.niehs.nih.gov', port=443): Failed to resolve 'dev.posit.niehs.nih.gov' ([Errno 8] nodename nor servname provided, or not known)""))"
1927,PDF batch 1927/6155 (1 references),1,ConnectionError,"HTTPSConnectionPool(host='dev.posit.niehs.nih.gov', port=443): Max retries exceeded with url: /et/api/pdf-download (Caused by NameResolutionError(""HTTPSConnection(host='dev.posit.niehs.nih.gov', port=443): Failed to resolve 'dev.posit.niehs.nih.gov' ([Errno 8] nodename nor servname provided, or not known)""))"
1929,PDF batch 1929/6155 (1 references),1,ConnectionError,"HTTPSConnectionPool(host='dev.posit.niehs.nih.gov', port=443): Max retries exceeded with url: /et/api/pdf-download (Caused by NameResolutionError(""HTTPSConnection(host='dev.posit.niehs.nih.gov', port=443): Failed to resolve 'dev.posit.niehs.nih.gov' ([Errno 8] nodename nor servname provided, or not known)""))"
1930,PDF batch 1930/6155 (1 references),1,ConnectionError,"HTTPSConnectionPool(host='dev.posit.niehs.nih.gov', port=443): Max retries exceeded with url: /et/api/pdf-download (Caused by NameResolutionError(""HTTPSConnection(host='dev.posit.niehs.nih.gov', port=443): Failed to resolve 'dev.posit.niehs.nih.gov' ([Errno 8] nodename nor servname provided, or not known)""))"
1931,PDF batch 1931/6155 (1 references),1,ConnectionError,"HTTPSConnectionPool(host='dev.posit.niehs.nih.gov', port=443): Max retries exceeded with url: /et/api/pdf-download (Caused by NameResolutionError(""HTTPSConnection(host='dev.posit.niehs.nih.gov', port=443): Failed to resolve 'dev.posit.niehs.nih.gov' ([Errno 8] nodename nor servname provided, or not known)""))"
1932,PDF batch 1932/6155 (1 references),1,ConnectionError,"HTTPSConnectionPool(host='dev.posit.niehs.nih.gov', port=443): Max retries exceeded with url: /et/api/pdf-download (Caused by NameResolutionError(""HTTPSConnection(host='dev.posit.niehs.nih.gov', port=443): Failed to resolve 'dev.posit.niehs.nih.gov' ([Errno 8] nodename nor servname provided, or not known)""))"
1933,PDF batch 1933/6155 (1 references),1,ConnectionError,"HTTPSConnectionPool(host='dev.posit.niehs.nih.gov', port=443): Max retries exceeded with url: /et/api/pdf-download (Caused by NameResolutionError(""HTTPSConnection(host='dev.posit.niehs.nih.gov', port=443): Failed to resolve 'dev.posit.niehs.nih.gov' ([Errno 8] nodename nor servname provided, or not known)""))"
1934,PDF batch 1934/6155 (1 references),1,ConnectionError,"HTTPSConnectionPool(host='dev.posit.niehs.nih.gov', port=443): Max retries exceeded with url: /et/api/pdf-download (Caused by NameResolutionError(""HTTPSConnection(host='dev.posit.niehs.nih.gov', port=443): Failed to resolve 'dev.posit.niehs.nih.gov' ([Errno 8] nodename nor servname provided, or not known)""))"
1935,PDF batch 1935/6155 (1 references),1,ConnectionError,"HTTPSConnectionPool(host='dev.posit.niehs.nih.gov', port=443): Max retries exceeded with url: /et/api/pdf-download (Caused by NameResolutionError(""HTTPSConnection(host='dev.posit.niehs.nih.gov', port=443): Failed to resolve 'dev.posit.niehs.nih.gov' ([Errno 8] nodename nor servname provided, or not known)""))"
1936,PDF batch 1936/6155 (1 references),1,ConnectionError,"HTTPSConnectionPool(host='dev.posit.niehs.nih.gov', port=443): Max retries exceeded with url: /et/api/pdf-download (Caused by NameResolutionError(""HTTPSConnection(host='dev.posit.niehs.nih.gov', port=443): Failed to resolve 'dev.posit.niehs.nih.gov' ([Errno 8] nodename nor servname provided, or not known)""))"
1937,PDF batch 1937/6155 (1 references),1,ConnectionError,"HTTPSConnectionPool(host='dev.posit.niehs.nih.gov', port=443): Max retries exceeded with url: /et/api/pdf-download (Caused by NameResolutionError(""HTTPSConnection(host='dev.posit.niehs.nih.gov', port=443): Failed to resolve 'dev.posit.niehs.nih.gov' ([Errno 8] nodename nor servname provided, or not known)""))"
1944,PDF batch 1944/6155 (1 references),1,ConnectionError,"HTTPSConnectionPool(host='dev.posit.niehs.nih.gov', port=443): Max retries exceeded with url: /et/api/pdf-download (Caused by NameResolutionError(""HTTPSConnection(host='dev.posit.niehs.nih.gov', port=443): Failed to resolve 'dev.posit.niehs.nih.gov' ([Errno 8] nodename nor servname provided, or not known)""))"
1938,PDF batch 1938/6155 (1 references),1,ConnectionError,"HTTPSConnectionPool(host='dev.posit.niehs.nih.gov', port=443): Max retries exceeded with url: /et/api/pdf-download (Caused by NameResolutionError(""HTTPSConnection(host='dev.posit.niehs.nih.gov', port=443): Failed to resolve 'dev.posit.niehs.nih.gov' ([Errno 8] nodename nor servname provided, or not known)""))"
1940,PDF batch 1940/6155 (1 references),1,ConnectionError,"HTTPSConnectionPool(host='dev.posit.niehs.nih.gov', port=443): Max retries exceeded with url: /et/api/pdf-download (Caused by NameResolutionError(""HTTPSConnection(host='dev.posit.niehs.nih.gov', port=443): Failed to resolve 'dev.posit.niehs.nih.gov' ([Errno 8] nodename nor servname provided, or not known)""))"
1943,PDF batch 1943/6155 (1 references),1,ConnectionError,"HTTPSConnectionPool(host='dev.posit.niehs.nih.gov', port=443): Max retries exceeded with url: /et/api/pdf-download (Caused by NameResolutionError(""HTTPSConnection(host='dev.posit.niehs.nih.gov', port=443): Failed to resolve 'dev.posit.niehs.nih.gov' ([Errno 8] nodename nor servname provided, or not known)""))"
1942,PDF batch 1942/6155 (1 references),1,ConnectionError,"HTTPSConnectionPool(host='dev.posit.niehs.nih.gov', port=443): Max retries exceeded with url: /et/api/pdf-download (Caused by NameResolutionError(""HTTPSConnection(host='dev.posit.niehs.nih.gov', port=443): Failed to resolve 'dev.posit.niehs.nih.gov' ([Errno 8] nodename nor servname provided, or not known)""))"
1939,PDF batch 1939/6155 (1 references),1,ConnectionError,"HTTPSConnectionPool(host='dev.posit.niehs.nih.gov', port=443): Max retries exceeded with url: /et/api/pdf-download (Caused by NameResolutionError(""HTTPSConnection(host='dev.posit.niehs.nih.gov', port=443): Failed to resolve 'dev.posit.niehs.nih.gov' ([Errno 8] nodename nor servname provided, or not known)""))"
1941,PDF batch 1941/6155 (1 references),1,ConnectionError,"HTTPSConnectionPool(host='dev.posit.niehs.nih.gov', port=443): Max retries exceeded with url: /et/api/pdf-download (Caused by NameResolutionError(""HTTPSConnection(host='dev.posit.niehs.nih.gov', port=443): Failed to resolve 'dev.posit.niehs.nih.gov' ([Errno 8] nodename nor servname provided, or not known)""))"
1946,PDF batch 1946/6155 (1 references),1,ConnectionError,"HTTPSConnectionPool(host='dev.posit.niehs.nih.gov', port=443): Max retries exceeded with url: /et/api/pdf-download (Caused by NameResolutionError(""HTTPSConnection(host='dev.posit.niehs.nih.gov', port=443): Failed to resolve 'dev.posit.niehs.nih.gov' ([Errno 8] nodename nor servname provided, or not known)""))"
1945,PDF batch 1945/6155 (1 references),1,ConnectionError,"HTTPSConnectionPool(host='dev.posit.niehs.nih.gov', port=443): Max retries exceeded with url: /et/api/pdf-download (Caused by NameResolutionError(""HTTPSConnection(host='dev.posit.niehs.nih.gov', port=443): Failed to resolve 'dev.posit.niehs.nih.gov' ([Errno 8] nodename nor servname provided, or not known)""))"
1947,PDF batch 1947/6155 (1 references),1,ConnectionError,"HTTPSConnectionPool(host='dev.posit.niehs.nih.gov', port=443): Max retries exceeded with url: /et/api/pdf-download (Caused by NameResolutionError(""HTTPSConnection(host='dev.posit.niehs.nih.gov', port=443): Failed to resolve 'dev.posit.niehs.nih.gov' ([Errno 8] nodename nor servname provided, or not known)""))"
1948,PDF batch 1948/6155 (1 references),1,ConnectionError,"HTTPSConnectionPool(host='dev.posit.niehs.nih.gov', port=443): Max retries exceeded with url: /et/api/pdf-download (Caused by NameResolutionError(""HTTPSConnection(host='dev.posit.niehs.nih.gov', port=443): Failed to resolve 'dev.posit.niehs.nih.gov' ([Errno 8] nodename nor servname provided, or not known)""))"
1950,PDF batch 1950/6155 (1 references),1,ConnectionError,"HTTPSConnectionPool(host='dev.posit.niehs.nih.gov', port=443): Max retries exceeded with url: /et/api/pdf-download (Caused by NameResolutionError(""HTTPSConnection(host='dev.posit.niehs.nih.gov', port=443): Failed to resolve 'dev.posit.niehs.nih.gov' ([Errno 8] nodename nor servname provided, or not known)""))"
1949,PDF batch 1949/6155 (1 references),1,ConnectionError,"HTTPSConnectionPool(host='dev.posit.niehs.nih.gov', port=443): Max retries exceeded with url: /et/api/pdf-download (Caused by NameResolutionError(""HTTPSConnection(host='dev.posit.niehs.nih.gov', port=443): Failed to resolve 'dev.posit.niehs.nih.gov' ([Errno 8] nodename nor servname provided, or not known)""))"
1955,PDF batch 1955/6155 (1 references),1,ConnectionError,"HTTPSConnectionPool(host='dev.posit.niehs.nih.gov', port=443): Max retries exceeded with url: /et/api/pdf-download (Caused by NameResolutionError(""HTTPSConnection(host='dev.posit.niehs.nih.gov', port=443): Failed to resolve 'dev.posit.niehs.nih.gov' ([Errno 8] nodename nor servname provided, or not known)""))"
1952,PDF batch 1952/6155 (1 references),1,ConnectionError,"HTTPSConnectionPool(host='dev.posit.niehs.nih.gov', port=443): Max retries exceeded with url: /et/api/pdf-download (Caused by NameResolutionError(""HTTPSConnection(host='dev.posit.niehs.nih.gov', port=443): Failed to resolve 'dev.posit.niehs.nih.gov' ([Errno 8] nodename nor servname provided, or not known)""))"
1953,PDF batch 1953/6155 (1 references),1,ConnectionError,"HTTPSConnectionPool(host='dev.posit.niehs.nih.gov', port=443): Max retries exceeded with url: /et/api/pdf-download (Caused by NameResolutionError(""HTTPSConnection(host='dev.posit.niehs.nih.gov', port=443): Failed to resolve 'dev.posit.niehs.nih.gov' ([Errno 8] nodename nor servname provided, or not known)""))"
1954,PDF batch 1954/6155 (1 references),1,ConnectionError,"HTTPSConnectionPool(host='dev.posit.niehs.nih.gov', port=443): Max retries exceeded with url: /et/api/pdf-download (Caused by NameResolutionError(""HTTPSConnection(host='dev.posit.niehs.nih.gov', port=443): Failed to resolve 'dev.posit.niehs.nih.gov' ([Errno 8] nodename nor servname provided, or not known)""))"
1951,PDF batch 1951/6155 (1 references),1,ConnectionError,"HTTPSConnectionPool(host='dev.posit.niehs.nih.gov', port=443): Max retries exceeded with url: /et/api/pdf-download (Caused by NameResolutionError(""HTTPSConnection(host='dev.posit.niehs.nih.gov', port=443): Failed to resolve 'dev.posit.niehs.nih.gov' ([Errno 8] nodename nor servname provided, or not known)""))"
1956,PDF batch 1956/6155 (1 references),1,ConnectionError,"HTTPSConnectionPool(host='dev.posit.niehs.nih.gov', port=443): Max retries exceeded with url: /et/api/pdf-download (Caused by NameResolutionError(""HTTPSConnection(host='dev.posit.niehs.nih.gov', port=443): Failed to resolve 'dev.posit.niehs.nih.gov' ([Errno 8] nodename nor servname provided, or not known)""))"
1957,PDF batch 1957/6155 (1 references),1,ConnectionError,"HTTPSConnectionPool(host='dev.posit.niehs.nih.gov', port=443): Max retries exceeded with url: /et/api/pdf-download (Caused by NameResolutionError(""HTTPSConnection(host='dev.posit.niehs.nih.gov', port=443): Failed to resolve 'dev.posit.niehs.nih.gov' ([Errno 8] nodename nor servname provided, or not known)""))"
1962,PDF batch 1962/6155 (1 references),1,ConnectionError,"HTTPSConnectionPool(host='dev.posit.niehs.nih.gov', port=443): Max retries exceeded with url: /et/api/pdf-download (Caused by NameResolutionError(""HTTPSConnection(host='dev.posit.niehs.nih.gov', port=443): Failed to resolve 'dev.posit.niehs.nih.gov' ([Errno 8] nodename nor servname provided, or not known)""))"
1958,PDF batch 1958/6155 (1 references),1,ConnectionError,"HTTPSConnectionPool(host='dev.posit.niehs.nih.gov', port=443): Max retries exceeded with url: /et/api/pdf-download (Caused by NameResolutionError(""HTTPSConnection(host='dev.posit.niehs.nih.gov', port=443): Failed to resolve 'dev.posit.niehs.nih.gov' ([Errno 8] nodename nor servname provided, or not known)""))"
1959,PDF batch 1959/6155 (1 references),1,ConnectionError,"HTTPSConnectionPool(host='dev.posit.niehs.nih.gov', port=443): Max retries exceeded with url: /et/api/pdf-download (Caused by NameResolutionError(""HTTPSConnection(host='dev.posit.niehs.nih.gov', port=443): Failed to resolve 'dev.posit.niehs.nih.gov' ([Errno 8] nodename nor servname provided, or not known)""))"
1960,PDF batch 1960/6155 (1 references),1,ConnectionError,"HTTPSConnectionPool(host='dev.posit.niehs.nih.gov', port=443): Max retries exceeded with url: /et/api/pdf-download (Caused by NameResolutionError(""HTTPSConnection(host='dev.posit.niehs.nih.gov', port=443): Failed to resolve 'dev.posit.niehs.nih.gov' ([Errno 8] nodename nor servname provided, or not known)""))"
1961,PDF batch 1961/6155 (1 references),1,ConnectionError,"HTTPSConnectionPool(host='dev.posit.niehs.nih.gov', port=443): Max retries exceeded with url: /et/api/pdf-download (Caused by NameResolutionError(""HTTPSConnection(host='dev.posit.niehs.nih.gov', port=443): Failed to resolve 'dev.posit.niehs.nih.gov' ([Errno 8] nodename nor servname provided, or not known)""))"
1963,PDF batch 1963/6155 (1 references),1,ConnectionError,"HTTPSConnectionPool(host='dev.posit.niehs.nih.gov', port=443): Max retries exceeded with url: /et/api/pdf-download (Caused by NameResolutionError(""HTTPSConnection(host='dev.posit.niehs.nih.gov', port=443): Failed to resolve 'dev.posit.niehs.nih.gov' ([Errno 8] nodename nor servname provided, or not known)""))"
1965,PDF batch 1965/6155 (1 references),1,ConnectionError,"HTTPSConnectionPool(host='dev.posit.niehs.nih.gov', port=443): Max retries exceeded with url: /et/api/pdf-download (Caused by NameResolutionError(""HTTPSConnection(host='dev.posit.niehs.nih.gov', port=443): Failed to resolve 'dev.posit.niehs.nih.gov' ([Errno 8] nodename nor servname provided, or not known)""))"
1964,PDF batch 1964/6155 (1 references),1,ConnectionError,"HTTPSConnectionPool(host='dev.posit.niehs.nih.gov', port=443): Max retries exceeded with url: /et/api/pdf-download (Caused by NameResolutionError(""HTTPSConnection(host='dev.posit.niehs.nih.gov', port=443): Failed to resolve 'dev.posit.niehs.nih.gov' ([Errno 8] nodename nor servname provided, or not known)""))"
1966,PDF batch 1966/6155 (1 references),1,ConnectionError,"HTTPSConnectionPool(host='dev.posit.niehs.nih.gov', port=443): Max retries exceeded with url: /et/api/pdf-download (Caused by NameResolutionError(""HTTPSConnection(host='dev.posit.niehs.nih.gov', port=443): Failed to resolve 'dev.posit.niehs.nih.gov' ([Errno 8] nodename nor servname provided, or not known)""))"
1967,PDF batch 1967/6155 (1 references),1,ConnectionError,"HTTPSConnectionPool(host='dev.posit.niehs.nih.gov', port=443): Max retries exceeded with url: /et/api/pdf-download (Caused by NameResolutionError(""HTTPSConnection(host='dev.posit.niehs.nih.gov', port=443): Failed to resolve 'dev.posit.niehs.nih.gov' ([Errno 8] nodename nor servname provided, or not known)""))"
1968,PDF batch 1968/6155 (1 references),1,ConnectionError,"HTTPSConnectionPool(host='dev.posit.niehs.nih.gov', port=443): Max retries exceeded with url: /et/api/pdf-download (Caused by NameResolutionError(""HTTPSConnection(host='dev.posit.niehs.nih.gov', port=443): Failed to resolve 'dev.posit.niehs.nih.gov' ([Errno 8] nodename nor servname provided, or not known)""))"
1970,PDF batch 1970/6155 (1 references),1,ConnectionError,"HTTPSConnectionPool(host='dev.posit.niehs.nih.gov', port=443): Max retries exceeded with url: /et/api/pdf-download (Caused by NameResolutionError(""HTTPSConnection(host='dev.posit.niehs.nih.gov', port=443): Failed to resolve 'dev.posit.niehs.nih.gov' ([Errno 8] nodename nor servname provided, or not known)""))"
1969,PDF batch 1969/6155 (1 references),1,ConnectionError,"HTTPSConnectionPool(host='dev.posit.niehs.nih.gov', port=443): Max retries exceeded with url: /et/api/pdf-download (Caused by NameResolutionError(""HTTPSConnection(host='dev.posit.niehs.nih.gov', port=443): Failed to resolve 'dev.posit.niehs.nih.gov' ([Errno 8] nodename nor servname provided, or not known)""))"
1974,PDF batch 1974/6155 (1 references),1,ConnectionError,"HTTPSConnectionPool(host='dev.posit.niehs.nih.gov', port=443): Max retries exceeded with url: /et/api/pdf-download (Caused by NameResolutionError(""HTTPSConnection(host='dev.posit.niehs.nih.gov', port=443): Failed to resolve 'dev.posit.niehs.nih.gov' ([Errno 8] nodename nor servname provided, or not known)""))"
1971,PDF batch 1971/6155 (1 references),1,ConnectionError,"HTTPSConnectionPool(host='dev.posit.niehs.nih.gov', port=443): Max retries exceeded with url: /et/api/pdf-download (Caused by NameResolutionError(""HTTPSConnection(host='dev.posit.niehs.nih.gov', port=443): Failed to resolve 'dev.posit.niehs.nih.gov' ([Errno 8] nodename nor servname provided, or not known)""))"
1973,PDF batch 1973/6155 (1 references),1,ConnectionError,"HTTPSConnectionPool(host='dev.posit.niehs.nih.gov', port=443): Max retries exceeded with url: /et/api/pdf-download (Caused by NameResolutionError(""HTTPSConnection(host='dev.posit.niehs.nih.gov', port=443): Failed to resolve 'dev.posit.niehs.nih.gov' ([Errno 8] nodename nor servname provided, or not known)""))"
1972,PDF batch 1972/6155 (1 references),1,ConnectionError,"HTTPSConnectionPool(host='dev.posit.niehs.nih.gov', port=443): Max retries exceeded with url: /et/api/pdf-download (Caused by NameResolutionError(""HTTPSConnection(host='dev.posit.niehs.nih.gov', port=443): Failed to resolve 'dev.posit.niehs.nih.gov' ([Errno 8] nodename nor servname provided, or not known)""))"
1975,PDF batch 1975/6155 (1 references),1,ConnectionError,"HTTPSConnectionPool(host='dev.posit.niehs.nih.gov', port=443): Max retries exceeded with url: /et/api/pdf-download (Caused by NameResolutionError(""HTTPSConnection(host='dev.posit.niehs.nih.gov', port=443): Failed to resolve 'dev.posit.niehs.nih.gov' ([Errno 8] nodename nor servname provided, or not known)""))"
1977,PDF batch 1977/6155 (1 references),1,ConnectionError,"HTTPSConnectionPool(host='dev.posit.niehs.nih.gov', port=443): Max retries exceeded with url: /et/api/pdf-download (Caused by NameResolutionError(""HTTPSConnection(host='dev.posit.niehs.nih.gov', port=443): Failed to resolve 'dev.posit.niehs.nih.gov' ([Errno 8] nodename nor servname provided, or not known)""))"
1979,PDF batch 1979/6155 (1 references),1,ConnectionError,"HTTPSConnectionPool(host='dev.posit.niehs.nih.gov', port=443): Max retries exceeded with url: /et/api/pdf-download (Caused by NameResolutionError(""HTTPSConnection(host='dev.posit.niehs.nih.gov', port=443): Failed to resolve 'dev.posit.niehs.nih.gov' ([Errno 8] nodename nor servname provided, or not known)""))"
1980,PDF batch 1980/6155 (1 references),1,ConnectionError,"HTTPSConnectionPool(host='dev.posit.niehs.nih.gov', port=443): Max retries exceeded with url: /et/api/pdf-download (Caused by NameResolutionError(""HTTPSConnection(host='dev.posit.niehs.nih.gov', port=443): Failed to resolve 'dev.posit.niehs.nih.gov' ([Errno 8] nodename nor servname provided, or not known)""))"
1982,PDF batch 1982/6155 (1 references),1,ConnectionError,"HTTPSConnectionPool(host='dev.posit.niehs.nih.gov', port=443): Max retries exceeded with url: /et/api/pdf-download (Caused by NameResolutionError(""HTTPSConnection(host='dev.posit.niehs.nih.gov', port=443): Failed to resolve 'dev.posit.niehs.nih.gov' ([Errno 8] nodename nor servname provided, or not known)""))"
1976,PDF batch 1976/6155 (1 references),1,ConnectionError,"HTTPSConnectionPool(host='dev.posit.niehs.nih.gov', port=443): Max retries exceeded with url: /et/api/pdf-download (Caused by NameResolutionError(""HTTPSConnection(host='dev.posit.niehs.nih.gov', port=443): Failed to resolve 'dev.posit.niehs.nih.gov' ([Errno 8] nodename nor servname provided, or not known)""))"
1981,PDF batch 1981/6155 (1 references),1,ConnectionError,"HTTPSConnectionPool(host='dev.posit.niehs.nih.gov', port=443): Max retries exceeded with url: /et/api/pdf-download (Caused by NameResolutionError(""HTTPSConnection(host='dev.posit.niehs.nih.gov', port=443): Failed to resolve 'dev.posit.niehs.nih.gov' ([Errno 8] nodename nor servname provided, or not known)""))"
1978,PDF batch 1978/6155 (1 references),1,ConnectionError,"HTTPSConnectionPool(host='dev.posit.niehs.nih.gov', port=443): Max retries exceeded with url: /et/api/pdf-download (Caused by NameResolutionError(""HTTPSConnection(host='dev.posit.niehs.nih.gov', port=443): Failed to resolve 'dev.posit.niehs.nih.gov' ([Errno 8] nodename nor servname provided, or not known)""))"
1983,PDF batch 1983/6155 (1 references),1,ConnectionError,"HTTPSConnectionPool(host='dev.posit.niehs.nih.gov', port=443): Max retries exceeded with url: /et/api/pdf-download (Caused by NameResolutionError(""HTTPSConnection(host='dev.posit.niehs.nih.gov', port=443): Failed to resolve 'dev.posit.niehs.nih.gov' ([Errno 8] nodename nor servname provided, or not known)""))"
1984,PDF batch 1984/6155 (1 references),1,ConnectionError,"HTTPSConnectionPool(host='dev.posit.niehs.nih.gov', port=443): Max retries exceeded with url: /et/api/pdf-download (Caused by NameResolutionError(""HTTPSConnection(host='dev.posit.niehs.nih.gov', port=443): Failed to resolve 'dev.posit.niehs.nih.gov' ([Errno 8] nodename nor servname provided, or not known)""))"
1985,PDF batch 1985/6155 (1 references),1,ConnectionError,"HTTPSConnectionPool(host='dev.posit.niehs.nih.gov', port=443): Max retries exceeded with url: /et/api/pdf-download (Caused by NameResolutionError(""HTTPSConnection(host='dev.posit.niehs.nih.gov', port=443): Failed to resolve 'dev.posit.niehs.nih.gov' ([Errno 8] nodename nor servname provided, or not known)""))"
1986,PDF batch 1986/6155 (1 references),1,ConnectionError,"HTTPSConnectionPool(host='dev.posit.niehs.nih.gov', port=443): Max retries exceeded with url: /et/api/pdf-download (Caused by NameResolutionError(""HTTPSConnection(host='dev.posit.niehs.nih.gov', port=443): Failed to resolve 'dev.posit.niehs.nih.gov' ([Errno 8] nodename nor servname provided, or not known)""))"
1992,PDF batch 1992/6155 (1 references),1,ConnectionError,"HTTPSConnectionPool(host='dev.posit.niehs.nih.gov', port=443): Max retries exceeded with url: /et/api/pdf-download (Caused by NameResolutionError(""HTTPSConnection(host='dev.posit.niehs.nih.gov', port=443): Failed to resolve 'dev.posit.niehs.nih.gov' ([Errno 8] nodename nor servname provided, or not known)""))"
1989,PDF batch 1989/6155 (1 references),1,ConnectionError,"HTTPSConnectionPool(host='dev.posit.niehs.nih.gov', port=443): Max retries exceeded with url: /et/api/pdf-download (Caused by NameResolutionError(""HTTPSConnection(host='dev.posit.niehs.nih.gov', port=443): Failed to resolve 'dev.posit.niehs.nih.gov' ([Errno 8] nodename nor servname provided, or not known)""))"
1990,PDF batch 1990/6155 (1 references),1,ConnectionError,"HTTPSConnectionPool(host='dev.posit.niehs.nih.gov', port=443): Max retries exceeded with url: /et/api/pdf-download (Caused by NameResolutionError(""HTTPSConnection(host='dev.posit.niehs.nih.gov', port=443): Failed to resolve 'dev.posit.niehs.nih.gov' ([Errno 8] nodename nor servname provided, or not known)""))"
1988,PDF batch 1988/6155 (1 references),1,ConnectionError,"HTTPSConnectionPool(host='dev.posit.niehs.nih.gov', port=443): Max retries exceeded with url: /et/api/pdf-download (Caused by NameResolutionError(""HTTPSConnection(host='dev.posit.niehs.nih.gov', port=443): Failed to resolve 'dev.posit.niehs.nih.gov' ([Errno 8] nodename nor servname provided, or not known)""))"
1987,PDF batch 1987/6155 (1 references),1,ConnectionError,"HTTPSConnectionPool(host='dev.posit.niehs.nih.gov', port=443): Max retries exceeded with url: /et/api/pdf-download (Caused by NameResolutionError(""HTTPSConnection(host='dev.posit.niehs.nih.gov', port=443): Failed to resolve 'dev.posit.niehs.nih.gov' ([Errno 8] nodename nor servname provided, or not known)""))"
1991,PDF batch 1991/6155 (1 references),1,ConnectionError,"HTTPSConnectionPool(host='dev.posit.niehs.nih.gov', port=443): Max retries exceeded with url: /et/api/pdf-download (Caused by NameResolutionError(""HTTPSConnection(host='dev.posit.niehs.nih.gov', port=443): Failed to resolve 'dev.posit.niehs.nih.gov' ([Errno 8] nodename nor servname provided, or not known)""))"
1993,PDF batch 1993/6155 (1 references),1,ConnectionError,"HTTPSConnectionPool(host='dev.posit.niehs.nih.gov', port=443): Max retries exceeded with url: /et/api/pdf-download (Caused by NameResolutionError(""HTTPSConnection(host='dev.posit.niehs.nih.gov', port=443): Failed to resolve 'dev.posit.niehs.nih.gov' ([Errno 8] nodename nor servname provided, or not known)""))"
1994,PDF batch 1994/6155 (1 references),1,ConnectionError,"HTTPSConnectionPool(host='dev.posit.niehs.nih.gov', port=443): Max retries exceeded with url: /et/api/pdf-download (Caused by NameResolutionError(""HTTPSConnection(host='dev.posit.niehs.nih.gov', port=443): Failed to resolve 'dev.posit.niehs.nih.gov' ([Errno 8] nodename nor servname provided, or not known)""))"
1995,PDF batch 1995/6155 (1 references),1,ConnectionError,"HTTPSConnectionPool(host='dev.posit.niehs.nih.gov', port=443): Max retries exceeded with url: /et/api/pdf-download (Caused by NameResolutionError(""HTTPSConnection(host='dev.posit.niehs.nih.gov', port=443): Failed to resolve 'dev.posit.niehs.nih.gov' ([Errno 8] nodename nor servname provided, or not known)""))"
1996,PDF batch 1996/6155 (1 references),1,ConnectionError,"HTTPSConnectionPool(host='dev.posit.niehs.nih.gov', port=443): Max retries exceeded with url: /et/api/pdf-download (Caused by NameResolutionError(""HTTPSConnection(host='dev.posit.niehs.nih.gov', port=443): Failed to resolve 'dev.posit.niehs.nih.gov' ([Errno 8] nodename nor servname provided, or not known)""))"
2000,PDF batch 2000/6155 (1 references),1,ConnectionError,"HTTPSConnectionPool(host='dev.posit.niehs.nih.gov', port=443): Max retries exceeded with url: /et/api/pdf-download (Caused by NameResolutionError(""HTTPSConnection(host='dev.posit.niehs.nih.gov', port=443): Failed to resolve 'dev.posit.niehs.nih.gov' ([Errno 8] nodename nor servname provided, or not known)""))"
1999,PDF batch 1999/6155 (1 references),1,ConnectionError,"HTTPSConnectionPool(host='dev.posit.niehs.nih.gov', port=443): Max retries exceeded with url: /et/api/pdf-download (Caused by NameResolutionError(""HTTPSConnection(host='dev.posit.niehs.nih.gov', port=443): Failed to resolve 'dev.posit.niehs.nih.gov' ([Errno 8] nodename nor servname provided, or not known)""))"
1998,PDF batch 1998/6155 (1 references),1,ConnectionError,"HTTPSConnectionPool(host='dev.posit.niehs.nih.gov', port=443): Max retries exceeded with url: /et/api/pdf-download (Caused by NameResolutionError(""HTTPSConnection(host='dev.posit.niehs.nih.gov', port=443): Failed to resolve 'dev.posit.niehs.nih.gov' ([Errno 8] nodename nor servname provided, or not known)""))"
1997,PDF batch 1997/6155 (1 references),1,ConnectionError,"HTTPSConnectionPool(host='dev.posit.niehs.nih.gov', port=443): Max retries exceeded with url: /et/api/pdf-download (Caused by NameResolutionError(""HTTPSConnection(host='dev.posit.niehs.nih.gov', port=443): Failed to resolve 'dev.posit.niehs.nih.gov' ([Errno 8] nodename nor servname provided, or not known)""))"
2001,PDF batch 2001/6155 (1 references),1,ConnectionError,"HTTPSConnectionPool(host='dev.posit.niehs.nih.gov', port=443): Max retries exceeded with url: /et/api/pdf-download (Caused by NameResolutionError(""HTTPSConnection(host='dev.posit.niehs.nih.gov', port=443): Failed to resolve 'dev.posit.niehs.nih.gov' ([Errno 8] nodename nor servname provided, or not known)""))"
2003,PDF batch 2003/6155 (1 references),1,ConnectionError,"HTTPSConnectionPool(host='dev.posit.niehs.nih.gov', port=443): Max retries exceeded with url: /et/api/pdf-download (Caused by NameResolutionError(""HTTPSConnection(host='dev.posit.niehs.nih.gov', port=443): Failed to resolve 'dev.posit.niehs.nih.gov' ([Errno 8] nodename nor servname provided, or not known)""))"
2004,PDF batch 2004/6155 (1 references),1,ConnectionError,"HTTPSConnectionPool(host='dev.posit.niehs.nih.gov', port=443): Max retries exceeded with url: /et/api/pdf-download (Caused by NameResolutionError(""HTTPSConnection(host='dev.posit.niehs.nih.gov', port=443): Failed to resolve 'dev.posit.niehs.nih.gov' ([Errno 8] nodename nor servname provided, or not known)""))"
2002,PDF batch 2002/6155 (1 references),1,ConnectionError,"HTTPSConnectionPool(host='dev.posit.niehs.nih.gov', port=443): Max retries exceeded with url: /et/api/pdf-download (Caused by NameResolutionError(""HTTPSConnection(host='dev.posit.niehs.nih.gov', port=443): Failed to resolve 'dev.posit.niehs.nih.gov' ([Errno 8] nodename nor servname provided, or not known)""))"
2005,PDF batch 2005/6155 (1 references),1,ConnectionError,"HTTPSConnectionPool(host='dev.posit.niehs.nih.gov', port=443): Max retries exceeded with url: /et/api/pdf-download (Caused by NameResolutionError(""HTTPSConnection(host='dev.posit.niehs.nih.gov', port=443): Failed to resolve 'dev.posit.niehs.nih.gov' ([Errno 8] nodename nor servname provided, or not known)""))"
2010,PDF batch 2010/6155 (1 references),1,ConnectionError,"HTTPSConnectionPool(host='dev.posit.niehs.nih.gov', port=443): Max retries exceeded with url: /et/api/pdf-download (Caused by NameResolutionError(""HTTPSConnection(host='dev.posit.niehs.nih.gov', port=443): Failed to resolve 'dev.posit.niehs.nih.gov' ([Errno 8] nodename nor servname provided, or not known)""))"
2008,PDF batch 2008/6155 (1 references),1,ConnectionError,"HTTPSConnectionPool(host='dev.posit.niehs.nih.gov', port=443): Max retries exceeded with url: /et/api/pdf-download (Caused by NameResolutionError(""HTTPSConnection(host='dev.posit.niehs.nih.gov', port=443): Failed to resolve 'dev.posit.niehs.nih.gov' ([Errno 8] nodename nor servname provided, or not known)""))"
2007,PDF batch 2007/6155 (1 references),1,ConnectionError,"HTTPSConnectionPool(host='dev.posit.niehs.nih.gov', port=443): Max retries exceeded with url: /et/api/pdf-download (Caused by NameResolutionError(""HTTPSConnection(host='dev.posit.niehs.nih.gov', port=443): Failed to resolve 'dev.posit.niehs.nih.gov' ([Errno 8] nodename nor servname provided, or not known)""))"
2009,PDF batch 2009/6155 (1 references),1,ConnectionError,"HTTPSConnectionPool(host='dev.posit.niehs.nih.gov', port=443): Max retries exceeded with url: /et/api/pdf-download (Caused by NameResolutionError(""HTTPSConnection(host='dev.posit.niehs.nih.gov', port=443): Failed to resolve 'dev.posit.niehs.nih.gov' ([Errno 8] nodename nor servname provided, or not known)""))"
2006,PDF batch 2006/6155 (1 references),1,ConnectionError,"HTTPSConnectionPool(host='dev.posit.niehs.nih.gov', port=443): Max retries exceeded with url: /et/api/pdf-download (Caused by NameResolutionError(""HTTPSConnection(host='dev.posit.niehs.nih.gov', port=443): Failed to resolve 'dev.posit.niehs.nih.gov' ([Errno 8] nodename nor servname provided, or not known)""))"
2012,PDF batch 2012/6155 (1 references),1,ConnectionError,"HTTPSConnectionPool(host='dev.posit.niehs.nih.gov', port=443): Max retries exceeded with url: /et/api/pdf-download (Caused by NameResolutionError(""HTTPSConnection(host='dev.posit.niehs.nih.gov', port=443): Failed to resolve 'dev.posit.niehs.nih.gov' ([Errno 8] nodename nor servname provided, or not known)""))"
2011,PDF batch 2011/6155 (1 references),1,ConnectionError,"HTTPSConnectionPool(host='dev.posit.niehs.nih.gov', port=443): Max retries exceeded with url: /et/api/pdf-download (Caused by NameResolutionError(""HTTPSConnection(host='dev.posit.niehs.nih.gov', port=443): Failed to resolve 'dev.posit.niehs.nih.gov' ([Errno 8] nodename nor servname provided, or not known)""))"
2013,PDF batch 2013/6155 (1 references),1,ConnectionError,"HTTPSConnectionPool(host='dev.posit.niehs.nih.gov', port=443): Max retries exceeded with url: /et/api/pdf-download (Caused by NameResolutionError(""HTTPSConnection(host='dev.posit.niehs.nih.gov', port=443): Failed to resolve 'dev.posit.niehs.nih.gov' ([Errno 8] nodename nor servname provided, or not known)""))"
2018,PDF batch 2018/6155 (1 references),1,ConnectionError,"HTTPSConnectionPool(host='dev.posit.niehs.nih.gov', port=443): Max retries exceeded with url: /et/api/pdf-download (Caused by NameResolutionError(""HTTPSConnection(host='dev.posit.niehs.nih.gov', port=443): Failed to resolve 'dev.posit.niehs.nih.gov' ([Errno 8] nodename nor servname provided, or not known)""))"
2019,PDF batch 2019/6155 (1 references),1,ConnectionError,"HTTPSConnectionPool(host='dev.posit.niehs.nih.gov', port=443): Max retries exceeded with url: /et/api/pdf-download (Caused by NameResolutionError(""HTTPSConnection(host='dev.posit.niehs.nih.gov', port=443): Failed to resolve 'dev.posit.niehs.nih.gov' ([Errno 8] nodename nor servname provided, or not known)""))"
2016,PDF batch 2016/6155 (1 references),1,ConnectionError,"HTTPSConnectionPool(host='dev.posit.niehs.nih.gov', port=443): Max retries exceeded with url: /et/api/pdf-download (Caused by NameResolutionError(""HTTPSConnection(host='dev.posit.niehs.nih.gov', port=443): Failed to resolve 'dev.posit.niehs.nih.gov' ([Errno 8] nodename nor servname provided, or not known)""))"
2020,PDF batch 2020/6155 (1 references),1,ConnectionError,"HTTPSConnectionPool(host='dev.posit.niehs.nih.gov', port=443): Max retries exceeded with url: /et/api/pdf-download (Caused by NameResolutionError(""HTTPSConnection(host='dev.posit.niehs.nih.gov', port=443): Failed to resolve 'dev.posit.niehs.nih.gov' ([Errno 8] nodename nor servname provided, or not known)""))"
2017,PDF batch 2017/6155 (1 references),1,ConnectionError,"HTTPSConnectionPool(host='dev.posit.niehs.nih.gov', port=443): Max retries exceeded with url: /et/api/pdf-download (Caused by NameResolutionError(""HTTPSConnection(host='dev.posit.niehs.nih.gov', port=443): Failed to resolve 'dev.posit.niehs.nih.gov' ([Errno 8] nodename nor servname provided, or not known)""))"
2015,PDF batch 2015/6155 (1 references),1,ConnectionError,"HTTPSConnectionPool(host='dev.posit.niehs.nih.gov', port=443): Max retries exceeded with url: /et/api/pdf-download (Caused by NameResolutionError(""HTTPSConnection(host='dev.posit.niehs.nih.gov', port=443): Failed to resolve 'dev.posit.niehs.nih.gov' ([Errno 8] nodename nor servname provided, or not known)""))"
2014,PDF batch 2014/6155 (1 references),1,ConnectionError,"HTTPSConnectionPool(host='dev.posit.niehs.nih.gov', port=443): Max retries exceeded with url: /et/api/pdf-download (Caused by NameResolutionError(""HTTPSConnection(host='dev.posit.niehs.nih.gov', port=443): Failed to resolve 'dev.posit.niehs.nih.gov' ([Errno 8] nodename nor servname provided, or not known)""))"
2023,PDF batch 2023/6155 (1 references),1,ConnectionError,"HTTPSConnectionPool(host='dev.posit.niehs.nih.gov', port=443): Max retries exceeded with url: /et/api/pdf-download (Caused by NameResolutionError(""HTTPSConnection(host='dev.posit.niehs.nih.gov', port=443): Failed to resolve 'dev.posit.niehs.nih.gov' ([Errno 8] nodename nor servname provided, or not known)""))"
2021,PDF batch 2021/6155 (1 references),1,ConnectionError,"HTTPSConnectionPool(host='dev.posit.niehs.nih.gov', port=443): Max retries exceeded with url: /et/api/pdf-download (Caused by NameResolutionError(""HTTPSConnection(host='dev.posit.niehs.nih.gov', port=443): Failed to resolve 'dev.posit.niehs.nih.gov' ([Errno 8] nodename nor servname provided, or not known)""))"
2022,PDF batch 2022/6155 (1 references),1,ConnectionError,"HTTPSConnectionPool(host='dev.posit.niehs.nih.gov', port=443): Max retries exceeded with url: /et/api/pdf-download (Caused by NameResolutionError(""HTTPSConnection(host='dev.posit.niehs.nih.gov', port=443): Failed to resolve 'dev.posit.niehs.nih.gov' ([Errno 8] nodename nor servname provided, or not known)""))"
2024,PDF batch 2024/6155 (1 references),1,ConnectionError,"HTTPSConnectionPool(host='dev.posit.niehs.nih.gov', port=443): Max retries exceeded with url: /et/api/pdf-download (Caused by NameResolutionError(""HTTPSConnection(host='dev.posit.niehs.nih.gov', port=443): Failed to resolve 'dev.posit.niehs.nih.gov' ([Errno 8] nodename nor servname provided, or not known)""))"
2025,PDF batch 2025/6155 (1 references),1,ConnectionError,"HTTPSConnectionPool(host='dev.posit.niehs.nih.gov', port=443): Max retries exceeded with url: /et/api/pdf-download (Caused by NameResolutionError(""HTTPSConnection(host='dev.posit.niehs.nih.gov', port=443): Failed to resolve 'dev.posit.niehs.nih.gov' ([Errno 8] nodename nor servname provided, or not known)""))"
2026,PDF batch 2026/6155 (1 references),1,ConnectionError,"HTTPSConnectionPool(host='dev.posit.niehs.nih.gov', port=443): Max retries exceeded with url: /et/api/pdf-download (Caused by NameResolutionError(""HTTPSConnection(host='dev.posit.niehs.nih.gov', port=443): Failed to resolve 'dev.posit.niehs.nih.gov' ([Errno 8] nodename nor servname provided, or not known)""))"
2028,PDF batch 2028/6155 (1 references),1,ConnectionError,"HTTPSConnectionPool(host='dev.posit.niehs.nih.gov', port=443): Max retries exceeded with url: /et/api/pdf-download (Caused by NameResolutionError(""HTTPSConnection(host='dev.posit.niehs.nih.gov', port=443): Failed to resolve 'dev.posit.niehs.nih.gov' ([Errno 8] nodename nor servname provided, or not known)""))"
2027,PDF batch 2027/6155 (1 references),1,ConnectionError,"HTTPSConnectionPool(host='dev.posit.niehs.nih.gov', port=443): Max retries exceeded with url: /et/api/pdf-download (Caused by NameResolutionError(""HTTPSConnection(host='dev.posit.niehs.nih.gov', port=443): Failed to resolve 'dev.posit.niehs.nih.gov' ([Errno 8] nodename nor servname provided, or not known)""))"
2030,PDF batch 2030/6155 (1 references),1,ConnectionError,"HTTPSConnectionPool(host='dev.posit.niehs.nih.gov', port=443): Max retries exceeded with url: /et/api/pdf-download (Caused by NameResolutionError(""HTTPSConnection(host='dev.posit.niehs.nih.gov', port=443): Failed to resolve 'dev.posit.niehs.nih.gov' ([Errno 8] nodename nor servname provided, or not known)""))"
2031,PDF batch 2031/6155 (1 references),1,ConnectionError,"HTTPSConnectionPool(host='dev.posit.niehs.nih.gov', port=443): Max retries exceeded with url: /et/api/pdf-download (Caused by NameResolutionError(""HTTPSConnection(host='dev.posit.niehs.nih.gov', port=443): Failed to resolve 'dev.posit.niehs.nih.gov' ([Errno 8] nodename nor servname provided, or not known)""))"
2029,PDF batch 2029/6155 (1 references),1,ConnectionError,"HTTPSConnectionPool(host='dev.posit.niehs.nih.gov', port=443): Max retries exceeded with url: /et/api/pdf-download (Caused by NameResolutionError(""HTTPSConnection(host='dev.posit.niehs.nih.gov', port=443): Failed to resolve 'dev.posit.niehs.nih.gov' ([Errno 8] nodename nor servname provided, or not known)""))"
2032,PDF batch 2032/6155 (1 references),1,ConnectionError,"HTTPSConnectionPool(host='dev.posit.niehs.nih.gov', port=443): Max retries exceeded with url: /et/api/pdf-download (Caused by NameResolutionError(""HTTPSConnection(host='dev.posit.niehs.nih.gov', port=443): Failed to resolve 'dev.posit.niehs.nih.gov' ([Errno 8] nodename nor servname provided, or not known)""))"
2034,PDF batch 2034/6155 (1 references),1,ConnectionError,"HTTPSConnectionPool(host='dev.posit.niehs.nih.gov', port=443): Max retries exceeded with url: /et/api/pdf-download (Caused by NameResolutionError(""HTTPSConnection(host='dev.posit.niehs.nih.gov', port=443): Failed to resolve 'dev.posit.niehs.nih.gov' ([Errno 8] nodename nor servname provided, or not known)""))"
2038,PDF batch 2038/6155 (1 references),1,ConnectionError,"HTTPSConnectionPool(host='dev.posit.niehs.nih.gov', port=443): Max retries exceeded with url: /et/api/pdf-download (Caused by NameResolutionError(""HTTPSConnection(host='dev.posit.niehs.nih.gov', port=443): Failed to resolve 'dev.posit.niehs.nih.gov' ([Errno 8] nodename nor servname provided, or not known)""))"
2035,PDF batch 2035/6155 (1 references),1,ConnectionError,"HTTPSConnectionPool(host='dev.posit.niehs.nih.gov', port=443): Max retries exceeded with url: /et/api/pdf-download (Caused by NameResolutionError(""HTTPSConnection(host='dev.posit.niehs.nih.gov', port=443): Failed to resolve 'dev.posit.niehs.nih.gov' ([Errno 8] nodename nor servname provided, or not known)""))"
2036,PDF batch 2036/6155 (1 references),1,ConnectionError,"HTTPSConnectionPool(host='dev.posit.niehs.nih.gov', port=443): Max retries exceeded with url: /et/api/pdf-download (Caused by NameResolutionError(""HTTPSConnection(host='dev.posit.niehs.nih.gov', port=443): Failed to resolve 'dev.posit.niehs.nih.gov' ([Errno 8] nodename nor servname provided, or not known)""))"
2039,PDF batch 2039/6155 (1 references),1,ConnectionError,"HTTPSConnectionPool(host='dev.posit.niehs.nih.gov', port=443): Max retries exceeded with url: /et/api/pdf-download (Caused by NameResolutionError(""HTTPSConnection(host='dev.posit.niehs.nih.gov', port=443): Failed to resolve 'dev.posit.niehs.nih.gov' ([Errno 8] nodename nor servname provided, or not known)""))"
2037,PDF batch 2037/6155 (1 references),1,ConnectionError,"HTTPSConnectionPool(host='dev.posit.niehs.nih.gov', port=443): Max retries exceeded with url: /et/api/pdf-download (Caused by NameResolutionError(""HTTPSConnection(host='dev.posit.niehs.nih.gov', port=443): Failed to resolve 'dev.posit.niehs.nih.gov' ([Errno 8] nodename nor servname provided, or not known)""))"
2033,PDF batch 2033/6155 (1 references),1,ConnectionError,"HTTPSConnectionPool(host='dev.posit.niehs.nih.gov', port=443): Max retries exceeded with url: /et/api/pdf-download (Caused by NameResolutionError(""HTTPSConnection(host='dev.posit.niehs.nih.gov', port=443): Failed to resolve 'dev.posit.niehs.nih.gov' ([Errno 8] nodename nor servname provided, or not known)""))"
2040,PDF batch 2040/6155 (1 references),1,ConnectionError,"HTTPSConnectionPool(host='dev.posit.niehs.nih.gov', port=443): Max retries exceeded with url: /et/api/pdf-download (Caused by NameResolutionError(""HTTPSConnection(host='dev.posit.niehs.nih.gov', port=443): Failed to resolve 'dev.posit.niehs.nih.gov' ([Errno 8] nodename nor servname provided, or not known)""))"
2042,PDF batch 2042/6155 (1 references),1,ConnectionError,"HTTPSConnectionPool(host='dev.posit.niehs.nih.gov', port=443): Max retries exceeded with url: /et/api/pdf-download (Caused by NameResolutionError(""HTTPSConnection(host='dev.posit.niehs.nih.gov', port=443): Failed to resolve 'dev.posit.niehs.nih.gov' ([Errno 8] nodename nor servname provided, or not known)""))"
2041,PDF batch 2041/6155 (1 references),1,ConnectionError,"HTTPSConnectionPool(host='dev.posit.niehs.nih.gov', port=443): Max retries exceeded with url: /et/api/pdf-download (Caused by NameResolutionError(""HTTPSConnection(host='dev.posit.niehs.nih.gov', port=443): Failed to resolve 'dev.posit.niehs.nih.gov' ([Errno 8] nodename nor servname provided, or not known)""))"
2043,PDF batch 2043/6155 (1 references),1,ConnectionError,"HTTPSConnectionPool(host='dev.posit.niehs.nih.gov', port=443): Max retries exceeded with url: /et/api/pdf-download (Caused by NameResolutionError(""HTTPSConnection(host='dev.posit.niehs.nih.gov', port=443): Failed to resolve 'dev.posit.niehs.nih.gov' ([Errno 8] nodename nor servname provided, or not known)""))"
2047,PDF batch 2047/6155 (1 references),1,ConnectionError,"HTTPSConnectionPool(host='dev.posit.niehs.nih.gov', port=443): Max retries exceeded with url: /et/api/pdf-download (Caused by NameResolutionError(""HTTPSConnection(host='dev.posit.niehs.nih.gov', port=443): Failed to resolve 'dev.posit.niehs.nih.gov' ([Errno 8] nodename nor servname provided, or not known)""))"
2049,PDF batch 2049/6155 (1 references),1,ConnectionError,"HTTPSConnectionPool(host='dev.posit.niehs.nih.gov', port=443): Max retries exceeded with url: /et/api/pdf-download (Caused by NameResolutionError(""HTTPSConnection(host='dev.posit.niehs.nih.gov', port=443): Failed to resolve 'dev.posit.niehs.nih.gov' ([Errno 8] nodename nor servname provided, or not known)""))"
2044,PDF batch 2044/6155 (1 references),1,ConnectionError,"HTTPSConnectionPool(host='dev.posit.niehs.nih.gov', port=443): Max retries exceeded with url: /et/api/pdf-download (Caused by NameResolutionError(""HTTPSConnection(host='dev.posit.niehs.nih.gov', port=443): Failed to resolve 'dev.posit.niehs.nih.gov' ([Errno 8] nodename nor servname provided, or not known)""))"
2046,PDF batch 2046/6155 (1 references),1,ConnectionError,"HTTPSConnectionPool(host='dev.posit.niehs.nih.gov', port=443): Max retries exceeded with url: /et/api/pdf-download (Caused by NameResolutionError(""HTTPSConnection(host='dev.posit.niehs.nih.gov', port=443): Failed to resolve 'dev.posit.niehs.nih.gov' ([Errno 8] nodename nor servname provided, or not known)""))"
2045,PDF batch 2045/6155 (1 references),1,ConnectionError,"HTTPSConnectionPool(host='dev.posit.niehs.nih.gov', port=443): Max retries exceeded with url: /et/api/pdf-download (Caused by NameResolutionError(""HTTPSConnection(host='dev.posit.niehs.nih.gov', port=443): Failed to resolve 'dev.posit.niehs.nih.gov' ([Errno 8] nodename nor servname provided, or not known)""))"
2048,PDF batch 2048/6155 (1 references),1,ConnectionError,"HTTPSConnectionPool(host='dev.posit.niehs.nih.gov', port=443): Max retries exceeded with url: /et/api/pdf-download (Caused by NameResolutionError(""HTTPSConnection(host='dev.posit.niehs.nih.gov', port=443): Failed to resolve 'dev.posit.niehs.nih.gov' ([Errno 8] nodename nor servname provided, or not known)""))"
2050,PDF batch 2050/6155 (1 references),1,ConnectionError,"HTTPSConnectionPool(host='dev.posit.niehs.nih.gov', port=443): Max retries exceeded with url: /et/api/pdf-download (Caused by NameResolutionError(""HTTPSConnection(host='dev.posit.niehs.nih.gov', port=443): Failed to resolve 'dev.posit.niehs.nih.gov' ([Errno 8] nodename nor servname provided, or not known)""))"
2051,PDF batch 2051/6155 (1 references),1,ConnectionError,"HTTPSConnectionPool(host='dev.posit.niehs.nih.gov', port=443): Max retries exceeded with url: /et/api/pdf-download (Caused by NameResolutionError(""HTTPSConnection(host='dev.posit.niehs.nih.gov', port=443): Failed to resolve 'dev.posit.niehs.nih.gov' ([Errno 8] nodename nor servname provided, or not known)""))"
2055,PDF batch 2055/6155 (1 references),1,ConnectionError,"HTTPSConnectionPool(host='dev.posit.niehs.nih.gov', port=443): Max retries exceeded with url: /et/api/pdf-download (Caused by NameResolutionError(""HTTPSConnection(host='dev.posit.niehs.nih.gov', port=443): Failed to resolve 'dev.posit.niehs.nih.gov' ([Errno 8] nodename nor servname provided, or not known)""))"
2053,PDF batch 2053/6155 (1 references),1,ConnectionError,"HTTPSConnectionPool(host='dev.posit.niehs.nih.gov', port=443): Max retries exceeded with url: /et/api/pdf-download (Caused by NameResolutionError(""HTTPSConnection(host='dev.posit.niehs.nih.gov', port=443): Failed to resolve 'dev.posit.niehs.nih.gov' ([Errno 8] nodename nor servname provided, or not known)""))"
2052,PDF batch 2052/6155 (1 references),1,ConnectionError,"HTTPSConnectionPool(host='dev.posit.niehs.nih.gov', port=443): Max retries exceeded with url: /et/api/pdf-download (Caused by NameResolutionError(""HTTPSConnection(host='dev.posit.niehs.nih.gov', port=443): Failed to resolve 'dev.posit.niehs.nih.gov' ([Errno 8] nodename nor servname provided, or not known)""))"
2056,PDF batch 2056/6155 (1 references),1,ConnectionError,"HTTPSConnectionPool(host='dev.posit.niehs.nih.gov', port=443): Max retries exceeded with url: /et/api/pdf-download (Caused by NameResolutionError(""HTTPSConnection(host='dev.posit.niehs.nih.gov', port=443): Failed to resolve 'dev.posit.niehs.nih.gov' ([Errno 8] nodename nor servname provided, or not known)""))"
2057,PDF batch 2057/6155 (1 references),1,ConnectionError,"HTTPSConnectionPool(host='dev.posit.niehs.nih.gov', port=443): Max retries exceeded with url: /et/api/pdf-download (Caused by NameResolutionError(""HTTPSConnection(host='dev.posit.niehs.nih.gov', port=443): Failed to resolve 'dev.posit.niehs.nih.gov' ([Errno 8] nodename nor servname provided, or not known)""))"
2054,PDF batch 2054/6155 (1 references),1,ConnectionError,"HTTPSConnectionPool(host='dev.posit.niehs.nih.gov', port=443): Max retries exceeded with url: /et/api/pdf-download (Caused by NameResolutionError(""HTTPSConnection(host='dev.posit.niehs.nih.gov', port=443): Failed to resolve 'dev.posit.niehs.nih.gov' ([Errno 8] nodename nor servname provided, or not known)""))"
2058,PDF batch 2058/6155 (1 references),1,ConnectionError,"HTTPSConnectionPool(host='dev.posit.niehs.nih.gov', port=443): Max retries exceeded with url: /et/api/pdf-download (Caused by NameResolutionError(""HTTPSConnection(host='dev.posit.niehs.nih.gov', port=443): Failed to resolve 'dev.posit.niehs.nih.gov' ([Errno 8] nodename nor servname provided, or not known)""))"
2059,PDF batch 2059/6155 (1 references),1,ConnectionError,"HTTPSConnectionPool(host='dev.posit.niehs.nih.gov', port=443): Max retries exceeded with url: /et/api/pdf-download (Caused by NameResolutionError(""HTTPSConnection(host='dev.posit.niehs.nih.gov', port=443): Failed to resolve 'dev.posit.niehs.nih.gov' ([Errno 8] nodename nor servname provided, or not known)""))"
2061,PDF batch 2061/6155 (1 references),1,ConnectionError,"HTTPSConnectionPool(host='dev.posit.niehs.nih.gov', port=443): Max retries exceeded with url: /et/api/pdf-download (Caused by NameResolutionError(""HTTPSConnection(host='dev.posit.niehs.nih.gov', port=443): Failed to resolve 'dev.posit.niehs.nih.gov' ([Errno 8] nodename nor servname provided, or not known)""))"
2060,PDF batch 2060/6155 (1 references),1,ConnectionError,"HTTPSConnectionPool(host='dev.posit.niehs.nih.gov', port=443): Max retries exceeded with url: /et/api/pdf-download (Caused by NameResolutionError(""HTTPSConnection(host='dev.posit.niehs.nih.gov', port=443): Failed to resolve 'dev.posit.niehs.nih.gov' ([Errno 8] nodename nor servname provided, or not known)""))"
2062,PDF batch 2062/6155 (1 references),1,ConnectionError,"HTTPSConnectionPool(host='dev.posit.niehs.nih.gov', port=443): Max retries exceeded with url: /et/api/pdf-download (Caused by NameResolutionError(""HTTPSConnection(host='dev.posit.niehs.nih.gov', port=443): Failed to resolve 'dev.posit.niehs.nih.gov' ([Errno 8] nodename nor servname provided, or not known)""))"
2063,PDF batch 2063/6155 (1 references),1,ConnectionError,"HTTPSConnectionPool(host='dev.posit.niehs.nih.gov', port=443): Max retries exceeded with url: /et/api/pdf-download (Caused by NameResolutionError(""HTTPSConnection(host='dev.posit.niehs.nih.gov', port=443): Failed to resolve 'dev.posit.niehs.nih.gov' ([Errno 8] nodename nor servname provided, or not known)""))"
2066,PDF batch 2066/6155 (1 references),1,ConnectionError,"HTTPSConnectionPool(host='dev.posit.niehs.nih.gov', port=443): Max retries exceeded with url: /et/api/pdf-download (Caused by NameResolutionError(""HTTPSConnection(host='dev.posit.niehs.nih.gov', port=443): Failed to resolve 'dev.posit.niehs.nih.gov' ([Errno 8] nodename nor servname provided, or not known)""))"
2064,PDF batch 2064/6155 (1 references),1,ConnectionError,"HTTPSConnectionPool(host='dev.posit.niehs.nih.gov', port=443): Max retries exceeded with url: /et/api/pdf-download (Caused by NameResolutionError(""HTTPSConnection(host='dev.posit.niehs.nih.gov', port=443): Failed to resolve 'dev.posit.niehs.nih.gov' ([Errno 8] nodename nor servname provided, or not known)""))"
2065,PDF batch 2065/6155 (1 references),1,ConnectionError,"HTTPSConnectionPool(host='dev.posit.niehs.nih.gov', port=443): Max retries exceeded with url: /et/api/pdf-download (Caused by NameResolutionError(""HTTPSConnection(host='dev.posit.niehs.nih.gov', port=443): Failed to resolve 'dev.posit.niehs.nih.gov' ([Errno 8] nodename nor servname provided, or not known)""))"
2068,PDF batch 2068/6155 (1 references),1,ConnectionError,"HTTPSConnectionPool(host='dev.posit.niehs.nih.gov', port=443): Max retries exceeded with url: /et/api/pdf-download (Caused by NameResolutionError(""HTTPSConnection(host='dev.posit.niehs.nih.gov', port=443): Failed to resolve 'dev.posit.niehs.nih.gov' ([Errno 8] nodename nor servname provided, or not known)""))"
2067,PDF batch 2067/6155 (1 references),1,ConnectionError,"HTTPSConnectionPool(host='dev.posit.niehs.nih.gov', port=443): Max retries exceeded with url: /et/api/pdf-download (Caused by NameResolutionError(""HTTPSConnection(host='dev.posit.niehs.nih.gov', port=443): Failed to resolve 'dev.posit.niehs.nih.gov' ([Errno 8] nodename nor servname provided, or not known)""))"
2069,PDF batch 2069/6155 (1 references),1,ConnectionError,"HTTPSConnectionPool(host='dev.posit.niehs.nih.gov', port=443): Max retries exceeded with url: /et/api/pdf-download (Caused by NameResolutionError(""HTTPSConnection(host='dev.posit.niehs.nih.gov', port=443): Failed to resolve 'dev.posit.niehs.nih.gov' ([Errno 8] nodename nor servname provided, or not known)""))"
2070,PDF batch 2070/6155 (1 references),1,ConnectionError,"HTTPSConnectionPool(host='dev.posit.niehs.nih.gov', port=443): Max retries exceeded with url: /et/api/pdf-download (Caused by NameResolutionError(""HTTPSConnection(host='dev.posit.niehs.nih.gov', port=443): Failed to resolve 'dev.posit.niehs.nih.gov' ([Errno 8] nodename nor servname provided, or not known)""))"
2073,PDF batch 2073/6155 (1 references),1,ConnectionError,"HTTPSConnectionPool(host='dev.posit.niehs.nih.gov', port=443): Max retries exceeded with url: /et/api/pdf-download (Caused by NameResolutionError(""HTTPSConnection(host='dev.posit.niehs.nih.gov', port=443): Failed to resolve 'dev.posit.niehs.nih.gov' ([Errno 8] nodename nor servname provided, or not known)""))"
2077,PDF batch 2077/6155 (1 references),1,ConnectionError,"HTTPSConnectionPool(host='dev.posit.niehs.nih.gov', port=443): Max retries exceeded with url: /et/api/pdf-download (Caused by NameResolutionError(""HTTPSConnection(host='dev.posit.niehs.nih.gov', port=443): Failed to resolve 'dev.posit.niehs.nih.gov' ([Errno 8] nodename nor servname provided, or not known)""))"
2074,PDF batch 2074/6155 (1 references),1,ConnectionError,"HTTPSConnectionPool(host='dev.posit.niehs.nih.gov', port=443): Max retries exceeded with url: /et/api/pdf-download (Caused by NameResolutionError(""HTTPSConnection(host='dev.posit.niehs.nih.gov', port=443): Failed to resolve 'dev.posit.niehs.nih.gov' ([Errno 8] nodename nor servname provided, or not known)""))"
2075,PDF batch 2075/6155 (1 references),1,ConnectionError,"HTTPSConnectionPool(host='dev.posit.niehs.nih.gov', port=443): Max retries exceeded with url: /et/api/pdf-download (Caused by NameResolutionError(""HTTPSConnection(host='dev.posit.niehs.nih.gov', port=443): Failed to resolve 'dev.posit.niehs.nih.gov' ([Errno 8] nodename nor servname provided, or not known)""))"
2072,PDF batch 2072/6155 (1 references),1,ConnectionError,"HTTPSConnectionPool(host='dev.posit.niehs.nih.gov', port=443): Max retries exceeded with url: /et/api/pdf-download (Caused by NameResolutionError(""HTTPSConnection(host='dev.posit.niehs.nih.gov', port=443): Failed to resolve 'dev.posit.niehs.nih.gov' ([Errno 8] nodename nor servname provided, or not known)""))"
2071,PDF batch 2071/6155 (1 references),1,ConnectionError,"HTTPSConnectionPool(host='dev.posit.niehs.nih.gov', port=443): Max retries exceeded with url: /et/api/pdf-download (Caused by NameResolutionError(""HTTPSConnection(host='dev.posit.niehs.nih.gov', port=443): Failed to resolve 'dev.posit.niehs.nih.gov' ([Errno 8] nodename nor servname provided, or not known)""))"
2076,PDF batch 2076/6155 (1 references),1,ConnectionError,"HTTPSConnectionPool(host='dev.posit.niehs.nih.gov', port=443): Max retries exceeded with url: /et/api/pdf-download (Caused by NameResolutionError(""HTTPSConnection(host='dev.posit.niehs.nih.gov', port=443): Failed to resolve 'dev.posit.niehs.nih.gov' ([Errno 8] nodename nor servname provided, or not known)""))"
2078,PDF batch 2078/6155 (1 references),1,ConnectionError,"HTTPSConnectionPool(host='dev.posit.niehs.nih.gov', port=443): Max retries exceeded with url: /et/api/pdf-download (Caused by NameResolutionError(""HTTPSConnection(host='dev.posit.niehs.nih.gov', port=443): Failed to resolve 'dev.posit.niehs.nih.gov' ([Errno 8] nodename nor servname provided, or not known)""))"
2079,PDF batch 2079/6155 (1 references),1,ConnectionError,"HTTPSConnectionPool(host='dev.posit.niehs.nih.gov', port=443): Max retries exceeded with url: /et/api/pdf-download (Caused by NameResolutionError(""HTTPSConnection(host='dev.posit.niehs.nih.gov', port=443): Failed to resolve 'dev.posit.niehs.nih.gov' ([Errno 8] nodename nor servname provided, or not known)""))"
2080,PDF batch 2080/6155 (1 references),1,ConnectionError,"HTTPSConnectionPool(host='dev.posit.niehs.nih.gov', port=443): Max retries exceeded with url: /et/api/pdf-download (Caused by NameResolutionError(""HTTPSConnection(host='dev.posit.niehs.nih.gov', port=443): Failed to resolve 'dev.posit.niehs.nih.gov' ([Errno 8] nodename nor servname provided, or not known)""))"
2081,PDF batch 2081/6155 (1 references),1,ConnectionError,"HTTPSConnectionPool(host='dev.posit.niehs.nih.gov', port=443): Max retries exceeded with url: /et/api/pdf-download (Caused by NameResolutionError(""HTTPSConnection(host='dev.posit.niehs.nih.gov', port=443): Failed to resolve 'dev.posit.niehs.nih.gov' ([Errno 8] nodename nor servname provided, or not known)""))"
2082,PDF batch 2082/6155 (1 references),1,ConnectionError,"HTTPSConnectionPool(host='dev.posit.niehs.nih.gov', port=443): Max retries exceeded with url: /et/api/pdf-download (Caused by NameResolutionError(""HTTPSConnection(host='dev.posit.niehs.nih.gov', port=443): Failed to resolve 'dev.posit.niehs.nih.gov' ([Errno 8] nodename nor servname provided, or not known)""))"
2085,PDF batch 2085/6155 (1 references),1,ConnectionError,"HTTPSConnectionPool(host='dev.posit.niehs.nih.gov', port=443): Max retries exceeded with url: /et/api/pdf-download (Caused by NameResolutionError(""HTTPSConnection(host='dev.posit.niehs.nih.gov', port=443): Failed to resolve 'dev.posit.niehs.nih.gov' ([Errno 8] nodename nor servname provided, or not known)""))"
2084,PDF batch 2084/6155 (1 references),1,ConnectionError,"HTTPSConnectionPool(host='dev.posit.niehs.nih.gov', port=443): Max retries exceeded with url: /et/api/pdf-download (Caused by NameResolutionError(""HTTPSConnection(host='dev.posit.niehs.nih.gov', port=443): Failed to resolve 'dev.posit.niehs.nih.gov' ([Errno 8] nodename nor servname provided, or not known)""))"
2083,PDF batch 2083/6155 (1 references),1,ConnectionError,"HTTPSConnectionPool(host='dev.posit.niehs.nih.gov', port=443): Max retries exceeded with url: /et/api/pdf-download (Caused by NameResolutionError(""HTTPSConnection(host='dev.posit.niehs.nih.gov', port=443): Failed to resolve 'dev.posit.niehs.nih.gov' ([Errno 8] nodename nor servname provided, or not known)""))"
2087,PDF batch 2087/6155 (1 references),1,ConnectionError,"HTTPSConnectionPool(host='dev.posit.niehs.nih.gov', port=443): Max retries exceeded with url: /et/api/pdf-download (Caused by NameResolutionError(""HTTPSConnection(host='dev.posit.niehs.nih.gov', port=443): Failed to resolve 'dev.posit.niehs.nih.gov' ([Errno 8] nodename nor servname provided, or not known)""))"
2088,PDF batch 2088/6155 (1 references),1,ConnectionError,"HTTPSConnectionPool(host='dev.posit.niehs.nih.gov', port=443): Max retries exceeded with url: /et/api/pdf-download (Caused by NameResolutionError(""HTTPSConnection(host='dev.posit.niehs.nih.gov', port=443): Failed to resolve 'dev.posit.niehs.nih.gov' ([Errno 8] nodename nor servname provided, or not known)""))"
2086,PDF batch 2086/6155 (1 references),1,ConnectionError,"HTTPSConnectionPool(host='dev.posit.niehs.nih.gov', port=443): Max retries exceeded with url: /et/api/pdf-download (Caused by NameResolutionError(""HTTPSConnection(host='dev.posit.niehs.nih.gov', port=443): Failed to resolve 'dev.posit.niehs.nih.gov' ([Errno 8] nodename nor servname provided, or not known)""))"
2089,PDF batch 2089/6155 (1 references),1,ConnectionError,"HTTPSConnectionPool(host='dev.posit.niehs.nih.gov', port=443): Max retries exceeded with url: /et/api/pdf-download (Caused by NameResolutionError(""HTTPSConnection(host='dev.posit.niehs.nih.gov', port=443): Failed to resolve 'dev.posit.niehs.nih.gov' ([Errno 8] nodename nor servname provided, or not known)""))"
2092,PDF batch 2092/6155 (1 references),1,ConnectionError,"HTTPSConnectionPool(host='dev.posit.niehs.nih.gov', port=443): Max retries exceeded with url: /et/api/pdf-download (Caused by NameResolutionError(""HTTPSConnection(host='dev.posit.niehs.nih.gov', port=443): Failed to resolve 'dev.posit.niehs.nih.gov' ([Errno 8] nodename nor servname provided, or not known)""))"
2090,PDF batch 2090/6155 (1 references),1,ConnectionError,"HTTPSConnectionPool(host='dev.posit.niehs.nih.gov', port=443): Max retries exceeded with url: /et/api/pdf-download (Caused by NameResolutionError(""HTTPSConnection(host='dev.posit.niehs.nih.gov', port=443): Failed to resolve 'dev.posit.niehs.nih.gov' ([Errno 8] nodename nor servname provided, or not known)""))"
2096,PDF batch 2096/6155 (1 references),1,ConnectionError,"HTTPSConnectionPool(host='dev.posit.niehs.nih.gov', port=443): Max retries exceeded with url: /et/api/pdf-download (Caused by NameResolutionError(""HTTPSConnection(host='dev.posit.niehs.nih.gov', port=443): Failed to resolve 'dev.posit.niehs.nih.gov' ([Errno 8] nodename nor servname provided, or not known)""))"
2093,PDF batch 2093/6155 (1 references),1,ConnectionError,"HTTPSConnectionPool(host='dev.posit.niehs.nih.gov', port=443): Max retries exceeded with url: /et/api/pdf-download (Caused by NameResolutionError(""HTTPSConnection(host='dev.posit.niehs.nih.gov', port=443): Failed to resolve 'dev.posit.niehs.nih.gov' ([Errno 8] nodename nor servname provided, or not known)""))"
2091,PDF batch 2091/6155 (1 references),1,ConnectionError,"HTTPSConnectionPool(host='dev.posit.niehs.nih.gov', port=443): Max retries exceeded with url: /et/api/pdf-download (Caused by NameResolutionError(""HTTPSConnection(host='dev.posit.niehs.nih.gov', port=443): Failed to resolve 'dev.posit.niehs.nih.gov' ([Errno 8] nodename nor servname provided, or not known)""))"
2095,PDF batch 2095/6155 (1 references),1,ConnectionError,"HTTPSConnectionPool(host='dev.posit.niehs.nih.gov', port=443): Max retries exceeded with url: /et/api/pdf-download (Caused by NameResolutionError(""HTTPSConnection(host='dev.posit.niehs.nih.gov', port=443): Failed to resolve 'dev.posit.niehs.nih.gov' ([Errno 8] nodename nor servname provided, or not known)""))"
2094,PDF batch 2094/6155 (1 references),1,ConnectionError,"HTTPSConnectionPool(host='dev.posit.niehs.nih.gov', port=443): Max retries exceeded with url: /et/api/pdf-download (Caused by NameResolutionError(""HTTPSConnection(host='dev.posit.niehs.nih.gov', port=443): Failed to resolve 'dev.posit.niehs.nih.gov' ([Errno 8] nodename nor servname provided, or not known)""))"
2099,PDF batch 2099/6155 (1 references),1,ConnectionError,"HTTPSConnectionPool(host='dev.posit.niehs.nih.gov', port=443): Max retries exceeded with url: /et/api/pdf-download (Caused by NameResolutionError(""HTTPSConnection(host='dev.posit.niehs.nih.gov', port=443): Failed to resolve 'dev.posit.niehs.nih.gov' ([Errno 8] nodename nor servname provided, or not known)""))"
2098,PDF batch 2098/6155 (1 references),1,ConnectionError,"HTTPSConnectionPool(host='dev.posit.niehs.nih.gov', port=443): Max retries exceeded with url: /et/api/pdf-download (Caused by NameResolutionError(""HTTPSConnection(host='dev.posit.niehs.nih.gov', port=443): Failed to resolve 'dev.posit.niehs.nih.gov' ([Errno 8] nodename nor servname provided, or not known)""))"
2097,PDF batch 2097/6155 (1 references),1,ConnectionError,"HTTPSConnectionPool(host='dev.posit.niehs.nih.gov', port=443): Max retries exceeded with url: /et/api/pdf-download (Caused by NameResolutionError(""HTTPSConnection(host='dev.posit.niehs.nih.gov', port=443): Failed to resolve 'dev.posit.niehs.nih.gov' ([Errno 8] nodename nor servname provided, or not known)""))"
2100,PDF batch 2100/6155 (1 references),1,ConnectionError,"HTTPSConnectionPool(host='dev.posit.niehs.nih.gov', port=443): Max retries exceeded with url: /et/api/pdf-download (Caused by NameResolutionError(""HTTPSConnection(host='dev.posit.niehs.nih.gov', port=443): Failed to resolve 'dev.posit.niehs.nih.gov' ([Errno 8] nodename nor servname provided, or not known)""))"
2101,PDF batch 2101/6155 (1 references),1,ConnectionError,"HTTPSConnectionPool(host='dev.posit.niehs.nih.gov', port=443): Max retries exceeded with url: /et/api/pdf-download (Caused by NameResolutionError(""HTTPSConnection(host='dev.posit.niehs.nih.gov', port=443): Failed to resolve 'dev.posit.niehs.nih.gov' ([Errno 8] nodename nor servname provided, or not known)""))"
2105,PDF batch 2105/6155 (1 references),1,ConnectionError,"HTTPSConnectionPool(host='dev.posit.niehs.nih.gov', port=443): Max retries exceeded with url: /et/api/pdf-download (Caused by NameResolutionError(""HTTPSConnection(host='dev.posit.niehs.nih.gov', port=443): Failed to resolve 'dev.posit.niehs.nih.gov' ([Errno 8] nodename nor servname provided, or not known)""))"
2103,PDF batch 2103/6155 (1 references),1,ConnectionError,"HTTPSConnectionPool(host='dev.posit.niehs.nih.gov', port=443): Max retries exceeded with url: /et/api/pdf-download (Caused by NameResolutionError(""HTTPSConnection(host='dev.posit.niehs.nih.gov', port=443): Failed to resolve 'dev.posit.niehs.nih.gov' ([Errno 8] nodename nor servname provided, or not known)""))"
2104,PDF batch 2104/6155 (1 references),1,ConnectionError,"HTTPSConnectionPool(host='dev.posit.niehs.nih.gov', port=443): Max retries exceeded with url: /et/api/pdf-download (Caused by NameResolutionError(""HTTPSConnection(host='dev.posit.niehs.nih.gov', port=443): Failed to resolve 'dev.posit.niehs.nih.gov' ([Errno 8] nodename nor servname provided, or not known)""))"
2102,PDF batch 2102/6155 (1 references),1,ConnectionError,"HTTPSConnectionPool(host='dev.posit.niehs.nih.gov', port=443): Max retries exceeded with url: /et/api/pdf-download (Caused by NameResolutionError(""HTTPSConnection(host='dev.posit.niehs.nih.gov', port=443): Failed to resolve 'dev.posit.niehs.nih.gov' ([Errno 8] nodename nor servname provided, or not known)""))"
2106,PDF batch 2106/6155 (1 references),1,ConnectionError,"HTTPSConnectionPool(host='dev.posit.niehs.nih.gov', port=443): Max retries exceeded with url: /et/api/pdf-download (Caused by NameResolutionError(""HTTPSConnection(host='dev.posit.niehs.nih.gov', port=443): Failed to resolve 'dev.posit.niehs.nih.gov' ([Errno 8] nodename nor servname provided, or not known)""))"
2107,PDF batch 2107/6155 (1 references),1,ConnectionError,"HTTPSConnectionPool(host='dev.posit.niehs.nih.gov', port=443): Max retries exceeded with url: /et/api/pdf-download (Caused by NameResolutionError(""HTTPSConnection(host='dev.posit.niehs.nih.gov', port=443): Failed to resolve 'dev.posit.niehs.nih.gov' ([Errno 8] nodename nor servname provided, or not known)""))"
2108,PDF batch 2108/6155 (1 references),1,ConnectionError,"HTTPSConnectionPool(host='dev.posit.niehs.nih.gov', port=443): Max retries exceeded with url: /et/api/pdf-download (Caused by NameResolutionError(""HTTPSConnection(host='dev.posit.niehs.nih.gov', port=443): Failed to resolve 'dev.posit.niehs.nih.gov' ([Errno 8] nodename nor servname provided, or not known)""))"
2109,PDF batch 2109/6155 (1 references),1,ConnectionError,"HTTPSConnectionPool(host='dev.posit.niehs.nih.gov', port=443): Max retries exceeded with url: /et/api/pdf-download (Caused by NameResolutionError(""HTTPSConnection(host='dev.posit.niehs.nih.gov', port=443): Failed to resolve 'dev.posit.niehs.nih.gov' ([Errno 8] nodename nor servname provided, or not known)""))"
2110,PDF batch 2110/6155 (1 references),1,ConnectionError,"HTTPSConnectionPool(host='dev.posit.niehs.nih.gov', port=443): Max retries exceeded with url: /et/api/pdf-download (Caused by NameResolutionError(""HTTPSConnection(host='dev.posit.niehs.nih.gov', port=443): Failed to resolve 'dev.posit.niehs.nih.gov' ([Errno 8] nodename nor servname provided, or not known)""))"
2113,PDF batch 2113/6155 (1 references),1,ConnectionError,"HTTPSConnectionPool(host='dev.posit.niehs.nih.gov', port=443): Max retries exceeded with url: /et/api/pdf-download (Caused by NameResolutionError(""HTTPSConnection(host='dev.posit.niehs.nih.gov', port=443): Failed to resolve 'dev.posit.niehs.nih.gov' ([Errno 8] nodename nor servname provided, or not known)""))"
2111,PDF batch 2111/6155 (1 references),1,ConnectionError,"HTTPSConnectionPool(host='dev.posit.niehs.nih.gov', port=443): Max retries exceeded with url: /et/api/pdf-download (Caused by NameResolutionError(""HTTPSConnection(host='dev.posit.niehs.nih.gov', port=443): Failed to resolve 'dev.posit.niehs.nih.gov' ([Errno 8] nodename nor servname provided, or not known)""))"
2112,PDF batch 2112/6155 (1 references),1,ConnectionError,"HTTPSConnectionPool(host='dev.posit.niehs.nih.gov', port=443): Max retries exceeded with url: /et/api/pdf-download (Caused by NameResolutionError(""HTTPSConnection(host='dev.posit.niehs.nih.gov', port=443): Failed to resolve 'dev.posit.niehs.nih.gov' ([Errno 8] nodename nor servname provided, or not known)""))"
2114,PDF batch 2114/6155 (1 references),1,ConnectionError,"HTTPSConnectionPool(host='dev.posit.niehs.nih.gov', port=443): Max retries exceeded with url: /et/api/pdf-download (Caused by NameResolutionError(""HTTPSConnection(host='dev.posit.niehs.nih.gov', port=443): Failed to resolve 'dev.posit.niehs.nih.gov' ([Errno 8] nodename nor servname provided, or not known)""))"
2115,PDF batch 2115/6155 (1 references),1,ConnectionError,"HTTPSConnectionPool(host='dev.posit.niehs.nih.gov', port=443): Max retries exceeded with url: /et/api/pdf-download (Caused by NameResolutionError(""HTTPSConnection(host='dev.posit.niehs.nih.gov', port=443): Failed to resolve 'dev.posit.niehs.nih.gov' ([Errno 8] nodename nor servname provided, or not known)""))"
2118,PDF batch 2118/6155 (1 references),1,ConnectionError,"HTTPSConnectionPool(host='dev.posit.niehs.nih.gov', port=443): Max retries exceeded with url: /et/api/pdf-download (Caused by NameResolutionError(""HTTPSConnection(host='dev.posit.niehs.nih.gov', port=443): Failed to resolve 'dev.posit.niehs.nih.gov' ([Errno 8] nodename nor servname provided, or not known)""))"
2116,PDF batch 2116/6155 (1 references),1,ConnectionError,"HTTPSConnectionPool(host='dev.posit.niehs.nih.gov', port=443): Max retries exceeded with url: /et/api/pdf-download (Caused by NameResolutionError(""HTTPSConnection(host='dev.posit.niehs.nih.gov', port=443): Failed to resolve 'dev.posit.niehs.nih.gov' ([Errno 8] nodename nor servname provided, or not known)""))"
2117,PDF batch 2117/6155 (1 references),1,ConnectionError,"HTTPSConnectionPool(host='dev.posit.niehs.nih.gov', port=443): Max retries exceeded with url: /et/api/pdf-download (Caused by NameResolutionError(""HTTPSConnection(host='dev.posit.niehs.nih.gov', port=443): Failed to resolve 'dev.posit.niehs.nih.gov' ([Errno 8] nodename nor servname provided, or not known)""))"
2119,PDF batch 2119/6155 (1 references),1,ConnectionError,"HTTPSConnectionPool(host='dev.posit.niehs.nih.gov', port=443): Max retries exceeded with url: /et/api/pdf-download (Caused by NameResolutionError(""HTTPSConnection(host='dev.posit.niehs.nih.gov', port=443): Failed to resolve 'dev.posit.niehs.nih.gov' ([Errno 8] nodename nor servname provided, or not known)""))"
2121,PDF batch 2121/6155 (1 references),1,ConnectionError,"HTTPSConnectionPool(host='dev.posit.niehs.nih.gov', port=443): Max retries exceeded with url: /et/api/pdf-download (Caused by NameResolutionError(""HTTPSConnection(host='dev.posit.niehs.nih.gov', port=443): Failed to resolve 'dev.posit.niehs.nih.gov' ([Errno 8] nodename nor servname provided, or not known)""))"
2120,PDF batch 2120/6155 (1 references),1,ConnectionError,"HTTPSConnectionPool(host='dev.posit.niehs.nih.gov', port=443): Max retries exceeded with url: /et/api/pdf-download (Caused by NameResolutionError(""HTTPSConnection(host='dev.posit.niehs.nih.gov', port=443): Failed to resolve 'dev.posit.niehs.nih.gov' ([Errno 8] nodename nor servname provided, or not known)""))"
2124,PDF batch 2124/6155 (1 references),1,ConnectionError,"HTTPSConnectionPool(host='dev.posit.niehs.nih.gov', port=443): Max retries exceeded with url: /et/api/pdf-download (Caused by NameResolutionError(""HTTPSConnection(host='dev.posit.niehs.nih.gov', port=443): Failed to resolve 'dev.posit.niehs.nih.gov' ([Errno 8] nodename nor servname provided, or not known)""))"
2126,PDF batch 2126/6155 (1 references),1,ConnectionError,"HTTPSConnectionPool(host='dev.posit.niehs.nih.gov', port=443): Max retries exceeded with url: /et/api/pdf-download (Caused by NameResolutionError(""HTTPSConnection(host='dev.posit.niehs.nih.gov', port=443): Failed to resolve 'dev.posit.niehs.nih.gov' ([Errno 8] nodename nor servname provided, or not known)""))"
2123,PDF batch 2123/6155 (1 references),1,ConnectionError,"HTTPSConnectionPool(host='dev.posit.niehs.nih.gov', port=443): Max retries exceeded with url: /et/api/pdf-download (Caused by NameResolutionError(""HTTPSConnection(host='dev.posit.niehs.nih.gov', port=443): Failed to resolve 'dev.posit.niehs.nih.gov' ([Errno 8] nodename nor servname provided, or not known)""))"
2122,PDF batch 2122/6155 (1 references),1,ConnectionError,"HTTPSConnectionPool(host='dev.posit.niehs.nih.gov', port=443): Max retries exceeded with url: /et/api/pdf-download (Caused by NameResolutionError(""HTTPSConnection(host='dev.posit.niehs.nih.gov', port=443): Failed to resolve 'dev.posit.niehs.nih.gov' ([Errno 8] nodename nor servname provided, or not known)""))"
2125,PDF batch 2125/6155 (1 references),1,ConnectionError,"HTTPSConnectionPool(host='dev.posit.niehs.nih.gov', port=443): Max retries exceeded with url: /et/api/pdf-download (Caused by NameResolutionError(""HTTPSConnection(host='dev.posit.niehs.nih.gov', port=443): Failed to resolve 'dev.posit.niehs.nih.gov' ([Errno 8] nodename nor servname provided, or not known)""))"
2127,PDF batch 2127/6155 (1 references),1,ConnectionError,"HTTPSConnectionPool(host='dev.posit.niehs.nih.gov', port=443): Max retries exceeded with url: /et/api/pdf-download (Caused by NameResolutionError(""HTTPSConnection(host='dev.posit.niehs.nih.gov', port=443): Failed to resolve 'dev.posit.niehs.nih.gov' ([Errno 8] nodename nor servname provided, or not known)""))"
2128,PDF batch 2128/6155 (1 references),1,ConnectionError,"HTTPSConnectionPool(host='dev.posit.niehs.nih.gov', port=443): Max retries exceeded with url: /et/api/pdf-download (Caused by NameResolutionError(""HTTPSConnection(host='dev.posit.niehs.nih.gov', port=443): Failed to resolve 'dev.posit.niehs.nih.gov' ([Errno 8] nodename nor servname provided, or not known)""))"
2131,PDF batch 2131/6155 (1 references),1,ConnectionError,"HTTPSConnectionPool(host='dev.posit.niehs.nih.gov', port=443): Max retries exceeded with url: /et/api/pdf-download (Caused by NameResolutionError(""HTTPSConnection(host='dev.posit.niehs.nih.gov', port=443): Failed to resolve 'dev.posit.niehs.nih.gov' ([Errno 8] nodename nor servname provided, or not known)""))"
2132,PDF batch 2132/6155 (1 references),1,ConnectionError,"HTTPSConnectionPool(host='dev.posit.niehs.nih.gov', port=443): Max retries exceeded with url: /et/api/pdf-download (Caused by NameResolutionError(""HTTPSConnection(host='dev.posit.niehs.nih.gov', port=443): Failed to resolve 'dev.posit.niehs.nih.gov' ([Errno 8] nodename nor servname provided, or not known)""))"
2130,PDF batch 2130/6155 (1 references),1,ConnectionError,"HTTPSConnectionPool(host='dev.posit.niehs.nih.gov', port=443): Max retries exceeded with url: /et/api/pdf-download (Caused by NameResolutionError(""HTTPSConnection(host='dev.posit.niehs.nih.gov', port=443): Failed to resolve 'dev.posit.niehs.nih.gov' ([Errno 8] nodename nor servname provided, or not known)""))"
2133,PDF batch 2133/6155 (1 references),1,ConnectionError,"HTTPSConnectionPool(host='dev.posit.niehs.nih.gov', port=443): Max retries exceeded with url: /et/api/pdf-download (Caused by NameResolutionError(""HTTPSConnection(host='dev.posit.niehs.nih.gov', port=443): Failed to resolve 'dev.posit.niehs.nih.gov' ([Errno 8] nodename nor servname provided, or not known)""))"
2129,PDF batch 2129/6155 (1 references),1,ConnectionError,"HTTPSConnectionPool(host='dev.posit.niehs.nih.gov', port=443): Max retries exceeded with url: /et/api/pdf-download (Caused by NameResolutionError(""HTTPSConnection(host='dev.posit.niehs.nih.gov', port=443): Failed to resolve 'dev.posit.niehs.nih.gov' ([Errno 8] nodename nor servname provided, or not known)""))"
2134,PDF batch 2134/6155 (1 references),1,ConnectionError,"HTTPSConnectionPool(host='dev.posit.niehs.nih.gov', port=443): Max retries exceeded with url: /et/api/pdf-download (Caused by NameResolutionError(""HTTPSConnection(host='dev.posit.niehs.nih.gov', port=443): Failed to resolve 'dev.posit.niehs.nih.gov' ([Errno 8] nodename nor servname provided, or not known)""))"
2135,PDF batch 2135/6155 (1 references),1,ConnectionError,"HTTPSConnectionPool(host='dev.posit.niehs.nih.gov', port=443): Max retries exceeded with url: /et/api/pdf-download (Caused by NameResolutionError(""HTTPSConnection(host='dev.posit.niehs.nih.gov', port=443): Failed to resolve 'dev.posit.niehs.nih.gov' ([Errno 8] nodename nor servname provided, or not known)""))"
2137,PDF batch 2137/6155 (1 references),1,ConnectionError,"HTTPSConnectionPool(host='dev.posit.niehs.nih.gov', port=443): Max retries exceeded with url: /et/api/pdf-download (Caused by NameResolutionError(""HTTPSConnection(host='dev.posit.niehs.nih.gov', port=443): Failed to resolve 'dev.posit.niehs.nih.gov' ([Errno 8] nodename nor servname provided, or not known)""))"
2136,PDF batch 2136/6155 (1 references),1,ConnectionError,"HTTPSConnectionPool(host='dev.posit.niehs.nih.gov', port=443): Max retries exceeded with url: /et/api/pdf-download (Caused by NameResolutionError(""HTTPSConnection(host='dev.posit.niehs.nih.gov', port=443): Failed to resolve 'dev.posit.niehs.nih.gov' ([Errno 8] nodename nor servname provided, or not known)""))"
2138,PDF batch 2138/6155 (1 references),1,ConnectionError,"HTTPSConnectionPool(host='dev.posit.niehs.nih.gov', port=443): Max retries exceeded with url: /et/api/pdf-download (Caused by NameResolutionError(""HTTPSConnection(host='dev.posit.niehs.nih.gov', port=443): Failed to resolve 'dev.posit.niehs.nih.gov' ([Errno 8] nodename nor servname provided, or not known)""))"
2139,PDF batch 2139/6155 (1 references),1,ConnectionError,"HTTPSConnectionPool(host='dev.posit.niehs.nih.gov', port=443): Max retries exceeded with url: /et/api/pdf-download (Caused by NameResolutionError(""HTTPSConnection(host='dev.posit.niehs.nih.gov', port=443): Failed to resolve 'dev.posit.niehs.nih.gov' ([Errno 8] nodename nor servname provided, or not known)""))"
2140,PDF batch 2140/6155 (1 references),1,ConnectionError,"HTTPSConnectionPool(host='dev.posit.niehs.nih.gov', port=443): Max retries exceeded with url: /et/api/pdf-download (Caused by NameResolutionError(""HTTPSConnection(host='dev.posit.niehs.nih.gov', port=443): Failed to resolve 'dev.posit.niehs.nih.gov' ([Errno 8] nodename nor servname provided, or not known)""))"
2141,PDF batch 2141/6155 (1 references),1,ConnectionError,"HTTPSConnectionPool(host='dev.posit.niehs.nih.gov', port=443): Max retries exceeded with url: /et/api/pdf-download (Caused by NameResolutionError(""HTTPSConnection(host='dev.posit.niehs.nih.gov', port=443): Failed to resolve 'dev.posit.niehs.nih.gov' ([Errno 8] nodename nor servname provided, or not known)""))"
2145,PDF batch 2145/6155 (1 references),1,ConnectionError,"HTTPSConnectionPool(host='dev.posit.niehs.nih.gov', port=443): Max retries exceeded with url: /et/api/pdf-download (Caused by NameResolutionError(""HTTPSConnection(host='dev.posit.niehs.nih.gov', port=443): Failed to resolve 'dev.posit.niehs.nih.gov' ([Errno 8] nodename nor servname provided, or not known)""))"
2142,PDF batch 2142/6155 (1 references),1,ConnectionError,"HTTPSConnectionPool(host='dev.posit.niehs.nih.gov', port=443): Max retries exceeded with url: /et/api/pdf-download (Caused by NameResolutionError(""HTTPSConnection(host='dev.posit.niehs.nih.gov', port=443): Failed to resolve 'dev.posit.niehs.nih.gov' ([Errno 8] nodename nor servname provided, or not known)""))"
2144,PDF batch 2144/6155 (1 references),1,ConnectionError,"HTTPSConnectionPool(host='dev.posit.niehs.nih.gov', port=443): Max retries exceeded with url: /et/api/pdf-download (Caused by NameResolutionError(""HTTPSConnection(host='dev.posit.niehs.nih.gov', port=443): Failed to resolve 'dev.posit.niehs.nih.gov' ([Errno 8] nodename nor servname provided, or not known)""))"
2143,PDF batch 2143/6155 (1 references),1,ConnectionError,"HTTPSConnectionPool(host='dev.posit.niehs.nih.gov', port=443): Max retries exceeded with url: /et/api/pdf-download (Caused by NameResolutionError(""HTTPSConnection(host='dev.posit.niehs.nih.gov', port=443): Failed to resolve 'dev.posit.niehs.nih.gov' ([Errno 8] nodename nor servname provided, or not known)""))"
2146,PDF batch 2146/6155 (1 references),1,ConnectionError,"HTTPSConnectionPool(host='dev.posit.niehs.nih.gov', port=443): Max retries exceeded with url: /et/api/pdf-download (Caused by NameResolutionError(""HTTPSConnection(host='dev.posit.niehs.nih.gov', port=443): Failed to resolve 'dev.posit.niehs.nih.gov' ([Errno 8] nodename nor servname provided, or not known)""))"
2147,PDF batch 2147/6155 (1 references),1,ConnectionError,"HTTPSConnectionPool(host='dev.posit.niehs.nih.gov', port=443): Max retries exceeded with url: /et/api/pdf-download (Caused by NameResolutionError(""HTTPSConnection(host='dev.posit.niehs.nih.gov', port=443): Failed to resolve 'dev.posit.niehs.nih.gov' ([Errno 8] nodename nor servname provided, or not known)""))"
2148,PDF batch 2148/6155 (1 references),1,ConnectionError,"HTTPSConnectionPool(host='dev.posit.niehs.nih.gov', port=443): Max retries exceeded with url: /et/api/pdf-download (Caused by NameResolutionError(""HTTPSConnection(host='dev.posit.niehs.nih.gov', port=443): Failed to resolve 'dev.posit.niehs.nih.gov' ([Errno 8] nodename nor servname provided, or not known)""))"
2149,PDF batch 2149/6155 (1 references),1,ConnectionError,"HTTPSConnectionPool(host='dev.posit.niehs.nih.gov', port=443): Max retries exceeded with url: /et/api/pdf-download (Caused by NameResolutionError(""HTTPSConnection(host='dev.posit.niehs.nih.gov', port=443): Failed to resolve 'dev.posit.niehs.nih.gov' ([Errno 8] nodename nor servname provided, or not known)""))"
2151,PDF batch 2151/6155 (1 references),1,ConnectionError,"HTTPSConnectionPool(host='dev.posit.niehs.nih.gov', port=443): Max retries exceeded with url: /et/api/pdf-download (Caused by NameResolutionError(""HTTPSConnection(host='dev.posit.niehs.nih.gov', port=443): Failed to resolve 'dev.posit.niehs.nih.gov' ([Errno 8] nodename nor servname provided, or not known)""))"
2152,PDF batch 2152/6155 (1 references),1,ConnectionError,"HTTPSConnectionPool(host='dev.posit.niehs.nih.gov', port=443): Max retries exceeded with url: /et/api/pdf-download (Caused by NameResolutionError(""HTTPSConnection(host='dev.posit.niehs.nih.gov', port=443): Failed to resolve 'dev.posit.niehs.nih.gov' ([Errno 8] nodename nor servname provided, or not known)""))"
2150,PDF batch 2150/6155 (1 references),1,ConnectionError,"HTTPSConnectionPool(host='dev.posit.niehs.nih.gov', port=443): Max retries exceeded with url: /et/api/pdf-download (Caused by NameResolutionError(""HTTPSConnection(host='dev.posit.niehs.nih.gov', port=443): Failed to resolve 'dev.posit.niehs.nih.gov' ([Errno 8] nodename nor servname provided, or not known)""))"
2155,PDF batch 2155/6155 (1 references),1,ConnectionError,"HTTPSConnectionPool(host='dev.posit.niehs.nih.gov', port=443): Max retries exceeded with url: /et/api/pdf-download (Caused by NameResolutionError(""HTTPSConnection(host='dev.posit.niehs.nih.gov', port=443): Failed to resolve 'dev.posit.niehs.nih.gov' ([Errno 8] nodename nor servname provided, or not known)""))"
2156,PDF batch 2156/6155 (1 references),1,ConnectionError,"HTTPSConnectionPool(host='dev.posit.niehs.nih.gov', port=443): Max retries exceeded with url: /et/api/pdf-download (Caused by NameResolutionError(""HTTPSConnection(host='dev.posit.niehs.nih.gov', port=443): Failed to resolve 'dev.posit.niehs.nih.gov' ([Errno 8] nodename nor servname provided, or not known)""))"
2153,PDF batch 2153/6155 (1 references),1,ConnectionError,"HTTPSConnectionPool(host='dev.posit.niehs.nih.gov', port=443): Max retries exceeded with url: /et/api/pdf-download (Caused by NameResolutionError(""HTTPSConnection(host='dev.posit.niehs.nih.gov', port=443): Failed to resolve 'dev.posit.niehs.nih.gov' ([Errno 8] nodename nor servname provided, or not known)""))"
2154,PDF batch 2154/6155 (1 references),1,ConnectionError,"HTTPSConnectionPool(host='dev.posit.niehs.nih.gov', port=443): Max retries exceeded with url: /et/api/pdf-download (Caused by NameResolutionError(""HTTPSConnection(host='dev.posit.niehs.nih.gov', port=443): Failed to resolve 'dev.posit.niehs.nih.gov' ([Errno 8] nodename nor servname provided, or not known)""))"
2157,PDF batch 2157/6155 (1 references),1,ConnectionError,"HTTPSConnectionPool(host='dev.posit.niehs.nih.gov', port=443): Max retries exceeded with url: /et/api/pdf-download (Caused by NameResolutionError(""HTTPSConnection(host='dev.posit.niehs.nih.gov', port=443): Failed to resolve 'dev.posit.niehs.nih.gov' ([Errno 8] nodename nor servname provided, or not known)""))"
2158,PDF batch 2158/6155 (1 references),1,ConnectionError,"HTTPSConnectionPool(host='dev.posit.niehs.nih.gov', port=443): Max retries exceeded with url: /et/api/pdf-download (Caused by NameResolutionError(""HTTPSConnection(host='dev.posit.niehs.nih.gov', port=443): Failed to resolve 'dev.posit.niehs.nih.gov' ([Errno 8] nodename nor servname provided, or not known)""))"
2160,PDF batch 2160/6155 (1 references),1,ConnectionError,"HTTPSConnectionPool(host='dev.posit.niehs.nih.gov', port=443): Max retries exceeded with url: /et/api/pdf-download (Caused by NameResolutionError(""HTTPSConnection(host='dev.posit.niehs.nih.gov', port=443): Failed to resolve 'dev.posit.niehs.nih.gov' ([Errno 8] nodename nor servname provided, or not known)""))"
2159,PDF batch 2159/6155 (1 references),1,ConnectionError,"HTTPSConnectionPool(host='dev.posit.niehs.nih.gov', port=443): Max retries exceeded with url: /et/api/pdf-download (Caused by NameResolutionError(""HTTPSConnection(host='dev.posit.niehs.nih.gov', port=443): Failed to resolve 'dev.posit.niehs.nih.gov' ([Errno 8] nodename nor servname provided, or not known)""))"
2161,PDF batch 2161/6155 (1 references),1,ConnectionError,"HTTPSConnectionPool(host='dev.posit.niehs.nih.gov', port=443): Max retries exceeded with url: /et/api/pdf-download (Caused by NameResolutionError(""HTTPSConnection(host='dev.posit.niehs.nih.gov', port=443): Failed to resolve 'dev.posit.niehs.nih.gov' ([Errno 8] nodename nor servname provided, or not known)""))"
2162,PDF batch 2162/6155 (1 references),1,ConnectionError,"HTTPSConnectionPool(host='dev.posit.niehs.nih.gov', port=443): Max retries exceeded with url: /et/api/pdf-download (Caused by NameResolutionError(""HTTPSConnection(host='dev.posit.niehs.nih.gov', port=443): Failed to resolve 'dev.posit.niehs.nih.gov' ([Errno 8] nodename nor servname provided, or not known)""))"
2163,PDF batch 2163/6155 (1 references),1,ConnectionError,"HTTPSConnectionPool(host='dev.posit.niehs.nih.gov', port=443): Max retries exceeded with url: /et/api/pdf-download (Caused by NameResolutionError(""HTTPSConnection(host='dev.posit.niehs.nih.gov', port=443): Failed to resolve 'dev.posit.niehs.nih.gov' ([Errno 8] nodename nor servname provided, or not known)""))"
2164,PDF batch 2164/6155 (1 references),1,ConnectionError,"HTTPSConnectionPool(host='dev.posit.niehs.nih.gov', port=443): Max retries exceeded with url: /et/api/pdf-download (Caused by NameResolutionError(""HTTPSConnection(host='dev.posit.niehs.nih.gov', port=443): Failed to resolve 'dev.posit.niehs.nih.gov' ([Errno 8] nodename nor servname provided, or not known)""))"
2165,PDF batch 2165/6155 (1 references),1,ConnectionError,"HTTPSConnectionPool(host='dev.posit.niehs.nih.gov', port=443): Max retries exceeded with url: /et/api/pdf-download (Caused by NameResolutionError(""HTTPSConnection(host='dev.posit.niehs.nih.gov', port=443): Failed to resolve 'dev.posit.niehs.nih.gov' ([Errno 8] nodename nor servname provided, or not known)""))"
2166,PDF batch 2166/6155 (1 references),1,ConnectionError,"HTTPSConnectionPool(host='dev.posit.niehs.nih.gov', port=443): Max retries exceeded with url: /et/api/pdf-download (Caused by NameResolutionError(""HTTPSConnection(host='dev.posit.niehs.nih.gov', port=443): Failed to resolve 'dev.posit.niehs.nih.gov' ([Errno 8] nodename nor servname provided, or not known)""))"
2167,PDF batch 2167/6155 (1 references),1,ConnectionError,"HTTPSConnectionPool(host='dev.posit.niehs.nih.gov', port=443): Max retries exceeded with url: /et/api/pdf-download (Caused by NameResolutionError(""HTTPSConnection(host='dev.posit.niehs.nih.gov', port=443): Failed to resolve 'dev.posit.niehs.nih.gov' ([Errno 8] nodename nor servname provided, or not known)""))"
2168,PDF batch 2168/6155 (1 references),1,ConnectionError,"HTTPSConnectionPool(host='dev.posit.niehs.nih.gov', port=443): Max retries exceeded with url: /et/api/pdf-download (Caused by NameResolutionError(""HTTPSConnection(host='dev.posit.niehs.nih.gov', port=443): Failed to resolve 'dev.posit.niehs.nih.gov' ([Errno 8] nodename nor servname provided, or not known)""))"
2169,PDF batch 2169/6155 (1 references),1,ConnectionError,"HTTPSConnectionPool(host='dev.posit.niehs.nih.gov', port=443): Max retries exceeded with url: /et/api/pdf-download (Caused by NameResolutionError(""HTTPSConnection(host='dev.posit.niehs.nih.gov', port=443): Failed to resolve 'dev.posit.niehs.nih.gov' ([Errno 8] nodename nor servname provided, or not known)""))"
2175,PDF batch 2175/6155 (1 references),1,ConnectionError,"HTTPSConnectionPool(host='dev.posit.niehs.nih.gov', port=443): Max retries exceeded with url: /et/api/pdf-download (Caused by NameResolutionError(""HTTPSConnection(host='dev.posit.niehs.nih.gov', port=443): Failed to resolve 'dev.posit.niehs.nih.gov' ([Errno 8] nodename nor servname provided, or not known)""))"
2173,PDF batch 2173/6155 (1 references),1,ConnectionError,"HTTPSConnectionPool(host='dev.posit.niehs.nih.gov', port=443): Max retries exceeded with url: /et/api/pdf-download (Caused by NameResolutionError(""HTTPSConnection(host='dev.posit.niehs.nih.gov', port=443): Failed to resolve 'dev.posit.niehs.nih.gov' ([Errno 8] nodename nor servname provided, or not known)""))"
2174,PDF batch 2174/6155 (1 references),1,ConnectionError,"HTTPSConnectionPool(host='dev.posit.niehs.nih.gov', port=443): Max retries exceeded with url: /et/api/pdf-download (Caused by NameResolutionError(""HTTPSConnection(host='dev.posit.niehs.nih.gov', port=443): Failed to resolve 'dev.posit.niehs.nih.gov' ([Errno 8] nodename nor servname provided, or not known)""))"
2172,PDF batch 2172/6155 (1 references),1,ConnectionError,"HTTPSConnectionPool(host='dev.posit.niehs.nih.gov', port=443): Max retries exceeded with url: /et/api/pdf-download (Caused by NameResolutionError(""HTTPSConnection(host='dev.posit.niehs.nih.gov', port=443): Failed to resolve 'dev.posit.niehs.nih.gov' ([Errno 8] nodename nor servname provided, or not known)""))"
2170,PDF batch 2170/6155 (1 references),1,ConnectionError,"HTTPSConnectionPool(host='dev.posit.niehs.nih.gov', port=443): Max retries exceeded with url: /et/api/pdf-download (Caused by NameResolutionError(""HTTPSConnection(host='dev.posit.niehs.nih.gov', port=443): Failed to resolve 'dev.posit.niehs.nih.gov' ([Errno 8] nodename nor servname provided, or not known)""))"
2171,PDF batch 2171/6155 (1 references),1,ConnectionError,"HTTPSConnectionPool(host='dev.posit.niehs.nih.gov', port=443): Max retries exceeded with url: /et/api/pdf-download (Caused by NameResolutionError(""HTTPSConnection(host='dev.posit.niehs.nih.gov', port=443): Failed to resolve 'dev.posit.niehs.nih.gov' ([Errno 8] nodename nor servname provided, or not known)""))"
2176,PDF batch 2176/6155 (1 references),1,ConnectionError,"HTTPSConnectionPool(host='dev.posit.niehs.nih.gov', port=443): Max retries exceeded with url: /et/api/pdf-download (Caused by NameResolutionError(""HTTPSConnection(host='dev.posit.niehs.nih.gov', port=443): Failed to resolve 'dev.posit.niehs.nih.gov' ([Errno 8] nodename nor servname provided, or not known)""))"
2177,PDF batch 2177/6155 (1 references),1,ConnectionError,"HTTPSConnectionPool(host='dev.posit.niehs.nih.gov', port=443): Max retries exceeded with url: /et/api/pdf-download (Caused by NameResolutionError(""HTTPSConnection(host='dev.posit.niehs.nih.gov', port=443): Failed to resolve 'dev.posit.niehs.nih.gov' ([Errno 8] nodename nor servname provided, or not known)""))"
2179,PDF batch 2179/6155 (1 references),1,ConnectionError,"HTTPSConnectionPool(host='dev.posit.niehs.nih.gov', port=443): Max retries exceeded with url: /et/api/pdf-download (Caused by NameResolutionError(""HTTPSConnection(host='dev.posit.niehs.nih.gov', port=443): Failed to resolve 'dev.posit.niehs.nih.gov' ([Errno 8] nodename nor servname provided, or not known)""))"
2178,PDF batch 2178/6155 (1 references),1,ConnectionError,"HTTPSConnectionPool(host='dev.posit.niehs.nih.gov', port=443): Max retries exceeded with url: /et/api/pdf-download (Caused by NameResolutionError(""HTTPSConnection(host='dev.posit.niehs.nih.gov', port=443): Failed to resolve 'dev.posit.niehs.nih.gov' ([Errno 8] nodename nor servname provided, or not known)""))"
2180,PDF batch 2180/6155 (1 references),1,ConnectionError,"HTTPSConnectionPool(host='dev.posit.niehs.nih.gov', port=443): Max retries exceeded with url: /et/api/pdf-download (Caused by NameResolutionError(""HTTPSConnection(host='dev.posit.niehs.nih.gov', port=443): Failed to resolve 'dev.posit.niehs.nih.gov' ([Errno 8] nodename nor servname provided, or not known)""))"
2181,PDF batch 2181/6155 (1 references),1,ConnectionError,"HTTPSConnectionPool(host='dev.posit.niehs.nih.gov', port=443): Max retries exceeded with url: /et/api/pdf-download (Caused by NameResolutionError(""HTTPSConnection(host='dev.posit.niehs.nih.gov', port=443): Failed to resolve 'dev.posit.niehs.nih.gov' ([Errno 8] nodename nor servname provided, or not known)""))"
2182,PDF batch 2182/6155 (1 references),1,ConnectionError,"HTTPSConnectionPool(host='dev.posit.niehs.nih.gov', port=443): Max retries exceeded with url: /et/api/pdf-download (Caused by NameResolutionError(""HTTPSConnection(host='dev.posit.niehs.nih.gov', port=443): Failed to resolve 'dev.posit.niehs.nih.gov' ([Errno 8] nodename nor servname provided, or not known)""))"
2183,PDF batch 2183/6155 (1 references),1,ConnectionError,"HTTPSConnectionPool(host='dev.posit.niehs.nih.gov', port=443): Max retries exceeded with url: /et/api/pdf-download (Caused by NameResolutionError(""HTTPSConnection(host='dev.posit.niehs.nih.gov', port=443): Failed to resolve 'dev.posit.niehs.nih.gov' ([Errno 8] nodename nor servname provided, or not known)""))"
2184,PDF batch 2184/6155 (1 references),1,ConnectionError,"HTTPSConnectionPool(host='dev.posit.niehs.nih.gov', port=443): Max retries exceeded with url: /et/api/pdf-download (Caused by NameResolutionError(""HTTPSConnection(host='dev.posit.niehs.nih.gov', port=443): Failed to resolve 'dev.posit.niehs.nih.gov' ([Errno 8] nodename nor servname provided, or not known)""))"
2185,PDF batch 2185/6155 (1 references),1,ConnectionError,"HTTPSConnectionPool(host='dev.posit.niehs.nih.gov', port=443): Max retries exceeded with url: /et/api/pdf-download (Caused by NameResolutionError(""HTTPSConnection(host='dev.posit.niehs.nih.gov', port=443): Failed to resolve 'dev.posit.niehs.nih.gov' ([Errno 8] nodename nor servname provided, or not known)""))"
2186,PDF batch 2186/6155 (1 references),1,ConnectionError,"HTTPSConnectionPool(host='dev.posit.niehs.nih.gov', port=443): Max retries exceeded with url: /et/api/pdf-download (Caused by NameResolutionError(""HTTPSConnection(host='dev.posit.niehs.nih.gov', port=443): Failed to resolve 'dev.posit.niehs.nih.gov' ([Errno 8] nodename nor servname provided, or not known)""))"
2187,PDF batch 2187/6155 (1 references),1,ConnectionError,"HTTPSConnectionPool(host='dev.posit.niehs.nih.gov', port=443): Max retries exceeded with url: /et/api/pdf-download (Caused by NameResolutionError(""HTTPSConnection(host='dev.posit.niehs.nih.gov', port=443): Failed to resolve 'dev.posit.niehs.nih.gov' ([Errno 8] nodename nor servname provided, or not known)""))"
2189,PDF batch 2189/6155 (1 references),1,ConnectionError,"HTTPSConnectionPool(host='dev.posit.niehs.nih.gov', port=443): Max retries exceeded with url: /et/api/pdf-download (Caused by NameResolutionError(""HTTPSConnection(host='dev.posit.niehs.nih.gov', port=443): Failed to resolve 'dev.posit.niehs.nih.gov' ([Errno 8] nodename nor servname provided, or not known)""))"
2194,PDF batch 2194/6155 (1 references),1,ConnectionError,"HTTPSConnectionPool(host='dev.posit.niehs.nih.gov', port=443): Max retries exceeded with url: /et/api/pdf-download (Caused by NameResolutionError(""HTTPSConnection(host='dev.posit.niehs.nih.gov', port=443): Failed to resolve 'dev.posit.niehs.nih.gov' ([Errno 8] nodename nor servname provided, or not known)""))"
2191,PDF batch 2191/6155 (1 references),1,ConnectionError,"HTTPSConnectionPool(host='dev.posit.niehs.nih.gov', port=443): Max retries exceeded with url: /et/api/pdf-download (Caused by NameResolutionError(""HTTPSConnection(host='dev.posit.niehs.nih.gov', port=443): Failed to resolve 'dev.posit.niehs.nih.gov' ([Errno 8] nodename nor servname provided, or not known)""))"
2188,PDF batch 2188/6155 (1 references),1,ConnectionError,"HTTPSConnectionPool(host='dev.posit.niehs.nih.gov', port=443): Max retries exceeded with url: /et/api/pdf-download (Caused by NameResolutionError(""HTTPSConnection(host='dev.posit.niehs.nih.gov', port=443): Failed to resolve 'dev.posit.niehs.nih.gov' ([Errno 8] nodename nor servname provided, or not known)""))"
2193,PDF batch 2193/6155 (1 references),1,ConnectionError,"HTTPSConnectionPool(host='dev.posit.niehs.nih.gov', port=443): Max retries exceeded with url: /et/api/pdf-download (Caused by NameResolutionError(""HTTPSConnection(host='dev.posit.niehs.nih.gov', port=443): Failed to resolve 'dev.posit.niehs.nih.gov' ([Errno 8] nodename nor servname provided, or not known)""))"
2192,PDF batch 2192/6155 (1 references),1,ConnectionError,"HTTPSConnectionPool(host='dev.posit.niehs.nih.gov', port=443): Max retries exceeded with url: /et/api/pdf-download (Caused by NameResolutionError(""HTTPSConnection(host='dev.posit.niehs.nih.gov', port=443): Failed to resolve 'dev.posit.niehs.nih.gov' ([Errno 8] nodename nor servname provided, or not known)""))"
2190,PDF batch 2190/6155 (1 references),1,ConnectionError,"HTTPSConnectionPool(host='dev.posit.niehs.nih.gov', port=443): Max retries exceeded with url: /et/api/pdf-download (Caused by NameResolutionError(""HTTPSConnection(host='dev.posit.niehs.nih.gov', port=443): Failed to resolve 'dev.posit.niehs.nih.gov' ([Errno 8] nodename nor servname provided, or not known)""))"
2195,PDF batch 2195/6155 (1 references),1,ConnectionError,"HTTPSConnectionPool(host='dev.posit.niehs.nih.gov', port=443): Max retries exceeded with url: /et/api/pdf-download (Caused by NameResolutionError(""HTTPSConnection(host='dev.posit.niehs.nih.gov', port=443): Failed to resolve 'dev.posit.niehs.nih.gov' ([Errno 8] nodename nor servname provided, or not known)""))"
2196,PDF batch 2196/6155 (1 references),1,ConnectionError,"HTTPSConnectionPool(host='dev.posit.niehs.nih.gov', port=443): Max retries exceeded with url: /et/api/pdf-download (Caused by NameResolutionError(""HTTPSConnection(host='dev.posit.niehs.nih.gov', port=443): Failed to resolve 'dev.posit.niehs.nih.gov' ([Errno 8] nodename nor servname provided, or not known)""))"
2197,PDF batch 2197/6155 (1 references),1,ConnectionError,"HTTPSConnectionPool(host='dev.posit.niehs.nih.gov', port=443): Max retries exceeded with url: /et/api/pdf-download (Caused by NameResolutionError(""HTTPSConnection(host='dev.posit.niehs.nih.gov', port=443): Failed to resolve 'dev.posit.niehs.nih.gov' ([Errno 8] nodename nor servname provided, or not known)""))"
2198,PDF batch 2198/6155 (1 references),1,ConnectionError,"HTTPSConnectionPool(host='dev.posit.niehs.nih.gov', port=443): Max retries exceeded with url: /et/api/pdf-download (Caused by NameResolutionError(""HTTPSConnection(host='dev.posit.niehs.nih.gov', port=443): Failed to resolve 'dev.posit.niehs.nih.gov' ([Errno 8] nodename nor servname provided, or not known)""))"
2200,PDF batch 2200/6155 (1 references),1,ConnectionError,"HTTPSConnectionPool(host='dev.posit.niehs.nih.gov', port=443): Max retries exceeded with url: /et/api/pdf-download (Caused by NameResolutionError(""HTTPSConnection(host='dev.posit.niehs.nih.gov', port=443): Failed to resolve 'dev.posit.niehs.nih.gov' ([Errno 8] nodename nor servname provided, or not known)""))"
2199,PDF batch 2199/6155 (1 references),1,ConnectionError,"HTTPSConnectionPool(host='dev.posit.niehs.nih.gov', port=443): Max retries exceeded with url: /et/api/pdf-download (Caused by NameResolutionError(""HTTPSConnection(host='dev.posit.niehs.nih.gov', port=443): Failed to resolve 'dev.posit.niehs.nih.gov' ([Errno 8] nodename nor servname provided, or not known)""))"
2202,PDF batch 2202/6155 (1 references),1,ConnectionError,"HTTPSConnectionPool(host='dev.posit.niehs.nih.gov', port=443): Max retries exceeded with url: /et/api/pdf-download (Caused by NameResolutionError(""HTTPSConnection(host='dev.posit.niehs.nih.gov', port=443): Failed to resolve 'dev.posit.niehs.nih.gov' ([Errno 8] nodename nor servname provided, or not known)""))"
2201,PDF batch 2201/6155 (1 references),1,ConnectionError,"HTTPSConnectionPool(host='dev.posit.niehs.nih.gov', port=443): Max retries exceeded with url: /et/api/pdf-download (Caused by NameResolutionError(""HTTPSConnection(host='dev.posit.niehs.nih.gov', port=443): Failed to resolve 'dev.posit.niehs.nih.gov' ([Errno 8] nodename nor servname provided, or not known)""))"
2203,PDF batch 2203/6155 (1 references),1,ConnectionError,"HTTPSConnectionPool(host='dev.posit.niehs.nih.gov', port=443): Max retries exceeded with url: /et/api/pdf-download (Caused by NameResolutionError(""HTTPSConnection(host='dev.posit.niehs.nih.gov', port=443): Failed to resolve 'dev.posit.niehs.nih.gov' ([Errno 8] nodename nor servname provided, or not known)""))"
2204,PDF batch 2204/6155 (1 references),1,ConnectionError,"HTTPSConnectionPool(host='dev.posit.niehs.nih.gov', port=443): Max retries exceeded with url: /et/api/pdf-download (Caused by NameResolutionError(""HTTPSConnection(host='dev.posit.niehs.nih.gov', port=443): Failed to resolve 'dev.posit.niehs.nih.gov' ([Errno 8] nodename nor servname provided, or not known)""))"
2205,PDF batch 2205/6155 (1 references),1,ConnectionError,"HTTPSConnectionPool(host='dev.posit.niehs.nih.gov', port=443): Max retries exceeded with url: /et/api/pdf-download (Caused by NameResolutionError(""HTTPSConnection(host='dev.posit.niehs.nih.gov', port=443): Failed to resolve 'dev.posit.niehs.nih.gov' ([Errno 8] nodename nor servname provided, or not known)""))"
2206,PDF batch 2206/6155 (1 references),1,ConnectionError,"HTTPSConnectionPool(host='dev.posit.niehs.nih.gov', port=443): Max retries exceeded with url: /et/api/pdf-download (Caused by NameResolutionError(""HTTPSConnection(host='dev.posit.niehs.nih.gov', port=443): Failed to resolve 'dev.posit.niehs.nih.gov' ([Errno 8] nodename nor servname provided, or not known)""))"
2212,PDF batch 2212/6155 (1 references),1,ConnectionError,"HTTPSConnectionPool(host='dev.posit.niehs.nih.gov', port=443): Max retries exceeded with url: /et/api/pdf-download (Caused by NameResolutionError(""HTTPSConnection(host='dev.posit.niehs.nih.gov', port=443): Failed to resolve 'dev.posit.niehs.nih.gov' ([Errno 8] nodename nor servname provided, or not known)""))"
2209,PDF batch 2209/6155 (1 references),1,ConnectionError,"HTTPSConnectionPool(host='dev.posit.niehs.nih.gov', port=443): Max retries exceeded with url: /et/api/pdf-download (Caused by NameResolutionError(""HTTPSConnection(host='dev.posit.niehs.nih.gov', port=443): Failed to resolve 'dev.posit.niehs.nih.gov' ([Errno 8] nodename nor servname provided, or not known)""))"
2210,PDF batch 2210/6155 (1 references),1,ConnectionError,"HTTPSConnectionPool(host='dev.posit.niehs.nih.gov', port=443): Max retries exceeded with url: /et/api/pdf-download (Caused by NameResolutionError(""HTTPSConnection(host='dev.posit.niehs.nih.gov', port=443): Failed to resolve 'dev.posit.niehs.nih.gov' ([Errno 8] nodename nor servname provided, or not known)""))"
2211,PDF batch 2211/6155 (1 references),1,ConnectionError,"HTTPSConnectionPool(host='dev.posit.niehs.nih.gov', port=443): Max retries exceeded with url: /et/api/pdf-download (Caused by NameResolutionError(""HTTPSConnection(host='dev.posit.niehs.nih.gov', port=443): Failed to resolve 'dev.posit.niehs.nih.gov' ([Errno 8] nodename nor servname provided, or not known)""))"
2207,PDF batch 2207/6155 (1 references),1,ConnectionError,"HTTPSConnectionPool(host='dev.posit.niehs.nih.gov', port=443): Max retries exceeded with url: /et/api/pdf-download (Caused by NameResolutionError(""HTTPSConnection(host='dev.posit.niehs.nih.gov', port=443): Failed to resolve 'dev.posit.niehs.nih.gov' ([Errno 8] nodename nor servname provided, or not known)""))"
2208,PDF batch 2208/6155 (1 references),1,ConnectionError,"HTTPSConnectionPool(host='dev.posit.niehs.nih.gov', port=443): Max retries exceeded with url: /et/api/pdf-download (Caused by NameResolutionError(""HTTPSConnection(host='dev.posit.niehs.nih.gov', port=443): Failed to resolve 'dev.posit.niehs.nih.gov' ([Errno 8] nodename nor servname provided, or not known)""))"
2213,PDF batch 2213/6155 (1 references),1,ConnectionError,"HTTPSConnectionPool(host='dev.posit.niehs.nih.gov', port=443): Max retries exceeded with url: /et/api/pdf-download (Caused by NameResolutionError(""HTTPSConnection(host='dev.posit.niehs.nih.gov', port=443): Failed to resolve 'dev.posit.niehs.nih.gov' ([Errno 8] nodename nor servname provided, or not known)""))"
2214,PDF batch 2214/6155 (1 references),1,ConnectionError,"HTTPSConnectionPool(host='dev.posit.niehs.nih.gov', port=443): Max retries exceeded with url: /et/api/pdf-download (Caused by NameResolutionError(""HTTPSConnection(host='dev.posit.niehs.nih.gov', port=443): Failed to resolve 'dev.posit.niehs.nih.gov' ([Errno 8] nodename nor servname provided, or not known)""))"
2215,PDF batch 2215/6155 (1 references),1,ConnectionError,"HTTPSConnectionPool(host='dev.posit.niehs.nih.gov', port=443): Max retries exceeded with url: /et/api/pdf-download (Caused by NameResolutionError(""HTTPSConnection(host='dev.posit.niehs.nih.gov', port=443): Failed to resolve 'dev.posit.niehs.nih.gov' ([Errno 8] nodename nor servname provided, or not known)""))"
2217,PDF batch 2217/6155 (1 references),1,ConnectionError,"HTTPSConnectionPool(host='dev.posit.niehs.nih.gov', port=443): Max retries exceeded with url: /et/api/pdf-download (Caused by NameResolutionError(""HTTPSConnection(host='dev.posit.niehs.nih.gov', port=443): Failed to resolve 'dev.posit.niehs.nih.gov' ([Errno 8] nodename nor servname provided, or not known)""))"
2216,PDF batch 2216/6155 (1 references),1,ConnectionError,"HTTPSConnectionPool(host='dev.posit.niehs.nih.gov', port=443): Max retries exceeded with url: /et/api/pdf-download (Caused by NameResolutionError(""HTTPSConnection(host='dev.posit.niehs.nih.gov', port=443): Failed to resolve 'dev.posit.niehs.nih.gov' ([Errno 8] nodename nor servname provided, or not known)""))"
2218,PDF batch 2218/6155 (1 references),1,ConnectionError,"HTTPSConnectionPool(host='dev.posit.niehs.nih.gov', port=443): Max retries exceeded with url: /et/api/pdf-download (Caused by NameResolutionError(""HTTPSConnection(host='dev.posit.niehs.nih.gov', port=443): Failed to resolve 'dev.posit.niehs.nih.gov' ([Errno 8] nodename nor servname provided, or not known)""))"
2219,PDF batch 2219/6155 (1 references),1,ConnectionError,"HTTPSConnectionPool(host='dev.posit.niehs.nih.gov', port=443): Max retries exceeded with url: /et/api/pdf-download (Caused by NameResolutionError(""HTTPSConnection(host='dev.posit.niehs.nih.gov', port=443): Failed to resolve 'dev.posit.niehs.nih.gov' ([Errno 8] nodename nor servname provided, or not known)""))"
2220,PDF batch 2220/6155 (1 references),1,ConnectionError,"HTTPSConnectionPool(host='dev.posit.niehs.nih.gov', port=443): Max retries exceeded with url: /et/api/pdf-download (Caused by NameResolutionError(""HTTPSConnection(host='dev.posit.niehs.nih.gov', port=443): Failed to resolve 'dev.posit.niehs.nih.gov' ([Errno 8] nodename nor servname provided, or not known)""))"
2221,PDF batch 2221/6155 (1 references),1,ConnectionError,"HTTPSConnectionPool(host='dev.posit.niehs.nih.gov', port=443): Max retries exceeded with url: /et/api/pdf-download (Caused by NameResolutionError(""HTTPSConnection(host='dev.posit.niehs.nih.gov', port=443): Failed to resolve 'dev.posit.niehs.nih.gov' ([Errno 8] nodename nor servname provided, or not known)""))"
2222,PDF batch 2222/6155 (1 references),1,ConnectionError,"HTTPSConnectionPool(host='dev.posit.niehs.nih.gov', port=443): Max retries exceeded with url: /et/api/pdf-download (Caused by NameResolutionError(""HTTPSConnection(host='dev.posit.niehs.nih.gov', port=443): Failed to resolve 'dev.posit.niehs.nih.gov' ([Errno 8] nodename nor servname provided, or not known)""))"
2223,PDF batch 2223/6155 (1 references),1,ConnectionError,"HTTPSConnectionPool(host='dev.posit.niehs.nih.gov', port=443): Max retries exceeded with url: /et/api/pdf-download (Caused by NameResolutionError(""HTTPSConnection(host='dev.posit.niehs.nih.gov', port=443): Failed to resolve 'dev.posit.niehs.nih.gov' ([Errno 8] nodename nor servname provided, or not known)""))"
2224,PDF batch 2224/6155 (1 references),1,ConnectionError,"HTTPSConnectionPool(host='dev.posit.niehs.nih.gov', port=443): Max retries exceeded with url: /et/api/pdf-download (Caused by NameResolutionError(""HTTPSConnection(host='dev.posit.niehs.nih.gov', port=443): Failed to resolve 'dev.posit.niehs.nih.gov' ([Errno 8] nodename nor servname provided, or not known)""))"
2225,PDF batch 2225/6155 (1 references),1,ConnectionError,"HTTPSConnectionPool(host='dev.posit.niehs.nih.gov', port=443): Max retries exceeded with url: /et/api/pdf-download (Caused by NameResolutionError(""HTTPSConnection(host='dev.posit.niehs.nih.gov', port=443): Failed to resolve 'dev.posit.niehs.nih.gov' ([Errno 8] nodename nor servname provided, or not known)""))"
2226,PDF batch 2226/6155 (1 references),1,ConnectionError,"HTTPSConnectionPool(host='dev.posit.niehs.nih.gov', port=443): Max retries exceeded with url: /et/api/pdf-download (Caused by NameResolutionError(""HTTPSConnection(host='dev.posit.niehs.nih.gov', port=443): Failed to resolve 'dev.posit.niehs.nih.gov' ([Errno 8] nodename nor servname provided, or not known)""))"
2227,PDF batch 2227/6155 (1 references),1,ConnectionError,"HTTPSConnectionPool(host='dev.posit.niehs.nih.gov', port=443): Max retries exceeded with url: /et/api/pdf-download (Caused by NameResolutionError(""HTTPSConnection(host='dev.posit.niehs.nih.gov', port=443): Failed to resolve 'dev.posit.niehs.nih.gov' ([Errno 8] nodename nor servname provided, or not known)""))"
2230,PDF batch 2230/6155 (1 references),1,ConnectionError,"HTTPSConnectionPool(host='dev.posit.niehs.nih.gov', port=443): Max retries exceeded with url: /et/api/pdf-download (Caused by NameResolutionError(""HTTPSConnection(host='dev.posit.niehs.nih.gov', port=443): Failed to resolve 'dev.posit.niehs.nih.gov' ([Errno 8] nodename nor servname provided, or not known)""))"
2228,PDF batch 2228/6155 (1 references),1,ConnectionError,"HTTPSConnectionPool(host='dev.posit.niehs.nih.gov', port=443): Max retries exceeded with url: /et/api/pdf-download (Caused by NameResolutionError(""HTTPSConnection(host='dev.posit.niehs.nih.gov', port=443): Failed to resolve 'dev.posit.niehs.nih.gov' ([Errno 8] nodename nor servname provided, or not known)""))"
2229,PDF batch 2229/6155 (1 references),1,ConnectionError,"HTTPSConnectionPool(host='dev.posit.niehs.nih.gov', port=443): Max retries exceeded with url: /et/api/pdf-download (Caused by NameResolutionError(""HTTPSConnection(host='dev.posit.niehs.nih.gov', port=443): Failed to resolve 'dev.posit.niehs.nih.gov' ([Errno 8] nodename nor servname provided, or not known)""))"
2232,PDF batch 2232/6155 (1 references),1,ConnectionError,"HTTPSConnectionPool(host='dev.posit.niehs.nih.gov', port=443): Max retries exceeded with url: /et/api/pdf-download (Caused by NameResolutionError(""HTTPSConnection(host='dev.posit.niehs.nih.gov', port=443): Failed to resolve 'dev.posit.niehs.nih.gov' ([Errno 8] nodename nor servname provided, or not known)""))"
2231,PDF batch 2231/6155 (1 references),1,ConnectionError,"HTTPSConnectionPool(host='dev.posit.niehs.nih.gov', port=443): Max retries exceeded with url: /et/api/pdf-download (Caused by NameResolutionError(""HTTPSConnection(host='dev.posit.niehs.nih.gov', port=443): Failed to resolve 'dev.posit.niehs.nih.gov' ([Errno 8] nodename nor servname provided, or not known)""))"
2233,PDF batch 2233/6155 (1 references),1,ConnectionError,"HTTPSConnectionPool(host='dev.posit.niehs.nih.gov', port=443): Max retries exceeded with url: /et/api/pdf-download (Caused by NameResolutionError(""HTTPSConnection(host='dev.posit.niehs.nih.gov', port=443): Failed to resolve 'dev.posit.niehs.nih.gov' ([Errno 8] nodename nor servname provided, or not known)""))"
2234,PDF batch 2234/6155 (1 references),1,ConnectionError,"HTTPSConnectionPool(host='dev.posit.niehs.nih.gov', port=443): Max retries exceeded with url: /et/api/pdf-download (Caused by NameResolutionError(""HTTPSConnection(host='dev.posit.niehs.nih.gov', port=443): Failed to resolve 'dev.posit.niehs.nih.gov' ([Errno 8] nodename nor servname provided, or not known)""))"
2235,PDF batch 2235/6155 (1 references),1,ConnectionError,"HTTPSConnectionPool(host='dev.posit.niehs.nih.gov', port=443): Max retries exceeded with url: /et/api/pdf-download (Caused by NameResolutionError(""HTTPSConnection(host='dev.posit.niehs.nih.gov', port=443): Failed to resolve 'dev.posit.niehs.nih.gov' ([Errno 8] nodename nor servname provided, or not known)""))"
2236,PDF batch 2236/6155 (1 references),1,ConnectionError,"HTTPSConnectionPool(host='dev.posit.niehs.nih.gov', port=443): Max retries exceeded with url: /et/api/pdf-download (Caused by NameResolutionError(""HTTPSConnection(host='dev.posit.niehs.nih.gov', port=443): Failed to resolve 'dev.posit.niehs.nih.gov' ([Errno 8] nodename nor servname provided, or not known)""))"
2239,PDF batch 2239/6155 (1 references),1,ConnectionError,"HTTPSConnectionPool(host='dev.posit.niehs.nih.gov', port=443): Max retries exceeded with url: /et/api/pdf-download (Caused by NameResolutionError(""HTTPSConnection(host='dev.posit.niehs.nih.gov', port=443): Failed to resolve 'dev.posit.niehs.nih.gov' ([Errno 8] nodename nor servname provided, or not known)""))"
2238,PDF batch 2238/6155 (1 references),1,ConnectionError,"HTTPSConnectionPool(host='dev.posit.niehs.nih.gov', port=443): Max retries exceeded with url: /et/api/pdf-download (Caused by NameResolutionError(""HTTPSConnection(host='dev.posit.niehs.nih.gov', port=443): Failed to resolve 'dev.posit.niehs.nih.gov' ([Errno 8] nodename nor servname provided, or not known)""))"
2237,PDF batch 2237/6155 (1 references),1,ConnectionError,"HTTPSConnectionPool(host='dev.posit.niehs.nih.gov', port=443): Max retries exceeded with url: /et/api/pdf-download (Caused by NameResolutionError(""HTTPSConnection(host='dev.posit.niehs.nih.gov', port=443): Failed to resolve 'dev.posit.niehs.nih.gov' ([Errno 8] nodename nor servname provided, or not known)""))"
2240,PDF batch 2240/6155 (1 references),1,ConnectionError,"HTTPSConnectionPool(host='dev.posit.niehs.nih.gov', port=443): Max retries exceeded with url: /et/api/pdf-download (Caused by NameResolutionError(""HTTPSConnection(host='dev.posit.niehs.nih.gov', port=443): Failed to resolve 'dev.posit.niehs.nih.gov' ([Errno 8] nodename nor servname provided, or not known)""))"
2241,PDF batch 2241/6155 (1 references),1,ConnectionError,"HTTPSConnectionPool(host='dev.posit.niehs.nih.gov', port=443): Max retries exceeded with url: /et/api/pdf-download (Caused by NameResolutionError(""HTTPSConnection(host='dev.posit.niehs.nih.gov', port=443): Failed to resolve 'dev.posit.niehs.nih.gov' ([Errno 8] nodename nor servname provided, or not known)""))"
2242,PDF batch 2242/6155 (1 references),1,ConnectionError,"HTTPSConnectionPool(host='dev.posit.niehs.nih.gov', port=443): Max retries exceeded with url: /et/api/pdf-download (Caused by NameResolutionError(""HTTPSConnection(host='dev.posit.niehs.nih.gov', port=443): Failed to resolve 'dev.posit.niehs.nih.gov' ([Errno 8] nodename nor servname provided, or not known)""))"
2243,PDF batch 2243/6155 (1 references),1,ConnectionError,"HTTPSConnectionPool(host='dev.posit.niehs.nih.gov', port=443): Max retries exceeded with url: /et/api/pdf-download (Caused by NameResolutionError(""HTTPSConnection(host='dev.posit.niehs.nih.gov', port=443): Failed to resolve 'dev.posit.niehs.nih.gov' ([Errno 8] nodename nor servname provided, or not known)""))"
2244,PDF batch 2244/6155 (1 references),1,ConnectionError,"HTTPSConnectionPool(host='dev.posit.niehs.nih.gov', port=443): Max retries exceeded with url: /et/api/pdf-download (Caused by NameResolutionError(""HTTPSConnection(host='dev.posit.niehs.nih.gov', port=443): Failed to resolve 'dev.posit.niehs.nih.gov' ([Errno 8] nodename nor servname provided, or not known)""))"
2245,PDF batch 2245/6155 (1 references),1,ConnectionError,"HTTPSConnectionPool(host='dev.posit.niehs.nih.gov', port=443): Max retries exceeded with url: /et/api/pdf-download (Caused by NameResolutionError(""HTTPSConnection(host='dev.posit.niehs.nih.gov', port=443): Failed to resolve 'dev.posit.niehs.nih.gov' ([Errno 8] nodename nor servname provided, or not known)""))"
2251,PDF batch 2251/6155 (1 references),1,ConnectionError,"HTTPSConnectionPool(host='dev.posit.niehs.nih.gov', port=443): Max retries exceeded with url: /et/api/pdf-download (Caused by NameResolutionError(""HTTPSConnection(host='dev.posit.niehs.nih.gov', port=443): Failed to resolve 'dev.posit.niehs.nih.gov' ([Errno 8] nodename nor servname provided, or not known)""))"
2249,PDF batch 2249/6155 (1 references),1,ConnectionError,"HTTPSConnectionPool(host='dev.posit.niehs.nih.gov', port=443): Max retries exceeded with url: /et/api/pdf-download (Caused by NameResolutionError(""HTTPSConnection(host='dev.posit.niehs.nih.gov', port=443): Failed to resolve 'dev.posit.niehs.nih.gov' ([Errno 8] nodename nor servname provided, or not known)""))"
2247,PDF batch 2247/6155 (1 references),1,ConnectionError,"HTTPSConnectionPool(host='dev.posit.niehs.nih.gov', port=443): Max retries exceeded with url: /et/api/pdf-download (Caused by NameResolutionError(""HTTPSConnection(host='dev.posit.niehs.nih.gov', port=443): Failed to resolve 'dev.posit.niehs.nih.gov' ([Errno 8] nodename nor servname provided, or not known)""))"
2246,PDF batch 2246/6155 (1 references),1,ConnectionError,"HTTPSConnectionPool(host='dev.posit.niehs.nih.gov', port=443): Max retries exceeded with url: /et/api/pdf-download (Caused by NameResolutionError(""HTTPSConnection(host='dev.posit.niehs.nih.gov', port=443): Failed to resolve 'dev.posit.niehs.nih.gov' ([Errno 8] nodename nor servname provided, or not known)""))"
2248,PDF batch 2248/6155 (1 references),1,ConnectionError,"HTTPSConnectionPool(host='dev.posit.niehs.nih.gov', port=443): Max retries exceeded with url: /et/api/pdf-download (Caused by NameResolutionError(""HTTPSConnection(host='dev.posit.niehs.nih.gov', port=443): Failed to resolve 'dev.posit.niehs.nih.gov' ([Errno 8] nodename nor servname provided, or not known)""))"
2250,PDF batch 2250/6155 (1 references),1,ConnectionError,"HTTPSConnectionPool(host='dev.posit.niehs.nih.gov', port=443): Max retries exceeded with url: /et/api/pdf-download (Caused by NameResolutionError(""HTTPSConnection(host='dev.posit.niehs.nih.gov', port=443): Failed to resolve 'dev.posit.niehs.nih.gov' ([Errno 8] nodename nor servname provided, or not known)""))"
2252,PDF batch 2252/6155 (1 references),1,ConnectionError,"HTTPSConnectionPool(host='dev.posit.niehs.nih.gov', port=443): Max retries exceeded with url: /et/api/pdf-download (Caused by NameResolutionError(""HTTPSConnection(host='dev.posit.niehs.nih.gov', port=443): Failed to resolve 'dev.posit.niehs.nih.gov' ([Errno 8] nodename nor servname provided, or not known)""))"
2253,PDF batch 2253/6155 (1 references),1,ConnectionError,"HTTPSConnectionPool(host='dev.posit.niehs.nih.gov', port=443): Max retries exceeded with url: /et/api/pdf-download (Caused by NameResolutionError(""HTTPSConnection(host='dev.posit.niehs.nih.gov', port=443): Failed to resolve 'dev.posit.niehs.nih.gov' ([Errno 8] nodename nor servname provided, or not known)""))"
2254,PDF batch 2254/6155 (1 references),1,ConnectionError,"HTTPSConnectionPool(host='dev.posit.niehs.nih.gov', port=443): Max retries exceeded with url: /et/api/pdf-download (Caused by NameResolutionError(""HTTPSConnection(host='dev.posit.niehs.nih.gov', port=443): Failed to resolve 'dev.posit.niehs.nih.gov' ([Errno 8] nodename nor servname provided, or not known)""))"
2255,PDF batch 2255/6155 (1 references),1,ConnectionError,"HTTPSConnectionPool(host='dev.posit.niehs.nih.gov', port=443): Max retries exceeded with url: /et/api/pdf-download (Caused by NameResolutionError(""HTTPSConnection(host='dev.posit.niehs.nih.gov', port=443): Failed to resolve 'dev.posit.niehs.nih.gov' ([Errno 8] nodename nor servname provided, or not known)""))"
2257,PDF batch 2257/6155 (1 references),1,ConnectionError,"HTTPSConnectionPool(host='dev.posit.niehs.nih.gov', port=443): Max retries exceeded with url: /et/api/pdf-download (Caused by NameResolutionError(""HTTPSConnection(host='dev.posit.niehs.nih.gov', port=443): Failed to resolve 'dev.posit.niehs.nih.gov' ([Errno 8] nodename nor servname provided, or not known)""))"
2259,PDF batch 2259/6155 (1 references),1,ConnectionError,"HTTPSConnectionPool(host='dev.posit.niehs.nih.gov', port=443): Max retries exceeded with url: /et/api/pdf-download (Caused by NameResolutionError(""HTTPSConnection(host='dev.posit.niehs.nih.gov', port=443): Failed to resolve 'dev.posit.niehs.nih.gov' ([Errno 8] nodename nor servname provided, or not known)""))"
2256,PDF batch 2256/6155 (1 references),1,ConnectionError,"HTTPSConnectionPool(host='dev.posit.niehs.nih.gov', port=443): Max retries exceeded with url: /et/api/pdf-download (Caused by NameResolutionError(""HTTPSConnection(host='dev.posit.niehs.nih.gov', port=443): Failed to resolve 'dev.posit.niehs.nih.gov' ([Errno 8] nodename nor servname provided, or not known)""))"
2258,PDF batch 2258/6155 (1 references),1,ConnectionError,"HTTPSConnectionPool(host='dev.posit.niehs.nih.gov', port=443): Max retries exceeded with url: /et/api/pdf-download (Caused by NameResolutionError(""HTTPSConnection(host='dev.posit.niehs.nih.gov', port=443): Failed to resolve 'dev.posit.niehs.nih.gov' ([Errno 8] nodename nor servname provided, or not known)""))"
2260,PDF batch 2260/6155 (1 references),1,ConnectionError,"HTTPSConnectionPool(host='dev.posit.niehs.nih.gov', port=443): Max retries exceeded with url: /et/api/pdf-download (Caused by NameResolutionError(""HTTPSConnection(host='dev.posit.niehs.nih.gov', port=443): Failed to resolve 'dev.posit.niehs.nih.gov' ([Errno 8] nodename nor servname provided, or not known)""))"
2261,PDF batch 2261/6155 (1 references),1,ConnectionError,"HTTPSConnectionPool(host='dev.posit.niehs.nih.gov', port=443): Max retries exceeded with url: /et/api/pdf-download (Caused by NameResolutionError(""HTTPSConnection(host='dev.posit.niehs.nih.gov', port=443): Failed to resolve 'dev.posit.niehs.nih.gov' ([Errno 8] nodename nor servname provided, or not known)""))"
2262,PDF batch 2262/6155 (1 references),1,ConnectionError,"HTTPSConnectionPool(host='dev.posit.niehs.nih.gov', port=443): Max retries exceeded with url: /et/api/pdf-download (Caused by NameResolutionError(""HTTPSConnection(host='dev.posit.niehs.nih.gov', port=443): Failed to resolve 'dev.posit.niehs.nih.gov' ([Errno 8] nodename nor servname provided, or not known)""))"
2263,PDF batch 2263/6155 (1 references),1,ConnectionError,"HTTPSConnectionPool(host='dev.posit.niehs.nih.gov', port=443): Max retries exceeded with url: /et/api/pdf-download (Caused by NameResolutionError(""HTTPSConnection(host='dev.posit.niehs.nih.gov', port=443): Failed to resolve 'dev.posit.niehs.nih.gov' ([Errno 8] nodename nor servname provided, or not known)""))"
2264,PDF batch 2264/6155 (1 references),1,ConnectionError,"HTTPSConnectionPool(host='dev.posit.niehs.nih.gov', port=443): Max retries exceeded with url: /et/api/pdf-download (Caused by NameResolutionError(""HTTPSConnection(host='dev.posit.niehs.nih.gov', port=443): Failed to resolve 'dev.posit.niehs.nih.gov' ([Errno 8] nodename nor servname provided, or not known)""))"
2267,PDF batch 2267/6155 (1 references),1,ConnectionError,"HTTPSConnectionPool(host='dev.posit.niehs.nih.gov', port=443): Max retries exceeded with url: /et/api/pdf-download (Caused by NameResolutionError(""HTTPSConnection(host='dev.posit.niehs.nih.gov', port=443): Failed to resolve 'dev.posit.niehs.nih.gov' ([Errno 8] nodename nor servname provided, or not known)""))"
2265,PDF batch 2265/6155 (1 references),1,ConnectionError,"HTTPSConnectionPool(host='dev.posit.niehs.nih.gov', port=443): Max retries exceeded with url: /et/api/pdf-download (Caused by NameResolutionError(""HTTPSConnection(host='dev.posit.niehs.nih.gov', port=443): Failed to resolve 'dev.posit.niehs.nih.gov' ([Errno 8] nodename nor servname provided, or not known)""))"
2269,PDF batch 2269/6155 (1 references),1,ConnectionError,"HTTPSConnectionPool(host='dev.posit.niehs.nih.gov', port=443): Max retries exceeded with url: /et/api/pdf-download (Caused by NameResolutionError(""HTTPSConnection(host='dev.posit.niehs.nih.gov', port=443): Failed to resolve 'dev.posit.niehs.nih.gov' ([Errno 8] nodename nor servname provided, or not known)""))"
2268,PDF batch 2268/6155 (1 references),1,ConnectionError,"HTTPSConnectionPool(host='dev.posit.niehs.nih.gov', port=443): Max retries exceeded with url: /et/api/pdf-download (Caused by NameResolutionError(""HTTPSConnection(host='dev.posit.niehs.nih.gov', port=443): Failed to resolve 'dev.posit.niehs.nih.gov' ([Errno 8] nodename nor servname provided, or not known)""))"
2266,PDF batch 2266/6155 (1 references),1,ConnectionError,"HTTPSConnectionPool(host='dev.posit.niehs.nih.gov', port=443): Max retries exceeded with url: /et/api/pdf-download (Caused by NameResolutionError(""HTTPSConnection(host='dev.posit.niehs.nih.gov', port=443): Failed to resolve 'dev.posit.niehs.nih.gov' ([Errno 8] nodename nor servname provided, or not known)""))"
2270,PDF batch 2270/6155 (1 references),1,ConnectionError,"HTTPSConnectionPool(host='dev.posit.niehs.nih.gov', port=443): Max retries exceeded with url: /et/api/pdf-download (Caused by NameResolutionError(""HTTPSConnection(host='dev.posit.niehs.nih.gov', port=443): Failed to resolve 'dev.posit.niehs.nih.gov' ([Errno 8] nodename nor servname provided, or not known)""))"
2271,PDF batch 2271/6155 (1 references),1,ConnectionError,"HTTPSConnectionPool(host='dev.posit.niehs.nih.gov', port=443): Max retries exceeded with url: /et/api/pdf-download (Caused by NameResolutionError(""HTTPSConnection(host='dev.posit.niehs.nih.gov', port=443): Failed to resolve 'dev.posit.niehs.nih.gov' ([Errno 8] nodename nor servname provided, or not known)""))"
2272,PDF batch 2272/6155 (1 references),1,ConnectionError,"HTTPSConnectionPool(host='dev.posit.niehs.nih.gov', port=443): Max retries exceeded with url: /et/api/pdf-download (Caused by NameResolutionError(""HTTPSConnection(host='dev.posit.niehs.nih.gov', port=443): Failed to resolve 'dev.posit.niehs.nih.gov' ([Errno 8] nodename nor servname provided, or not known)""))"
2275,PDF batch 2275/6155 (1 references),1,ConnectionError,"HTTPSConnectionPool(host='dev.posit.niehs.nih.gov', port=443): Max retries exceeded with url: /et/api/pdf-download (Caused by NameResolutionError(""HTTPSConnection(host='dev.posit.niehs.nih.gov', port=443): Failed to resolve 'dev.posit.niehs.nih.gov' ([Errno 8] nodename nor servname provided, or not known)""))"
2273,PDF batch 2273/6155 (1 references),1,ConnectionError,"HTTPSConnectionPool(host='dev.posit.niehs.nih.gov', port=443): Max retries exceeded with url: /et/api/pdf-download (Caused by NameResolutionError(""HTTPSConnection(host='dev.posit.niehs.nih.gov', port=443): Failed to resolve 'dev.posit.niehs.nih.gov' ([Errno 8] nodename nor servname provided, or not known)""))"
2274,PDF batch 2274/6155 (1 references),1,ConnectionError,"HTTPSConnectionPool(host='dev.posit.niehs.nih.gov', port=443): Max retries exceeded with url: /et/api/pdf-download (Caused by NameResolutionError(""HTTPSConnection(host='dev.posit.niehs.nih.gov', port=443): Failed to resolve 'dev.posit.niehs.nih.gov' ([Errno 8] nodename nor servname provided, or not known)""))"
2278,PDF batch 2278/6155 (1 references),1,ConnectionError,"HTTPSConnectionPool(host='dev.posit.niehs.nih.gov', port=443): Max retries exceeded with url: /et/api/pdf-download (Caused by NameResolutionError(""HTTPSConnection(host='dev.posit.niehs.nih.gov', port=443): Failed to resolve 'dev.posit.niehs.nih.gov' ([Errno 8] nodename nor servname provided, or not known)""))"
2277,PDF batch 2277/6155 (1 references),1,ConnectionError,"HTTPSConnectionPool(host='dev.posit.niehs.nih.gov', port=443): Max retries exceeded with url: /et/api/pdf-download (Caused by NameResolutionError(""HTTPSConnection(host='dev.posit.niehs.nih.gov', port=443): Failed to resolve 'dev.posit.niehs.nih.gov' ([Errno 8] nodename nor servname provided, or not known)""))"
2276,PDF batch 2276/6155 (1 references),1,ConnectionError,"HTTPSConnectionPool(host='dev.posit.niehs.nih.gov', port=443): Max retries exceeded with url: /et/api/pdf-download (Caused by NameResolutionError(""HTTPSConnection(host='dev.posit.niehs.nih.gov', port=443): Failed to resolve 'dev.posit.niehs.nih.gov' ([Errno 8] nodename nor servname provided, or not known)""))"
2279,PDF batch 2279/6155 (1 references),1,ConnectionError,"HTTPSConnectionPool(host='dev.posit.niehs.nih.gov', port=443): Max retries exceeded with url: /et/api/pdf-download (Caused by NameResolutionError(""HTTPSConnection(host='dev.posit.niehs.nih.gov', port=443): Failed to resolve 'dev.posit.niehs.nih.gov' ([Errno 8] nodename nor servname provided, or not known)""))"
2280,PDF batch 2280/6155 (1 references),1,ConnectionError,"HTTPSConnectionPool(host='dev.posit.niehs.nih.gov', port=443): Max retries exceeded with url: /et/api/pdf-download (Caused by NameResolutionError(""HTTPSConnection(host='dev.posit.niehs.nih.gov', port=443): Failed to resolve 'dev.posit.niehs.nih.gov' ([Errno 8] nodename nor servname provided, or not known)""))"
2281,PDF batch 2281/6155 (1 references),1,ConnectionError,"HTTPSConnectionPool(host='dev.posit.niehs.nih.gov', port=443): Max retries exceeded with url: /et/api/pdf-download (Caused by NameResolutionError(""HTTPSConnection(host='dev.posit.niehs.nih.gov', port=443): Failed to resolve 'dev.posit.niehs.nih.gov' ([Errno 8] nodename nor servname provided, or not known)""))"
2282,PDF batch 2282/6155 (1 references),1,ConnectionError,"HTTPSConnectionPool(host='dev.posit.niehs.nih.gov', port=443): Max retries exceeded with url: /et/api/pdf-download (Caused by NameResolutionError(""HTTPSConnection(host='dev.posit.niehs.nih.gov', port=443): Failed to resolve 'dev.posit.niehs.nih.gov' ([Errno 8] nodename nor servname provided, or not known)""))"
2283,PDF batch 2283/6155 (1 references),1,ConnectionError,"HTTPSConnectionPool(host='dev.posit.niehs.nih.gov', port=443): Max retries exceeded with url: /et/api/pdf-download (Caused by NameResolutionError(""HTTPSConnection(host='dev.posit.niehs.nih.gov', port=443): Failed to resolve 'dev.posit.niehs.nih.gov' ([Errno 8] nodename nor servname provided, or not known)""))"
2284,PDF batch 2284/6155 (1 references),1,ConnectionError,"HTTPSConnectionPool(host='dev.posit.niehs.nih.gov', port=443): Max retries exceeded with url: /et/api/pdf-download (Caused by NameResolutionError(""HTTPSConnection(host='dev.posit.niehs.nih.gov', port=443): Failed to resolve 'dev.posit.niehs.nih.gov' ([Errno 8] nodename nor servname provided, or not known)""))"
2289,PDF batch 2289/6155 (1 references),1,ConnectionError,"HTTPSConnectionPool(host='dev.posit.niehs.nih.gov', port=443): Max retries exceeded with url: /et/api/pdf-download (Caused by NameResolutionError(""HTTPSConnection(host='dev.posit.niehs.nih.gov', port=443): Failed to resolve 'dev.posit.niehs.nih.gov' ([Errno 8] nodename nor servname provided, or not known)""))"
2286,PDF batch 2286/6155 (1 references),1,ConnectionError,"HTTPSConnectionPool(host='dev.posit.niehs.nih.gov', port=443): Max retries exceeded with url: /et/api/pdf-download (Caused by NameResolutionError(""HTTPSConnection(host='dev.posit.niehs.nih.gov', port=443): Failed to resolve 'dev.posit.niehs.nih.gov' ([Errno 8] nodename nor servname provided, or not known)""))"
2287,PDF batch 2287/6155 (1 references),1,ConnectionError,"HTTPSConnectionPool(host='dev.posit.niehs.nih.gov', port=443): Max retries exceeded with url: /et/api/pdf-download (Caused by NameResolutionError(""HTTPSConnection(host='dev.posit.niehs.nih.gov', port=443): Failed to resolve 'dev.posit.niehs.nih.gov' ([Errno 8] nodename nor servname provided, or not known)""))"
2285,PDF batch 2285/6155 (1 references),1,ConnectionError,"HTTPSConnectionPool(host='dev.posit.niehs.nih.gov', port=443): Max retries exceeded with url: /et/api/pdf-download (Caused by NameResolutionError(""HTTPSConnection(host='dev.posit.niehs.nih.gov', port=443): Failed to resolve 'dev.posit.niehs.nih.gov' ([Errno 8] nodename nor servname provided, or not known)""))"
2288,PDF batch 2288/6155 (1 references),1,ConnectionError,"HTTPSConnectionPool(host='dev.posit.niehs.nih.gov', port=443): Max retries exceeded with url: /et/api/pdf-download (Caused by NameResolutionError(""HTTPSConnection(host='dev.posit.niehs.nih.gov', port=443): Failed to resolve 'dev.posit.niehs.nih.gov' ([Errno 8] nodename nor servname provided, or not known)""))"
2290,PDF batch 2290/6155 (1 references),1,ConnectionError,"HTTPSConnectionPool(host='dev.posit.niehs.nih.gov', port=443): Max retries exceeded with url: /et/api/pdf-download (Caused by NameResolutionError(""HTTPSConnection(host='dev.posit.niehs.nih.gov', port=443): Failed to resolve 'dev.posit.niehs.nih.gov' ([Errno 8] nodename nor servname provided, or not known)""))"
2291,PDF batch 2291/6155 (1 references),1,ConnectionError,"HTTPSConnectionPool(host='dev.posit.niehs.nih.gov', port=443): Max retries exceeded with url: /et/api/pdf-download (Caused by NameResolutionError(""HTTPSConnection(host='dev.posit.niehs.nih.gov', port=443): Failed to resolve 'dev.posit.niehs.nih.gov' ([Errno 8] nodename nor servname provided, or not known)""))"
2294,PDF batch 2294/6155 (1 references),1,ConnectionError,"HTTPSConnectionPool(host='dev.posit.niehs.nih.gov', port=443): Max retries exceeded with url: /et/api/pdf-download (Caused by NameResolutionError(""HTTPSConnection(host='dev.posit.niehs.nih.gov', port=443): Failed to resolve 'dev.posit.niehs.nih.gov' ([Errno 8] nodename nor servname provided, or not known)""))"
2297,PDF batch 2297/6155 (1 references),1,ConnectionError,"HTTPSConnectionPool(host='dev.posit.niehs.nih.gov', port=443): Max retries exceeded with url: /et/api/pdf-download (Caused by NameResolutionError(""HTTPSConnection(host='dev.posit.niehs.nih.gov', port=443): Failed to resolve 'dev.posit.niehs.nih.gov' ([Errno 8] nodename nor servname provided, or not known)""))"
2296,PDF batch 2296/6155 (1 references),1,ConnectionError,"HTTPSConnectionPool(host='dev.posit.niehs.nih.gov', port=443): Max retries exceeded with url: /et/api/pdf-download (Caused by NameResolutionError(""HTTPSConnection(host='dev.posit.niehs.nih.gov', port=443): Failed to resolve 'dev.posit.niehs.nih.gov' ([Errno 8] nodename nor servname provided, or not known)""))"
2292,PDF batch 2292/6155 (1 references),1,ConnectionError,"HTTPSConnectionPool(host='dev.posit.niehs.nih.gov', port=443): Max retries exceeded with url: /et/api/pdf-download (Caused by NameResolutionError(""HTTPSConnection(host='dev.posit.niehs.nih.gov', port=443): Failed to resolve 'dev.posit.niehs.nih.gov' ([Errno 8] nodename nor servname provided, or not known)""))"
2293,PDF batch 2293/6155 (1 references),1,ConnectionError,"HTTPSConnectionPool(host='dev.posit.niehs.nih.gov', port=443): Max retries exceeded with url: /et/api/pdf-download (Caused by NameResolutionError(""HTTPSConnection(host='dev.posit.niehs.nih.gov', port=443): Failed to resolve 'dev.posit.niehs.nih.gov' ([Errno 8] nodename nor servname provided, or not known)""))"
2295,PDF batch 2295/6155 (1 references),1,ConnectionError,"HTTPSConnectionPool(host='dev.posit.niehs.nih.gov', port=443): Max retries exceeded with url: /et/api/pdf-download (Caused by NameResolutionError(""HTTPSConnection(host='dev.posit.niehs.nih.gov', port=443): Failed to resolve 'dev.posit.niehs.nih.gov' ([Errno 8] nodename nor servname provided, or not known)""))"
2298,PDF batch 2298/6155 (1 references),1,ConnectionError,"HTTPSConnectionPool(host='dev.posit.niehs.nih.gov', port=443): Max retries exceeded with url: /et/api/pdf-download (Caused by NameResolutionError(""HTTPSConnection(host='dev.posit.niehs.nih.gov', port=443): Failed to resolve 'dev.posit.niehs.nih.gov' ([Errno 8] nodename nor servname provided, or not known)""))"
2300,PDF batch 2300/6155 (1 references),1,ConnectionError,"HTTPSConnectionPool(host='dev.posit.niehs.nih.gov', port=443): Max retries exceeded with url: /et/api/pdf-download (Caused by NameResolutionError(""HTTPSConnection(host='dev.posit.niehs.nih.gov', port=443): Failed to resolve 'dev.posit.niehs.nih.gov' ([Errno 8] nodename nor servname provided, or not known)""))"
2299,PDF batch 2299/6155 (1 references),1,ConnectionError,"HTTPSConnectionPool(host='dev.posit.niehs.nih.gov', port=443): Max retries exceeded with url: /et/api/pdf-download (Caused by NameResolutionError(""HTTPSConnection(host='dev.posit.niehs.nih.gov', port=443): Failed to resolve 'dev.posit.niehs.nih.gov' ([Errno 8] nodename nor servname provided, or not known)""))"
2301,PDF batch 2301/6155 (1 references),1,ConnectionError,"HTTPSConnectionPool(host='dev.posit.niehs.nih.gov', port=443): Max retries exceeded with url: /et/api/pdf-download (Caused by NameResolutionError(""HTTPSConnection(host='dev.posit.niehs.nih.gov', port=443): Failed to resolve 'dev.posit.niehs.nih.gov' ([Errno 8] nodename nor servname provided, or not known)""))"
2302,PDF batch 2302/6155 (1 references),1,ConnectionError,"HTTPSConnectionPool(host='dev.posit.niehs.nih.gov', port=443): Max retries exceeded with url: /et/api/pdf-download (Caused by NameResolutionError(""HTTPSConnection(host='dev.posit.niehs.nih.gov', port=443): Failed to resolve 'dev.posit.niehs.nih.gov' ([Errno 8] nodename nor servname provided, or not known)""))"
2303,PDF batch 2303/6155 (1 references),1,ConnectionError,"HTTPSConnectionPool(host='dev.posit.niehs.nih.gov', port=443): Max retries exceeded with url: /et/api/pdf-download (Caused by NameResolutionError(""HTTPSConnection(host='dev.posit.niehs.nih.gov', port=443): Failed to resolve 'dev.posit.niehs.nih.gov' ([Errno 8] nodename nor servname provided, or not known)""))"
2304,PDF batch 2304/6155 (1 references),1,ConnectionError,"HTTPSConnectionPool(host='dev.posit.niehs.nih.gov', port=443): Max retries exceeded with url: /et/api/pdf-download (Caused by NameResolutionError(""HTTPSConnection(host='dev.posit.niehs.nih.gov', port=443): Failed to resolve 'dev.posit.niehs.nih.gov' ([Errno 8] nodename nor servname provided, or not known)""))"
2305,PDF batch 2305/6155 (1 references),1,ConnectionError,"HTTPSConnectionPool(host='dev.posit.niehs.nih.gov', port=443): Max retries exceeded with url: /et/api/pdf-download (Caused by NameResolutionError(""HTTPSConnection(host='dev.posit.niehs.nih.gov', port=443): Failed to resolve 'dev.posit.niehs.nih.gov' ([Errno 8] nodename nor servname provided, or not known)""))"
2307,PDF batch 2307/6155 (1 references),1,ConnectionError,"HTTPSConnectionPool(host='dev.posit.niehs.nih.gov', port=443): Max retries exceeded with url: /et/api/pdf-download (Caused by NameResolutionError(""HTTPSConnection(host='dev.posit.niehs.nih.gov', port=443): Failed to resolve 'dev.posit.niehs.nih.gov' ([Errno 8] nodename nor servname provided, or not known)""))"
2306,PDF batch 2306/6155 (1 references),1,ConnectionError,"HTTPSConnectionPool(host='dev.posit.niehs.nih.gov', port=443): Max retries exceeded with url: /et/api/pdf-download (Caused by NameResolutionError(""HTTPSConnection(host='dev.posit.niehs.nih.gov', port=443): Failed to resolve 'dev.posit.niehs.nih.gov' ([Errno 8] nodename nor servname provided, or not known)""))"
2308,PDF batch 2308/6155 (1 references),1,ConnectionError,"HTTPSConnectionPool(host='dev.posit.niehs.nih.gov', port=443): Max retries exceeded with url: /et/api/pdf-download (Caused by NameResolutionError(""HTTPSConnection(host='dev.posit.niehs.nih.gov', port=443): Failed to resolve 'dev.posit.niehs.nih.gov' ([Errno 8] nodename nor servname provided, or not known)""))"
2309,PDF batch 2309/6155 (1 references),1,ConnectionError,"HTTPSConnectionPool(host='dev.posit.niehs.nih.gov', port=443): Max retries exceeded with url: /et/api/pdf-download (Caused by NameResolutionError(""HTTPSConnection(host='dev.posit.niehs.nih.gov', port=443): Failed to resolve 'dev.posit.niehs.nih.gov' ([Errno 8] nodename nor servname provided, or not known)""))"
2310,PDF batch 2310/6155 (1 references),1,ConnectionError,"HTTPSConnectionPool(host='dev.posit.niehs.nih.gov', port=443): Max retries exceeded with url: /et/api/pdf-download (Caused by NameResolutionError(""HTTPSConnection(host='dev.posit.niehs.nih.gov', port=443): Failed to resolve 'dev.posit.niehs.nih.gov' ([Errno 8] nodename nor servname provided, or not known)""))"
2313,PDF batch 2313/6155 (1 references),1,ConnectionError,"HTTPSConnectionPool(host='dev.posit.niehs.nih.gov', port=443): Max retries exceeded with url: /et/api/pdf-download (Caused by NameResolutionError(""HTTPSConnection(host='dev.posit.niehs.nih.gov', port=443): Failed to resolve 'dev.posit.niehs.nih.gov' ([Errno 8] nodename nor servname provided, or not known)""))"
2315,PDF batch 2315/6155 (1 references),1,ConnectionError,"HTTPSConnectionPool(host='dev.posit.niehs.nih.gov', port=443): Max retries exceeded with url: /et/api/pdf-download (Caused by NameResolutionError(""HTTPSConnection(host='dev.posit.niehs.nih.gov', port=443): Failed to resolve 'dev.posit.niehs.nih.gov' ([Errno 8] nodename nor servname provided, or not known)""))"
2311,PDF batch 2311/6155 (1 references),1,ConnectionError,"HTTPSConnectionPool(host='dev.posit.niehs.nih.gov', port=443): Max retries exceeded with url: /et/api/pdf-download (Caused by NameResolutionError(""HTTPSConnection(host='dev.posit.niehs.nih.gov', port=443): Failed to resolve 'dev.posit.niehs.nih.gov' ([Errno 8] nodename nor servname provided, or not known)""))"
2314,PDF batch 2314/6155 (1 references),1,ConnectionError,"HTTPSConnectionPool(host='dev.posit.niehs.nih.gov', port=443): Max retries exceeded with url: /et/api/pdf-download (Caused by NameResolutionError(""HTTPSConnection(host='dev.posit.niehs.nih.gov', port=443): Failed to resolve 'dev.posit.niehs.nih.gov' ([Errno 8] nodename nor servname provided, or not known)""))"
2316,PDF batch 2316/6155 (1 references),1,ConnectionError,"HTTPSConnectionPool(host='dev.posit.niehs.nih.gov', port=443): Max retries exceeded with url: /et/api/pdf-download (Caused by NameResolutionError(""HTTPSConnection(host='dev.posit.niehs.nih.gov', port=443): Failed to resolve 'dev.posit.niehs.nih.gov' ([Errno 8] nodename nor servname provided, or not known)""))"
2312,PDF batch 2312/6155 (1 references),1,ConnectionError,"HTTPSConnectionPool(host='dev.posit.niehs.nih.gov', port=443): Max retries exceeded with url: /et/api/pdf-download (Caused by NameResolutionError(""HTTPSConnection(host='dev.posit.niehs.nih.gov', port=443): Failed to resolve 'dev.posit.niehs.nih.gov' ([Errno 8] nodename nor servname provided, or not known)""))"
2317,PDF batch 2317/6155 (1 references),1,ConnectionError,"HTTPSConnectionPool(host='dev.posit.niehs.nih.gov', port=443): Max retries exceeded with url: /et/api/pdf-download (Caused by NameResolutionError(""HTTPSConnection(host='dev.posit.niehs.nih.gov', port=443): Failed to resolve 'dev.posit.niehs.nih.gov' ([Errno 8] nodename nor servname provided, or not known)""))"
2319,PDF batch 2319/6155 (1 references),1,ConnectionError,"HTTPSConnectionPool(host='dev.posit.niehs.nih.gov', port=443): Max retries exceeded with url: /et/api/pdf-download (Caused by NameResolutionError(""HTTPSConnection(host='dev.posit.niehs.nih.gov', port=443): Failed to resolve 'dev.posit.niehs.nih.gov' ([Errno 8] nodename nor servname provided, or not known)""))"
2318,PDF batch 2318/6155 (1 references),1,ConnectionError,"HTTPSConnectionPool(host='dev.posit.niehs.nih.gov', port=443): Max retries exceeded with url: /et/api/pdf-download (Caused by NameResolutionError(""HTTPSConnection(host='dev.posit.niehs.nih.gov', port=443): Failed to resolve 'dev.posit.niehs.nih.gov' ([Errno 8] nodename nor servname provided, or not known)""))"
2320,PDF batch 2320/6155 (1 references),1,ConnectionError,"HTTPSConnectionPool(host='dev.posit.niehs.nih.gov', port=443): Max retries exceeded with url: /et/api/pdf-download (Caused by NameResolutionError(""HTTPSConnection(host='dev.posit.niehs.nih.gov', port=443): Failed to resolve 'dev.posit.niehs.nih.gov' ([Errno 8] nodename nor servname provided, or not known)""))"
2321,PDF batch 2321/6155 (1 references),1,ConnectionError,"HTTPSConnectionPool(host='dev.posit.niehs.nih.gov', port=443): Max retries exceeded with url: /et/api/pdf-download (Caused by NameResolutionError(""HTTPSConnection(host='dev.posit.niehs.nih.gov', port=443): Failed to resolve 'dev.posit.niehs.nih.gov' ([Errno 8] nodename nor servname provided, or not known)""))"
2324,PDF batch 2324/6155 (1 references),1,ConnectionError,"HTTPSConnectionPool(host='dev.posit.niehs.nih.gov', port=443): Max retries exceeded with url: /et/api/pdf-download (Caused by NameResolutionError(""HTTPSConnection(host='dev.posit.niehs.nih.gov', port=443): Failed to resolve 'dev.posit.niehs.nih.gov' ([Errno 8] nodename nor servname provided, or not known)""))"
2326,PDF batch 2326/6155 (1 references),1,ConnectionError,"HTTPSConnectionPool(host='dev.posit.niehs.nih.gov', port=443): Max retries exceeded with url: /et/api/pdf-download (Caused by NameResolutionError(""HTTPSConnection(host='dev.posit.niehs.nih.gov', port=443): Failed to resolve 'dev.posit.niehs.nih.gov' ([Errno 8] nodename nor servname provided, or not known)""))"
2327,PDF batch 2327/6155 (1 references),1,ConnectionError,"HTTPSConnectionPool(host='dev.posit.niehs.nih.gov', port=443): Max retries exceeded with url: /et/api/pdf-download (Caused by NameResolutionError(""HTTPSConnection(host='dev.posit.niehs.nih.gov', port=443): Failed to resolve 'dev.posit.niehs.nih.gov' ([Errno 8] nodename nor servname provided, or not known)""))"
2322,PDF batch 2322/6155 (1 references),1,ConnectionError,"HTTPSConnectionPool(host='dev.posit.niehs.nih.gov', port=443): Max retries exceeded with url: /et/api/pdf-download (Caused by NameResolutionError(""HTTPSConnection(host='dev.posit.niehs.nih.gov', port=443): Failed to resolve 'dev.posit.niehs.nih.gov' ([Errno 8] nodename nor servname provided, or not known)""))"
2325,PDF batch 2325/6155 (1 references),1,ConnectionError,"HTTPSConnectionPool(host='dev.posit.niehs.nih.gov', port=443): Max retries exceeded with url: /et/api/pdf-download (Caused by NameResolutionError(""HTTPSConnection(host='dev.posit.niehs.nih.gov', port=443): Failed to resolve 'dev.posit.niehs.nih.gov' ([Errno 8] nodename nor servname provided, or not known)""))"
2323,PDF batch 2323/6155 (1 references),1,ConnectionError,"HTTPSConnectionPool(host='dev.posit.niehs.nih.gov', port=443): Max retries exceeded with url: /et/api/pdf-download (Caused by NameResolutionError(""HTTPSConnection(host='dev.posit.niehs.nih.gov', port=443): Failed to resolve 'dev.posit.niehs.nih.gov' ([Errno 8] nodename nor servname provided, or not known)""))"
2328,PDF batch 2328/6155 (1 references),1,ConnectionError,"HTTPSConnectionPool(host='dev.posit.niehs.nih.gov', port=443): Max retries exceeded with url: /et/api/pdf-download (Caused by NameResolutionError(""HTTPSConnection(host='dev.posit.niehs.nih.gov', port=443): Failed to resolve 'dev.posit.niehs.nih.gov' ([Errno 8] nodename nor servname provided, or not known)""))"
2329,PDF batch 2329/6155 (1 references),1,ConnectionError,"HTTPSConnectionPool(host='dev.posit.niehs.nih.gov', port=443): Max retries exceeded with url: /et/api/pdf-download (Caused by NameResolutionError(""HTTPSConnection(host='dev.posit.niehs.nih.gov', port=443): Failed to resolve 'dev.posit.niehs.nih.gov' ([Errno 8] nodename nor servname provided, or not known)""))"
2330,PDF batch 2330/6155 (1 references),1,ConnectionError,"HTTPSConnectionPool(host='dev.posit.niehs.nih.gov', port=443): Max retries exceeded with url: /et/api/pdf-download (Caused by NameResolutionError(""HTTPSConnection(host='dev.posit.niehs.nih.gov', port=443): Failed to resolve 'dev.posit.niehs.nih.gov' ([Errno 8] nodename nor servname provided, or not known)""))"
2331,PDF batch 2331/6155 (1 references),1,ConnectionError,"HTTPSConnectionPool(host='dev.posit.niehs.nih.gov', port=443): Max retries exceeded with url: /et/api/pdf-download (Caused by NameResolutionError(""HTTPSConnection(host='dev.posit.niehs.nih.gov', port=443): Failed to resolve 'dev.posit.niehs.nih.gov' ([Errno 8] nodename nor servname provided, or not known)""))"
2333,PDF batch 2333/6155 (1 references),1,ConnectionError,"HTTPSConnectionPool(host='dev.posit.niehs.nih.gov', port=443): Max retries exceeded with url: /et/api/pdf-download (Caused by NameResolutionError(""HTTPSConnection(host='dev.posit.niehs.nih.gov', port=443): Failed to resolve 'dev.posit.niehs.nih.gov' ([Errno 8] nodename nor servname provided, or not known)""))"
2334,PDF batch 2334/6155 (1 references),1,ConnectionError,"HTTPSConnectionPool(host='dev.posit.niehs.nih.gov', port=443): Max retries exceeded with url: /et/api/pdf-download (Caused by NameResolutionError(""HTTPSConnection(host='dev.posit.niehs.nih.gov', port=443): Failed to resolve 'dev.posit.niehs.nih.gov' ([Errno 8] nodename nor servname provided, or not known)""))"
2332,PDF batch 2332/6155 (1 references),1,ConnectionError,"HTTPSConnectionPool(host='dev.posit.niehs.nih.gov', port=443): Max retries exceeded with url: /et/api/pdf-download (Caused by NameResolutionError(""HTTPSConnection(host='dev.posit.niehs.nih.gov', port=443): Failed to resolve 'dev.posit.niehs.nih.gov' ([Errno 8] nodename nor servname provided, or not known)""))"
2336,PDF batch 2336/6155 (1 references),1,ConnectionError,"HTTPSConnectionPool(host='dev.posit.niehs.nih.gov', port=443): Max retries exceeded with url: /et/api/pdf-download (Caused by NameResolutionError(""HTTPSConnection(host='dev.posit.niehs.nih.gov', port=443): Failed to resolve 'dev.posit.niehs.nih.gov' ([Errno 8] nodename nor servname provided, or not known)""))"
2335,PDF batch 2335/6155 (1 references),1,ConnectionError,"HTTPSConnectionPool(host='dev.posit.niehs.nih.gov', port=443): Max retries exceeded with url: /et/api/pdf-download (Caused by NameResolutionError(""HTTPSConnection(host='dev.posit.niehs.nih.gov', port=443): Failed to resolve 'dev.posit.niehs.nih.gov' ([Errno 8] nodename nor servname provided, or not known)""))"
2337,PDF batch 2337/6155 (1 references),1,ConnectionError,"HTTPSConnectionPool(host='dev.posit.niehs.nih.gov', port=443): Max retries exceeded with url: /et/api/pdf-download (Caused by NameResolutionError(""HTTPSConnection(host='dev.posit.niehs.nih.gov', port=443): Failed to resolve 'dev.posit.niehs.nih.gov' ([Errno 8] nodename nor servname provided, or not known)""))"
2338,PDF batch 2338/6155 (1 references),1,ConnectionError,"HTTPSConnectionPool(host='dev.posit.niehs.nih.gov', port=443): Max retries exceeded with url: /et/api/pdf-download (Caused by NameResolutionError(""HTTPSConnection(host='dev.posit.niehs.nih.gov', port=443): Failed to resolve 'dev.posit.niehs.nih.gov' ([Errno 8] nodename nor servname provided, or not known)""))"
2339,PDF batch 2339/6155 (1 references),1,ConnectionError,"HTTPSConnectionPool(host='dev.posit.niehs.nih.gov', port=443): Max retries exceeded with url: /et/api/pdf-download (Caused by NameResolutionError(""HTTPSConnection(host='dev.posit.niehs.nih.gov', port=443): Failed to resolve 'dev.posit.niehs.nih.gov' ([Errno 8] nodename nor servname provided, or not known)""))"
2340,PDF batch 2340/6155 (1 references),1,ConnectionError,"HTTPSConnectionPool(host='dev.posit.niehs.nih.gov', port=443): Max retries exceeded with url: /et/api/pdf-download (Caused by NameResolutionError(""HTTPSConnection(host='dev.posit.niehs.nih.gov', port=443): Failed to resolve 'dev.posit.niehs.nih.gov' ([Errno 8] nodename nor servname provided, or not known)""))"
2346,PDF batch 2346/6155 (1 references),1,ConnectionError,"HTTPSConnectionPool(host='dev.posit.niehs.nih.gov', port=443): Max retries exceeded with url: /et/api/pdf-download (Caused by NameResolutionError(""HTTPSConnection(host='dev.posit.niehs.nih.gov', port=443): Failed to resolve 'dev.posit.niehs.nih.gov' ([Errno 8] nodename nor servname provided, or not known)""))"
2344,PDF batch 2344/6155 (1 references),1,ConnectionError,"HTTPSConnectionPool(host='dev.posit.niehs.nih.gov', port=443): Max retries exceeded with url: /et/api/pdf-download (Caused by NameResolutionError(""HTTPSConnection(host='dev.posit.niehs.nih.gov', port=443): Failed to resolve 'dev.posit.niehs.nih.gov' ([Errno 8] nodename nor servname provided, or not known)""))"
2343,PDF batch 2343/6155 (1 references),1,ConnectionError,"HTTPSConnectionPool(host='dev.posit.niehs.nih.gov', port=443): Max retries exceeded with url: /et/api/pdf-download (Caused by NameResolutionError(""HTTPSConnection(host='dev.posit.niehs.nih.gov', port=443): Failed to resolve 'dev.posit.niehs.nih.gov' ([Errno 8] nodename nor servname provided, or not known)""))"
2345,PDF batch 2345/6155 (1 references),1,ConnectionError,"HTTPSConnectionPool(host='dev.posit.niehs.nih.gov', port=443): Max retries exceeded with url: /et/api/pdf-download (Caused by NameResolutionError(""HTTPSConnection(host='dev.posit.niehs.nih.gov', port=443): Failed to resolve 'dev.posit.niehs.nih.gov' ([Errno 8] nodename nor servname provided, or not known)""))"
2341,PDF batch 2341/6155 (1 references),1,ConnectionError,"HTTPSConnectionPool(host='dev.posit.niehs.nih.gov', port=443): Max retries exceeded with url: /et/api/pdf-download (Caused by NameResolutionError(""HTTPSConnection(host='dev.posit.niehs.nih.gov', port=443): Failed to resolve 'dev.posit.niehs.nih.gov' ([Errno 8] nodename nor servname provided, or not known)""))"
2342,PDF batch 2342/6155 (1 references),1,ConnectionError,"HTTPSConnectionPool(host='dev.posit.niehs.nih.gov', port=443): Max retries exceeded with url: /et/api/pdf-download (Caused by NameResolutionError(""HTTPSConnection(host='dev.posit.niehs.nih.gov', port=443): Failed to resolve 'dev.posit.niehs.nih.gov' ([Errno 8] nodename nor servname provided, or not known)""))"
2347,PDF batch 2347/6155 (1 references),1,ConnectionError,"HTTPSConnectionPool(host='dev.posit.niehs.nih.gov', port=443): Max retries exceeded with url: /et/api/pdf-download (Caused by NameResolutionError(""HTTPSConnection(host='dev.posit.niehs.nih.gov', port=443): Failed to resolve 'dev.posit.niehs.nih.gov' ([Errno 8] nodename nor servname provided, or not known)""))"
2348,PDF batch 2348/6155 (1 references),1,ConnectionError,"HTTPSConnectionPool(host='dev.posit.niehs.nih.gov', port=443): Max retries exceeded with url: /et/api/pdf-download (Caused by NameResolutionError(""HTTPSConnection(host='dev.posit.niehs.nih.gov', port=443): Failed to resolve 'dev.posit.niehs.nih.gov' ([Errno 8] nodename nor servname provided, or not known)""))"
2349,PDF batch 2349/6155 (1 references),1,ConnectionError,"HTTPSConnectionPool(host='dev.posit.niehs.nih.gov', port=443): Max retries exceeded with url: /et/api/pdf-download (Caused by NameResolutionError(""HTTPSConnection(host='dev.posit.niehs.nih.gov', port=443): Failed to resolve 'dev.posit.niehs.nih.gov' ([Errno 8] nodename nor servname provided, or not known)""))"
2350,PDF batch 2350/6155 (1 references),1,ConnectionError,"HTTPSConnectionPool(host='dev.posit.niehs.nih.gov', port=443): Max retries exceeded with url: /et/api/pdf-download (Caused by NameResolutionError(""HTTPSConnection(host='dev.posit.niehs.nih.gov', port=443): Failed to resolve 'dev.posit.niehs.nih.gov' ([Errno 8] nodename nor servname provided, or not known)""))"
2351,PDF batch 2351/6155 (1 references),1,ConnectionError,"HTTPSConnectionPool(host='dev.posit.niehs.nih.gov', port=443): Max retries exceeded with url: /et/api/pdf-download (Caused by NameResolutionError(""HTTPSConnection(host='dev.posit.niehs.nih.gov', port=443): Failed to resolve 'dev.posit.niehs.nih.gov' ([Errno 8] nodename nor servname provided, or not known)""))"
2355,PDF batch 2355/6155 (1 references),1,ConnectionError,"HTTPSConnectionPool(host='dev.posit.niehs.nih.gov', port=443): Max retries exceeded with url: /et/api/pdf-download (Caused by NameResolutionError(""HTTPSConnection(host='dev.posit.niehs.nih.gov', port=443): Failed to resolve 'dev.posit.niehs.nih.gov' ([Errno 8] nodename nor servname provided, or not known)""))"
2353,PDF batch 2353/6155 (1 references),1,ConnectionError,"HTTPSConnectionPool(host='dev.posit.niehs.nih.gov', port=443): Max retries exceeded with url: /et/api/pdf-download (Caused by NameResolutionError(""HTTPSConnection(host='dev.posit.niehs.nih.gov', port=443): Failed to resolve 'dev.posit.niehs.nih.gov' ([Errno 8] nodename nor servname provided, or not known)""))"
2352,PDF batch 2352/6155 (1 references),1,ConnectionError,"HTTPSConnectionPool(host='dev.posit.niehs.nih.gov', port=443): Max retries exceeded with url: /et/api/pdf-download (Caused by NameResolutionError(""HTTPSConnection(host='dev.posit.niehs.nih.gov', port=443): Failed to resolve 'dev.posit.niehs.nih.gov' ([Errno 8] nodename nor servname provided, or not known)""))"
2354,PDF batch 2354/6155 (1 references),1,ConnectionError,"HTTPSConnectionPool(host='dev.posit.niehs.nih.gov', port=443): Max retries exceeded with url: /et/api/pdf-download (Caused by NameResolutionError(""HTTPSConnection(host='dev.posit.niehs.nih.gov', port=443): Failed to resolve 'dev.posit.niehs.nih.gov' ([Errno 8] nodename nor servname provided, or not known)""))"
2356,PDF batch 2356/6155 (1 references),1,ConnectionError,"HTTPSConnectionPool(host='dev.posit.niehs.nih.gov', port=443): Max retries exceeded with url: /et/api/pdf-download (Caused by NameResolutionError(""HTTPSConnection(host='dev.posit.niehs.nih.gov', port=443): Failed to resolve 'dev.posit.niehs.nih.gov' ([Errno 8] nodename nor servname provided, or not known)""))"
2357,PDF batch 2357/6155 (1 references),1,ConnectionError,"HTTPSConnectionPool(host='dev.posit.niehs.nih.gov', port=443): Max retries exceeded with url: /et/api/pdf-download (Caused by NameResolutionError(""HTTPSConnection(host='dev.posit.niehs.nih.gov', port=443): Failed to resolve 'dev.posit.niehs.nih.gov' ([Errno 8] nodename nor servname provided, or not known)""))"
2358,PDF batch 2358/6155 (1 references),1,ConnectionError,"HTTPSConnectionPool(host='dev.posit.niehs.nih.gov', port=443): Max retries exceeded with url: /et/api/pdf-download (Caused by NameResolutionError(""HTTPSConnection(host='dev.posit.niehs.nih.gov', port=443): Failed to resolve 'dev.posit.niehs.nih.gov' ([Errno 8] nodename nor servname provided, or not known)""))"
2363,PDF batch 2363/6155 (1 references),1,ConnectionError,"HTTPSConnectionPool(host='dev.posit.niehs.nih.gov', port=443): Max retries exceeded with url: /et/api/pdf-download (Caused by NameResolutionError(""HTTPSConnection(host='dev.posit.niehs.nih.gov', port=443): Failed to resolve 'dev.posit.niehs.nih.gov' ([Errno 8] nodename nor servname provided, or not known)""))"
2360,PDF batch 2360/6155 (1 references),1,ConnectionError,"HTTPSConnectionPool(host='dev.posit.niehs.nih.gov', port=443): Max retries exceeded with url: /et/api/pdf-download (Caused by NameResolutionError(""HTTPSConnection(host='dev.posit.niehs.nih.gov', port=443): Failed to resolve 'dev.posit.niehs.nih.gov' ([Errno 8] nodename nor servname provided, or not known)""))"
2359,PDF batch 2359/6155 (1 references),1,ConnectionError,"HTTPSConnectionPool(host='dev.posit.niehs.nih.gov', port=443): Max retries exceeded with url: /et/api/pdf-download (Caused by NameResolutionError(""HTTPSConnection(host='dev.posit.niehs.nih.gov', port=443): Failed to resolve 'dev.posit.niehs.nih.gov' ([Errno 8] nodename nor servname provided, or not known)""))"
2362,PDF batch 2362/6155 (1 references),1,ConnectionError,"HTTPSConnectionPool(host='dev.posit.niehs.nih.gov', port=443): Max retries exceeded with url: /et/api/pdf-download (Caused by NameResolutionError(""HTTPSConnection(host='dev.posit.niehs.nih.gov', port=443): Failed to resolve 'dev.posit.niehs.nih.gov' ([Errno 8] nodename nor servname provided, or not known)""))"
2364,PDF batch 2364/6155 (1 references),1,ConnectionError,"HTTPSConnectionPool(host='dev.posit.niehs.nih.gov', port=443): Max retries exceeded with url: /et/api/pdf-download (Caused by NameResolutionError(""HTTPSConnection(host='dev.posit.niehs.nih.gov', port=443): Failed to resolve 'dev.posit.niehs.nih.gov' ([Errno 8] nodename nor servname provided, or not known)""))"
2361,PDF batch 2361/6155 (1 references),1,ConnectionError,"HTTPSConnectionPool(host='dev.posit.niehs.nih.gov', port=443): Max retries exceeded with url: /et/api/pdf-download (Caused by NameResolutionError(""HTTPSConnection(host='dev.posit.niehs.nih.gov', port=443): Failed to resolve 'dev.posit.niehs.nih.gov' ([Errno 8] nodename nor servname provided, or not known)""))"
2365,PDF batch 2365/6155 (1 references),1,ConnectionError,"HTTPSConnectionPool(host='dev.posit.niehs.nih.gov', port=443): Max retries exceeded with url: /et/api/pdf-download (Caused by NameResolutionError(""HTTPSConnection(host='dev.posit.niehs.nih.gov', port=443): Failed to resolve 'dev.posit.niehs.nih.gov' ([Errno 8] nodename nor servname provided, or not known)""))"
2366,PDF batch 2366/6155 (1 references),1,ConnectionError,"HTTPSConnectionPool(host='dev.posit.niehs.nih.gov', port=443): Max retries exceeded with url: /et/api/pdf-download (Caused by NameResolutionError(""HTTPSConnection(host='dev.posit.niehs.nih.gov', port=443): Failed to resolve 'dev.posit.niehs.nih.gov' ([Errno 8] nodename nor servname provided, or not known)""))"
2367,PDF batch 2367/6155 (1 references),1,ConnectionError,"HTTPSConnectionPool(host='dev.posit.niehs.nih.gov', port=443): Max retries exceeded with url: /et/api/pdf-download (Caused by NameResolutionError(""HTTPSConnection(host='dev.posit.niehs.nih.gov', port=443): Failed to resolve 'dev.posit.niehs.nih.gov' ([Errno 8] nodename nor servname provided, or not known)""))"
2370,PDF batch 2370/6155 (1 references),1,ConnectionError,"HTTPSConnectionPool(host='dev.posit.niehs.nih.gov', port=443): Max retries exceeded with url: /et/api/pdf-download (Caused by NameResolutionError(""HTTPSConnection(host='dev.posit.niehs.nih.gov', port=443): Failed to resolve 'dev.posit.niehs.nih.gov' ([Errno 8] nodename nor servname provided, or not known)""))"
2369,PDF batch 2369/6155 (1 references),1,ConnectionError,"HTTPSConnectionPool(host='dev.posit.niehs.nih.gov', port=443): Max retries exceeded with url: /et/api/pdf-download (Caused by NameResolutionError(""HTTPSConnection(host='dev.posit.niehs.nih.gov', port=443): Failed to resolve 'dev.posit.niehs.nih.gov' ([Errno 8] nodename nor servname provided, or not known)""))"
2368,PDF batch 2368/6155 (1 references),1,ConnectionError,"HTTPSConnectionPool(host='dev.posit.niehs.nih.gov', port=443): Max retries exceeded with url: /et/api/pdf-download (Caused by NameResolutionError(""HTTPSConnection(host='dev.posit.niehs.nih.gov', port=443): Failed to resolve 'dev.posit.niehs.nih.gov' ([Errno 8] nodename nor servname provided, or not known)""))"
2374,PDF batch 2374/6155 (1 references),1,ConnectionError,"HTTPSConnectionPool(host='dev.posit.niehs.nih.gov', port=443): Max retries exceeded with url: /et/api/pdf-download (Caused by NameResolutionError(""HTTPSConnection(host='dev.posit.niehs.nih.gov', port=443): Failed to resolve 'dev.posit.niehs.nih.gov' ([Errno 8] nodename nor servname provided, or not known)""))"
2372,PDF batch 2372/6155 (1 references),1,ConnectionError,"HTTPSConnectionPool(host='dev.posit.niehs.nih.gov', port=443): Max retries exceeded with url: /et/api/pdf-download (Caused by NameResolutionError(""HTTPSConnection(host='dev.posit.niehs.nih.gov', port=443): Failed to resolve 'dev.posit.niehs.nih.gov' ([Errno 8] nodename nor servname provided, or not known)""))"
2371,PDF batch 2371/6155 (1 references),1,ConnectionError,"HTTPSConnectionPool(host='dev.posit.niehs.nih.gov', port=443): Max retries exceeded with url: /et/api/pdf-download (Caused by NameResolutionError(""HTTPSConnection(host='dev.posit.niehs.nih.gov', port=443): Failed to resolve 'dev.posit.niehs.nih.gov' ([Errno 8] nodename nor servname provided, or not known)""))"
2373,PDF batch 2373/6155 (1 references),1,ConnectionError,"HTTPSConnectionPool(host='dev.posit.niehs.nih.gov', port=443): Max retries exceeded with url: /et/api/pdf-download (Caused by NameResolutionError(""HTTPSConnection(host='dev.posit.niehs.nih.gov', port=443): Failed to resolve 'dev.posit.niehs.nih.gov' ([Errno 8] nodename nor servname provided, or not known)""))"
2376,PDF batch 2376/6155 (1 references),1,ConnectionError,"HTTPSConnectionPool(host='dev.posit.niehs.nih.gov', port=443): Max retries exceeded with url: /et/api/pdf-download (Caused by NameResolutionError(""HTTPSConnection(host='dev.posit.niehs.nih.gov', port=443): Failed to resolve 'dev.posit.niehs.nih.gov' ([Errno 8] nodename nor servname provided, or not known)""))"
2375,PDF batch 2375/6155 (1 references),1,ConnectionError,"HTTPSConnectionPool(host='dev.posit.niehs.nih.gov', port=443): Max retries exceeded with url: /et/api/pdf-download (Caused by NameResolutionError(""HTTPSConnection(host='dev.posit.niehs.nih.gov', port=443): Failed to resolve 'dev.posit.niehs.nih.gov' ([Errno 8] nodename nor servname provided, or not known)""))"
2377,PDF batch 2377/6155 (1 references),1,ConnectionError,"HTTPSConnectionPool(host='dev.posit.niehs.nih.gov', port=443): Max retries exceeded with url: /et/api/pdf-download (Caused by NameResolutionError(""HTTPSConnection(host='dev.posit.niehs.nih.gov', port=443): Failed to resolve 'dev.posit.niehs.nih.gov' ([Errno 8] nodename nor servname provided, or not known)""))"
2380,PDF batch 2380/6155 (1 references),1,ConnectionError,"HTTPSConnectionPool(host='dev.posit.niehs.nih.gov', port=443): Max retries exceeded with url: /et/api/pdf-download (Caused by NameResolutionError(""HTTPSConnection(host='dev.posit.niehs.nih.gov', port=443): Failed to resolve 'dev.posit.niehs.nih.gov' ([Errno 8] nodename nor servname provided, or not known)""))"
2381,PDF batch 2381/6155 (1 references),1,ConnectionError,"HTTPSConnectionPool(host='dev.posit.niehs.nih.gov', port=443): Max retries exceeded with url: /et/api/pdf-download (Caused by NameResolutionError(""HTTPSConnection(host='dev.posit.niehs.nih.gov', port=443): Failed to resolve 'dev.posit.niehs.nih.gov' ([Errno 8] nodename nor servname provided, or not known)""))"
2384,PDF batch 2384/6155 (1 references),1,ConnectionError,"HTTPSConnectionPool(host='dev.posit.niehs.nih.gov', port=443): Max retries exceeded with url: /et/api/pdf-download (Caused by NameResolutionError(""HTTPSConnection(host='dev.posit.niehs.nih.gov', port=443): Failed to resolve 'dev.posit.niehs.nih.gov' ([Errno 8] nodename nor servname provided, or not known)""))"
2379,PDF batch 2379/6155 (1 references),1,ConnectionError,"HTTPSConnectionPool(host='dev.posit.niehs.nih.gov', port=443): Max retries exceeded with url: /et/api/pdf-download (Caused by NameResolutionError(""HTTPSConnection(host='dev.posit.niehs.nih.gov', port=443): Failed to resolve 'dev.posit.niehs.nih.gov' ([Errno 8] nodename nor servname provided, or not known)""))"
2383,PDF batch 2383/6155 (1 references),1,ConnectionError,"HTTPSConnectionPool(host='dev.posit.niehs.nih.gov', port=443): Max retries exceeded with url: /et/api/pdf-download (Caused by NameResolutionError(""HTTPSConnection(host='dev.posit.niehs.nih.gov', port=443): Failed to resolve 'dev.posit.niehs.nih.gov' ([Errno 8] nodename nor servname provided, or not known)""))"
2378,PDF batch 2378/6155 (1 references),1,ConnectionError,"HTTPSConnectionPool(host='dev.posit.niehs.nih.gov', port=443): Max retries exceeded with url: /et/api/pdf-download (Caused by NameResolutionError(""HTTPSConnection(host='dev.posit.niehs.nih.gov', port=443): Failed to resolve 'dev.posit.niehs.nih.gov' ([Errno 8] nodename nor servname provided, or not known)""))"
2382,PDF batch 2382/6155 (1 references),1,ConnectionError,"HTTPSConnectionPool(host='dev.posit.niehs.nih.gov', port=443): Max retries exceeded with url: /et/api/pdf-download (Caused by NameResolutionError(""HTTPSConnection(host='dev.posit.niehs.nih.gov', port=443): Failed to resolve 'dev.posit.niehs.nih.gov' ([Errno 8] nodename nor servname provided, or not known)""))"
2385,PDF batch 2385/6155 (1 references),1,ConnectionError,"HTTPSConnectionPool(host='dev.posit.niehs.nih.gov', port=443): Max retries exceeded with url: /et/api/pdf-download (Caused by NameResolutionError(""HTTPSConnection(host='dev.posit.niehs.nih.gov', port=443): Failed to resolve 'dev.posit.niehs.nih.gov' ([Errno 8] nodename nor servname provided, or not known)""))"
2386,PDF batch 2386/6155 (1 references),1,ConnectionError,"HTTPSConnectionPool(host='dev.posit.niehs.nih.gov', port=443): Max retries exceeded with url: /et/api/pdf-download (Caused by NameResolutionError(""HTTPSConnection(host='dev.posit.niehs.nih.gov', port=443): Failed to resolve 'dev.posit.niehs.nih.gov' ([Errno 8] nodename nor servname provided, or not known)""))"
2389,PDF batch 2389/6155 (1 references),1,ConnectionError,"HTTPSConnectionPool(host='dev.posit.niehs.nih.gov', port=443): Max retries exceeded with url: /et/api/pdf-download (Caused by NameResolutionError(""HTTPSConnection(host='dev.posit.niehs.nih.gov', port=443): Failed to resolve 'dev.posit.niehs.nih.gov' ([Errno 8] nodename nor servname provided, or not known)""))"
2387,PDF batch 2387/6155 (1 references),1,ConnectionError,"HTTPSConnectionPool(host='dev.posit.niehs.nih.gov', port=443): Max retries exceeded with url: /et/api/pdf-download (Caused by NameResolutionError(""HTTPSConnection(host='dev.posit.niehs.nih.gov', port=443): Failed to resolve 'dev.posit.niehs.nih.gov' ([Errno 8] nodename nor servname provided, or not known)""))"
2392,PDF batch 2392/6155 (1 references),1,ConnectionError,"HTTPSConnectionPool(host='dev.posit.niehs.nih.gov', port=443): Max retries exceeded with url: /et/api/pdf-download (Caused by NameResolutionError(""HTTPSConnection(host='dev.posit.niehs.nih.gov', port=443): Failed to resolve 'dev.posit.niehs.nih.gov' ([Errno 8] nodename nor servname provided, or not known)""))"
2391,PDF batch 2391/6155 (1 references),1,ConnectionError,"HTTPSConnectionPool(host='dev.posit.niehs.nih.gov', port=443): Max retries exceeded with url: /et/api/pdf-download (Caused by NameResolutionError(""HTTPSConnection(host='dev.posit.niehs.nih.gov', port=443): Failed to resolve 'dev.posit.niehs.nih.gov' ([Errno 8] nodename nor servname provided, or not known)""))"
2393,PDF batch 2393/6155 (1 references),1,ConnectionError,"HTTPSConnectionPool(host='dev.posit.niehs.nih.gov', port=443): Max retries exceeded with url: /et/api/pdf-download (Caused by NameResolutionError(""HTTPSConnection(host='dev.posit.niehs.nih.gov', port=443): Failed to resolve 'dev.posit.niehs.nih.gov' ([Errno 8] nodename nor servname provided, or not known)""))"
2390,PDF batch 2390/6155 (1 references),1,ConnectionError,"HTTPSConnectionPool(host='dev.posit.niehs.nih.gov', port=443): Max retries exceeded with url: /et/api/pdf-download (Caused by NameResolutionError(""HTTPSConnection(host='dev.posit.niehs.nih.gov', port=443): Failed to resolve 'dev.posit.niehs.nih.gov' ([Errno 8] nodename nor servname provided, or not known)""))"
2388,PDF batch 2388/6155 (1 references),1,ConnectionError,"HTTPSConnectionPool(host='dev.posit.niehs.nih.gov', port=443): Max retries exceeded with url: /et/api/pdf-download (Caused by NameResolutionError(""HTTPSConnection(host='dev.posit.niehs.nih.gov', port=443): Failed to resolve 'dev.posit.niehs.nih.gov' ([Errno 8] nodename nor servname provided, or not known)""))"
2395,PDF batch 2395/6155 (1 references),1,ConnectionError,"HTTPSConnectionPool(host='dev.posit.niehs.nih.gov', port=443): Max retries exceeded with url: /et/api/pdf-download (Caused by NameResolutionError(""HTTPSConnection(host='dev.posit.niehs.nih.gov', port=443): Failed to resolve 'dev.posit.niehs.nih.gov' ([Errno 8] nodename nor servname provided, or not known)""))"
2394,PDF batch 2394/6155 (1 references),1,ConnectionError,"HTTPSConnectionPool(host='dev.posit.niehs.nih.gov', port=443): Max retries exceeded with url: /et/api/pdf-download (Caused by NameResolutionError(""HTTPSConnection(host='dev.posit.niehs.nih.gov', port=443): Failed to resolve 'dev.posit.niehs.nih.gov' ([Errno 8] nodename nor servname provided, or not known)""))"
2396,PDF batch 2396/6155 (1 references),1,ConnectionError,"HTTPSConnectionPool(host='dev.posit.niehs.nih.gov', port=443): Max retries exceeded with url: /et/api/pdf-download (Caused by NameResolutionError(""HTTPSConnection(host='dev.posit.niehs.nih.gov', port=443): Failed to resolve 'dev.posit.niehs.nih.gov' ([Errno 8] nodename nor servname provided, or not known)""))"
2397,PDF batch 2397/6155 (1 references),1,ConnectionError,"HTTPSConnectionPool(host='dev.posit.niehs.nih.gov', port=443): Max retries exceeded with url: /et/api/pdf-download (Caused by NameResolutionError(""HTTPSConnection(host='dev.posit.niehs.nih.gov', port=443): Failed to resolve 'dev.posit.niehs.nih.gov' ([Errno 8] nodename nor servname provided, or not known)""))"
2398,PDF batch 2398/6155 (1 references),1,ConnectionError,"HTTPSConnectionPool(host='dev.posit.niehs.nih.gov', port=443): Max retries exceeded with url: /et/api/pdf-download (Caused by NameResolutionError(""HTTPSConnection(host='dev.posit.niehs.nih.gov', port=443): Failed to resolve 'dev.posit.niehs.nih.gov' ([Errno 8] nodename nor servname provided, or not known)""))"
2400,PDF batch 2400/6155 (1 references),1,ConnectionError,"HTTPSConnectionPool(host='dev.posit.niehs.nih.gov', port=443): Max retries exceeded with url: /et/api/pdf-download (Caused by NameResolutionError(""HTTPSConnection(host='dev.posit.niehs.nih.gov', port=443): Failed to resolve 'dev.posit.niehs.nih.gov' ([Errno 8] nodename nor servname provided, or not known)""))"
2402,PDF batch 2402/6155 (1 references),1,ConnectionError,"HTTPSConnectionPool(host='dev.posit.niehs.nih.gov', port=443): Max retries exceeded with url: /et/api/pdf-download (Caused by NameResolutionError(""HTTPSConnection(host='dev.posit.niehs.nih.gov', port=443): Failed to resolve 'dev.posit.niehs.nih.gov' ([Errno 8] nodename nor servname provided, or not known)""))"
2401,PDF batch 2401/6155 (1 references),1,ConnectionError,"HTTPSConnectionPool(host='dev.posit.niehs.nih.gov', port=443): Max retries exceeded with url: /et/api/pdf-download (Caused by NameResolutionError(""HTTPSConnection(host='dev.posit.niehs.nih.gov', port=443): Failed to resolve 'dev.posit.niehs.nih.gov' ([Errno 8] nodename nor servname provided, or not known)""))"
2403,PDF batch 2403/6155 (1 references),1,ConnectionError,"HTTPSConnectionPool(host='dev.posit.niehs.nih.gov', port=443): Max retries exceeded with url: /et/api/pdf-download (Caused by NameResolutionError(""HTTPSConnection(host='dev.posit.niehs.nih.gov', port=443): Failed to resolve 'dev.posit.niehs.nih.gov' ([Errno 8] nodename nor servname provided, or not known)""))"
2399,PDF batch 2399/6155 (1 references),1,ConnectionError,"HTTPSConnectionPool(host='dev.posit.niehs.nih.gov', port=443): Max retries exceeded with url: /et/api/pdf-download (Caused by NameResolutionError(""HTTPSConnection(host='dev.posit.niehs.nih.gov', port=443): Failed to resolve 'dev.posit.niehs.nih.gov' ([Errno 8] nodename nor servname provided, or not known)""))"
2404,PDF batch 2404/6155 (1 references),1,ConnectionError,"HTTPSConnectionPool(host='dev.posit.niehs.nih.gov', port=443): Max retries exceeded with url: /et/api/pdf-download (Caused by NameResolutionError(""HTTPSConnection(host='dev.posit.niehs.nih.gov', port=443): Failed to resolve 'dev.posit.niehs.nih.gov' ([Errno 8] nodename nor servname provided, or not known)""))"
2405,PDF batch 2405/6155 (1 references),1,ConnectionError,"HTTPSConnectionPool(host='dev.posit.niehs.nih.gov', port=443): Max retries exceeded with url: /et/api/pdf-download (Caused by NameResolutionError(""HTTPSConnection(host='dev.posit.niehs.nih.gov', port=443): Failed to resolve 'dev.posit.niehs.nih.gov' ([Errno 8] nodename nor servname provided, or not known)""))"
2406,PDF batch 2406/6155 (1 references),1,ConnectionError,"HTTPSConnectionPool(host='dev.posit.niehs.nih.gov', port=443): Max retries exceeded with url: /et/api/pdf-download (Caused by NameResolutionError(""HTTPSConnection(host='dev.posit.niehs.nih.gov', port=443): Failed to resolve 'dev.posit.niehs.nih.gov' ([Errno 8] nodename nor servname provided, or not known)""))"
2407,PDF batch 2407/6155 (1 references),1,ConnectionError,"HTTPSConnectionPool(host='dev.posit.niehs.nih.gov', port=443): Max retries exceeded with url: /et/api/pdf-download (Caused by NameResolutionError(""HTTPSConnection(host='dev.posit.niehs.nih.gov', port=443): Failed to resolve 'dev.posit.niehs.nih.gov' ([Errno 8] nodename nor servname provided, or not known)""))"
2408,PDF batch 2408/6155 (1 references),1,ConnectionError,"HTTPSConnectionPool(host='dev.posit.niehs.nih.gov', port=443): Max retries exceeded with url: /et/api/pdf-download (Caused by NameResolutionError(""HTTPSConnection(host='dev.posit.niehs.nih.gov', port=443): Failed to resolve 'dev.posit.niehs.nih.gov' ([Errno 8] nodename nor servname provided, or not known)""))"
2411,PDF batch 2411/6155 (1 references),1,ConnectionError,"HTTPSConnectionPool(host='dev.posit.niehs.nih.gov', port=443): Max retries exceeded with url: /et/api/pdf-download (Caused by NameResolutionError(""HTTPSConnection(host='dev.posit.niehs.nih.gov', port=443): Failed to resolve 'dev.posit.niehs.nih.gov' ([Errno 8] nodename nor servname provided, or not known)""))"
2409,PDF batch 2409/6155 (1 references),1,ConnectionError,"HTTPSConnectionPool(host='dev.posit.niehs.nih.gov', port=443): Max retries exceeded with url: /et/api/pdf-download (Caused by NameResolutionError(""HTTPSConnection(host='dev.posit.niehs.nih.gov', port=443): Failed to resolve 'dev.posit.niehs.nih.gov' ([Errno 8] nodename nor servname provided, or not known)""))"
2410,PDF batch 2410/6155 (1 references),1,ConnectionError,"HTTPSConnectionPool(host='dev.posit.niehs.nih.gov', port=443): Max retries exceeded with url: /et/api/pdf-download (Caused by NameResolutionError(""HTTPSConnection(host='dev.posit.niehs.nih.gov', port=443): Failed to resolve 'dev.posit.niehs.nih.gov' ([Errno 8] nodename nor servname provided, or not known)""))"
2412,PDF batch 2412/6155 (1 references),1,ConnectionError,"HTTPSConnectionPool(host='dev.posit.niehs.nih.gov', port=443): Max retries exceeded with url: /et/api/pdf-download (Caused by NameResolutionError(""HTTPSConnection(host='dev.posit.niehs.nih.gov', port=443): Failed to resolve 'dev.posit.niehs.nih.gov' ([Errno 8] nodename nor servname provided, or not known)""))"
2414,PDF batch 2414/6155 (1 references),1,ConnectionError,"HTTPSConnectionPool(host='dev.posit.niehs.nih.gov', port=443): Max retries exceeded with url: /et/api/pdf-download (Caused by NameResolutionError(""HTTPSConnection(host='dev.posit.niehs.nih.gov', port=443): Failed to resolve 'dev.posit.niehs.nih.gov' ([Errno 8] nodename nor servname provided, or not known)""))"
2413,PDF batch 2413/6155 (1 references),1,ConnectionError,"HTTPSConnectionPool(host='dev.posit.niehs.nih.gov', port=443): Max retries exceeded with url: /et/api/pdf-download (Caused by NameResolutionError(""HTTPSConnection(host='dev.posit.niehs.nih.gov', port=443): Failed to resolve 'dev.posit.niehs.nih.gov' ([Errno 8] nodename nor servname provided, or not known)""))"
2415,PDF batch 2415/6155 (1 references),1,ConnectionError,"HTTPSConnectionPool(host='dev.posit.niehs.nih.gov', port=443): Max retries exceeded with url: /et/api/pdf-download (Caused by NameResolutionError(""HTTPSConnection(host='dev.posit.niehs.nih.gov', port=443): Failed to resolve 'dev.posit.niehs.nih.gov' ([Errno 8] nodename nor servname provided, or not known)""))"
2420,PDF batch 2420/6155 (1 references),1,ConnectionError,"HTTPSConnectionPool(host='dev.posit.niehs.nih.gov', port=443): Max retries exceeded with url: /et/api/pdf-download (Caused by NameResolutionError(""HTTPSConnection(host='dev.posit.niehs.nih.gov', port=443): Failed to resolve 'dev.posit.niehs.nih.gov' ([Errno 8] nodename nor servname provided, or not known)""))"
2419,PDF batch 2419/6155 (1 references),1,ConnectionError,"HTTPSConnectionPool(host='dev.posit.niehs.nih.gov', port=443): Max retries exceeded with url: /et/api/pdf-download (Caused by NameResolutionError(""HTTPSConnection(host='dev.posit.niehs.nih.gov', port=443): Failed to resolve 'dev.posit.niehs.nih.gov' ([Errno 8] nodename nor servname provided, or not known)""))"
2418,PDF batch 2418/6155 (1 references),1,ConnectionError,"HTTPSConnectionPool(host='dev.posit.niehs.nih.gov', port=443): Max retries exceeded with url: /et/api/pdf-download (Caused by NameResolutionError(""HTTPSConnection(host='dev.posit.niehs.nih.gov', port=443): Failed to resolve 'dev.posit.niehs.nih.gov' ([Errno 8] nodename nor servname provided, or not known)""))"
2417,PDF batch 2417/6155 (1 references),1,ConnectionError,"HTTPSConnectionPool(host='dev.posit.niehs.nih.gov', port=443): Max retries exceeded with url: /et/api/pdf-download (Caused by NameResolutionError(""HTTPSConnection(host='dev.posit.niehs.nih.gov', port=443): Failed to resolve 'dev.posit.niehs.nih.gov' ([Errno 8] nodename nor servname provided, or not known)""))"
2416,PDF batch 2416/6155 (1 references),1,ConnectionError,"HTTPSConnectionPool(host='dev.posit.niehs.nih.gov', port=443): Max retries exceeded with url: /et/api/pdf-download (Caused by NameResolutionError(""HTTPSConnection(host='dev.posit.niehs.nih.gov', port=443): Failed to resolve 'dev.posit.niehs.nih.gov' ([Errno 8] nodename nor servname provided, or not known)""))"
2422,PDF batch 2422/6155 (1 references),1,ConnectionError,"HTTPSConnectionPool(host='dev.posit.niehs.nih.gov', port=443): Max retries exceeded with url: /et/api/pdf-download (Caused by NameResolutionError(""HTTPSConnection(host='dev.posit.niehs.nih.gov', port=443): Failed to resolve 'dev.posit.niehs.nih.gov' ([Errno 8] nodename nor servname provided, or not known)""))"
2421,PDF batch 2421/6155 (1 references),1,ConnectionError,"HTTPSConnectionPool(host='dev.posit.niehs.nih.gov', port=443): Max retries exceeded with url: /et/api/pdf-download (Caused by NameResolutionError(""HTTPSConnection(host='dev.posit.niehs.nih.gov', port=443): Failed to resolve 'dev.posit.niehs.nih.gov' ([Errno 8] nodename nor servname provided, or not known)""))"
2423,PDF batch 2423/6155 (1 references),1,ConnectionError,"HTTPSConnectionPool(host='dev.posit.niehs.nih.gov', port=443): Max retries exceeded with url: /et/api/pdf-download (Caused by NameResolutionError(""HTTPSConnection(host='dev.posit.niehs.nih.gov', port=443): Failed to resolve 'dev.posit.niehs.nih.gov' ([Errno 8] nodename nor servname provided, or not known)""))"
2424,PDF batch 2424/6155 (1 references),1,ConnectionError,"HTTPSConnectionPool(host='dev.posit.niehs.nih.gov', port=443): Max retries exceeded with url: /et/api/pdf-download (Caused by NameResolutionError(""HTTPSConnection(host='dev.posit.niehs.nih.gov', port=443): Failed to resolve 'dev.posit.niehs.nih.gov' ([Errno 8] nodename nor servname provided, or not known)""))"
2425,PDF batch 2425/6155 (1 references),1,ConnectionError,"HTTPSConnectionPool(host='dev.posit.niehs.nih.gov', port=443): Max retries exceeded with url: /et/api/pdf-download (Caused by NameResolutionError(""HTTPSConnection(host='dev.posit.niehs.nih.gov', port=443): Failed to resolve 'dev.posit.niehs.nih.gov' ([Errno 8] nodename nor servname provided, or not known)""))"
2426,PDF batch 2426/6155 (1 references),1,ConnectionError,"HTTPSConnectionPool(host='dev.posit.niehs.nih.gov', port=443): Max retries exceeded with url: /et/api/pdf-download (Caused by NameResolutionError(""HTTPSConnection(host='dev.posit.niehs.nih.gov', port=443): Failed to resolve 'dev.posit.niehs.nih.gov' ([Errno 8] nodename nor servname provided, or not known)""))"
2427,PDF batch 2427/6155 (1 references),1,ConnectionError,"HTTPSConnectionPool(host='dev.posit.niehs.nih.gov', port=443): Max retries exceeded with url: /et/api/pdf-download (Caused by NameResolutionError(""HTTPSConnection(host='dev.posit.niehs.nih.gov', port=443): Failed to resolve 'dev.posit.niehs.nih.gov' ([Errno 8] nodename nor servname provided, or not known)""))"
2430,PDF batch 2430/6155 (1 references),1,ConnectionError,"HTTPSConnectionPool(host='dev.posit.niehs.nih.gov', port=443): Max retries exceeded with url: /et/api/pdf-download (Caused by NameResolutionError(""HTTPSConnection(host='dev.posit.niehs.nih.gov', port=443): Failed to resolve 'dev.posit.niehs.nih.gov' ([Errno 8] nodename nor servname provided, or not known)""))"
2428,PDF batch 2428/6155 (1 references),1,ConnectionError,"HTTPSConnectionPool(host='dev.posit.niehs.nih.gov', port=443): Max retries exceeded with url: /et/api/pdf-download (Caused by NameResolutionError(""HTTPSConnection(host='dev.posit.niehs.nih.gov', port=443): Failed to resolve 'dev.posit.niehs.nih.gov' ([Errno 8] nodename nor servname provided, or not known)""))"
2431,PDF batch 2431/6155 (1 references),1,ConnectionError,"HTTPSConnectionPool(host='dev.posit.niehs.nih.gov', port=443): Max retries exceeded with url: /et/api/pdf-download (Caused by NameResolutionError(""HTTPSConnection(host='dev.posit.niehs.nih.gov', port=443): Failed to resolve 'dev.posit.niehs.nih.gov' ([Errno 8] nodename nor servname provided, or not known)""))"
2429,PDF batch 2429/6155 (1 references),1,ConnectionError,"HTTPSConnectionPool(host='dev.posit.niehs.nih.gov', port=443): Max retries exceeded with url: /et/api/pdf-download (Caused by NameResolutionError(""HTTPSConnection(host='dev.posit.niehs.nih.gov', port=443): Failed to resolve 'dev.posit.niehs.nih.gov' ([Errno 8] nodename nor servname provided, or not known)""))"
2432,PDF batch 2432/6155 (1 references),1,ConnectionError,"HTTPSConnectionPool(host='dev.posit.niehs.nih.gov', port=443): Max retries exceeded with url: /et/api/pdf-download (Caused by NameResolutionError(""HTTPSConnection(host='dev.posit.niehs.nih.gov', port=443): Failed to resolve 'dev.posit.niehs.nih.gov' ([Errno 8] nodename nor servname provided, or not known)""))"
2433,PDF batch 2433/6155 (1 references),1,ConnectionError,"HTTPSConnectionPool(host='dev.posit.niehs.nih.gov', port=443): Max retries exceeded with url: /et/api/pdf-download (Caused by NameResolutionError(""HTTPSConnection(host='dev.posit.niehs.nih.gov', port=443): Failed to resolve 'dev.posit.niehs.nih.gov' ([Errno 8] nodename nor servname provided, or not known)""))"
2434,PDF batch 2434/6155 (1 references),1,ConnectionError,"HTTPSConnectionPool(host='dev.posit.niehs.nih.gov', port=443): Max retries exceeded with url: /et/api/pdf-download (Caused by NameResolutionError(""HTTPSConnection(host='dev.posit.niehs.nih.gov', port=443): Failed to resolve 'dev.posit.niehs.nih.gov' ([Errno 8] nodename nor servname provided, or not known)""))"
2435,PDF batch 2435/6155 (1 references),1,ConnectionError,"HTTPSConnectionPool(host='dev.posit.niehs.nih.gov', port=443): Max retries exceeded with url: /et/api/pdf-download (Caused by NameResolutionError(""HTTPSConnection(host='dev.posit.niehs.nih.gov', port=443): Failed to resolve 'dev.posit.niehs.nih.gov' ([Errno 8] nodename nor servname provided, or not known)""))"
2436,PDF batch 2436/6155 (1 references),1,ConnectionError,"HTTPSConnectionPool(host='dev.posit.niehs.nih.gov', port=443): Max retries exceeded with url: /et/api/pdf-download (Caused by NameResolutionError(""HTTPSConnection(host='dev.posit.niehs.nih.gov', port=443): Failed to resolve 'dev.posit.niehs.nih.gov' ([Errno 8] nodename nor servname provided, or not known)""))"
2437,PDF batch 2437/6155 (1 references),1,ConnectionError,"HTTPSConnectionPool(host='dev.posit.niehs.nih.gov', port=443): Max retries exceeded with url: /et/api/pdf-download (Caused by NameResolutionError(""HTTPSConnection(host='dev.posit.niehs.nih.gov', port=443): Failed to resolve 'dev.posit.niehs.nih.gov' ([Errno 8] nodename nor servname provided, or not known)""))"
2439,PDF batch 2439/6155 (1 references),1,ConnectionError,"HTTPSConnectionPool(host='dev.posit.niehs.nih.gov', port=443): Max retries exceeded with url: /et/api/pdf-download (Caused by NameResolutionError(""HTTPSConnection(host='dev.posit.niehs.nih.gov', port=443): Failed to resolve 'dev.posit.niehs.nih.gov' ([Errno 8] nodename nor servname provided, or not known)""))"
2441,PDF batch 2441/6155 (1 references),1,ConnectionError,"HTTPSConnectionPool(host='dev.posit.niehs.nih.gov', port=443): Max retries exceeded with url: /et/api/pdf-download (Caused by NameResolutionError(""HTTPSConnection(host='dev.posit.niehs.nih.gov', port=443): Failed to resolve 'dev.posit.niehs.nih.gov' ([Errno 8] nodename nor servname provided, or not known)""))"
2440,PDF batch 2440/6155 (1 references),1,ConnectionError,"HTTPSConnectionPool(host='dev.posit.niehs.nih.gov', port=443): Max retries exceeded with url: /et/api/pdf-download (Caused by NameResolutionError(""HTTPSConnection(host='dev.posit.niehs.nih.gov', port=443): Failed to resolve 'dev.posit.niehs.nih.gov' ([Errno 8] nodename nor servname provided, or not known)""))"
2438,PDF batch 2438/6155 (1 references),1,ConnectionError,"HTTPSConnectionPool(host='dev.posit.niehs.nih.gov', port=443): Max retries exceeded with url: /et/api/pdf-download (Caused by NameResolutionError(""HTTPSConnection(host='dev.posit.niehs.nih.gov', port=443): Failed to resolve 'dev.posit.niehs.nih.gov' ([Errno 8] nodename nor servname provided, or not known)""))"
2442,PDF batch 2442/6155 (1 references),1,ConnectionError,"HTTPSConnectionPool(host='dev.posit.niehs.nih.gov', port=443): Max retries exceeded with url: /et/api/pdf-download (Caused by NameResolutionError(""HTTPSConnection(host='dev.posit.niehs.nih.gov', port=443): Failed to resolve 'dev.posit.niehs.nih.gov' ([Errno 8] nodename nor servname provided, or not known)""))"
2443,PDF batch 2443/6155 (1 references),1,ConnectionError,"HTTPSConnectionPool(host='dev.posit.niehs.nih.gov', port=443): Max retries exceeded with url: /et/api/pdf-download (Caused by NameResolutionError(""HTTPSConnection(host='dev.posit.niehs.nih.gov', port=443): Failed to resolve 'dev.posit.niehs.nih.gov' ([Errno 8] nodename nor servname provided, or not known)""))"
2444,PDF batch 2444/6155 (1 references),1,ConnectionError,"HTTPSConnectionPool(host='dev.posit.niehs.nih.gov', port=443): Max retries exceeded with url: /et/api/pdf-download (Caused by NameResolutionError(""HTTPSConnection(host='dev.posit.niehs.nih.gov', port=443): Failed to resolve 'dev.posit.niehs.nih.gov' ([Errno 8] nodename nor servname provided, or not known)""))"
2446,PDF batch 2446/6155 (1 references),1,ConnectionError,"HTTPSConnectionPool(host='dev.posit.niehs.nih.gov', port=443): Max retries exceeded with url: /et/api/pdf-download (Caused by NameResolutionError(""HTTPSConnection(host='dev.posit.niehs.nih.gov', port=443): Failed to resolve 'dev.posit.niehs.nih.gov' ([Errno 8] nodename nor servname provided, or not known)""))"
2450,PDF batch 2450/6155 (1 references),1,ConnectionError,"HTTPSConnectionPool(host='dev.posit.niehs.nih.gov', port=443): Max retries exceeded with url: /et/api/pdf-download (Caused by NameResolutionError(""HTTPSConnection(host='dev.posit.niehs.nih.gov', port=443): Failed to resolve 'dev.posit.niehs.nih.gov' ([Errno 8] nodename nor servname provided, or not known)""))"
2448,PDF batch 2448/6155 (1 references),1,ConnectionError,"HTTPSConnectionPool(host='dev.posit.niehs.nih.gov', port=443): Max retries exceeded with url: /et/api/pdf-download (Caused by NameResolutionError(""HTTPSConnection(host='dev.posit.niehs.nih.gov', port=443): Failed to resolve 'dev.posit.niehs.nih.gov' ([Errno 8] nodename nor servname provided, or not known)""))"
2447,PDF batch 2447/6155 (1 references),1,ConnectionError,"HTTPSConnectionPool(host='dev.posit.niehs.nih.gov', port=443): Max retries exceeded with url: /et/api/pdf-download (Caused by NameResolutionError(""HTTPSConnection(host='dev.posit.niehs.nih.gov', port=443): Failed to resolve 'dev.posit.niehs.nih.gov' ([Errno 8] nodename nor servname provided, or not known)""))"
2449,PDF batch 2449/6155 (1 references),1,ConnectionError,"HTTPSConnectionPool(host='dev.posit.niehs.nih.gov', port=443): Max retries exceeded with url: /et/api/pdf-download (Caused by NameResolutionError(""HTTPSConnection(host='dev.posit.niehs.nih.gov', port=443): Failed to resolve 'dev.posit.niehs.nih.gov' ([Errno 8] nodename nor servname provided, or not known)""))"
2445,PDF batch 2445/6155 (1 references),1,ConnectionError,"HTTPSConnectionPool(host='dev.posit.niehs.nih.gov', port=443): Max retries exceeded with url: /et/api/pdf-download (Caused by NameResolutionError(""HTTPSConnection(host='dev.posit.niehs.nih.gov', port=443): Failed to resolve 'dev.posit.niehs.nih.gov' ([Errno 8] nodename nor servname provided, or not known)""))"
2452,PDF batch 2452/6155 (1 references),1,ConnectionError,"HTTPSConnectionPool(host='dev.posit.niehs.nih.gov', port=443): Max retries exceeded with url: /et/api/pdf-download (Caused by NameResolutionError(""HTTPSConnection(host='dev.posit.niehs.nih.gov', port=443): Failed to resolve 'dev.posit.niehs.nih.gov' ([Errno 8] nodename nor servname provided, or not known)""))"
2451,PDF batch 2451/6155 (1 references),1,ConnectionError,"HTTPSConnectionPool(host='dev.posit.niehs.nih.gov', port=443): Max retries exceeded with url: /et/api/pdf-download (Caused by NameResolutionError(""HTTPSConnection(host='dev.posit.niehs.nih.gov', port=443): Failed to resolve 'dev.posit.niehs.nih.gov' ([Errno 8] nodename nor servname provided, or not known)""))"
2453,PDF batch 2453/6155 (1 references),1,ConnectionError,"HTTPSConnectionPool(host='dev.posit.niehs.nih.gov', port=443): Max retries exceeded with url: /et/api/pdf-download (Caused by NameResolutionError(""HTTPSConnection(host='dev.posit.niehs.nih.gov', port=443): Failed to resolve 'dev.posit.niehs.nih.gov' ([Errno 8] nodename nor servname provided, or not known)""))"
2454,PDF batch 2454/6155 (1 references),1,ConnectionError,"HTTPSConnectionPool(host='dev.posit.niehs.nih.gov', port=443): Max retries exceeded with url: /et/api/pdf-download (Caused by NameResolutionError(""HTTPSConnection(host='dev.posit.niehs.nih.gov', port=443): Failed to resolve 'dev.posit.niehs.nih.gov' ([Errno 8] nodename nor servname provided, or not known)""))"
2456,PDF batch 2456/6155 (1 references),1,ConnectionError,"HTTPSConnectionPool(host='dev.posit.niehs.nih.gov', port=443): Max retries exceeded with url: /et/api/pdf-download (Caused by NameResolutionError(""HTTPSConnection(host='dev.posit.niehs.nih.gov', port=443): Failed to resolve 'dev.posit.niehs.nih.gov' ([Errno 8] nodename nor servname provided, or not known)""))"
2455,PDF batch 2455/6155 (1 references),1,ConnectionError,"HTTPSConnectionPool(host='dev.posit.niehs.nih.gov', port=443): Max retries exceeded with url: /et/api/pdf-download (Caused by NameResolutionError(""HTTPSConnection(host='dev.posit.niehs.nih.gov', port=443): Failed to resolve 'dev.posit.niehs.nih.gov' ([Errno 8] nodename nor servname provided, or not known)""))"
2460,PDF batch 2460/6155 (1 references),1,ConnectionError,"HTTPSConnectionPool(host='dev.posit.niehs.nih.gov', port=443): Max retries exceeded with url: /et/api/pdf-download (Caused by NameResolutionError(""HTTPSConnection(host='dev.posit.niehs.nih.gov', port=443): Failed to resolve 'dev.posit.niehs.nih.gov' ([Errno 8] nodename nor servname provided, or not known)""))"
2458,PDF batch 2458/6155 (1 references),1,ConnectionError,"HTTPSConnectionPool(host='dev.posit.niehs.nih.gov', port=443): Max retries exceeded with url: /et/api/pdf-download (Caused by NameResolutionError(""HTTPSConnection(host='dev.posit.niehs.nih.gov', port=443): Failed to resolve 'dev.posit.niehs.nih.gov' ([Errno 8] nodename nor servname provided, or not known)""))"
2457,PDF batch 2457/6155 (1 references),1,ConnectionError,"HTTPSConnectionPool(host='dev.posit.niehs.nih.gov', port=443): Max retries exceeded with url: /et/api/pdf-download (Caused by NameResolutionError(""HTTPSConnection(host='dev.posit.niehs.nih.gov', port=443): Failed to resolve 'dev.posit.niehs.nih.gov' ([Errno 8] nodename nor servname provided, or not known)""))"
2459,PDF batch 2459/6155 (1 references),1,ConnectionError,"HTTPSConnectionPool(host='dev.posit.niehs.nih.gov', port=443): Max retries exceeded with url: /et/api/pdf-download (Caused by NameResolutionError(""HTTPSConnection(host='dev.posit.niehs.nih.gov', port=443): Failed to resolve 'dev.posit.niehs.nih.gov' ([Errno 8] nodename nor servname provided, or not known)""))"
2461,PDF batch 2461/6155 (1 references),1,ConnectionError,"HTTPSConnectionPool(host='dev.posit.niehs.nih.gov', port=443): Max retries exceeded with url: /et/api/pdf-download (Caused by NameResolutionError(""HTTPSConnection(host='dev.posit.niehs.nih.gov', port=443): Failed to resolve 'dev.posit.niehs.nih.gov' ([Errno 8] nodename nor servname provided, or not known)""))"
2462,PDF batch 2462/6155 (1 references),1,ConnectionError,"HTTPSConnectionPool(host='dev.posit.niehs.nih.gov', port=443): Max retries exceeded with url: /et/api/pdf-download (Caused by NameResolutionError(""HTTPSConnection(host='dev.posit.niehs.nih.gov', port=443): Failed to resolve 'dev.posit.niehs.nih.gov' ([Errno 8] nodename nor servname provided, or not known)""))"
2463,PDF batch 2463/6155 (1 references),1,ConnectionError,"HTTPSConnectionPool(host='dev.posit.niehs.nih.gov', port=443): Max retries exceeded with url: /et/api/pdf-download (Caused by NameResolutionError(""HTTPSConnection(host='dev.posit.niehs.nih.gov', port=443): Failed to resolve 'dev.posit.niehs.nih.gov' ([Errno 8] nodename nor servname provided, or not known)""))"
2464,PDF batch 2464/6155 (1 references),1,ConnectionError,"HTTPSConnectionPool(host='dev.posit.niehs.nih.gov', port=443): Max retries exceeded with url: /et/api/pdf-download (Caused by NameResolutionError(""HTTPSConnection(host='dev.posit.niehs.nih.gov', port=443): Failed to resolve 'dev.posit.niehs.nih.gov' ([Errno 8] nodename nor servname provided, or not known)""))"
2466,PDF batch 2466/6155 (1 references),1,ConnectionError,"HTTPSConnectionPool(host='dev.posit.niehs.nih.gov', port=443): Max retries exceeded with url: /et/api/pdf-download (Caused by NameResolutionError(""HTTPSConnection(host='dev.posit.niehs.nih.gov', port=443): Failed to resolve 'dev.posit.niehs.nih.gov' ([Errno 8] nodename nor servname provided, or not known)""))"
2468,PDF batch 2468/6155 (1 references),1,ConnectionError,"HTTPSConnectionPool(host='dev.posit.niehs.nih.gov', port=443): Max retries exceeded with url: /et/api/pdf-download (Caused by NameResolutionError(""HTTPSConnection(host='dev.posit.niehs.nih.gov', port=443): Failed to resolve 'dev.posit.niehs.nih.gov' ([Errno 8] nodename nor servname provided, or not known)""))"
2467,PDF batch 2467/6155 (1 references),1,ConnectionError,"HTTPSConnectionPool(host='dev.posit.niehs.nih.gov', port=443): Max retries exceeded with url: /et/api/pdf-download (Caused by NameResolutionError(""HTTPSConnection(host='dev.posit.niehs.nih.gov', port=443): Failed to resolve 'dev.posit.niehs.nih.gov' ([Errno 8] nodename nor servname provided, or not known)""))"
2465,PDF batch 2465/6155 (1 references),1,ConnectionError,"HTTPSConnectionPool(host='dev.posit.niehs.nih.gov', port=443): Max retries exceeded with url: /et/api/pdf-download (Caused by NameResolutionError(""HTTPSConnection(host='dev.posit.niehs.nih.gov', port=443): Failed to resolve 'dev.posit.niehs.nih.gov' ([Errno 8] nodename nor servname provided, or not known)""))"
2469,PDF batch 2469/6155 (1 references),1,ConnectionError,"HTTPSConnectionPool(host='dev.posit.niehs.nih.gov', port=443): Max retries exceeded with url: /et/api/pdf-download (Caused by NameResolutionError(""HTTPSConnection(host='dev.posit.niehs.nih.gov', port=443): Failed to resolve 'dev.posit.niehs.nih.gov' ([Errno 8] nodename nor servname provided, or not known)""))"
2471,PDF batch 2471/6155 (1 references),1,ConnectionError,"HTTPSConnectionPool(host='dev.posit.niehs.nih.gov', port=443): Max retries exceeded with url: /et/api/pdf-download (Caused by NameResolutionError(""HTTPSConnection(host='dev.posit.niehs.nih.gov', port=443): Failed to resolve 'dev.posit.niehs.nih.gov' ([Errno 8] nodename nor servname provided, or not known)""))"
2470,PDF batch 2470/6155 (1 references),1,ConnectionError,"HTTPSConnectionPool(host='dev.posit.niehs.nih.gov', port=443): Max retries exceeded with url: /et/api/pdf-download (Caused by NameResolutionError(""HTTPSConnection(host='dev.posit.niehs.nih.gov', port=443): Failed to resolve 'dev.posit.niehs.nih.gov' ([Errno 8] nodename nor servname provided, or not known)""))"
2472,PDF batch 2472/6155 (1 references),1,ConnectionError,"HTTPSConnectionPool(host='dev.posit.niehs.nih.gov', port=443): Max retries exceeded with url: /et/api/pdf-download (Caused by NameResolutionError(""HTTPSConnection(host='dev.posit.niehs.nih.gov', port=443): Failed to resolve 'dev.posit.niehs.nih.gov' ([Errno 8] nodename nor servname provided, or not known)""))"
2477,PDF batch 2477/6155 (1 references),1,ConnectionError,"HTTPSConnectionPool(host='dev.posit.niehs.nih.gov', port=443): Max retries exceeded with url: /et/api/pdf-download (Caused by NameResolutionError(""HTTPSConnection(host='dev.posit.niehs.nih.gov', port=443): Failed to resolve 'dev.posit.niehs.nih.gov' ([Errno 8] nodename nor servname provided, or not known)""))"
2474,PDF batch 2474/6155 (1 references),1,ConnectionError,"HTTPSConnectionPool(host='dev.posit.niehs.nih.gov', port=443): Max retries exceeded with url: /et/api/pdf-download (Caused by NameResolutionError(""HTTPSConnection(host='dev.posit.niehs.nih.gov', port=443): Failed to resolve 'dev.posit.niehs.nih.gov' ([Errno 8] nodename nor servname provided, or not known)""))"
2476,PDF batch 2476/6155 (1 references),1,ConnectionError,"HTTPSConnectionPool(host='dev.posit.niehs.nih.gov', port=443): Max retries exceeded with url: /et/api/pdf-download (Caused by NameResolutionError(""HTTPSConnection(host='dev.posit.niehs.nih.gov', port=443): Failed to resolve 'dev.posit.niehs.nih.gov' ([Errno 8] nodename nor servname provided, or not known)""))"
2475,PDF batch 2475/6155 (1 references),1,ConnectionError,"HTTPSConnectionPool(host='dev.posit.niehs.nih.gov', port=443): Max retries exceeded with url: /et/api/pdf-download (Caused by NameResolutionError(""HTTPSConnection(host='dev.posit.niehs.nih.gov', port=443): Failed to resolve 'dev.posit.niehs.nih.gov' ([Errno 8] nodename nor servname provided, or not known)""))"
2473,PDF batch 2473/6155 (1 references),1,ConnectionError,"HTTPSConnectionPool(host='dev.posit.niehs.nih.gov', port=443): Max retries exceeded with url: /et/api/pdf-download (Caused by NameResolutionError(""HTTPSConnection(host='dev.posit.niehs.nih.gov', port=443): Failed to resolve 'dev.posit.niehs.nih.gov' ([Errno 8] nodename nor servname provided, or not known)""))"
2479,PDF batch 2479/6155 (1 references),1,ConnectionError,"HTTPSConnectionPool(host='dev.posit.niehs.nih.gov', port=443): Max retries exceeded with url: /et/api/pdf-download (Caused by NameResolutionError(""HTTPSConnection(host='dev.posit.niehs.nih.gov', port=443): Failed to resolve 'dev.posit.niehs.nih.gov' ([Errno 8] nodename nor servname provided, or not known)""))"
2478,PDF batch 2478/6155 (1 references),1,ConnectionError,"HTTPSConnectionPool(host='dev.posit.niehs.nih.gov', port=443): Max retries exceeded with url: /et/api/pdf-download (Caused by NameResolutionError(""HTTPSConnection(host='dev.posit.niehs.nih.gov', port=443): Failed to resolve 'dev.posit.niehs.nih.gov' ([Errno 8] nodename nor servname provided, or not known)""))"
2480,PDF batch 2480/6155 (1 references),1,ConnectionError,"HTTPSConnectionPool(host='dev.posit.niehs.nih.gov', port=443): Max retries exceeded with url: /et/api/pdf-download (Caused by NameResolutionError(""HTTPSConnection(host='dev.posit.niehs.nih.gov', port=443): Failed to resolve 'dev.posit.niehs.nih.gov' ([Errno 8] nodename nor servname provided, or not known)""))"
2481,PDF batch 2481/6155 (1 references),1,ConnectionError,"HTTPSConnectionPool(host='dev.posit.niehs.nih.gov', port=443): Max retries exceeded with url: /et/api/pdf-download (Caused by NameResolutionError(""HTTPSConnection(host='dev.posit.niehs.nih.gov', port=443): Failed to resolve 'dev.posit.niehs.nih.gov' ([Errno 8] nodename nor servname provided, or not known)""))"
2482,PDF batch 2482/6155 (1 references),1,ConnectionError,"HTTPSConnectionPool(host='dev.posit.niehs.nih.gov', port=443): Max retries exceeded with url: /et/api/pdf-download (Caused by NameResolutionError(""HTTPSConnection(host='dev.posit.niehs.nih.gov', port=443): Failed to resolve 'dev.posit.niehs.nih.gov' ([Errno 8] nodename nor servname provided, or not known)""))"
2488,PDF batch 2488/6155 (1 references),1,ConnectionError,"HTTPSConnectionPool(host='dev.posit.niehs.nih.gov', port=443): Max retries exceeded with url: /et/api/pdf-download (Caused by NameResolutionError(""HTTPSConnection(host='dev.posit.niehs.nih.gov', port=443): Failed to resolve 'dev.posit.niehs.nih.gov' ([Errno 8] nodename nor servname provided, or not known)""))"
2484,PDF batch 2484/6155 (1 references),1,ConnectionError,"HTTPSConnectionPool(host='dev.posit.niehs.nih.gov', port=443): Max retries exceeded with url: /et/api/pdf-download (Caused by NameResolutionError(""HTTPSConnection(host='dev.posit.niehs.nih.gov', port=443): Failed to resolve 'dev.posit.niehs.nih.gov' ([Errno 8] nodename nor servname provided, or not known)""))"
2483,PDF batch 2483/6155 (1 references),1,ConnectionError,"HTTPSConnectionPool(host='dev.posit.niehs.nih.gov', port=443): Max retries exceeded with url: /et/api/pdf-download (Caused by NameResolutionError(""HTTPSConnection(host='dev.posit.niehs.nih.gov', port=443): Failed to resolve 'dev.posit.niehs.nih.gov' ([Errno 8] nodename nor servname provided, or not known)""))"
2485,PDF batch 2485/6155 (1 references),1,ConnectionError,"HTTPSConnectionPool(host='dev.posit.niehs.nih.gov', port=443): Max retries exceeded with url: /et/api/pdf-download (Caused by NameResolutionError(""HTTPSConnection(host='dev.posit.niehs.nih.gov', port=443): Failed to resolve 'dev.posit.niehs.nih.gov' ([Errno 8] nodename nor servname provided, or not known)""))"
2487,PDF batch 2487/6155 (1 references),1,ConnectionError,"HTTPSConnectionPool(host='dev.posit.niehs.nih.gov', port=443): Max retries exceeded with url: /et/api/pdf-download (Caused by NameResolutionError(""HTTPSConnection(host='dev.posit.niehs.nih.gov', port=443): Failed to resolve 'dev.posit.niehs.nih.gov' ([Errno 8] nodename nor servname provided, or not known)""))"
2486,PDF batch 2486/6155 (1 references),1,ConnectionError,"HTTPSConnectionPool(host='dev.posit.niehs.nih.gov', port=443): Max retries exceeded with url: /et/api/pdf-download (Caused by NameResolutionError(""HTTPSConnection(host='dev.posit.niehs.nih.gov', port=443): Failed to resolve 'dev.posit.niehs.nih.gov' ([Errno 8] nodename nor servname provided, or not known)""))"
2489,PDF batch 2489/6155 (1 references),1,ConnectionError,"HTTPSConnectionPool(host='dev.posit.niehs.nih.gov', port=443): Max retries exceeded with url: /et/api/pdf-download (Caused by NameResolutionError(""HTTPSConnection(host='dev.posit.niehs.nih.gov', port=443): Failed to resolve 'dev.posit.niehs.nih.gov' ([Errno 8] nodename nor servname provided, or not known)""))"
2490,PDF batch 2490/6155 (1 references),1,ConnectionError,"HTTPSConnectionPool(host='dev.posit.niehs.nih.gov', port=443): Max retries exceeded with url: /et/api/pdf-download (Caused by NameResolutionError(""HTTPSConnection(host='dev.posit.niehs.nih.gov', port=443): Failed to resolve 'dev.posit.niehs.nih.gov' ([Errno 8] nodename nor servname provided, or not known)""))"
2491,PDF batch 2491/6155 (1 references),1,ConnectionError,"HTTPSConnectionPool(host='dev.posit.niehs.nih.gov', port=443): Max retries exceeded with url: /et/api/pdf-download (Caused by NameResolutionError(""HTTPSConnection(host='dev.posit.niehs.nih.gov', port=443): Failed to resolve 'dev.posit.niehs.nih.gov' ([Errno 8] nodename nor servname provided, or not known)""))"
2493,PDF batch 2493/6155 (1 references),1,ConnectionError,"HTTPSConnectionPool(host='dev.posit.niehs.nih.gov', port=443): Max retries exceeded with url: /et/api/pdf-download (Caused by NameResolutionError(""HTTPSConnection(host='dev.posit.niehs.nih.gov', port=443): Failed to resolve 'dev.posit.niehs.nih.gov' ([Errno 8] nodename nor servname provided, or not known)""))"
2494,PDF batch 2494/6155 (1 references),1,ConnectionError,"HTTPSConnectionPool(host='dev.posit.niehs.nih.gov', port=443): Max retries exceeded with url: /et/api/pdf-download (Caused by NameResolutionError(""HTTPSConnection(host='dev.posit.niehs.nih.gov', port=443): Failed to resolve 'dev.posit.niehs.nih.gov' ([Errno 8] nodename nor servname provided, or not known)""))"
2496,PDF batch 2496/6155 (1 references),1,ConnectionError,"HTTPSConnectionPool(host='dev.posit.niehs.nih.gov', port=443): Max retries exceeded with url: /et/api/pdf-download (Caused by NameResolutionError(""HTTPSConnection(host='dev.posit.niehs.nih.gov', port=443): Failed to resolve 'dev.posit.niehs.nih.gov' ([Errno 8] nodename nor servname provided, or not known)""))"
2495,PDF batch 2495/6155 (1 references),1,ConnectionError,"HTTPSConnectionPool(host='dev.posit.niehs.nih.gov', port=443): Max retries exceeded with url: /et/api/pdf-download (Caused by NameResolutionError(""HTTPSConnection(host='dev.posit.niehs.nih.gov', port=443): Failed to resolve 'dev.posit.niehs.nih.gov' ([Errno 8] nodename nor servname provided, or not known)""))"
2492,PDF batch 2492/6155 (1 references),1,ConnectionError,"HTTPSConnectionPool(host='dev.posit.niehs.nih.gov', port=443): Max retries exceeded with url: /et/api/pdf-download (Caused by NameResolutionError(""HTTPSConnection(host='dev.posit.niehs.nih.gov', port=443): Failed to resolve 'dev.posit.niehs.nih.gov' ([Errno 8] nodename nor servname provided, or not known)""))"
2497,PDF batch 2497/6155 (1 references),1,ConnectionError,"HTTPSConnectionPool(host='dev.posit.niehs.nih.gov', port=443): Max retries exceeded with url: /et/api/pdf-download (Caused by NameResolutionError(""HTTPSConnection(host='dev.posit.niehs.nih.gov', port=443): Failed to resolve 'dev.posit.niehs.nih.gov' ([Errno 8] nodename nor servname provided, or not known)""))"
2498,PDF batch 2498/6155 (1 references),1,ConnectionError,"HTTPSConnectionPool(host='dev.posit.niehs.nih.gov', port=443): Max retries exceeded with url: /et/api/pdf-download (Caused by NameResolutionError(""HTTPSConnection(host='dev.posit.niehs.nih.gov', port=443): Failed to resolve 'dev.posit.niehs.nih.gov' ([Errno 8] nodename nor servname provided, or not known)""))"
2499,PDF batch 2499/6155 (1 references),1,ConnectionError,"HTTPSConnectionPool(host='dev.posit.niehs.nih.gov', port=443): Max retries exceeded with url: /et/api/pdf-download (Caused by NameResolutionError(""HTTPSConnection(host='dev.posit.niehs.nih.gov', port=443): Failed to resolve 'dev.posit.niehs.nih.gov' ([Errno 8] nodename nor servname provided, or not known)""))"
2500,PDF batch 2500/6155 (1 references),1,ConnectionError,"HTTPSConnectionPool(host='dev.posit.niehs.nih.gov', port=443): Max retries exceeded with url: /et/api/pdf-download (Caused by NameResolutionError(""HTTPSConnection(host='dev.posit.niehs.nih.gov', port=443): Failed to resolve 'dev.posit.niehs.nih.gov' ([Errno 8] nodename nor servname provided, or not known)""))"
2501,PDF batch 2501/6155 (1 references),1,ConnectionError,"HTTPSConnectionPool(host='dev.posit.niehs.nih.gov', port=443): Max retries exceeded with url: /et/api/pdf-download (Caused by NameResolutionError(""HTTPSConnection(host='dev.posit.niehs.nih.gov', port=443): Failed to resolve 'dev.posit.niehs.nih.gov' ([Errno 8] nodename nor servname provided, or not known)""))"
2507,PDF batch 2507/6155 (1 references),1,ConnectionError,"HTTPSConnectionPool(host='dev.posit.niehs.nih.gov', port=443): Max retries exceeded with url: /et/api/pdf-download (Caused by NameResolutionError(""HTTPSConnection(host='dev.posit.niehs.nih.gov', port=443): Failed to resolve 'dev.posit.niehs.nih.gov' ([Errno 8] nodename nor servname provided, or not known)""))"
2504,PDF batch 2504/6155 (1 references),1,ConnectionError,"HTTPSConnectionPool(host='dev.posit.niehs.nih.gov', port=443): Max retries exceeded with url: /et/api/pdf-download (Caused by NameResolutionError(""HTTPSConnection(host='dev.posit.niehs.nih.gov', port=443): Failed to resolve 'dev.posit.niehs.nih.gov' ([Errno 8] nodename nor servname provided, or not known)""))"
2505,PDF batch 2505/6155 (1 references),1,ConnectionError,"HTTPSConnectionPool(host='dev.posit.niehs.nih.gov', port=443): Max retries exceeded with url: /et/api/pdf-download (Caused by NameResolutionError(""HTTPSConnection(host='dev.posit.niehs.nih.gov', port=443): Failed to resolve 'dev.posit.niehs.nih.gov' ([Errno 8] nodename nor servname provided, or not known)""))"
2502,PDF batch 2502/6155 (1 references),1,ConnectionError,"HTTPSConnectionPool(host='dev.posit.niehs.nih.gov', port=443): Max retries exceeded with url: /et/api/pdf-download (Caused by NameResolutionError(""HTTPSConnection(host='dev.posit.niehs.nih.gov', port=443): Failed to resolve 'dev.posit.niehs.nih.gov' ([Errno 8] nodename nor servname provided, or not known)""))"
2503,PDF batch 2503/6155 (1 references),1,ConnectionError,"HTTPSConnectionPool(host='dev.posit.niehs.nih.gov', port=443): Max retries exceeded with url: /et/api/pdf-download (Caused by NameResolutionError(""HTTPSConnection(host='dev.posit.niehs.nih.gov', port=443): Failed to resolve 'dev.posit.niehs.nih.gov' ([Errno 8] nodename nor servname provided, or not known)""))"
2506,PDF batch 2506/6155 (1 references),1,ConnectionError,"HTTPSConnectionPool(host='dev.posit.niehs.nih.gov', port=443): Max retries exceeded with url: /et/api/pdf-download (Caused by NameResolutionError(""HTTPSConnection(host='dev.posit.niehs.nih.gov', port=443): Failed to resolve 'dev.posit.niehs.nih.gov' ([Errno 8] nodename nor servname provided, or not known)""))"
2509,PDF batch 2509/6155 (1 references),1,ConnectionError,"HTTPSConnectionPool(host='dev.posit.niehs.nih.gov', port=443): Max retries exceeded with url: /et/api/pdf-download (Caused by NameResolutionError(""HTTPSConnection(host='dev.posit.niehs.nih.gov', port=443): Failed to resolve 'dev.posit.niehs.nih.gov' ([Errno 8] nodename nor servname provided, or not known)""))"
2508,PDF batch 2508/6155 (1 references),1,ConnectionError,"HTTPSConnectionPool(host='dev.posit.niehs.nih.gov', port=443): Max retries exceeded with url: /et/api/pdf-download (Caused by NameResolutionError(""HTTPSConnection(host='dev.posit.niehs.nih.gov', port=443): Failed to resolve 'dev.posit.niehs.nih.gov' ([Errno 8] nodename nor servname provided, or not known)""))"
2510,PDF batch 2510/6155 (1 references),1,ConnectionError,"HTTPSConnectionPool(host='dev.posit.niehs.nih.gov', port=443): Max retries exceeded with url: /et/api/pdf-download (Caused by NameResolutionError(""HTTPSConnection(host='dev.posit.niehs.nih.gov', port=443): Failed to resolve 'dev.posit.niehs.nih.gov' ([Errno 8] nodename nor servname provided, or not known)""))"
2517,PDF batch 2517/6155 (1 references),1,ConnectionError,"HTTPSConnectionPool(host='dev.posit.niehs.nih.gov', port=443): Max retries exceeded with url: /et/api/pdf-download (Caused by NameResolutionError(""HTTPSConnection(host='dev.posit.niehs.nih.gov', port=443): Failed to resolve 'dev.posit.niehs.nih.gov' ([Errno 8] nodename nor servname provided, or not known)""))"
2513,PDF batch 2513/6155 (1 references),1,ConnectionError,"HTTPSConnectionPool(host='dev.posit.niehs.nih.gov', port=443): Max retries exceeded with url: /et/api/pdf-download (Caused by NameResolutionError(""HTTPSConnection(host='dev.posit.niehs.nih.gov', port=443): Failed to resolve 'dev.posit.niehs.nih.gov' ([Errno 8] nodename nor servname provided, or not known)""))"
2512,PDF batch 2512/6155 (1 references),1,ConnectionError,"HTTPSConnectionPool(host='dev.posit.niehs.nih.gov', port=443): Max retries exceeded with url: /et/api/pdf-download (Caused by NameResolutionError(""HTTPSConnection(host='dev.posit.niehs.nih.gov', port=443): Failed to resolve 'dev.posit.niehs.nih.gov' ([Errno 8] nodename nor servname provided, or not known)""))"
2514,PDF batch 2514/6155 (1 references),1,ConnectionError,"HTTPSConnectionPool(host='dev.posit.niehs.nih.gov', port=443): Max retries exceeded with url: /et/api/pdf-download (Caused by NameResolutionError(""HTTPSConnection(host='dev.posit.niehs.nih.gov', port=443): Failed to resolve 'dev.posit.niehs.nih.gov' ([Errno 8] nodename nor servname provided, or not known)""))"
2516,PDF batch 2516/6155 (1 references),1,ConnectionError,"HTTPSConnectionPool(host='dev.posit.niehs.nih.gov', port=443): Max retries exceeded with url: /et/api/pdf-download (Caused by NameResolutionError(""HTTPSConnection(host='dev.posit.niehs.nih.gov', port=443): Failed to resolve 'dev.posit.niehs.nih.gov' ([Errno 8] nodename nor servname provided, or not known)""))"
2515,PDF batch 2515/6155 (1 references),1,ConnectionError,"HTTPSConnectionPool(host='dev.posit.niehs.nih.gov', port=443): Max retries exceeded with url: /et/api/pdf-download (Caused by NameResolutionError(""HTTPSConnection(host='dev.posit.niehs.nih.gov', port=443): Failed to resolve 'dev.posit.niehs.nih.gov' ([Errno 8] nodename nor servname provided, or not known)""))"
2511,PDF batch 2511/6155 (1 references),1,ConnectionError,"HTTPSConnectionPool(host='dev.posit.niehs.nih.gov', port=443): Max retries exceeded with url: /et/api/pdf-download (Caused by NameResolutionError(""HTTPSConnection(host='dev.posit.niehs.nih.gov', port=443): Failed to resolve 'dev.posit.niehs.nih.gov' ([Errno 8] nodename nor servname provided, or not known)""))"
2518,PDF batch 2518/6155 (1 references),1,ConnectionError,"HTTPSConnectionPool(host='dev.posit.niehs.nih.gov', port=443): Max retries exceeded with url: /et/api/pdf-download (Caused by NameResolutionError(""HTTPSConnection(host='dev.posit.niehs.nih.gov', port=443): Failed to resolve 'dev.posit.niehs.nih.gov' ([Errno 8] nodename nor servname provided, or not known)""))"
2519,PDF batch 2519/6155 (1 references),1,ConnectionError,"HTTPSConnectionPool(host='dev.posit.niehs.nih.gov', port=443): Max retries exceeded with url: /et/api/pdf-download (Caused by NameResolutionError(""HTTPSConnection(host='dev.posit.niehs.nih.gov', port=443): Failed to resolve 'dev.posit.niehs.nih.gov' ([Errno 8] nodename nor servname provided, or not known)""))"
2520,PDF batch 2520/6155 (1 references),1,ConnectionError,"HTTPSConnectionPool(host='dev.posit.niehs.nih.gov', port=443): Max retries exceeded with url: /et/api/pdf-download (Caused by NameResolutionError(""HTTPSConnection(host='dev.posit.niehs.nih.gov', port=443): Failed to resolve 'dev.posit.niehs.nih.gov' ([Errno 8] nodename nor servname provided, or not known)""))"
2525,PDF batch 2525/6155 (1 references),1,ConnectionError,"HTTPSConnectionPool(host='dev.posit.niehs.nih.gov', port=443): Max retries exceeded with url: /et/api/pdf-download (Caused by NameResolutionError(""HTTPSConnection(host='dev.posit.niehs.nih.gov', port=443): Failed to resolve 'dev.posit.niehs.nih.gov' ([Errno 8] nodename nor servname provided, or not known)""))"
2521,PDF batch 2521/6155 (1 references),1,ConnectionError,"HTTPSConnectionPool(host='dev.posit.niehs.nih.gov', port=443): Max retries exceeded with url: /et/api/pdf-download (Caused by NameResolutionError(""HTTPSConnection(host='dev.posit.niehs.nih.gov', port=443): Failed to resolve 'dev.posit.niehs.nih.gov' ([Errno 8] nodename nor servname provided, or not known)""))"
2523,PDF batch 2523/6155 (1 references),1,ConnectionError,"HTTPSConnectionPool(host='dev.posit.niehs.nih.gov', port=443): Max retries exceeded with url: /et/api/pdf-download (Caused by NameResolutionError(""HTTPSConnection(host='dev.posit.niehs.nih.gov', port=443): Failed to resolve 'dev.posit.niehs.nih.gov' ([Errno 8] nodename nor servname provided, or not known)""))"
2522,PDF batch 2522/6155 (1 references),1,ConnectionError,"HTTPSConnectionPool(host='dev.posit.niehs.nih.gov', port=443): Max retries exceeded with url: /et/api/pdf-download (Caused by NameResolutionError(""HTTPSConnection(host='dev.posit.niehs.nih.gov', port=443): Failed to resolve 'dev.posit.niehs.nih.gov' ([Errno 8] nodename nor servname provided, or not known)""))"
2526,PDF batch 2526/6155 (1 references),1,ConnectionError,"HTTPSConnectionPool(host='dev.posit.niehs.nih.gov', port=443): Max retries exceeded with url: /et/api/pdf-download (Caused by NameResolutionError(""HTTPSConnection(host='dev.posit.niehs.nih.gov', port=443): Failed to resolve 'dev.posit.niehs.nih.gov' ([Errno 8] nodename nor servname provided, or not known)""))"
2524,PDF batch 2524/6155 (1 references),1,ConnectionError,"HTTPSConnectionPool(host='dev.posit.niehs.nih.gov', port=443): Max retries exceeded with url: /et/api/pdf-download (Caused by NameResolutionError(""HTTPSConnection(host='dev.posit.niehs.nih.gov', port=443): Failed to resolve 'dev.posit.niehs.nih.gov' ([Errno 8] nodename nor servname provided, or not known)""))"
2527,PDF batch 2527/6155 (1 references),1,ConnectionError,"HTTPSConnectionPool(host='dev.posit.niehs.nih.gov', port=443): Max retries exceeded with url: /et/api/pdf-download (Caused by NameResolutionError(""HTTPSConnection(host='dev.posit.niehs.nih.gov', port=443): Failed to resolve 'dev.posit.niehs.nih.gov' ([Errno 8] nodename nor servname provided, or not known)""))"
2528,PDF batch 2528/6155 (1 references),1,ConnectionError,"HTTPSConnectionPool(host='dev.posit.niehs.nih.gov', port=443): Max retries exceeded with url: /et/api/pdf-download (Caused by NameResolutionError(""HTTPSConnection(host='dev.posit.niehs.nih.gov', port=443): Failed to resolve 'dev.posit.niehs.nih.gov' ([Errno 8] nodename nor servname provided, or not known)""))"
2529,PDF batch 2529/6155 (1 references),1,ConnectionError,"HTTPSConnectionPool(host='dev.posit.niehs.nih.gov', port=443): Max retries exceeded with url: /et/api/pdf-download (Caused by NameResolutionError(""HTTPSConnection(host='dev.posit.niehs.nih.gov', port=443): Failed to resolve 'dev.posit.niehs.nih.gov' ([Errno 8] nodename nor servname provided, or not known)""))"
2530,PDF batch 2530/6155 (1 references),1,ConnectionError,"HTTPSConnectionPool(host='dev.posit.niehs.nih.gov', port=443): Max retries exceeded with url: /et/api/pdf-download (Caused by NameResolutionError(""HTTPSConnection(host='dev.posit.niehs.nih.gov', port=443): Failed to resolve 'dev.posit.niehs.nih.gov' ([Errno 8] nodename nor servname provided, or not known)""))"
2531,PDF batch 2531/6155 (1 references),1,ConnectionError,"HTTPSConnectionPool(host='dev.posit.niehs.nih.gov', port=443): Max retries exceeded with url: /et/api/pdf-download (Caused by NameResolutionError(""HTTPSConnection(host='dev.posit.niehs.nih.gov', port=443): Failed to resolve 'dev.posit.niehs.nih.gov' ([Errno 8] nodename nor servname provided, or not known)""))"
2536,PDF batch 2536/6155 (1 references),1,ConnectionError,"HTTPSConnectionPool(host='dev.posit.niehs.nih.gov', port=443): Max retries exceeded with url: /et/api/pdf-download (Caused by NameResolutionError(""HTTPSConnection(host='dev.posit.niehs.nih.gov', port=443): Failed to resolve 'dev.posit.niehs.nih.gov' ([Errno 8] nodename nor servname provided, or not known)""))"
2534,PDF batch 2534/6155 (1 references),1,ConnectionError,"HTTPSConnectionPool(host='dev.posit.niehs.nih.gov', port=443): Max retries exceeded with url: /et/api/pdf-download (Caused by NameResolutionError(""HTTPSConnection(host='dev.posit.niehs.nih.gov', port=443): Failed to resolve 'dev.posit.niehs.nih.gov' ([Errno 8] nodename nor servname provided, or not known)""))"
2535,PDF batch 2535/6155 (1 references),1,ConnectionError,"HTTPSConnectionPool(host='dev.posit.niehs.nih.gov', port=443): Max retries exceeded with url: /et/api/pdf-download (Caused by NameResolutionError(""HTTPSConnection(host='dev.posit.niehs.nih.gov', port=443): Failed to resolve 'dev.posit.niehs.nih.gov' ([Errno 8] nodename nor servname provided, or not known)""))"
2532,PDF batch 2532/6155 (1 references),1,ConnectionError,"HTTPSConnectionPool(host='dev.posit.niehs.nih.gov', port=443): Max retries exceeded with url: /et/api/pdf-download (Caused by NameResolutionError(""HTTPSConnection(host='dev.posit.niehs.nih.gov', port=443): Failed to resolve 'dev.posit.niehs.nih.gov' ([Errno 8] nodename nor servname provided, or not known)""))"
2533,PDF batch 2533/6155 (1 references),1,ConnectionError,"HTTPSConnectionPool(host='dev.posit.niehs.nih.gov', port=443): Max retries exceeded with url: /et/api/pdf-download (Caused by NameResolutionError(""HTTPSConnection(host='dev.posit.niehs.nih.gov', port=443): Failed to resolve 'dev.posit.niehs.nih.gov' ([Errno 8] nodename nor servname provided, or not known)""))"
2537,PDF batch 2537/6155 (1 references),1,ConnectionError,"HTTPSConnectionPool(host='dev.posit.niehs.nih.gov', port=443): Max retries exceeded with url: /et/api/pdf-download (Caused by NameResolutionError(""HTTPSConnection(host='dev.posit.niehs.nih.gov', port=443): Failed to resolve 'dev.posit.niehs.nih.gov' ([Errno 8] nodename nor servname provided, or not known)""))"
2538,PDF batch 2538/6155 (1 references),1,ConnectionError,"HTTPSConnectionPool(host='dev.posit.niehs.nih.gov', port=443): Max retries exceeded with url: /et/api/pdf-download (Caused by NameResolutionError(""HTTPSConnection(host='dev.posit.niehs.nih.gov', port=443): Failed to resolve 'dev.posit.niehs.nih.gov' ([Errno 8] nodename nor servname provided, or not known)""))"
2539,PDF batch 2539/6155 (1 references),1,ConnectionError,"HTTPSConnectionPool(host='dev.posit.niehs.nih.gov', port=443): Max retries exceeded with url: /et/api/pdf-download (Caused by NameResolutionError(""HTTPSConnection(host='dev.posit.niehs.nih.gov', port=443): Failed to resolve 'dev.posit.niehs.nih.gov' ([Errno 8] nodename nor servname provided, or not known)""))"
2541,PDF batch 2541/6155 (1 references),1,ConnectionError,"HTTPSConnectionPool(host='dev.posit.niehs.nih.gov', port=443): Max retries exceeded with url: /et/api/pdf-download (Caused by NameResolutionError(""HTTPSConnection(host='dev.posit.niehs.nih.gov', port=443): Failed to resolve 'dev.posit.niehs.nih.gov' ([Errno 8] nodename nor servname provided, or not known)""))"
2543,PDF batch 2543/6155 (1 references),1,ConnectionError,"HTTPSConnectionPool(host='dev.posit.niehs.nih.gov', port=443): Max retries exceeded with url: /et/api/pdf-download (Caused by NameResolutionError(""HTTPSConnection(host='dev.posit.niehs.nih.gov', port=443): Failed to resolve 'dev.posit.niehs.nih.gov' ([Errno 8] nodename nor servname provided, or not known)""))"
2542,PDF batch 2542/6155 (1 references),1,ConnectionError,"HTTPSConnectionPool(host='dev.posit.niehs.nih.gov', port=443): Max retries exceeded with url: /et/api/pdf-download (Caused by NameResolutionError(""HTTPSConnection(host='dev.posit.niehs.nih.gov', port=443): Failed to resolve 'dev.posit.niehs.nih.gov' ([Errno 8] nodename nor servname provided, or not known)""))"
2540,PDF batch 2540/6155 (1 references),1,ConnectionError,"HTTPSConnectionPool(host='dev.posit.niehs.nih.gov', port=443): Max retries exceeded with url: /et/api/pdf-download (Caused by NameResolutionError(""HTTPSConnection(host='dev.posit.niehs.nih.gov', port=443): Failed to resolve 'dev.posit.niehs.nih.gov' ([Errno 8] nodename nor servname provided, or not known)""))"
2544,PDF batch 2544/6155 (1 references),1,ConnectionError,"HTTPSConnectionPool(host='dev.posit.niehs.nih.gov', port=443): Max retries exceeded with url: /et/api/pdf-download (Caused by NameResolutionError(""HTTPSConnection(host='dev.posit.niehs.nih.gov', port=443): Failed to resolve 'dev.posit.niehs.nih.gov' ([Errno 8] nodename nor servname provided, or not known)""))"
2545,PDF batch 2545/6155 (1 references),1,ConnectionError,"HTTPSConnectionPool(host='dev.posit.niehs.nih.gov', port=443): Max retries exceeded with url: /et/api/pdf-download (Caused by NameResolutionError(""HTTPSConnection(host='dev.posit.niehs.nih.gov', port=443): Failed to resolve 'dev.posit.niehs.nih.gov' ([Errno 8] nodename nor servname provided, or not known)""))"
2546,PDF batch 2546/6155 (1 references),1,ConnectionError,"HTTPSConnectionPool(host='dev.posit.niehs.nih.gov', port=443): Max retries exceeded with url: /et/api/pdf-download (Caused by NameResolutionError(""HTTPSConnection(host='dev.posit.niehs.nih.gov', port=443): Failed to resolve 'dev.posit.niehs.nih.gov' ([Errno 8] nodename nor servname provided, or not known)""))"
2547,PDF batch 2547/6155 (1 references),1,ConnectionError,"HTTPSConnectionPool(host='dev.posit.niehs.nih.gov', port=443): Max retries exceeded with url: /et/api/pdf-download (Caused by NameResolutionError(""HTTPSConnection(host='dev.posit.niehs.nih.gov', port=443): Failed to resolve 'dev.posit.niehs.nih.gov' ([Errno 8] nodename nor servname provided, or not known)""))"
2548,PDF batch 2548/6155 (1 references),1,ConnectionError,"HTTPSConnectionPool(host='dev.posit.niehs.nih.gov', port=443): Max retries exceeded with url: /et/api/pdf-download (Caused by NameResolutionError(""HTTPSConnection(host='dev.posit.niehs.nih.gov', port=443): Failed to resolve 'dev.posit.niehs.nih.gov' ([Errno 8] nodename nor servname provided, or not known)""))"
2549,PDF batch 2549/6155 (1 references),1,ConnectionError,"HTTPSConnectionPool(host='dev.posit.niehs.nih.gov', port=443): Max retries exceeded with url: /et/api/pdf-download (Caused by NameResolutionError(""HTTPSConnection(host='dev.posit.niehs.nih.gov', port=443): Failed to resolve 'dev.posit.niehs.nih.gov' ([Errno 8] nodename nor servname provided, or not known)""))"
2550,PDF batch 2550/6155 (1 references),1,ConnectionError,"HTTPSConnectionPool(host='dev.posit.niehs.nih.gov', port=443): Max retries exceeded with url: /et/api/pdf-download (Caused by NameResolutionError(""HTTPSConnection(host='dev.posit.niehs.nih.gov', port=443): Failed to resolve 'dev.posit.niehs.nih.gov' ([Errno 8] nodename nor servname provided, or not known)""))"
2551,PDF batch 2551/6155 (1 references),1,ConnectionError,"HTTPSConnectionPool(host='dev.posit.niehs.nih.gov', port=443): Max retries exceeded with url: /et/api/pdf-download (Caused by NameResolutionError(""HTTPSConnection(host='dev.posit.niehs.nih.gov', port=443): Failed to resolve 'dev.posit.niehs.nih.gov' ([Errno 8] nodename nor servname provided, or not known)""))"
2552,PDF batch 2552/6155 (1 references),1,ConnectionError,"HTTPSConnectionPool(host='dev.posit.niehs.nih.gov', port=443): Max retries exceeded with url: /et/api/pdf-download (Caused by NameResolutionError(""HTTPSConnection(host='dev.posit.niehs.nih.gov', port=443): Failed to resolve 'dev.posit.niehs.nih.gov' ([Errno 8] nodename nor servname provided, or not known)""))"
2553,PDF batch 2553/6155 (1 references),1,ConnectionError,"HTTPSConnectionPool(host='dev.posit.niehs.nih.gov', port=443): Max retries exceeded with url: /et/api/pdf-download (Caused by NameResolutionError(""HTTPSConnection(host='dev.posit.niehs.nih.gov', port=443): Failed to resolve 'dev.posit.niehs.nih.gov' ([Errno 8] nodename nor servname provided, or not known)""))"
2554,PDF batch 2554/6155 (1 references),1,ConnectionError,"HTTPSConnectionPool(host='dev.posit.niehs.nih.gov', port=443): Max retries exceeded with url: /et/api/pdf-download (Caused by NameResolutionError(""HTTPSConnection(host='dev.posit.niehs.nih.gov', port=443): Failed to resolve 'dev.posit.niehs.nih.gov' ([Errno 8] nodename nor servname provided, or not known)""))"
2555,PDF batch 2555/6155 (1 references),1,ConnectionError,"HTTPSConnectionPool(host='dev.posit.niehs.nih.gov', port=443): Max retries exceeded with url: /et/api/pdf-download (Caused by NameResolutionError(""HTTPSConnection(host='dev.posit.niehs.nih.gov', port=443): Failed to resolve 'dev.posit.niehs.nih.gov' ([Errno 8] nodename nor servname provided, or not known)""))"
2556,PDF batch 2556/6155 (1 references),1,ConnectionError,"HTTPSConnectionPool(host='dev.posit.niehs.nih.gov', port=443): Max retries exceeded with url: /et/api/pdf-download (Caused by NameResolutionError(""HTTPSConnection(host='dev.posit.niehs.nih.gov', port=443): Failed to resolve 'dev.posit.niehs.nih.gov' ([Errno 8] nodename nor servname provided, or not known)""))"
2557,PDF batch 2557/6155 (1 references),1,ConnectionError,"HTTPSConnectionPool(host='dev.posit.niehs.nih.gov', port=443): Max retries exceeded with url: /et/api/pdf-download (Caused by NameResolutionError(""HTTPSConnection(host='dev.posit.niehs.nih.gov', port=443): Failed to resolve 'dev.posit.niehs.nih.gov' ([Errno 8] nodename nor servname provided, or not known)""))"
2558,PDF batch 2558/6155 (1 references),1,ConnectionError,"HTTPSConnectionPool(host='dev.posit.niehs.nih.gov', port=443): Max retries exceeded with url: /et/api/pdf-download (Caused by NameResolutionError(""HTTPSConnection(host='dev.posit.niehs.nih.gov', port=443): Failed to resolve 'dev.posit.niehs.nih.gov' ([Errno 8] nodename nor servname provided, or not known)""))"
2559,PDF batch 2559/6155 (1 references),1,ConnectionError,"HTTPSConnectionPool(host='dev.posit.niehs.nih.gov', port=443): Max retries exceeded with url: /et/api/pdf-download (Caused by NameResolutionError(""HTTPSConnection(host='dev.posit.niehs.nih.gov', port=443): Failed to resolve 'dev.posit.niehs.nih.gov' ([Errno 8] nodename nor servname provided, or not known)""))"
2563,PDF batch 2563/6155 (1 references),1,ConnectionError,"HTTPSConnectionPool(host='dev.posit.niehs.nih.gov', port=443): Max retries exceeded with url: /et/api/pdf-download (Caused by NameResolutionError(""HTTPSConnection(host='dev.posit.niehs.nih.gov', port=443): Failed to resolve 'dev.posit.niehs.nih.gov' ([Errno 8] nodename nor servname provided, or not known)""))"
2562,PDF batch 2562/6155 (1 references),1,ConnectionError,"HTTPSConnectionPool(host='dev.posit.niehs.nih.gov', port=443): Max retries exceeded with url: /et/api/pdf-download (Caused by NameResolutionError(""HTTPSConnection(host='dev.posit.niehs.nih.gov', port=443): Failed to resolve 'dev.posit.niehs.nih.gov' ([Errno 8] nodename nor servname provided, or not known)""))"
2564,PDF batch 2564/6155 (1 references),1,ConnectionError,"HTTPSConnectionPool(host='dev.posit.niehs.nih.gov', port=443): Max retries exceeded with url: /et/api/pdf-download (Caused by NameResolutionError(""HTTPSConnection(host='dev.posit.niehs.nih.gov', port=443): Failed to resolve 'dev.posit.niehs.nih.gov' ([Errno 8] nodename nor servname provided, or not known)""))"
2561,PDF batch 2561/6155 (1 references),1,ConnectionError,"HTTPSConnectionPool(host='dev.posit.niehs.nih.gov', port=443): Max retries exceeded with url: /et/api/pdf-download (Caused by NameResolutionError(""HTTPSConnection(host='dev.posit.niehs.nih.gov', port=443): Failed to resolve 'dev.posit.niehs.nih.gov' ([Errno 8] nodename nor servname provided, or not known)""))"
2560,PDF batch 2560/6155 (1 references),1,ConnectionError,"HTTPSConnectionPool(host='dev.posit.niehs.nih.gov', port=443): Max retries exceeded with url: /et/api/pdf-download (Caused by NameResolutionError(""HTTPSConnection(host='dev.posit.niehs.nih.gov', port=443): Failed to resolve 'dev.posit.niehs.nih.gov' ([Errno 8] nodename nor servname provided, or not known)""))"
2566,PDF batch 2566/6155 (1 references),1,ConnectionError,"HTTPSConnectionPool(host='dev.posit.niehs.nih.gov', port=443): Max retries exceeded with url: /et/api/pdf-download (Caused by NameResolutionError(""HTTPSConnection(host='dev.posit.niehs.nih.gov', port=443): Failed to resolve 'dev.posit.niehs.nih.gov' ([Errno 8] nodename nor servname provided, or not known)""))"
2565,PDF batch 2565/6155 (1 references),1,ConnectionError,"HTTPSConnectionPool(host='dev.posit.niehs.nih.gov', port=443): Max retries exceeded with url: /et/api/pdf-download (Caused by NameResolutionError(""HTTPSConnection(host='dev.posit.niehs.nih.gov', port=443): Failed to resolve 'dev.posit.niehs.nih.gov' ([Errno 8] nodename nor servname provided, or not known)""))"
2567,PDF batch 2567/6155 (1 references),1,ConnectionError,"HTTPSConnectionPool(host='dev.posit.niehs.nih.gov', port=443): Max retries exceeded with url: /et/api/pdf-download (Caused by NameResolutionError(""HTTPSConnection(host='dev.posit.niehs.nih.gov', port=443): Failed to resolve 'dev.posit.niehs.nih.gov' ([Errno 8] nodename nor servname provided, or not known)""))"
2569,PDF batch 2569/6155 (1 references),1,ConnectionError,"HTTPSConnectionPool(host='dev.posit.niehs.nih.gov', port=443): Max retries exceeded with url: /et/api/pdf-download (Caused by NameResolutionError(""HTTPSConnection(host='dev.posit.niehs.nih.gov', port=443): Failed to resolve 'dev.posit.niehs.nih.gov' ([Errno 8] nodename nor servname provided, or not known)""))"
2572,PDF batch 2572/6155 (1 references),1,ConnectionError,"HTTPSConnectionPool(host='dev.posit.niehs.nih.gov', port=443): Max retries exceeded with url: /et/api/pdf-download (Caused by NameResolutionError(""HTTPSConnection(host='dev.posit.niehs.nih.gov', port=443): Failed to resolve 'dev.posit.niehs.nih.gov' ([Errno 8] nodename nor servname provided, or not known)""))"
2568,PDF batch 2568/6155 (1 references),1,ConnectionError,"HTTPSConnectionPool(host='dev.posit.niehs.nih.gov', port=443): Max retries exceeded with url: /et/api/pdf-download (Caused by NameResolutionError(""HTTPSConnection(host='dev.posit.niehs.nih.gov', port=443): Failed to resolve 'dev.posit.niehs.nih.gov' ([Errno 8] nodename nor servname provided, or not known)""))"
2570,PDF batch 2570/6155 (1 references),1,ConnectionError,"HTTPSConnectionPool(host='dev.posit.niehs.nih.gov', port=443): Max retries exceeded with url: /et/api/pdf-download (Caused by NameResolutionError(""HTTPSConnection(host='dev.posit.niehs.nih.gov', port=443): Failed to resolve 'dev.posit.niehs.nih.gov' ([Errno 8] nodename nor servname provided, or not known)""))"
2574,PDF batch 2574/6155 (1 references),1,ConnectionError,"HTTPSConnectionPool(host='dev.posit.niehs.nih.gov', port=443): Max retries exceeded with url: /et/api/pdf-download (Caused by NameResolutionError(""HTTPSConnection(host='dev.posit.niehs.nih.gov', port=443): Failed to resolve 'dev.posit.niehs.nih.gov' ([Errno 8] nodename nor servname provided, or not known)""))"
2573,PDF batch 2573/6155 (1 references),1,ConnectionError,"HTTPSConnectionPool(host='dev.posit.niehs.nih.gov', port=443): Max retries exceeded with url: /et/api/pdf-download (Caused by NameResolutionError(""HTTPSConnection(host='dev.posit.niehs.nih.gov', port=443): Failed to resolve 'dev.posit.niehs.nih.gov' ([Errno 8] nodename nor servname provided, or not known)""))"
2571,PDF batch 2571/6155 (1 references),1,ConnectionError,"HTTPSConnectionPool(host='dev.posit.niehs.nih.gov', port=443): Max retries exceeded with url: /et/api/pdf-download (Caused by NameResolutionError(""HTTPSConnection(host='dev.posit.niehs.nih.gov', port=443): Failed to resolve 'dev.posit.niehs.nih.gov' ([Errno 8] nodename nor servname provided, or not known)""))"
2575,PDF batch 2575/6155 (1 references),1,ConnectionError,"HTTPSConnectionPool(host='dev.posit.niehs.nih.gov', port=443): Max retries exceeded with url: /et/api/pdf-download (Caused by NameResolutionError(""HTTPSConnection(host='dev.posit.niehs.nih.gov', port=443): Failed to resolve 'dev.posit.niehs.nih.gov' ([Errno 8] nodename nor servname provided, or not known)""))"
2576,PDF batch 2576/6155 (1 references),1,ConnectionError,"HTTPSConnectionPool(host='dev.posit.niehs.nih.gov', port=443): Max retries exceeded with url: /et/api/pdf-download (Caused by NameResolutionError(""HTTPSConnection(host='dev.posit.niehs.nih.gov', port=443): Failed to resolve 'dev.posit.niehs.nih.gov' ([Errno 8] nodename nor servname provided, or not known)""))"
2577,PDF batch 2577/6155 (1 references),1,ConnectionError,"HTTPSConnectionPool(host='dev.posit.niehs.nih.gov', port=443): Max retries exceeded with url: /et/api/pdf-download (Caused by NameResolutionError(""HTTPSConnection(host='dev.posit.niehs.nih.gov', port=443): Failed to resolve 'dev.posit.niehs.nih.gov' ([Errno 8] nodename nor servname provided, or not known)""))"
2583,PDF batch 2583/6155 (1 references),1,ConnectionError,"HTTPSConnectionPool(host='dev.posit.niehs.nih.gov', port=443): Max retries exceeded with url: /et/api/pdf-download (Caused by NameResolutionError(""HTTPSConnection(host='dev.posit.niehs.nih.gov', port=443): Failed to resolve 'dev.posit.niehs.nih.gov' ([Errno 8] nodename nor servname provided, or not known)""))"
2579,PDF batch 2579/6155 (1 references),1,ConnectionError,"HTTPSConnectionPool(host='dev.posit.niehs.nih.gov', port=443): Max retries exceeded with url: /et/api/pdf-download (Caused by NameResolutionError(""HTTPSConnection(host='dev.posit.niehs.nih.gov', port=443): Failed to resolve 'dev.posit.niehs.nih.gov' ([Errno 8] nodename nor servname provided, or not known)""))"
2580,PDF batch 2580/6155 (1 references),1,ConnectionError,"HTTPSConnectionPool(host='dev.posit.niehs.nih.gov', port=443): Max retries exceeded with url: /et/api/pdf-download (Caused by NameResolutionError(""HTTPSConnection(host='dev.posit.niehs.nih.gov', port=443): Failed to resolve 'dev.posit.niehs.nih.gov' ([Errno 8] nodename nor servname provided, or not known)""))"
2578,PDF batch 2578/6155 (1 references),1,ConnectionError,"HTTPSConnectionPool(host='dev.posit.niehs.nih.gov', port=443): Max retries exceeded with url: /et/api/pdf-download (Caused by NameResolutionError(""HTTPSConnection(host='dev.posit.niehs.nih.gov', port=443): Failed to resolve 'dev.posit.niehs.nih.gov' ([Errno 8] nodename nor servname provided, or not known)""))"
2581,PDF batch 2581/6155 (1 references),1,ConnectionError,"HTTPSConnectionPool(host='dev.posit.niehs.nih.gov', port=443): Max retries exceeded with url: /et/api/pdf-download (Caused by NameResolutionError(""HTTPSConnection(host='dev.posit.niehs.nih.gov', port=443): Failed to resolve 'dev.posit.niehs.nih.gov' ([Errno 8] nodename nor servname provided, or not known)""))"
2582,PDF batch 2582/6155 (1 references),1,ConnectionError,"HTTPSConnectionPool(host='dev.posit.niehs.nih.gov', port=443): Max retries exceeded with url: /et/api/pdf-download (Caused by NameResolutionError(""HTTPSConnection(host='dev.posit.niehs.nih.gov', port=443): Failed to resolve 'dev.posit.niehs.nih.gov' ([Errno 8] nodename nor servname provided, or not known)""))"
2585,PDF batch 2585/6155 (1 references),1,ConnectionError,"HTTPSConnectionPool(host='dev.posit.niehs.nih.gov', port=443): Max retries exceeded with url: /et/api/pdf-download (Caused by NameResolutionError(""HTTPSConnection(host='dev.posit.niehs.nih.gov', port=443): Failed to resolve 'dev.posit.niehs.nih.gov' ([Errno 8] nodename nor servname provided, or not known)""))"
2584,PDF batch 2584/6155 (1 references),1,ConnectionError,"HTTPSConnectionPool(host='dev.posit.niehs.nih.gov', port=443): Max retries exceeded with url: /et/api/pdf-download (Caused by NameResolutionError(""HTTPSConnection(host='dev.posit.niehs.nih.gov', port=443): Failed to resolve 'dev.posit.niehs.nih.gov' ([Errno 8] nodename nor servname provided, or not known)""))"
2586,PDF batch 2586/6155 (1 references),1,ConnectionError,"HTTPSConnectionPool(host='dev.posit.niehs.nih.gov', port=443): Max retries exceeded with url: /et/api/pdf-download (Caused by NameResolutionError(""HTTPSConnection(host='dev.posit.niehs.nih.gov', port=443): Failed to resolve 'dev.posit.niehs.nih.gov' ([Errno 8] nodename nor servname provided, or not known)""))"
2589,PDF batch 2589/6155 (1 references),1,ConnectionError,"HTTPSConnectionPool(host='dev.posit.niehs.nih.gov', port=443): Max retries exceeded with url: /et/api/pdf-download (Caused by NameResolutionError(""HTTPSConnection(host='dev.posit.niehs.nih.gov', port=443): Failed to resolve 'dev.posit.niehs.nih.gov' ([Errno 8] nodename nor servname provided, or not known)""))"
2591,PDF batch 2591/6155 (1 references),1,ConnectionError,"HTTPSConnectionPool(host='dev.posit.niehs.nih.gov', port=443): Max retries exceeded with url: /et/api/pdf-download (Caused by NameResolutionError(""HTTPSConnection(host='dev.posit.niehs.nih.gov', port=443): Failed to resolve 'dev.posit.niehs.nih.gov' ([Errno 8] nodename nor servname provided, or not known)""))"
2587,PDF batch 2587/6155 (1 references),1,ConnectionError,"HTTPSConnectionPool(host='dev.posit.niehs.nih.gov', port=443): Max retries exceeded with url: /et/api/pdf-download (Caused by NameResolutionError(""HTTPSConnection(host='dev.posit.niehs.nih.gov', port=443): Failed to resolve 'dev.posit.niehs.nih.gov' ([Errno 8] nodename nor servname provided, or not known)""))"
2588,PDF batch 2588/6155 (1 references),1,ConnectionError,"HTTPSConnectionPool(host='dev.posit.niehs.nih.gov', port=443): Max retries exceeded with url: /et/api/pdf-download (Caused by NameResolutionError(""HTTPSConnection(host='dev.posit.niehs.nih.gov', port=443): Failed to resolve 'dev.posit.niehs.nih.gov' ([Errno 8] nodename nor servname provided, or not known)""))"
2592,PDF batch 2592/6155 (1 references),1,ConnectionError,"HTTPSConnectionPool(host='dev.posit.niehs.nih.gov', port=443): Max retries exceeded with url: /et/api/pdf-download (Caused by NameResolutionError(""HTTPSConnection(host='dev.posit.niehs.nih.gov', port=443): Failed to resolve 'dev.posit.niehs.nih.gov' ([Errno 8] nodename nor servname provided, or not known)""))"
2593,PDF batch 2593/6155 (1 references),1,ConnectionError,"HTTPSConnectionPool(host='dev.posit.niehs.nih.gov', port=443): Max retries exceeded with url: /et/api/pdf-download (Caused by NameResolutionError(""HTTPSConnection(host='dev.posit.niehs.nih.gov', port=443): Failed to resolve 'dev.posit.niehs.nih.gov' ([Errno 8] nodename nor servname provided, or not known)""))"
2590,PDF batch 2590/6155 (1 references),1,ConnectionError,"HTTPSConnectionPool(host='dev.posit.niehs.nih.gov', port=443): Max retries exceeded with url: /et/api/pdf-download (Caused by NameResolutionError(""HTTPSConnection(host='dev.posit.niehs.nih.gov', port=443): Failed to resolve 'dev.posit.niehs.nih.gov' ([Errno 8] nodename nor servname provided, or not known)""))"
2594,PDF batch 2594/6155 (1 references),1,ConnectionError,"HTTPSConnectionPool(host='dev.posit.niehs.nih.gov', port=443): Max retries exceeded with url: /et/api/pdf-download (Caused by NameResolutionError(""HTTPSConnection(host='dev.posit.niehs.nih.gov', port=443): Failed to resolve 'dev.posit.niehs.nih.gov' ([Errno 8] nodename nor servname provided, or not known)""))"
2597,PDF batch 2597/6155 (1 references),1,ConnectionError,"HTTPSConnectionPool(host='dev.posit.niehs.nih.gov', port=443): Max retries exceeded with url: /et/api/pdf-download (Caused by NameResolutionError(""HTTPSConnection(host='dev.posit.niehs.nih.gov', port=443): Failed to resolve 'dev.posit.niehs.nih.gov' ([Errno 8] nodename nor servname provided, or not known)""))"
2596,PDF batch 2596/6155 (1 references),1,ConnectionError,"HTTPSConnectionPool(host='dev.posit.niehs.nih.gov', port=443): Max retries exceeded with url: /et/api/pdf-download (Caused by NameResolutionError(""HTTPSConnection(host='dev.posit.niehs.nih.gov', port=443): Failed to resolve 'dev.posit.niehs.nih.gov' ([Errno 8] nodename nor servname provided, or not known)""))"
2599,PDF batch 2599/6155 (1 references),1,ConnectionError,"HTTPSConnectionPool(host='dev.posit.niehs.nih.gov', port=443): Max retries exceeded with url: /et/api/pdf-download (Caused by NameResolutionError(""HTTPSConnection(host='dev.posit.niehs.nih.gov', port=443): Failed to resolve 'dev.posit.niehs.nih.gov' ([Errno 8] nodename nor servname provided, or not known)""))"
2600,PDF batch 2600/6155 (1 references),1,ConnectionError,"HTTPSConnectionPool(host='dev.posit.niehs.nih.gov', port=443): Max retries exceeded with url: /et/api/pdf-download (Caused by NameResolutionError(""HTTPSConnection(host='dev.posit.niehs.nih.gov', port=443): Failed to resolve 'dev.posit.niehs.nih.gov' ([Errno 8] nodename nor servname provided, or not known)""))"
2595,PDF batch 2595/6155 (1 references),1,ConnectionError,"HTTPSConnectionPool(host='dev.posit.niehs.nih.gov', port=443): Max retries exceeded with url: /et/api/pdf-download (Caused by NameResolutionError(""HTTPSConnection(host='dev.posit.niehs.nih.gov', port=443): Failed to resolve 'dev.posit.niehs.nih.gov' ([Errno 8] nodename nor servname provided, or not known)""))"
2598,PDF batch 2598/6155 (1 references),1,ConnectionError,"HTTPSConnectionPool(host='dev.posit.niehs.nih.gov', port=443): Max retries exceeded with url: /et/api/pdf-download (Caused by NameResolutionError(""HTTPSConnection(host='dev.posit.niehs.nih.gov', port=443): Failed to resolve 'dev.posit.niehs.nih.gov' ([Errno 8] nodename nor servname provided, or not known)""))"
2601,PDF batch 2601/6155 (1 references),1,ConnectionError,"HTTPSConnectionPool(host='dev.posit.niehs.nih.gov', port=443): Max retries exceeded with url: /et/api/pdf-download (Caused by NameResolutionError(""HTTPSConnection(host='dev.posit.niehs.nih.gov', port=443): Failed to resolve 'dev.posit.niehs.nih.gov' ([Errno 8] nodename nor servname provided, or not known)""))"
2602,PDF batch 2602/6155 (1 references),1,ConnectionError,"HTTPSConnectionPool(host='dev.posit.niehs.nih.gov', port=443): Max retries exceeded with url: /et/api/pdf-download (Caused by NameResolutionError(""HTTPSConnection(host='dev.posit.niehs.nih.gov', port=443): Failed to resolve 'dev.posit.niehs.nih.gov' ([Errno 8] nodename nor servname provided, or not known)""))"
2603,PDF batch 2603/6155 (1 references),1,ConnectionError,"HTTPSConnectionPool(host='dev.posit.niehs.nih.gov', port=443): Max retries exceeded with url: /et/api/pdf-download (Caused by NameResolutionError(""HTTPSConnection(host='dev.posit.niehs.nih.gov', port=443): Failed to resolve 'dev.posit.niehs.nih.gov' ([Errno 8] nodename nor servname provided, or not known)""))"
2604,PDF batch 2604/6155 (1 references),1,ConnectionError,"HTTPSConnectionPool(host='dev.posit.niehs.nih.gov', port=443): Max retries exceeded with url: /et/api/pdf-download (Caused by NameResolutionError(""HTTPSConnection(host='dev.posit.niehs.nih.gov', port=443): Failed to resolve 'dev.posit.niehs.nih.gov' ([Errno 8] nodename nor servname provided, or not known)""))"
2605,PDF batch 2605/6155 (1 references),1,ConnectionError,"HTTPSConnectionPool(host='dev.posit.niehs.nih.gov', port=443): Max retries exceeded with url: /et/api/pdf-download (Caused by NameResolutionError(""HTTPSConnection(host='dev.posit.niehs.nih.gov', port=443): Failed to resolve 'dev.posit.niehs.nih.gov' ([Errno 8] nodename nor servname provided, or not known)""))"
2606,PDF batch 2606/6155 (1 references),1,ConnectionError,"HTTPSConnectionPool(host='dev.posit.niehs.nih.gov', port=443): Max retries exceeded with url: /et/api/pdf-download (Caused by NameResolutionError(""HTTPSConnection(host='dev.posit.niehs.nih.gov', port=443): Failed to resolve 'dev.posit.niehs.nih.gov' ([Errno 8] nodename nor servname provided, or not known)""))"
2607,PDF batch 2607/6155 (1 references),1,ConnectionError,"HTTPSConnectionPool(host='dev.posit.niehs.nih.gov', port=443): Max retries exceeded with url: /et/api/pdf-download (Caused by NameResolutionError(""HTTPSConnection(host='dev.posit.niehs.nih.gov', port=443): Failed to resolve 'dev.posit.niehs.nih.gov' ([Errno 8] nodename nor servname provided, or not known)""))"
2612,PDF batch 2612/6155 (1 references),1,ConnectionError,"HTTPSConnectionPool(host='dev.posit.niehs.nih.gov', port=443): Max retries exceeded with url: /et/api/pdf-download (Caused by NameResolutionError(""HTTPSConnection(host='dev.posit.niehs.nih.gov', port=443): Failed to resolve 'dev.posit.niehs.nih.gov' ([Errno 8] nodename nor servname provided, or not known)""))"
2609,PDF batch 2609/6155 (1 references),1,ConnectionError,"HTTPSConnectionPool(host='dev.posit.niehs.nih.gov', port=443): Max retries exceeded with url: /et/api/pdf-download (Caused by NameResolutionError(""HTTPSConnection(host='dev.posit.niehs.nih.gov', port=443): Failed to resolve 'dev.posit.niehs.nih.gov' ([Errno 8] nodename nor servname provided, or not known)""))"
2608,PDF batch 2608/6155 (1 references),1,ConnectionError,"HTTPSConnectionPool(host='dev.posit.niehs.nih.gov', port=443): Max retries exceeded with url: /et/api/pdf-download (Caused by NameResolutionError(""HTTPSConnection(host='dev.posit.niehs.nih.gov', port=443): Failed to resolve 'dev.posit.niehs.nih.gov' ([Errno 8] nodename nor servname provided, or not known)""))"
2611,PDF batch 2611/6155 (1 references),1,ConnectionError,"HTTPSConnectionPool(host='dev.posit.niehs.nih.gov', port=443): Max retries exceeded with url: /et/api/pdf-download (Caused by NameResolutionError(""HTTPSConnection(host='dev.posit.niehs.nih.gov', port=443): Failed to resolve 'dev.posit.niehs.nih.gov' ([Errno 8] nodename nor servname provided, or not known)""))"
2610,PDF batch 2610/6155 (1 references),1,ConnectionError,"HTTPSConnectionPool(host='dev.posit.niehs.nih.gov', port=443): Max retries exceeded with url: /et/api/pdf-download (Caused by NameResolutionError(""HTTPSConnection(host='dev.posit.niehs.nih.gov', port=443): Failed to resolve 'dev.posit.niehs.nih.gov' ([Errno 8] nodename nor servname provided, or not known)""))"
2613,PDF batch 2613/6155 (1 references),1,ConnectionError,"HTTPSConnectionPool(host='dev.posit.niehs.nih.gov', port=443): Max retries exceeded with url: /et/api/pdf-download (Caused by NameResolutionError(""HTTPSConnection(host='dev.posit.niehs.nih.gov', port=443): Failed to resolve 'dev.posit.niehs.nih.gov' ([Errno 8] nodename nor servname provided, or not known)""))"
2614,PDF batch 2614/6155 (1 references),1,ConnectionError,"HTTPSConnectionPool(host='dev.posit.niehs.nih.gov', port=443): Max retries exceeded with url: /et/api/pdf-download (Caused by NameResolutionError(""HTTPSConnection(host='dev.posit.niehs.nih.gov', port=443): Failed to resolve 'dev.posit.niehs.nih.gov' ([Errno 8] nodename nor servname provided, or not known)""))"
2615,PDF batch 2615/6155 (1 references),1,ConnectionError,"HTTPSConnectionPool(host='dev.posit.niehs.nih.gov', port=443): Max retries exceeded with url: /et/api/pdf-download (Caused by NameResolutionError(""HTTPSConnection(host='dev.posit.niehs.nih.gov', port=443): Failed to resolve 'dev.posit.niehs.nih.gov' ([Errno 8] nodename nor servname provided, or not known)""))"
2618,PDF batch 2618/6155 (1 references),1,ConnectionError,"HTTPSConnectionPool(host='dev.posit.niehs.nih.gov', port=443): Max retries exceeded with url: /et/api/pdf-download (Caused by NameResolutionError(""HTTPSConnection(host='dev.posit.niehs.nih.gov', port=443): Failed to resolve 'dev.posit.niehs.nih.gov' ([Errno 8] nodename nor servname provided, or not known)""))"
2616,PDF batch 2616/6155 (1 references),1,ConnectionError,"HTTPSConnectionPool(host='dev.posit.niehs.nih.gov', port=443): Max retries exceeded with url: /et/api/pdf-download (Caused by NameResolutionError(""HTTPSConnection(host='dev.posit.niehs.nih.gov', port=443): Failed to resolve 'dev.posit.niehs.nih.gov' ([Errno 8] nodename nor servname provided, or not known)""))"
2619,PDF batch 2619/6155 (1 references),1,ConnectionError,"HTTPSConnectionPool(host='dev.posit.niehs.nih.gov', port=443): Max retries exceeded with url: /et/api/pdf-download (Caused by NameResolutionError(""HTTPSConnection(host='dev.posit.niehs.nih.gov', port=443): Failed to resolve 'dev.posit.niehs.nih.gov' ([Errno 8] nodename nor servname provided, or not known)""))"
2623,PDF batch 2623/6155 (1 references),1,ConnectionError,"HTTPSConnectionPool(host='dev.posit.niehs.nih.gov', port=443): Max retries exceeded with url: /et/api/pdf-download (Caused by NameResolutionError(""HTTPSConnection(host='dev.posit.niehs.nih.gov', port=443): Failed to resolve 'dev.posit.niehs.nih.gov' ([Errno 8] nodename nor servname provided, or not known)""))"
2622,PDF batch 2622/6155 (1 references),1,ConnectionError,"HTTPSConnectionPool(host='dev.posit.niehs.nih.gov', port=443): Max retries exceeded with url: /et/api/pdf-download (Caused by NameResolutionError(""HTTPSConnection(host='dev.posit.niehs.nih.gov', port=443): Failed to resolve 'dev.posit.niehs.nih.gov' ([Errno 8] nodename nor servname provided, or not known)""))"
2621,PDF batch 2621/6155 (1 references),1,ConnectionError,"HTTPSConnectionPool(host='dev.posit.niehs.nih.gov', port=443): Max retries exceeded with url: /et/api/pdf-download (Caused by NameResolutionError(""HTTPSConnection(host='dev.posit.niehs.nih.gov', port=443): Failed to resolve 'dev.posit.niehs.nih.gov' ([Errno 8] nodename nor servname provided, or not known)""))"
2617,PDF batch 2617/6155 (1 references),1,ConnectionError,"HTTPSConnectionPool(host='dev.posit.niehs.nih.gov', port=443): Max retries exceeded with url: /et/api/pdf-download (Caused by NameResolutionError(""HTTPSConnection(host='dev.posit.niehs.nih.gov', port=443): Failed to resolve 'dev.posit.niehs.nih.gov' ([Errno 8] nodename nor servname provided, or not known)""))"
2620,PDF batch 2620/6155 (1 references),1,ConnectionError,"HTTPSConnectionPool(host='dev.posit.niehs.nih.gov', port=443): Max retries exceeded with url: /et/api/pdf-download (Caused by NameResolutionError(""HTTPSConnection(host='dev.posit.niehs.nih.gov', port=443): Failed to resolve 'dev.posit.niehs.nih.gov' ([Errno 8] nodename nor servname provided, or not known)""))"
2624,PDF batch 2624/6155 (1 references),1,ConnectionError,"HTTPSConnectionPool(host='dev.posit.niehs.nih.gov', port=443): Max retries exceeded with url: /et/api/pdf-download (Caused by NameResolutionError(""HTTPSConnection(host='dev.posit.niehs.nih.gov', port=443): Failed to resolve 'dev.posit.niehs.nih.gov' ([Errno 8] nodename nor servname provided, or not known)""))"
2626,PDF batch 2626/6155 (1 references),1,ConnectionError,"HTTPSConnectionPool(host='dev.posit.niehs.nih.gov', port=443): Max retries exceeded with url: /et/api/pdf-download (Caused by NameResolutionError(""HTTPSConnection(host='dev.posit.niehs.nih.gov', port=443): Failed to resolve 'dev.posit.niehs.nih.gov' ([Errno 8] nodename nor servname provided, or not known)""))"
2627,PDF batch 2627/6155 (1 references),1,ConnectionError,"HTTPSConnectionPool(host='dev.posit.niehs.nih.gov', port=443): Max retries exceeded with url: /et/api/pdf-download (Caused by NameResolutionError(""HTTPSConnection(host='dev.posit.niehs.nih.gov', port=443): Failed to resolve 'dev.posit.niehs.nih.gov' ([Errno 8] nodename nor servname provided, or not known)""))"
2628,PDF batch 2628/6155 (1 references),1,ConnectionError,"HTTPSConnectionPool(host='dev.posit.niehs.nih.gov', port=443): Max retries exceeded with url: /et/api/pdf-download (Caused by NameResolutionError(""HTTPSConnection(host='dev.posit.niehs.nih.gov', port=443): Failed to resolve 'dev.posit.niehs.nih.gov' ([Errno 8] nodename nor servname provided, or not known)""))"
2630,PDF batch 2630/6155 (1 references),1,ConnectionError,"HTTPSConnectionPool(host='dev.posit.niehs.nih.gov', port=443): Max retries exceeded with url: /et/api/pdf-download (Caused by NameResolutionError(""HTTPSConnection(host='dev.posit.niehs.nih.gov', port=443): Failed to resolve 'dev.posit.niehs.nih.gov' ([Errno 8] nodename nor servname provided, or not known)""))"
2625,PDF batch 2625/6155 (1 references),1,ConnectionError,"HTTPSConnectionPool(host='dev.posit.niehs.nih.gov', port=443): Max retries exceeded with url: /et/api/pdf-download (Caused by NameResolutionError(""HTTPSConnection(host='dev.posit.niehs.nih.gov', port=443): Failed to resolve 'dev.posit.niehs.nih.gov' ([Errno 8] nodename nor servname provided, or not known)""))"
2631,PDF batch 2631/6155 (1 references),1,ConnectionError,"HTTPSConnectionPool(host='dev.posit.niehs.nih.gov', port=443): Max retries exceeded with url: /et/api/pdf-download (Caused by NameResolutionError(""HTTPSConnection(host='dev.posit.niehs.nih.gov', port=443): Failed to resolve 'dev.posit.niehs.nih.gov' ([Errno 8] nodename nor servname provided, or not known)""))"
2629,PDF batch 2629/6155 (1 references),1,ConnectionError,"HTTPSConnectionPool(host='dev.posit.niehs.nih.gov', port=443): Max retries exceeded with url: /et/api/pdf-download (Caused by NameResolutionError(""HTTPSConnection(host='dev.posit.niehs.nih.gov', port=443): Failed to resolve 'dev.posit.niehs.nih.gov' ([Errno 8] nodename nor servname provided, or not known)""))"
2632,PDF batch 2632/6155 (1 references),1,ConnectionError,"HTTPSConnectionPool(host='dev.posit.niehs.nih.gov', port=443): Max retries exceeded with url: /et/api/pdf-download (Caused by NameResolutionError(""HTTPSConnection(host='dev.posit.niehs.nih.gov', port=443): Failed to resolve 'dev.posit.niehs.nih.gov' ([Errno 8] nodename nor servname provided, or not known)""))"
2633,PDF batch 2633/6155 (1 references),1,ConnectionError,"HTTPSConnectionPool(host='dev.posit.niehs.nih.gov', port=443): Max retries exceeded with url: /et/api/pdf-download (Caused by NameResolutionError(""HTTPSConnection(host='dev.posit.niehs.nih.gov', port=443): Failed to resolve 'dev.posit.niehs.nih.gov' ([Errno 8] nodename nor servname provided, or not known)""))"
2634,PDF batch 2634/6155 (1 references),1,ConnectionError,"HTTPSConnectionPool(host='dev.posit.niehs.nih.gov', port=443): Max retries exceeded with url: /et/api/pdf-download (Caused by NameResolutionError(""HTTPSConnection(host='dev.posit.niehs.nih.gov', port=443): Failed to resolve 'dev.posit.niehs.nih.gov' ([Errno 8] nodename nor servname provided, or not known)""))"
2636,PDF batch 2636/6155 (1 references),1,ConnectionError,"HTTPSConnectionPool(host='dev.posit.niehs.nih.gov', port=443): Max retries exceeded with url: /et/api/pdf-download (Caused by NameResolutionError(""HTTPSConnection(host='dev.posit.niehs.nih.gov', port=443): Failed to resolve 'dev.posit.niehs.nih.gov' ([Errno 8] nodename nor servname provided, or not known)""))"
2635,PDF batch 2635/6155 (1 references),1,ConnectionError,"HTTPSConnectionPool(host='dev.posit.niehs.nih.gov', port=443): Max retries exceeded with url: /et/api/pdf-download (Caused by NameResolutionError(""HTTPSConnection(host='dev.posit.niehs.nih.gov', port=443): Failed to resolve 'dev.posit.niehs.nih.gov' ([Errno 8] nodename nor servname provided, or not known)""))"
2637,PDF batch 2637/6155 (1 references),1,ConnectionError,"HTTPSConnectionPool(host='dev.posit.niehs.nih.gov', port=443): Max retries exceeded with url: /et/api/pdf-download (Caused by NameResolutionError(""HTTPSConnection(host='dev.posit.niehs.nih.gov', port=443): Failed to resolve 'dev.posit.niehs.nih.gov' ([Errno 8] nodename nor servname provided, or not known)""))"
2642,PDF batch 2642/6155 (1 references),1,ConnectionError,"HTTPSConnectionPool(host='dev.posit.niehs.nih.gov', port=443): Max retries exceeded with url: /et/api/pdf-download (Caused by NameResolutionError(""HTTPSConnection(host='dev.posit.niehs.nih.gov', port=443): Failed to resolve 'dev.posit.niehs.nih.gov' ([Errno 8] nodename nor servname provided, or not known)""))"
2640,PDF batch 2640/6155 (1 references),1,ConnectionError,"HTTPSConnectionPool(host='dev.posit.niehs.nih.gov', port=443): Max retries exceeded with url: /et/api/pdf-download (Caused by NameResolutionError(""HTTPSConnection(host='dev.posit.niehs.nih.gov', port=443): Failed to resolve 'dev.posit.niehs.nih.gov' ([Errno 8] nodename nor servname provided, or not known)""))"
2638,PDF batch 2638/6155 (1 references),1,ConnectionError,"HTTPSConnectionPool(host='dev.posit.niehs.nih.gov', port=443): Max retries exceeded with url: /et/api/pdf-download (Caused by NameResolutionError(""HTTPSConnection(host='dev.posit.niehs.nih.gov', port=443): Failed to resolve 'dev.posit.niehs.nih.gov' ([Errno 8] nodename nor servname provided, or not known)""))"
2639,PDF batch 2639/6155 (1 references),1,ConnectionError,"HTTPSConnectionPool(host='dev.posit.niehs.nih.gov', port=443): Max retries exceeded with url: /et/api/pdf-download (Caused by NameResolutionError(""HTTPSConnection(host='dev.posit.niehs.nih.gov', port=443): Failed to resolve 'dev.posit.niehs.nih.gov' ([Errno 8] nodename nor servname provided, or not known)""))"
2641,PDF batch 2641/6155 (1 references),1,ConnectionError,"HTTPSConnectionPool(host='dev.posit.niehs.nih.gov', port=443): Max retries exceeded with url: /et/api/pdf-download (Caused by NameResolutionError(""HTTPSConnection(host='dev.posit.niehs.nih.gov', port=443): Failed to resolve 'dev.posit.niehs.nih.gov' ([Errno 8] nodename nor servname provided, or not known)""))"
2643,PDF batch 2643/6155 (1 references),1,ConnectionError,"HTTPSConnectionPool(host='dev.posit.niehs.nih.gov', port=443): Max retries exceeded with url: /et/api/pdf-download (Caused by NameResolutionError(""HTTPSConnection(host='dev.posit.niehs.nih.gov', port=443): Failed to resolve 'dev.posit.niehs.nih.gov' ([Errno 8] nodename nor servname provided, or not known)""))"
2649,PDF batch 2649/6155 (1 references),1,ConnectionError,"HTTPSConnectionPool(host='dev.posit.niehs.nih.gov', port=443): Max retries exceeded with url: /et/api/pdf-download (Caused by NameResolutionError(""HTTPSConnection(host='dev.posit.niehs.nih.gov', port=443): Failed to resolve 'dev.posit.niehs.nih.gov' ([Errno 8] nodename nor servname provided, or not known)""))"
2644,PDF batch 2644/6155 (1 references),1,ConnectionError,"HTTPSConnectionPool(host='dev.posit.niehs.nih.gov', port=443): Max retries exceeded with url: /et/api/pdf-download (Caused by NameResolutionError(""HTTPSConnection(host='dev.posit.niehs.nih.gov', port=443): Failed to resolve 'dev.posit.niehs.nih.gov' ([Errno 8] nodename nor servname provided, or not known)""))"
2648,PDF batch 2648/6155 (1 references),1,ConnectionError,"HTTPSConnectionPool(host='dev.posit.niehs.nih.gov', port=443): Max retries exceeded with url: /et/api/pdf-download (Caused by NameResolutionError(""HTTPSConnection(host='dev.posit.niehs.nih.gov', port=443): Failed to resolve 'dev.posit.niehs.nih.gov' ([Errno 8] nodename nor servname provided, or not known)""))"
2645,PDF batch 2645/6155 (1 references),1,ConnectionError,"HTTPSConnectionPool(host='dev.posit.niehs.nih.gov', port=443): Max retries exceeded with url: /et/api/pdf-download (Caused by NameResolutionError(""HTTPSConnection(host='dev.posit.niehs.nih.gov', port=443): Failed to resolve 'dev.posit.niehs.nih.gov' ([Errno 8] nodename nor servname provided, or not known)""))"
2647,PDF batch 2647/6155 (1 references),1,ConnectionError,"HTTPSConnectionPool(host='dev.posit.niehs.nih.gov', port=443): Max retries exceeded with url: /et/api/pdf-download (Caused by NameResolutionError(""HTTPSConnection(host='dev.posit.niehs.nih.gov', port=443): Failed to resolve 'dev.posit.niehs.nih.gov' ([Errno 8] nodename nor servname provided, or not known)""))"
2650,PDF batch 2650/6155 (1 references),1,ConnectionError,"HTTPSConnectionPool(host='dev.posit.niehs.nih.gov', port=443): Max retries exceeded with url: /et/api/pdf-download (Caused by NameResolutionError(""HTTPSConnection(host='dev.posit.niehs.nih.gov', port=443): Failed to resolve 'dev.posit.niehs.nih.gov' ([Errno 8] nodename nor servname provided, or not known)""))"
2646,PDF batch 2646/6155 (1 references),1,ConnectionError,"HTTPSConnectionPool(host='dev.posit.niehs.nih.gov', port=443): Max retries exceeded with url: /et/api/pdf-download (Caused by NameResolutionError(""HTTPSConnection(host='dev.posit.niehs.nih.gov', port=443): Failed to resolve 'dev.posit.niehs.nih.gov' ([Errno 8] nodename nor servname provided, or not known)""))"
2651,PDF batch 2651/6155 (1 references),1,ConnectionError,"HTTPSConnectionPool(host='dev.posit.niehs.nih.gov', port=443): Max retries exceeded with url: /et/api/pdf-download (Caused by NameResolutionError(""HTTPSConnection(host='dev.posit.niehs.nih.gov', port=443): Failed to resolve 'dev.posit.niehs.nih.gov' ([Errno 8] nodename nor servname provided, or not known)""))"
2652,PDF batch 2652/6155 (1 references),1,ConnectionError,"HTTPSConnectionPool(host='dev.posit.niehs.nih.gov', port=443): Max retries exceeded with url: /et/api/pdf-download (Caused by NameResolutionError(""HTTPSConnection(host='dev.posit.niehs.nih.gov', port=443): Failed to resolve 'dev.posit.niehs.nih.gov' ([Errno 8] nodename nor servname provided, or not known)""))"
2654,PDF batch 2654/6155 (1 references),1,ConnectionError,"HTTPSConnectionPool(host='dev.posit.niehs.nih.gov', port=443): Max retries exceeded with url: /et/api/pdf-download (Caused by NameResolutionError(""HTTPSConnection(host='dev.posit.niehs.nih.gov', port=443): Failed to resolve 'dev.posit.niehs.nih.gov' ([Errno 8] nodename nor servname provided, or not known)""))"
2653,PDF batch 2653/6155 (1 references),1,ConnectionError,"HTTPSConnectionPool(host='dev.posit.niehs.nih.gov', port=443): Max retries exceeded with url: /et/api/pdf-download (Caused by NameResolutionError(""HTTPSConnection(host='dev.posit.niehs.nih.gov', port=443): Failed to resolve 'dev.posit.niehs.nih.gov' ([Errno 8] nodename nor servname provided, or not known)""))"
2659,PDF batch 2659/6155 (1 references),1,ConnectionError,"HTTPSConnectionPool(host='dev.posit.niehs.nih.gov', port=443): Max retries exceeded with url: /et/api/pdf-download (Caused by NameResolutionError(""HTTPSConnection(host='dev.posit.niehs.nih.gov', port=443): Failed to resolve 'dev.posit.niehs.nih.gov' ([Errno 8] nodename nor servname provided, or not known)""))"
2655,PDF batch 2655/6155 (1 references),1,ConnectionError,"HTTPSConnectionPool(host='dev.posit.niehs.nih.gov', port=443): Max retries exceeded with url: /et/api/pdf-download (Caused by NameResolutionError(""HTTPSConnection(host='dev.posit.niehs.nih.gov', port=443): Failed to resolve 'dev.posit.niehs.nih.gov' ([Errno 8] nodename nor servname provided, or not known)""))"
2657,PDF batch 2657/6155 (1 references),1,ConnectionError,"HTTPSConnectionPool(host='dev.posit.niehs.nih.gov', port=443): Max retries exceeded with url: /et/api/pdf-download (Caused by NameResolutionError(""HTTPSConnection(host='dev.posit.niehs.nih.gov', port=443): Failed to resolve 'dev.posit.niehs.nih.gov' ([Errno 8] nodename nor servname provided, or not known)""))"
2660,PDF batch 2660/6155 (1 references),1,ConnectionError,"HTTPSConnectionPool(host='dev.posit.niehs.nih.gov', port=443): Max retries exceeded with url: /et/api/pdf-download (Caused by NameResolutionError(""HTTPSConnection(host='dev.posit.niehs.nih.gov', port=443): Failed to resolve 'dev.posit.niehs.nih.gov' ([Errno 8] nodename nor servname provided, or not known)""))"
2658,PDF batch 2658/6155 (1 references),1,ConnectionError,"HTTPSConnectionPool(host='dev.posit.niehs.nih.gov', port=443): Max retries exceeded with url: /et/api/pdf-download (Caused by NameResolutionError(""HTTPSConnection(host='dev.posit.niehs.nih.gov', port=443): Failed to resolve 'dev.posit.niehs.nih.gov' ([Errno 8] nodename nor servname provided, or not known)""))"
2661,PDF batch 2661/6155 (1 references),1,ConnectionError,"HTTPSConnectionPool(host='dev.posit.niehs.nih.gov', port=443): Max retries exceeded with url: /et/api/pdf-download (Caused by NameResolutionError(""HTTPSConnection(host='dev.posit.niehs.nih.gov', port=443): Failed to resolve 'dev.posit.niehs.nih.gov' ([Errno 8] nodename nor servname provided, or not known)""))"
2656,PDF batch 2656/6155 (1 references),1,ConnectionError,"HTTPSConnectionPool(host='dev.posit.niehs.nih.gov', port=443): Max retries exceeded with url: /et/api/pdf-download (Caused by NameResolutionError(""HTTPSConnection(host='dev.posit.niehs.nih.gov', port=443): Failed to resolve 'dev.posit.niehs.nih.gov' ([Errno 8] nodename nor servname provided, or not known)""))"
2662,PDF batch 2662/6155 (1 references),1,ConnectionError,"HTTPSConnectionPool(host='dev.posit.niehs.nih.gov', port=443): Max retries exceeded with url: /et/api/pdf-download (Caused by NameResolutionError(""HTTPSConnection(host='dev.posit.niehs.nih.gov', port=443): Failed to resolve 'dev.posit.niehs.nih.gov' ([Errno 8] nodename nor servname provided, or not known)""))"
2663,PDF batch 2663/6155 (1 references),1,ConnectionError,"HTTPSConnectionPool(host='dev.posit.niehs.nih.gov', port=443): Max retries exceeded with url: /et/api/pdf-download (Caused by NameResolutionError(""HTTPSConnection(host='dev.posit.niehs.nih.gov', port=443): Failed to resolve 'dev.posit.niehs.nih.gov' ([Errno 8] nodename nor servname provided, or not known)""))"
2664,PDF batch 2664/6155 (1 references),1,ConnectionError,"HTTPSConnectionPool(host='dev.posit.niehs.nih.gov', port=443): Max retries exceeded with url: /et/api/pdf-download (Caused by NameResolutionError(""HTTPSConnection(host='dev.posit.niehs.nih.gov', port=443): Failed to resolve 'dev.posit.niehs.nih.gov' ([Errno 8] nodename nor servname provided, or not known)""))"
2665,PDF batch 2665/6155 (1 references),1,ConnectionError,"HTTPSConnectionPool(host='dev.posit.niehs.nih.gov', port=443): Max retries exceeded with url: /et/api/pdf-download (Caused by NameResolutionError(""HTTPSConnection(host='dev.posit.niehs.nih.gov', port=443): Failed to resolve 'dev.posit.niehs.nih.gov' ([Errno 8] nodename nor servname provided, or not known)""))"
2668,PDF batch 2668/6155 (1 references),1,ConnectionError,"HTTPSConnectionPool(host='dev.posit.niehs.nih.gov', port=443): Max retries exceeded with url: /et/api/pdf-download (Caused by NameResolutionError(""HTTPSConnection(host='dev.posit.niehs.nih.gov', port=443): Failed to resolve 'dev.posit.niehs.nih.gov' ([Errno 8] nodename nor servname provided, or not known)""))"
2666,PDF batch 2666/6155 (1 references),1,ConnectionError,"HTTPSConnectionPool(host='dev.posit.niehs.nih.gov', port=443): Max retries exceeded with url: /et/api/pdf-download (Caused by NameResolutionError(""HTTPSConnection(host='dev.posit.niehs.nih.gov', port=443): Failed to resolve 'dev.posit.niehs.nih.gov' ([Errno 8] nodename nor servname provided, or not known)""))"
2667,PDF batch 2667/6155 (1 references),1,ConnectionError,"HTTPSConnectionPool(host='dev.posit.niehs.nih.gov', port=443): Max retries exceeded with url: /et/api/pdf-download (Caused by NameResolutionError(""HTTPSConnection(host='dev.posit.niehs.nih.gov', port=443): Failed to resolve 'dev.posit.niehs.nih.gov' ([Errno 8] nodename nor servname provided, or not known)""))"
2669,PDF batch 2669/6155 (1 references),1,ConnectionError,"HTTPSConnectionPool(host='dev.posit.niehs.nih.gov', port=443): Max retries exceeded with url: /et/api/pdf-download (Caused by NameResolutionError(""HTTPSConnection(host='dev.posit.niehs.nih.gov', port=443): Failed to resolve 'dev.posit.niehs.nih.gov' ([Errno 8] nodename nor servname provided, or not known)""))"
2670,PDF batch 2670/6155 (1 references),1,ConnectionError,"HTTPSConnectionPool(host='dev.posit.niehs.nih.gov', port=443): Max retries exceeded with url: /et/api/pdf-download (Caused by NameResolutionError(""HTTPSConnection(host='dev.posit.niehs.nih.gov', port=443): Failed to resolve 'dev.posit.niehs.nih.gov' ([Errno 8] nodename nor servname provided, or not known)""))"
2671,PDF batch 2671/6155 (1 references),1,ConnectionError,"HTTPSConnectionPool(host='dev.posit.niehs.nih.gov', port=443): Max retries exceeded with url: /et/api/pdf-download (Caused by NameResolutionError(""HTTPSConnection(host='dev.posit.niehs.nih.gov', port=443): Failed to resolve 'dev.posit.niehs.nih.gov' ([Errno 8] nodename nor servname provided, or not known)""))"
2675,PDF batch 2675/6155 (1 references),1,ConnectionError,"HTTPSConnectionPool(host='dev.posit.niehs.nih.gov', port=443): Max retries exceeded with url: /et/api/pdf-download (Caused by NameResolutionError(""HTTPSConnection(host='dev.posit.niehs.nih.gov', port=443): Failed to resolve 'dev.posit.niehs.nih.gov' ([Errno 8] nodename nor servname provided, or not known)""))"
2678,PDF batch 2678/6155 (1 references),1,ConnectionError,"HTTPSConnectionPool(host='dev.posit.niehs.nih.gov', port=443): Max retries exceeded with url: /et/api/pdf-download (Caused by NameResolutionError(""HTTPSConnection(host='dev.posit.niehs.nih.gov', port=443): Failed to resolve 'dev.posit.niehs.nih.gov' ([Errno 8] nodename nor servname provided, or not known)""))"
2679,PDF batch 2679/6155 (1 references),1,ConnectionError,"HTTPSConnectionPool(host='dev.posit.niehs.nih.gov', port=443): Max retries exceeded with url: /et/api/pdf-download (Caused by NameResolutionError(""HTTPSConnection(host='dev.posit.niehs.nih.gov', port=443): Failed to resolve 'dev.posit.niehs.nih.gov' ([Errno 8] nodename nor servname provided, or not known)""))"
2673,PDF batch 2673/6155 (1 references),1,ConnectionError,"HTTPSConnectionPool(host='dev.posit.niehs.nih.gov', port=443): Max retries exceeded with url: /et/api/pdf-download (Caused by NameResolutionError(""HTTPSConnection(host='dev.posit.niehs.nih.gov', port=443): Failed to resolve 'dev.posit.niehs.nih.gov' ([Errno 8] nodename nor servname provided, or not known)""))"
2672,PDF batch 2672/6155 (1 references),1,ConnectionError,"HTTPSConnectionPool(host='dev.posit.niehs.nih.gov', port=443): Max retries exceeded with url: /et/api/pdf-download (Caused by NameResolutionError(""HTTPSConnection(host='dev.posit.niehs.nih.gov', port=443): Failed to resolve 'dev.posit.niehs.nih.gov' ([Errno 8] nodename nor servname provided, or not known)""))"
2680,PDF batch 2680/6155 (1 references),1,ConnectionError,"HTTPSConnectionPool(host='dev.posit.niehs.nih.gov', port=443): Max retries exceeded with url: /et/api/pdf-download (Caused by NameResolutionError(""HTTPSConnection(host='dev.posit.niehs.nih.gov', port=443): Failed to resolve 'dev.posit.niehs.nih.gov' ([Errno 8] nodename nor servname provided, or not known)""))"
2677,PDF batch 2677/6155 (1 references),1,ConnectionError,"HTTPSConnectionPool(host='dev.posit.niehs.nih.gov', port=443): Max retries exceeded with url: /et/api/pdf-download (Caused by NameResolutionError(""HTTPSConnection(host='dev.posit.niehs.nih.gov', port=443): Failed to resolve 'dev.posit.niehs.nih.gov' ([Errno 8] nodename nor servname provided, or not known)""))"
2674,PDF batch 2674/6155 (1 references),1,ConnectionError,"HTTPSConnectionPool(host='dev.posit.niehs.nih.gov', port=443): Max retries exceeded with url: /et/api/pdf-download (Caused by NameResolutionError(""HTTPSConnection(host='dev.posit.niehs.nih.gov', port=443): Failed to resolve 'dev.posit.niehs.nih.gov' ([Errno 8] nodename nor servname provided, or not known)""))"
2676,PDF batch 2676/6155 (1 references),1,ConnectionError,"HTTPSConnectionPool(host='dev.posit.niehs.nih.gov', port=443): Max retries exceeded with url: /et/api/pdf-download (Caused by NameResolutionError(""HTTPSConnection(host='dev.posit.niehs.nih.gov', port=443): Failed to resolve 'dev.posit.niehs.nih.gov' ([Errno 8] nodename nor servname provided, or not known)""))"
2681,PDF batch 2681/6155 (1 references),1,ConnectionError,"HTTPSConnectionPool(host='dev.posit.niehs.nih.gov', port=443): Max retries exceeded with url: /et/api/pdf-download (Caused by NameResolutionError(""HTTPSConnection(host='dev.posit.niehs.nih.gov', port=443): Failed to resolve 'dev.posit.niehs.nih.gov' ([Errno 8] nodename nor servname provided, or not known)""))"
2684,PDF batch 2684/6155 (1 references),1,ConnectionError,"HTTPSConnectionPool(host='dev.posit.niehs.nih.gov', port=443): Max retries exceeded with url: /et/api/pdf-download (Caused by NameResolutionError(""HTTPSConnection(host='dev.posit.niehs.nih.gov', port=443): Failed to resolve 'dev.posit.niehs.nih.gov' ([Errno 8] nodename nor servname provided, or not known)""))"
2682,PDF batch 2682/6155 (1 references),1,ConnectionError,"HTTPSConnectionPool(host='dev.posit.niehs.nih.gov', port=443): Max retries exceeded with url: /et/api/pdf-download (Caused by NameResolutionError(""HTTPSConnection(host='dev.posit.niehs.nih.gov', port=443): Failed to resolve 'dev.posit.niehs.nih.gov' ([Errno 8] nodename nor servname provided, or not known)""))"
2683,PDF batch 2683/6155 (1 references),1,ConnectionError,"HTTPSConnectionPool(host='dev.posit.niehs.nih.gov', port=443): Max retries exceeded with url: /et/api/pdf-download (Caused by NameResolutionError(""HTTPSConnection(host='dev.posit.niehs.nih.gov', port=443): Failed to resolve 'dev.posit.niehs.nih.gov' ([Errno 8] nodename nor servname provided, or not known)""))"
2686,PDF batch 2686/6155 (1 references),1,ConnectionError,"HTTPSConnectionPool(host='dev.posit.niehs.nih.gov', port=443): Max retries exceeded with url: /et/api/pdf-download (Caused by NameResolutionError(""HTTPSConnection(host='dev.posit.niehs.nih.gov', port=443): Failed to resolve 'dev.posit.niehs.nih.gov' ([Errno 8] nodename nor servname provided, or not known)""))"
2687,PDF batch 2687/6155 (1 references),1,ConnectionError,"HTTPSConnectionPool(host='dev.posit.niehs.nih.gov', port=443): Max retries exceeded with url: /et/api/pdf-download (Caused by NameResolutionError(""HTTPSConnection(host='dev.posit.niehs.nih.gov', port=443): Failed to resolve 'dev.posit.niehs.nih.gov' ([Errno 8] nodename nor servname provided, or not known)""))"
2685,PDF batch 2685/6155 (1 references),1,ConnectionError,"HTTPSConnectionPool(host='dev.posit.niehs.nih.gov', port=443): Max retries exceeded with url: /et/api/pdf-download (Caused by NameResolutionError(""HTTPSConnection(host='dev.posit.niehs.nih.gov', port=443): Failed to resolve 'dev.posit.niehs.nih.gov' ([Errno 8] nodename nor servname provided, or not known)""))"
2688,PDF batch 2688/6155 (1 references),1,ConnectionError,"HTTPSConnectionPool(host='dev.posit.niehs.nih.gov', port=443): Max retries exceeded with url: /et/api/pdf-download (Caused by NameResolutionError(""HTTPSConnection(host='dev.posit.niehs.nih.gov', port=443): Failed to resolve 'dev.posit.niehs.nih.gov' ([Errno 8] nodename nor servname provided, or not known)""))"
2689,PDF batch 2689/6155 (1 references),1,ConnectionError,"HTTPSConnectionPool(host='dev.posit.niehs.nih.gov', port=443): Max retries exceeded with url: /et/api/pdf-download (Caused by NameResolutionError(""HTTPSConnection(host='dev.posit.niehs.nih.gov', port=443): Failed to resolve 'dev.posit.niehs.nih.gov' ([Errno 8] nodename nor servname provided, or not known)""))"
2690,PDF batch 2690/6155 (1 references),1,ConnectionError,"HTTPSConnectionPool(host='dev.posit.niehs.nih.gov', port=443): Max retries exceeded with url: /et/api/pdf-download (Caused by NameResolutionError(""HTTPSConnection(host='dev.posit.niehs.nih.gov', port=443): Failed to resolve 'dev.posit.niehs.nih.gov' ([Errno 8] nodename nor servname provided, or not known)""))"
2693,PDF batch 2693/6155 (1 references),1,ConnectionError,"HTTPSConnectionPool(host='dev.posit.niehs.nih.gov', port=443): Max retries exceeded with url: /et/api/pdf-download (Caused by NameResolutionError(""HTTPSConnection(host='dev.posit.niehs.nih.gov', port=443): Failed to resolve 'dev.posit.niehs.nih.gov' ([Errno 8] nodename nor servname provided, or not known)""))"
2691,PDF batch 2691/6155 (1 references),1,ConnectionError,"HTTPSConnectionPool(host='dev.posit.niehs.nih.gov', port=443): Max retries exceeded with url: /et/api/pdf-download (Caused by NameResolutionError(""HTTPSConnection(host='dev.posit.niehs.nih.gov', port=443): Failed to resolve 'dev.posit.niehs.nih.gov' ([Errno 8] nodename nor servname provided, or not known)""))"
2698,PDF batch 2698/6155 (1 references),1,ConnectionError,"HTTPSConnectionPool(host='dev.posit.niehs.nih.gov', port=443): Max retries exceeded with url: /et/api/pdf-download (Caused by NameResolutionError(""HTTPSConnection(host='dev.posit.niehs.nih.gov', port=443): Failed to resolve 'dev.posit.niehs.nih.gov' ([Errno 8] nodename nor servname provided, or not known)""))"
2699,PDF batch 2699/6155 (1 references),1,ConnectionError,"HTTPSConnectionPool(host='dev.posit.niehs.nih.gov', port=443): Max retries exceeded with url: /et/api/pdf-download (Caused by NameResolutionError(""HTTPSConnection(host='dev.posit.niehs.nih.gov', port=443): Failed to resolve 'dev.posit.niehs.nih.gov' ([Errno 8] nodename nor servname provided, or not known)""))"
2695,PDF batch 2695/6155 (1 references),1,ConnectionError,"HTTPSConnectionPool(host='dev.posit.niehs.nih.gov', port=443): Max retries exceeded with url: /et/api/pdf-download (Caused by NameResolutionError(""HTTPSConnection(host='dev.posit.niehs.nih.gov', port=443): Failed to resolve 'dev.posit.niehs.nih.gov' ([Errno 8] nodename nor servname provided, or not known)""))"
2692,PDF batch 2692/6155 (1 references),1,ConnectionError,"HTTPSConnectionPool(host='dev.posit.niehs.nih.gov', port=443): Max retries exceeded with url: /et/api/pdf-download (Caused by NameResolutionError(""HTTPSConnection(host='dev.posit.niehs.nih.gov', port=443): Failed to resolve 'dev.posit.niehs.nih.gov' ([Errno 8] nodename nor servname provided, or not known)""))"
2697,PDF batch 2697/6155 (1 references),1,ConnectionError,"HTTPSConnectionPool(host='dev.posit.niehs.nih.gov', port=443): Max retries exceeded with url: /et/api/pdf-download (Caused by NameResolutionError(""HTTPSConnection(host='dev.posit.niehs.nih.gov', port=443): Failed to resolve 'dev.posit.niehs.nih.gov' ([Errno 8] nodename nor servname provided, or not known)""))"
2694,PDF batch 2694/6155 (1 references),1,ConnectionError,"HTTPSConnectionPool(host='dev.posit.niehs.nih.gov', port=443): Max retries exceeded with url: /et/api/pdf-download (Caused by NameResolutionError(""HTTPSConnection(host='dev.posit.niehs.nih.gov', port=443): Failed to resolve 'dev.posit.niehs.nih.gov' ([Errno 8] nodename nor servname provided, or not known)""))"
2696,PDF batch 2696/6155 (1 references),1,ConnectionError,"HTTPSConnectionPool(host='dev.posit.niehs.nih.gov', port=443): Max retries exceeded with url: /et/api/pdf-download (Caused by NameResolutionError(""HTTPSConnection(host='dev.posit.niehs.nih.gov', port=443): Failed to resolve 'dev.posit.niehs.nih.gov' ([Errno 8] nodename nor servname provided, or not known)""))"
2700,PDF batch 2700/6155 (1 references),1,ConnectionError,"HTTPSConnectionPool(host='dev.posit.niehs.nih.gov', port=443): Max retries exceeded with url: /et/api/pdf-download (Caused by NameResolutionError(""HTTPSConnection(host='dev.posit.niehs.nih.gov', port=443): Failed to resolve 'dev.posit.niehs.nih.gov' ([Errno 8] nodename nor servname provided, or not known)""))"
2702,PDF batch 2702/6155 (1 references),1,ConnectionError,"HTTPSConnectionPool(host='dev.posit.niehs.nih.gov', port=443): Max retries exceeded with url: /et/api/pdf-download (Caused by NameResolutionError(""HTTPSConnection(host='dev.posit.niehs.nih.gov', port=443): Failed to resolve 'dev.posit.niehs.nih.gov' ([Errno 8] nodename nor servname provided, or not known)""))"
2701,PDF batch 2701/6155 (1 references),1,ConnectionError,"HTTPSConnectionPool(host='dev.posit.niehs.nih.gov', port=443): Max retries exceeded with url: /et/api/pdf-download (Caused by NameResolutionError(""HTTPSConnection(host='dev.posit.niehs.nih.gov', port=443): Failed to resolve 'dev.posit.niehs.nih.gov' ([Errno 8] nodename nor servname provided, or not known)""))"
2704,PDF batch 2704/6155 (1 references),1,ConnectionError,"HTTPSConnectionPool(host='dev.posit.niehs.nih.gov', port=443): Max retries exceeded with url: /et/api/pdf-download (Caused by NameResolutionError(""HTTPSConnection(host='dev.posit.niehs.nih.gov', port=443): Failed to resolve 'dev.posit.niehs.nih.gov' ([Errno 8] nodename nor servname provided, or not known)""))"
2703,PDF batch 2703/6155 (1 references),1,ConnectionError,"HTTPSConnectionPool(host='dev.posit.niehs.nih.gov', port=443): Max retries exceeded with url: /et/api/pdf-download (Caused by NameResolutionError(""HTTPSConnection(host='dev.posit.niehs.nih.gov', port=443): Failed to resolve 'dev.posit.niehs.nih.gov' ([Errno 8] nodename nor servname provided, or not known)""))"
2707,PDF batch 2707/6155 (1 references),1,ConnectionError,"HTTPSConnectionPool(host='dev.posit.niehs.nih.gov', port=443): Max retries exceeded with url: /et/api/pdf-download (Caused by NameResolutionError(""HTTPSConnection(host='dev.posit.niehs.nih.gov', port=443): Failed to resolve 'dev.posit.niehs.nih.gov' ([Errno 8] nodename nor servname provided, or not known)""))"
2706,PDF batch 2706/6155 (1 references),1,ConnectionError,"HTTPSConnectionPool(host='dev.posit.niehs.nih.gov', port=443): Max retries exceeded with url: /et/api/pdf-download (Caused by NameResolutionError(""HTTPSConnection(host='dev.posit.niehs.nih.gov', port=443): Failed to resolve 'dev.posit.niehs.nih.gov' ([Errno 8] nodename nor servname provided, or not known)""))"
2705,PDF batch 2705/6155 (1 references),1,ConnectionError,"HTTPSConnectionPool(host='dev.posit.niehs.nih.gov', port=443): Max retries exceeded with url: /et/api/pdf-download (Caused by NameResolutionError(""HTTPSConnection(host='dev.posit.niehs.nih.gov', port=443): Failed to resolve 'dev.posit.niehs.nih.gov' ([Errno 8] nodename nor servname provided, or not known)""))"
2708,PDF batch 2708/6155 (1 references),1,ConnectionError,"HTTPSConnectionPool(host='dev.posit.niehs.nih.gov', port=443): Max retries exceeded with url: /et/api/pdf-download (Caused by NameResolutionError(""HTTPSConnection(host='dev.posit.niehs.nih.gov', port=443): Failed to resolve 'dev.posit.niehs.nih.gov' ([Errno 8] nodename nor servname provided, or not known)""))"
2709,PDF batch 2709/6155 (1 references),1,ConnectionError,"HTTPSConnectionPool(host='dev.posit.niehs.nih.gov', port=443): Max retries exceeded with url: /et/api/pdf-download (Caused by NameResolutionError(""HTTPSConnection(host='dev.posit.niehs.nih.gov', port=443): Failed to resolve 'dev.posit.niehs.nih.gov' ([Errno 8] nodename nor servname provided, or not known)""))"
2711,PDF batch 2711/6155 (1 references),1,ConnectionError,"HTTPSConnectionPool(host='dev.posit.niehs.nih.gov', port=443): Max retries exceeded with url: /et/api/pdf-download (Caused by NameResolutionError(""HTTPSConnection(host='dev.posit.niehs.nih.gov', port=443): Failed to resolve 'dev.posit.niehs.nih.gov' ([Errno 8] nodename nor servname provided, or not known)""))"
2710,PDF batch 2710/6155 (1 references),1,ConnectionError,"HTTPSConnectionPool(host='dev.posit.niehs.nih.gov', port=443): Max retries exceeded with url: /et/api/pdf-download (Caused by NameResolutionError(""HTTPSConnection(host='dev.posit.niehs.nih.gov', port=443): Failed to resolve 'dev.posit.niehs.nih.gov' ([Errno 8] nodename nor servname provided, or not known)""))"
2712,PDF batch 2712/6155 (1 references),1,ConnectionError,"HTTPSConnectionPool(host='dev.posit.niehs.nih.gov', port=443): Max retries exceeded with url: /et/api/pdf-download (Caused by NameResolutionError(""HTTPSConnection(host='dev.posit.niehs.nih.gov', port=443): Failed to resolve 'dev.posit.niehs.nih.gov' ([Errno 8] nodename nor servname provided, or not known)""))"
2716,PDF batch 2716/6155 (1 references),1,ConnectionError,"HTTPSConnectionPool(host='dev.posit.niehs.nih.gov', port=443): Max retries exceeded with url: /et/api/pdf-download (Caused by NameResolutionError(""HTTPSConnection(host='dev.posit.niehs.nih.gov', port=443): Failed to resolve 'dev.posit.niehs.nih.gov' ([Errno 8] nodename nor servname provided, or not known)""))"
2713,PDF batch 2713/6155 (1 references),1,ConnectionError,"HTTPSConnectionPool(host='dev.posit.niehs.nih.gov', port=443): Max retries exceeded with url: /et/api/pdf-download (Caused by NameResolutionError(""HTTPSConnection(host='dev.posit.niehs.nih.gov', port=443): Failed to resolve 'dev.posit.niehs.nih.gov' ([Errno 8] nodename nor servname provided, or not known)""))"
2714,PDF batch 2714/6155 (1 references),1,ConnectionError,"HTTPSConnectionPool(host='dev.posit.niehs.nih.gov', port=443): Max retries exceeded with url: /et/api/pdf-download (Caused by NameResolutionError(""HTTPSConnection(host='dev.posit.niehs.nih.gov', port=443): Failed to resolve 'dev.posit.niehs.nih.gov' ([Errno 8] nodename nor servname provided, or not known)""))"
2715,PDF batch 2715/6155 (1 references),1,ConnectionError,"HTTPSConnectionPool(host='dev.posit.niehs.nih.gov', port=443): Max retries exceeded with url: /et/api/pdf-download (Caused by NameResolutionError(""HTTPSConnection(host='dev.posit.niehs.nih.gov', port=443): Failed to resolve 'dev.posit.niehs.nih.gov' ([Errno 8] nodename nor servname provided, or not known)""))"
2718,PDF batch 2718/6155 (1 references),1,ConnectionError,"HTTPSConnectionPool(host='dev.posit.niehs.nih.gov', port=443): Max retries exceeded with url: /et/api/pdf-download (Caused by NameResolutionError(""HTTPSConnection(host='dev.posit.niehs.nih.gov', port=443): Failed to resolve 'dev.posit.niehs.nih.gov' ([Errno 8] nodename nor servname provided, or not known)""))"
2717,PDF batch 2717/6155 (1 references),1,ConnectionError,"HTTPSConnectionPool(host='dev.posit.niehs.nih.gov', port=443): Max retries exceeded with url: /et/api/pdf-download (Caused by NameResolutionError(""HTTPSConnection(host='dev.posit.niehs.nih.gov', port=443): Failed to resolve 'dev.posit.niehs.nih.gov' ([Errno 8] nodename nor servname provided, or not known)""))"
2719,PDF batch 2719/6155 (1 references),1,ConnectionError,"HTTPSConnectionPool(host='dev.posit.niehs.nih.gov', port=443): Max retries exceeded with url: /et/api/pdf-download (Caused by NameResolutionError(""HTTPSConnection(host='dev.posit.niehs.nih.gov', port=443): Failed to resolve 'dev.posit.niehs.nih.gov' ([Errno 8] nodename nor servname provided, or not known)""))"
2720,PDF batch 2720/6155 (1 references),1,ConnectionError,"HTTPSConnectionPool(host='dev.posit.niehs.nih.gov', port=443): Max retries exceeded with url: /et/api/pdf-download (Caused by NameResolutionError(""HTTPSConnection(host='dev.posit.niehs.nih.gov', port=443): Failed to resolve 'dev.posit.niehs.nih.gov' ([Errno 8] nodename nor servname provided, or not known)""))"
2721,PDF batch 2721/6155 (1 references),1,ConnectionError,"HTTPSConnectionPool(host='dev.posit.niehs.nih.gov', port=443): Max retries exceeded with url: /et/api/pdf-download (Caused by NameResolutionError(""HTTPSConnection(host='dev.posit.niehs.nih.gov', port=443): Failed to resolve 'dev.posit.niehs.nih.gov' ([Errno 8] nodename nor servname provided, or not known)""))"
2722,PDF batch 2722/6155 (1 references),1,ConnectionError,"HTTPSConnectionPool(host='dev.posit.niehs.nih.gov', port=443): Max retries exceeded with url: /et/api/pdf-download (Caused by NameResolutionError(""HTTPSConnection(host='dev.posit.niehs.nih.gov', port=443): Failed to resolve 'dev.posit.niehs.nih.gov' ([Errno 8] nodename nor servname provided, or not known)""))"
2723,PDF batch 2723/6155 (1 references),1,ConnectionError,"HTTPSConnectionPool(host='dev.posit.niehs.nih.gov', port=443): Max retries exceeded with url: /et/api/pdf-download (Caused by NameResolutionError(""HTTPSConnection(host='dev.posit.niehs.nih.gov', port=443): Failed to resolve 'dev.posit.niehs.nih.gov' ([Errno 8] nodename nor servname provided, or not known)""))"
2724,PDF batch 2724/6155 (1 references),1,ConnectionError,"HTTPSConnectionPool(host='dev.posit.niehs.nih.gov', port=443): Max retries exceeded with url: /et/api/pdf-download (Caused by NameResolutionError(""HTTPSConnection(host='dev.posit.niehs.nih.gov', port=443): Failed to resolve 'dev.posit.niehs.nih.gov' ([Errno 8] nodename nor servname provided, or not known)""))"
2725,PDF batch 2725/6155 (1 references),1,ConnectionError,"HTTPSConnectionPool(host='dev.posit.niehs.nih.gov', port=443): Max retries exceeded with url: /et/api/pdf-download (Caused by NameResolutionError(""HTTPSConnection(host='dev.posit.niehs.nih.gov', port=443): Failed to resolve 'dev.posit.niehs.nih.gov' ([Errno 8] nodename nor servname provided, or not known)""))"
2726,PDF batch 2726/6155 (1 references),1,ConnectionError,"HTTPSConnectionPool(host='dev.posit.niehs.nih.gov', port=443): Max retries exceeded with url: /et/api/pdf-download (Caused by NameResolutionError(""HTTPSConnection(host='dev.posit.niehs.nih.gov', port=443): Failed to resolve 'dev.posit.niehs.nih.gov' ([Errno 8] nodename nor servname provided, or not known)""))"
2727,PDF batch 2727/6155 (1 references),1,ConnectionError,"HTTPSConnectionPool(host='dev.posit.niehs.nih.gov', port=443): Max retries exceeded with url: /et/api/pdf-download (Caused by NameResolutionError(""HTTPSConnection(host='dev.posit.niehs.nih.gov', port=443): Failed to resolve 'dev.posit.niehs.nih.gov' ([Errno 8] nodename nor servname provided, or not known)""))"
2728,PDF batch 2728/6155 (1 references),1,ConnectionError,"HTTPSConnectionPool(host='dev.posit.niehs.nih.gov', port=443): Max retries exceeded with url: /et/api/pdf-download (Caused by NameResolutionError(""HTTPSConnection(host='dev.posit.niehs.nih.gov', port=443): Failed to resolve 'dev.posit.niehs.nih.gov' ([Errno 8] nodename nor servname provided, or not known)""))"
2729,PDF batch 2729/6155 (1 references),1,ConnectionError,"HTTPSConnectionPool(host='dev.posit.niehs.nih.gov', port=443): Max retries exceeded with url: /et/api/pdf-download (Caused by NameResolutionError(""HTTPSConnection(host='dev.posit.niehs.nih.gov', port=443): Failed to resolve 'dev.posit.niehs.nih.gov' ([Errno 8] nodename nor servname provided, or not known)""))"
2731,PDF batch 2731/6155 (1 references),1,ConnectionError,"HTTPSConnectionPool(host='dev.posit.niehs.nih.gov', port=443): Max retries exceeded with url: /et/api/pdf-download (Caused by NameResolutionError(""HTTPSConnection(host='dev.posit.niehs.nih.gov', port=443): Failed to resolve 'dev.posit.niehs.nih.gov' ([Errno 8] nodename nor servname provided, or not known)""))"
2732,PDF batch 2732/6155 (1 references),1,ConnectionError,"HTTPSConnectionPool(host='dev.posit.niehs.nih.gov', port=443): Max retries exceeded with url: /et/api/pdf-download (Caused by NameResolutionError(""HTTPSConnection(host='dev.posit.niehs.nih.gov', port=443): Failed to resolve 'dev.posit.niehs.nih.gov' ([Errno 8] nodename nor servname provided, or not known)""))"
2730,PDF batch 2730/6155 (1 references),1,ConnectionError,"HTTPSConnectionPool(host='dev.posit.niehs.nih.gov', port=443): Max retries exceeded with url: /et/api/pdf-download (Caused by NameResolutionError(""HTTPSConnection(host='dev.posit.niehs.nih.gov', port=443): Failed to resolve 'dev.posit.niehs.nih.gov' ([Errno 8] nodename nor servname provided, or not known)""))"
2734,PDF batch 2734/6155 (1 references),1,ConnectionError,"HTTPSConnectionPool(host='dev.posit.niehs.nih.gov', port=443): Max retries exceeded with url: /et/api/pdf-download (Caused by NameResolutionError(""HTTPSConnection(host='dev.posit.niehs.nih.gov', port=443): Failed to resolve 'dev.posit.niehs.nih.gov' ([Errno 8] nodename nor servname provided, or not known)""))"
2733,PDF batch 2733/6155 (1 references),1,ConnectionError,"HTTPSConnectionPool(host='dev.posit.niehs.nih.gov', port=443): Max retries exceeded with url: /et/api/pdf-download (Caused by NameResolutionError(""HTTPSConnection(host='dev.posit.niehs.nih.gov', port=443): Failed to resolve 'dev.posit.niehs.nih.gov' ([Errno 8] nodename nor servname provided, or not known)""))"
2736,PDF batch 2736/6155 (1 references),1,ConnectionError,"HTTPSConnectionPool(host='dev.posit.niehs.nih.gov', port=443): Max retries exceeded with url: /et/api/pdf-download (Caused by NameResolutionError(""HTTPSConnection(host='dev.posit.niehs.nih.gov', port=443): Failed to resolve 'dev.posit.niehs.nih.gov' ([Errno 8] nodename nor servname provided, or not known)""))"
2735,PDF batch 2735/6155 (1 references),1,ConnectionError,"HTTPSConnectionPool(host='dev.posit.niehs.nih.gov', port=443): Max retries exceeded with url: /et/api/pdf-download (Caused by NameResolutionError(""HTTPSConnection(host='dev.posit.niehs.nih.gov', port=443): Failed to resolve 'dev.posit.niehs.nih.gov' ([Errno 8] nodename nor servname provided, or not known)""))"
2737,PDF batch 2737/6155 (1 references),1,ConnectionError,"HTTPSConnectionPool(host='dev.posit.niehs.nih.gov', port=443): Max retries exceeded with url: /et/api/pdf-download (Caused by NameResolutionError(""HTTPSConnection(host='dev.posit.niehs.nih.gov', port=443): Failed to resolve 'dev.posit.niehs.nih.gov' ([Errno 8] nodename nor servname provided, or not known)""))"
2738,PDF batch 2738/6155 (1 references),1,ConnectionError,"HTTPSConnectionPool(host='dev.posit.niehs.nih.gov', port=443): Max retries exceeded with url: /et/api/pdf-download (Caused by NameResolutionError(""HTTPSConnection(host='dev.posit.niehs.nih.gov', port=443): Failed to resolve 'dev.posit.niehs.nih.gov' ([Errno 8] nodename nor servname provided, or not known)""))"
2739,PDF batch 2739/6155 (1 references),1,ConnectionError,"HTTPSConnectionPool(host='dev.posit.niehs.nih.gov', port=443): Max retries exceeded with url: /et/api/pdf-download (Caused by NameResolutionError(""HTTPSConnection(host='dev.posit.niehs.nih.gov', port=443): Failed to resolve 'dev.posit.niehs.nih.gov' ([Errno 8] nodename nor servname provided, or not known)""))"
2740,PDF batch 2740/6155 (1 references),1,ConnectionError,"HTTPSConnectionPool(host='dev.posit.niehs.nih.gov', port=443): Max retries exceeded with url: /et/api/pdf-download (Caused by NameResolutionError(""HTTPSConnection(host='dev.posit.niehs.nih.gov', port=443): Failed to resolve 'dev.posit.niehs.nih.gov' ([Errno 8] nodename nor servname provided, or not known)""))"
2742,PDF batch 2742/6155 (1 references),1,ConnectionError,"HTTPSConnectionPool(host='dev.posit.niehs.nih.gov', port=443): Max retries exceeded with url: /et/api/pdf-download (Caused by NameResolutionError(""HTTPSConnection(host='dev.posit.niehs.nih.gov', port=443): Failed to resolve 'dev.posit.niehs.nih.gov' ([Errno 8] nodename nor servname provided, or not known)""))"
2741,PDF batch 2741/6155 (1 references),1,ConnectionError,"HTTPSConnectionPool(host='dev.posit.niehs.nih.gov', port=443): Max retries exceeded with url: /et/api/pdf-download (Caused by NameResolutionError(""HTTPSConnection(host='dev.posit.niehs.nih.gov', port=443): Failed to resolve 'dev.posit.niehs.nih.gov' ([Errno 8] nodename nor servname provided, or not known)""))"
2743,PDF batch 2743/6155 (1 references),1,ConnectionError,"HTTPSConnectionPool(host='dev.posit.niehs.nih.gov', port=443): Max retries exceeded with url: /et/api/pdf-download (Caused by NameResolutionError(""HTTPSConnection(host='dev.posit.niehs.nih.gov', port=443): Failed to resolve 'dev.posit.niehs.nih.gov' ([Errno 8] nodename nor servname provided, or not known)""))"
2744,PDF batch 2744/6155 (1 references),1,ConnectionError,"HTTPSConnectionPool(host='dev.posit.niehs.nih.gov', port=443): Max retries exceeded with url: /et/api/pdf-download (Caused by NameResolutionError(""HTTPSConnection(host='dev.posit.niehs.nih.gov', port=443): Failed to resolve 'dev.posit.niehs.nih.gov' ([Errno 8] nodename nor servname provided, or not known)""))"
2745,PDF batch 2745/6155 (1 references),1,ConnectionError,"HTTPSConnectionPool(host='dev.posit.niehs.nih.gov', port=443): Max retries exceeded with url: /et/api/pdf-download (Caused by NameResolutionError(""HTTPSConnection(host='dev.posit.niehs.nih.gov', port=443): Failed to resolve 'dev.posit.niehs.nih.gov' ([Errno 8] nodename nor servname provided, or not known)""))"
2746,PDF batch 2746/6155 (1 references),1,ConnectionError,"HTTPSConnectionPool(host='dev.posit.niehs.nih.gov', port=443): Max retries exceeded with url: /et/api/pdf-download (Caused by NameResolutionError(""HTTPSConnection(host='dev.posit.niehs.nih.gov', port=443): Failed to resolve 'dev.posit.niehs.nih.gov' ([Errno 8] nodename nor servname provided, or not known)""))"
2747,PDF batch 2747/6155 (1 references),1,ConnectionError,"HTTPSConnectionPool(host='dev.posit.niehs.nih.gov', port=443): Max retries exceeded with url: /et/api/pdf-download (Caused by NameResolutionError(""HTTPSConnection(host='dev.posit.niehs.nih.gov', port=443): Failed to resolve 'dev.posit.niehs.nih.gov' ([Errno 8] nodename nor servname provided, or not known)""))"
2750,PDF batch 2750/6155 (1 references),1,ConnectionError,"HTTPSConnectionPool(host='dev.posit.niehs.nih.gov', port=443): Max retries exceeded with url: /et/api/pdf-download (Caused by NameResolutionError(""HTTPSConnection(host='dev.posit.niehs.nih.gov', port=443): Failed to resolve 'dev.posit.niehs.nih.gov' ([Errno 8] nodename nor servname provided, or not known)""))"
2751,PDF batch 2751/6155 (1 references),1,ConnectionError,"HTTPSConnectionPool(host='dev.posit.niehs.nih.gov', port=443): Max retries exceeded with url: /et/api/pdf-download (Caused by NameResolutionError(""HTTPSConnection(host='dev.posit.niehs.nih.gov', port=443): Failed to resolve 'dev.posit.niehs.nih.gov' ([Errno 8] nodename nor servname provided, or not known)""))"
2748,PDF batch 2748/6155 (1 references),1,ConnectionError,"HTTPSConnectionPool(host='dev.posit.niehs.nih.gov', port=443): Max retries exceeded with url: /et/api/pdf-download (Caused by NameResolutionError(""HTTPSConnection(host='dev.posit.niehs.nih.gov', port=443): Failed to resolve 'dev.posit.niehs.nih.gov' ([Errno 8] nodename nor servname provided, or not known)""))"
2753,PDF batch 2753/6155 (1 references),1,ConnectionError,"HTTPSConnectionPool(host='dev.posit.niehs.nih.gov', port=443): Max retries exceeded with url: /et/api/pdf-download (Caused by NameResolutionError(""HTTPSConnection(host='dev.posit.niehs.nih.gov', port=443): Failed to resolve 'dev.posit.niehs.nih.gov' ([Errno 8] nodename nor servname provided, or not known)""))"
2754,PDF batch 2754/6155 (1 references),1,ConnectionError,"HTTPSConnectionPool(host='dev.posit.niehs.nih.gov', port=443): Max retries exceeded with url: /et/api/pdf-download (Caused by NameResolutionError(""HTTPSConnection(host='dev.posit.niehs.nih.gov', port=443): Failed to resolve 'dev.posit.niehs.nih.gov' ([Errno 8] nodename nor servname provided, or not known)""))"
2749,PDF batch 2749/6155 (1 references),1,ConnectionError,"HTTPSConnectionPool(host='dev.posit.niehs.nih.gov', port=443): Max retries exceeded with url: /et/api/pdf-download (Caused by NameResolutionError(""HTTPSConnection(host='dev.posit.niehs.nih.gov', port=443): Failed to resolve 'dev.posit.niehs.nih.gov' ([Errno 8] nodename nor servname provided, or not known)""))"
2752,PDF batch 2752/6155 (1 references),1,ConnectionError,"HTTPSConnectionPool(host='dev.posit.niehs.nih.gov', port=443): Max retries exceeded with url: /et/api/pdf-download (Caused by NameResolutionError(""HTTPSConnection(host='dev.posit.niehs.nih.gov', port=443): Failed to resolve 'dev.posit.niehs.nih.gov' ([Errno 8] nodename nor servname provided, or not known)""))"
2755,PDF batch 2755/6155 (1 references),1,ConnectionError,"HTTPSConnectionPool(host='dev.posit.niehs.nih.gov', port=443): Max retries exceeded with url: /et/api/pdf-download (Caused by NameResolutionError(""HTTPSConnection(host='dev.posit.niehs.nih.gov', port=443): Failed to resolve 'dev.posit.niehs.nih.gov' ([Errno 8] nodename nor servname provided, or not known)""))"
2756,PDF batch 2756/6155 (1 references),1,ConnectionError,"HTTPSConnectionPool(host='dev.posit.niehs.nih.gov', port=443): Max retries exceeded with url: /et/api/pdf-download (Caused by NameResolutionError(""HTTPSConnection(host='dev.posit.niehs.nih.gov', port=443): Failed to resolve 'dev.posit.niehs.nih.gov' ([Errno 8] nodename nor servname provided, or not known)""))"
2757,PDF batch 2757/6155 (1 references),1,ConnectionError,"HTTPSConnectionPool(host='dev.posit.niehs.nih.gov', port=443): Max retries exceeded with url: /et/api/pdf-download (Caused by NameResolutionError(""HTTPSConnection(host='dev.posit.niehs.nih.gov', port=443): Failed to resolve 'dev.posit.niehs.nih.gov' ([Errno 8] nodename nor servname provided, or not known)""))"
2758,PDF batch 2758/6155 (1 references),1,ConnectionError,"HTTPSConnectionPool(host='dev.posit.niehs.nih.gov', port=443): Max retries exceeded with url: /et/api/pdf-download (Caused by NameResolutionError(""HTTPSConnection(host='dev.posit.niehs.nih.gov', port=443): Failed to resolve 'dev.posit.niehs.nih.gov' ([Errno 8] nodename nor servname provided, or not known)""))"
2759,PDF batch 2759/6155 (1 references),1,ConnectionError,"HTTPSConnectionPool(host='dev.posit.niehs.nih.gov', port=443): Max retries exceeded with url: /et/api/pdf-download (Caused by NameResolutionError(""HTTPSConnection(host='dev.posit.niehs.nih.gov', port=443): Failed to resolve 'dev.posit.niehs.nih.gov' ([Errno 8] nodename nor servname provided, or not known)""))"
2760,PDF batch 2760/6155 (1 references),1,ConnectionError,"HTTPSConnectionPool(host='dev.posit.niehs.nih.gov', port=443): Max retries exceeded with url: /et/api/pdf-download (Caused by NameResolutionError(""HTTPSConnection(host='dev.posit.niehs.nih.gov', port=443): Failed to resolve 'dev.posit.niehs.nih.gov' ([Errno 8] nodename nor servname provided, or not known)""))"
2761,PDF batch 2761/6155 (1 references),1,ConnectionError,"HTTPSConnectionPool(host='dev.posit.niehs.nih.gov', port=443): Max retries exceeded with url: /et/api/pdf-download (Caused by NameResolutionError(""HTTPSConnection(host='dev.posit.niehs.nih.gov', port=443): Failed to resolve 'dev.posit.niehs.nih.gov' ([Errno 8] nodename nor servname provided, or not known)""))"
2762,PDF batch 2762/6155 (1 references),1,ConnectionError,"HTTPSConnectionPool(host='dev.posit.niehs.nih.gov', port=443): Max retries exceeded with url: /et/api/pdf-download (Caused by NameResolutionError(""HTTPSConnection(host='dev.posit.niehs.nih.gov', port=443): Failed to resolve 'dev.posit.niehs.nih.gov' ([Errno 8] nodename nor servname provided, or not known)""))"
2763,PDF batch 2763/6155 (1 references),1,ConnectionError,"HTTPSConnectionPool(host='dev.posit.niehs.nih.gov', port=443): Max retries exceeded with url: /et/api/pdf-download (Caused by NameResolutionError(""HTTPSConnection(host='dev.posit.niehs.nih.gov', port=443): Failed to resolve 'dev.posit.niehs.nih.gov' ([Errno 8] nodename nor servname provided, or not known)""))"
2764,PDF batch 2764/6155 (1 references),1,ConnectionError,"HTTPSConnectionPool(host='dev.posit.niehs.nih.gov', port=443): Max retries exceeded with url: /et/api/pdf-download (Caused by NameResolutionError(""HTTPSConnection(host='dev.posit.niehs.nih.gov', port=443): Failed to resolve 'dev.posit.niehs.nih.gov' ([Errno 8] nodename nor servname provided, or not known)""))"
2765,PDF batch 2765/6155 (1 references),1,ConnectionError,"HTTPSConnectionPool(host='dev.posit.niehs.nih.gov', port=443): Max retries exceeded with url: /et/api/pdf-download (Caused by NameResolutionError(""HTTPSConnection(host='dev.posit.niehs.nih.gov', port=443): Failed to resolve 'dev.posit.niehs.nih.gov' ([Errno 8] nodename nor servname provided, or not known)""))"
2766,PDF batch 2766/6155 (1 references),1,ConnectionError,"HTTPSConnectionPool(host='dev.posit.niehs.nih.gov', port=443): Max retries exceeded with url: /et/api/pdf-download (Caused by NameResolutionError(""HTTPSConnection(host='dev.posit.niehs.nih.gov', port=443): Failed to resolve 'dev.posit.niehs.nih.gov' ([Errno 8] nodename nor servname provided, or not known)""))"
2767,PDF batch 2767/6155 (1 references),1,ConnectionError,"HTTPSConnectionPool(host='dev.posit.niehs.nih.gov', port=443): Max retries exceeded with url: /et/api/pdf-download (Caused by NameResolutionError(""HTTPSConnection(host='dev.posit.niehs.nih.gov', port=443): Failed to resolve 'dev.posit.niehs.nih.gov' ([Errno 8] nodename nor servname provided, or not known)""))"
2768,PDF batch 2768/6155 (1 references),1,ConnectionError,"HTTPSConnectionPool(host='dev.posit.niehs.nih.gov', port=443): Max retries exceeded with url: /et/api/pdf-download (Caused by NameResolutionError(""HTTPSConnection(host='dev.posit.niehs.nih.gov', port=443): Failed to resolve 'dev.posit.niehs.nih.gov' ([Errno 8] nodename nor servname provided, or not known)""))"
2769,PDF batch 2769/6155 (1 references),1,ConnectionError,"HTTPSConnectionPool(host='dev.posit.niehs.nih.gov', port=443): Max retries exceeded with url: /et/api/pdf-download (Caused by NameResolutionError(""HTTPSConnection(host='dev.posit.niehs.nih.gov', port=443): Failed to resolve 'dev.posit.niehs.nih.gov' ([Errno 8] nodename nor servname provided, or not known)""))"
2774,PDF batch 2774/6155 (1 references),1,ConnectionError,"HTTPSConnectionPool(host='dev.posit.niehs.nih.gov', port=443): Max retries exceeded with url: /et/api/pdf-download (Caused by NameResolutionError(""HTTPSConnection(host='dev.posit.niehs.nih.gov', port=443): Failed to resolve 'dev.posit.niehs.nih.gov' ([Errno 8] nodename nor servname provided, or not known)""))"
2770,PDF batch 2770/6155 (1 references),1,ConnectionError,"HTTPSConnectionPool(host='dev.posit.niehs.nih.gov', port=443): Max retries exceeded with url: /et/api/pdf-download (Caused by NameResolutionError(""HTTPSConnection(host='dev.posit.niehs.nih.gov', port=443): Failed to resolve 'dev.posit.niehs.nih.gov' ([Errno 8] nodename nor servname provided, or not known)""))"
2773,PDF batch 2773/6155 (1 references),1,ConnectionError,"HTTPSConnectionPool(host='dev.posit.niehs.nih.gov', port=443): Max retries exceeded with url: /et/api/pdf-download (Caused by NameResolutionError(""HTTPSConnection(host='dev.posit.niehs.nih.gov', port=443): Failed to resolve 'dev.posit.niehs.nih.gov' ([Errno 8] nodename nor servname provided, or not known)""))"
2772,PDF batch 2772/6155 (1 references),1,ConnectionError,"HTTPSConnectionPool(host='dev.posit.niehs.nih.gov', port=443): Max retries exceeded with url: /et/api/pdf-download (Caused by NameResolutionError(""HTTPSConnection(host='dev.posit.niehs.nih.gov', port=443): Failed to resolve 'dev.posit.niehs.nih.gov' ([Errno 8] nodename nor servname provided, or not known)""))"
2771,PDF batch 2771/6155 (1 references),1,ConnectionError,"HTTPSConnectionPool(host='dev.posit.niehs.nih.gov', port=443): Max retries exceeded with url: /et/api/pdf-download (Caused by NameResolutionError(""HTTPSConnection(host='dev.posit.niehs.nih.gov', port=443): Failed to resolve 'dev.posit.niehs.nih.gov' ([Errno 8] nodename nor servname provided, or not known)""))"
2775,PDF batch 2775/6155 (1 references),1,ConnectionError,"HTTPSConnectionPool(host='dev.posit.niehs.nih.gov', port=443): Max retries exceeded with url: /et/api/pdf-download (Caused by NameResolutionError(""HTTPSConnection(host='dev.posit.niehs.nih.gov', port=443): Failed to resolve 'dev.posit.niehs.nih.gov' ([Errno 8] nodename nor servname provided, or not known)""))"
2776,PDF batch 2776/6155 (1 references),1,ConnectionError,"HTTPSConnectionPool(host='dev.posit.niehs.nih.gov', port=443): Max retries exceeded with url: /et/api/pdf-download (Caused by NameResolutionError(""HTTPSConnection(host='dev.posit.niehs.nih.gov', port=443): Failed to resolve 'dev.posit.niehs.nih.gov' ([Errno 8] nodename nor servname provided, or not known)""))"
2778,PDF batch 2778/6155 (1 references),1,ConnectionError,"HTTPSConnectionPool(host='dev.posit.niehs.nih.gov', port=443): Max retries exceeded with url: /et/api/pdf-download (Caused by NameResolutionError(""HTTPSConnection(host='dev.posit.niehs.nih.gov', port=443): Failed to resolve 'dev.posit.niehs.nih.gov' ([Errno 8] nodename nor servname provided, or not known)""))"
2777,PDF batch 2777/6155 (1 references),1,ConnectionError,"HTTPSConnectionPool(host='dev.posit.niehs.nih.gov', port=443): Max retries exceeded with url: /et/api/pdf-download (Caused by NameResolutionError(""HTTPSConnection(host='dev.posit.niehs.nih.gov', port=443): Failed to resolve 'dev.posit.niehs.nih.gov' ([Errno 8] nodename nor servname provided, or not known)""))"
2780,PDF batch 2780/6155 (1 references),1,ConnectionError,"HTTPSConnectionPool(host='dev.posit.niehs.nih.gov', port=443): Max retries exceeded with url: /et/api/pdf-download (Caused by NameResolutionError(""HTTPSConnection(host='dev.posit.niehs.nih.gov', port=443): Failed to resolve 'dev.posit.niehs.nih.gov' ([Errno 8] nodename nor servname provided, or not known)""))"
2781,PDF batch 2781/6155 (1 references),1,ConnectionError,"HTTPSConnectionPool(host='dev.posit.niehs.nih.gov', port=443): Max retries exceeded with url: /et/api/pdf-download (Caused by NameResolutionError(""HTTPSConnection(host='dev.posit.niehs.nih.gov', port=443): Failed to resolve 'dev.posit.niehs.nih.gov' ([Errno 8] nodename nor servname provided, or not known)""))"
2779,PDF batch 2779/6155 (1 references),1,ConnectionError,"HTTPSConnectionPool(host='dev.posit.niehs.nih.gov', port=443): Max retries exceeded with url: /et/api/pdf-download (Caused by NameResolutionError(""HTTPSConnection(host='dev.posit.niehs.nih.gov', port=443): Failed to resolve 'dev.posit.niehs.nih.gov' ([Errno 8] nodename nor servname provided, or not known)""))"
2782,PDF batch 2782/6155 (1 references),1,ConnectionError,"HTTPSConnectionPool(host='dev.posit.niehs.nih.gov', port=443): Max retries exceeded with url: /et/api/pdf-download (Caused by NameResolutionError(""HTTPSConnection(host='dev.posit.niehs.nih.gov', port=443): Failed to resolve 'dev.posit.niehs.nih.gov' ([Errno 8] nodename nor servname provided, or not known)""))"
2783,PDF batch 2783/6155 (1 references),1,ConnectionError,"HTTPSConnectionPool(host='dev.posit.niehs.nih.gov', port=443): Max retries exceeded with url: /et/api/pdf-download (Caused by NameResolutionError(""HTTPSConnection(host='dev.posit.niehs.nih.gov', port=443): Failed to resolve 'dev.posit.niehs.nih.gov' ([Errno 8] nodename nor servname provided, or not known)""))"
2784,PDF batch 2784/6155 (1 references),1,ConnectionError,"HTTPSConnectionPool(host='dev.posit.niehs.nih.gov', port=443): Max retries exceeded with url: /et/api/pdf-download (Caused by NameResolutionError(""HTTPSConnection(host='dev.posit.niehs.nih.gov', port=443): Failed to resolve 'dev.posit.niehs.nih.gov' ([Errno 8] nodename nor servname provided, or not known)""))"
2785,PDF batch 2785/6155 (1 references),1,ConnectionError,"HTTPSConnectionPool(host='dev.posit.niehs.nih.gov', port=443): Max retries exceeded with url: /et/api/pdf-download (Caused by NameResolutionError(""HTTPSConnection(host='dev.posit.niehs.nih.gov', port=443): Failed to resolve 'dev.posit.niehs.nih.gov' ([Errno 8] nodename nor servname provided, or not known)""))"
2786,PDF batch 2786/6155 (1 references),1,ConnectionError,"HTTPSConnectionPool(host='dev.posit.niehs.nih.gov', port=443): Max retries exceeded with url: /et/api/pdf-download (Caused by NameResolutionError(""HTTPSConnection(host='dev.posit.niehs.nih.gov', port=443): Failed to resolve 'dev.posit.niehs.nih.gov' ([Errno 8] nodename nor servname provided, or not known)""))"
2789,PDF batch 2789/6155 (1 references),1,ConnectionError,"HTTPSConnectionPool(host='dev.posit.niehs.nih.gov', port=443): Max retries exceeded with url: /et/api/pdf-download (Caused by NameResolutionError(""HTTPSConnection(host='dev.posit.niehs.nih.gov', port=443): Failed to resolve 'dev.posit.niehs.nih.gov' ([Errno 8] nodename nor servname provided, or not known)""))"
2788,PDF batch 2788/6155 (1 references),1,ConnectionError,"HTTPSConnectionPool(host='dev.posit.niehs.nih.gov', port=443): Max retries exceeded with url: /et/api/pdf-download (Caused by NameResolutionError(""HTTPSConnection(host='dev.posit.niehs.nih.gov', port=443): Failed to resolve 'dev.posit.niehs.nih.gov' ([Errno 8] nodename nor servname provided, or not known)""))"
2791,PDF batch 2791/6155 (1 references),1,ConnectionError,"HTTPSConnectionPool(host='dev.posit.niehs.nih.gov', port=443): Max retries exceeded with url: /et/api/pdf-download (Caused by NameResolutionError(""HTTPSConnection(host='dev.posit.niehs.nih.gov', port=443): Failed to resolve 'dev.posit.niehs.nih.gov' ([Errno 8] nodename nor servname provided, or not known)""))"
2787,PDF batch 2787/6155 (1 references),1,ConnectionError,"HTTPSConnectionPool(host='dev.posit.niehs.nih.gov', port=443): Max retries exceeded with url: /et/api/pdf-download (Caused by NameResolutionError(""HTTPSConnection(host='dev.posit.niehs.nih.gov', port=443): Failed to resolve 'dev.posit.niehs.nih.gov' ([Errno 8] nodename nor servname provided, or not known)""))"
2790,PDF batch 2790/6155 (1 references),1,ConnectionError,"HTTPSConnectionPool(host='dev.posit.niehs.nih.gov', port=443): Max retries exceeded with url: /et/api/pdf-download (Caused by NameResolutionError(""HTTPSConnection(host='dev.posit.niehs.nih.gov', port=443): Failed to resolve 'dev.posit.niehs.nih.gov' ([Errno 8] nodename nor servname provided, or not known)""))"
2794,PDF batch 2794/6155 (1 references),1,ConnectionError,"HTTPSConnectionPool(host='dev.posit.niehs.nih.gov', port=443): Max retries exceeded with url: /et/api/pdf-download (Caused by NameResolutionError(""HTTPSConnection(host='dev.posit.niehs.nih.gov', port=443): Failed to resolve 'dev.posit.niehs.nih.gov' ([Errno 8] nodename nor servname provided, or not known)""))"
2792,PDF batch 2792/6155 (1 references),1,ConnectionError,"HTTPSConnectionPool(host='dev.posit.niehs.nih.gov', port=443): Max retries exceeded with url: /et/api/pdf-download (Caused by NameResolutionError(""HTTPSConnection(host='dev.posit.niehs.nih.gov', port=443): Failed to resolve 'dev.posit.niehs.nih.gov' ([Errno 8] nodename nor servname provided, or not known)""))"
2793,PDF batch 2793/6155 (1 references),1,ConnectionError,"HTTPSConnectionPool(host='dev.posit.niehs.nih.gov', port=443): Max retries exceeded with url: /et/api/pdf-download (Caused by NameResolutionError(""HTTPSConnection(host='dev.posit.niehs.nih.gov', port=443): Failed to resolve 'dev.posit.niehs.nih.gov' ([Errno 8] nodename nor servname provided, or not known)""))"
2795,PDF batch 2795/6155 (1 references),1,ConnectionError,"HTTPSConnectionPool(host='dev.posit.niehs.nih.gov', port=443): Max retries exceeded with url: /et/api/pdf-download (Caused by NameResolutionError(""HTTPSConnection(host='dev.posit.niehs.nih.gov', port=443): Failed to resolve 'dev.posit.niehs.nih.gov' ([Errno 8] nodename nor servname provided, or not known)""))"
2800,PDF batch 2800/6155 (1 references),1,ConnectionError,"HTTPSConnectionPool(host='dev.posit.niehs.nih.gov', port=443): Max retries exceeded with url: /et/api/pdf-download (Caused by NameResolutionError(""HTTPSConnection(host='dev.posit.niehs.nih.gov', port=443): Failed to resolve 'dev.posit.niehs.nih.gov' ([Errno 8] nodename nor servname provided, or not known)""))"
2801,PDF batch 2801/6155 (1 references),1,ConnectionError,"HTTPSConnectionPool(host='dev.posit.niehs.nih.gov', port=443): Max retries exceeded with url: /et/api/pdf-download (Caused by NameResolutionError(""HTTPSConnection(host='dev.posit.niehs.nih.gov', port=443): Failed to resolve 'dev.posit.niehs.nih.gov' ([Errno 8] nodename nor servname provided, or not known)""))"
2799,PDF batch 2799/6155 (1 references),1,ConnectionError,"HTTPSConnectionPool(host='dev.posit.niehs.nih.gov', port=443): Max retries exceeded with url: /et/api/pdf-download (Caused by NameResolutionError(""HTTPSConnection(host='dev.posit.niehs.nih.gov', port=443): Failed to resolve 'dev.posit.niehs.nih.gov' ([Errno 8] nodename nor servname provided, or not known)""))"
2797,PDF batch 2797/6155 (1 references),1,ConnectionError,"HTTPSConnectionPool(host='dev.posit.niehs.nih.gov', port=443): Max retries exceeded with url: /et/api/pdf-download (Caused by NameResolutionError(""HTTPSConnection(host='dev.posit.niehs.nih.gov', port=443): Failed to resolve 'dev.posit.niehs.nih.gov' ([Errno 8] nodename nor servname provided, or not known)""))"
2796,PDF batch 2796/6155 (1 references),1,ConnectionError,"HTTPSConnectionPool(host='dev.posit.niehs.nih.gov', port=443): Max retries exceeded with url: /et/api/pdf-download (Caused by NameResolutionError(""HTTPSConnection(host='dev.posit.niehs.nih.gov', port=443): Failed to resolve 'dev.posit.niehs.nih.gov' ([Errno 8] nodename nor servname provided, or not known)""))"
2798,PDF batch 2798/6155 (1 references),1,ConnectionError,"HTTPSConnectionPool(host='dev.posit.niehs.nih.gov', port=443): Max retries exceeded with url: /et/api/pdf-download (Caused by NameResolutionError(""HTTPSConnection(host='dev.posit.niehs.nih.gov', port=443): Failed to resolve 'dev.posit.niehs.nih.gov' ([Errno 8] nodename nor servname provided, or not known)""))"
2802,PDF batch 2802/6155 (1 references),1,ConnectionError,"HTTPSConnectionPool(host='dev.posit.niehs.nih.gov', port=443): Max retries exceeded with url: /et/api/pdf-download (Caused by NameResolutionError(""HTTPSConnection(host='dev.posit.niehs.nih.gov', port=443): Failed to resolve 'dev.posit.niehs.nih.gov' ([Errno 8] nodename nor servname provided, or not known)""))"
