article_i,title_i,article_j,title_j,cosine_similarity,cosine_distance
PMID: 42623452,Respiratory and Cardiovascular Effects of Ozone Modified by PM2.5: Evidence from a Panel Study and a Meta-Regression Analysis.,PMID: 42611483,Identification of Pro-Atherogenic Microenvironment-Associated Molecular Signatures in Response to Key Effective PM2.5 Constituents Using a Blood-Brain Barrier-Immune Microenvironment Platform.,0.4598,0.5402
PMID: 42623452,Respiratory and Cardiovascular Effects of Ozone Modified by PM2.5: Evidence from a Panel Study and a Meta-Regression Analysis.,PMID: 42607263,Climate-Smart Health Care: Role of the Family Physician.,0.0898,0.9102
PMID: 42623452,Respiratory and Cardiovascular Effects of Ozone Modified by PM2.5: Evidence from a Panel Study and a Meta-Regression Analysis.,PMID: 42603825,Short-term air pollution exposure and COVID-19 pneumonia in New York City: stronger associations among individuals with pre-existing cardiovascular conditions.,0.0693,0.9307
PMID: 42623452,Respiratory and Cardiovascular Effects of Ozone Modified by PM2.5: Evidence from a Panel Study and a Meta-Regression Analysis.,PMID: 42600829,Integrated Computational and In Vivo Evidence Prioritizes MYH6 as a Candidate Node in PFOS-Associated HCM-like Cardiac Remodeling.,0.1195,0.8805
PMID: 42623452,Respiratory and Cardiovascular Effects of Ozone Modified by PM2.5: Evidence from a Panel Study and a Meta-Regression Analysis.,PMID: 42600486,A prospective twin cohort investigates placental transfer efficiency as a potential determinant of fetal growth across a 300-xenobiotic maternal-fetal exposure landscape.,0.0588,0.9412
PMID: 42623452,Respiratory and Cardiovascular Effects of Ozone Modified by PM2.5: Evidence from a Panel Study and a Meta-Regression Analysis.,PMID: 42600302,Impairment of placental function and maternal-fetal immunity cross-talk by per- and polyfluoroalkyl substances during early pregnancy.,0.0908,0.9092
PMID: 42623452,Respiratory and Cardiovascular Effects of Ozone Modified by PM2.5: Evidence from a Panel Study and a Meta-Regression Analysis.,PMID: 42598180,Effect of ambient relative humidity and particulate matter on the levels of asthma therapy.,0.3698,0.6302
PMID: 42623452,Respiratory and Cardiovascular Effects of Ozone Modified by PM2.5: Evidence from a Panel Study and a Meta-Regression Analysis.,PMID: 42595534,[Acute impact of combined exposure to cold spell and heavy pollution on circulatory disease mortality in the Beijing-Tianjin-Hebei Region and surrounding areas].,0.3516,0.6484
PMID: 42623452,Respiratory and Cardiovascular Effects of Ozone Modified by PM2.5: Evidence from a Panel Study and a Meta-Regression Analysis.,PMID: 42595033,Prenatal PFAS exposure and early childhood sleep quality in the ECHO Cohort.,0.0242,0.9758
PMID: 42623452,Respiratory and Cardiovascular Effects of Ozone Modified by PM2.5: Evidence from a Panel Study and a Meta-Regression Analysis.,PMID: 42595030,Association between long-term ambient PM. exposure and hypertension and metabolic syndrome among Ghanaian adults. 2 5,0.4399,0.5601
PMID: 42623452,Respiratory and Cardiovascular Effects of Ozone Modified by PM2.5: Evidence from a Panel Study and a Meta-Regression Analysis.,PMID: 42594972,Gestational inhalation of nanoparticles alters placental glucose transporter expression and increases glucose flux in rats.,0.1259,0.8741
PMID: 42623452,Respiratory and Cardiovascular Effects of Ozone Modified by PM2.5: Evidence from a Panel Study and a Meta-Regression Analysis.,PMID: 42588124,Nutrition and Hydration Strategies for Heatwave Adaptation: A Narrative Review.,0.1284,0.8716
PMID: 42623452,Respiratory and Cardiovascular Effects of Ozone Modified by PM2.5: Evidence from a Panel Study and a Meta-Regression Analysis.,PMID: 42551848,Critical Windows of Air Pollution Exposure During Spermatogenesis and Intrauterine Insemination Outcomes.,0.5777,0.4223
PMID: 42623452,Respiratory and Cardiovascular Effects of Ozone Modified by PM2.5: Evidence from a Panel Study and a Meta-Regression Analysis.,PMID: 42570382,Heat-protective behavior in pregnancy: Extending Protection Motivation Theory with environmental and social factors.,0.0334,0.9666
PMID: 42623452,Respiratory and Cardiovascular Effects of Ozone Modified by PM2.5: Evidence from a Panel Study and a Meta-Regression Analysis.,PMID: 42568331,Association between long-term exposure to air pollution and blood pressure in children: an updated systematic review and meta-analysis.,0.069,0.931
PMID: 42623452,Respiratory and Cardiovascular Effects of Ozone Modified by PM2.5: Evidence from a Panel Study and a Meta-Regression Analysis.,PMID: 42565432,"Time series analysis of environmental factors and their association with emergency visits for asthma exacerbations in Petaling Jaya, Malaysia.",0.1025,0.8975
PMID: 42623452,Respiratory and Cardiovascular Effects of Ozone Modified by PM2.5: Evidence from a Panel Study and a Meta-Regression Analysis.,PMID: 42551796,Association of PFAS exposure with maternal blood pressure and hypertension during pregnancy in the PROTECT cohort.,0.0242,0.9758
PMID: 42623452,Respiratory and Cardiovascular Effects of Ozone Modified by PM2.5: Evidence from a Panel Study and a Meta-Regression Analysis.,PMID: 42557995,The Impact of Heat and Bushfire Smoke on Health System Utilisation in Australia.,0.0985,0.9015
PMID: 42623452,Respiratory and Cardiovascular Effects of Ozone Modified by PM2.5: Evidence from a Panel Study and a Meta-Regression Analysis.,PMID: 42544117,Spatial analysis of environmental and socioeconomic factors impacting maternal and infant health outcomes in North Carolina.,0.0938,0.9062
PMID: 42623452,Respiratory and Cardiovascular Effects of Ozone Modified by PM2.5: Evidence from a Panel Study and a Meta-Regression Analysis.,PMID: 42540534,Exposure to Airborne Particulate Matter in Regional Environments of Bangladesh and Its Effects on Respiratory Health: A Narrative Review.,0.0978,0.9022
PMID: 42623452,Respiratory and Cardiovascular Effects of Ozone Modified by PM2.5: Evidence from a Panel Study and a Meta-Regression Analysis.,PMID: 42538170,Household incense burning and small for gestational age risk in newborn infants.,0.0759,0.9241
PMID: 42623452,Respiratory and Cardiovascular Effects of Ozone Modified by PM2.5: Evidence from a Panel Study and a Meta-Regression Analysis.,PMID: 42534890,Prenatal PFAS exposure and offspring health: evidence review and implications for intergenerational risk assessment.,0.0523,0.9477
PMID: 42623452,Respiratory and Cardiovascular Effects of Ozone Modified by PM2.5: Evidence from a Panel Study and a Meta-Regression Analysis.,PMID: 42529083,Environmental and socioeconomic influences on childhood asthma and pneumonia: burden and healthcare utilization in a population-based cohort study.,0.0656,0.9344
PMID: 42623452,Respiratory and Cardiovascular Effects of Ozone Modified by PM2.5: Evidence from a Panel Study and a Meta-Regression Analysis.,PMID: 42529026,"Short-term associations between ambient air pollution and cardiovascular disease mortality: an 11-year time-series study in Nanning, China.",0.1313,0.8687
PMID: 42623452,Respiratory and Cardiovascular Effects of Ozone Modified by PM2.5: Evidence from a Panel Study and a Meta-Regression Analysis.,PMID: 42528898,"Interpretable machine learning for identifying determinants of high hypertension burden under extreme heat vulnerability: evidence from Maryland, USA.",0.0667,0.9333
PMID: 42623452,Respiratory and Cardiovascular Effects of Ozone Modified by PM2.5: Evidence from a Panel Study and a Meta-Regression Analysis.,PMID: 42524808,Compound Exposure to Extreme Heat and Substantial Landscape Fire-Sourced Air Pollution on Cardiovascular Mortality.,0.0913,0.9087
PMID: 42623452,Respiratory and Cardiovascular Effects of Ozone Modified by PM2.5: Evidence from a Panel Study and a Meta-Regression Analysis.,PMID: 42524806,Heat Plus Fire: A Compound Hazard Threatening Cardiovascular Health.,0.2705,0.7295
PMID: 42623452,Respiratory and Cardiovascular Effects of Ozone Modified by PM2.5: Evidence from a Panel Study and a Meta-Regression Analysis.,PMID: 42521043,Heat stress promotes myocardial injury and ventricular arrhythmia through DRP1-mediated mitochondrial dysfunction.,0.1367,0.8633
PMID: 42623452,Respiratory and Cardiovascular Effects of Ozone Modified by PM2.5: Evidence from a Panel Study and a Meta-Regression Analysis.,PMID: 42520874,Long-term particulate matter exposure and coronary inflammation: A large-scale cohort study assessed by pericoronary fat attenuation index.,0.2603,0.7397
PMID: 42623452,Respiratory and Cardiovascular Effects of Ozone Modified by PM2.5: Evidence from a Panel Study and a Meta-Regression Analysis.,PMID: 42520868,Maternal exposure to particulate matter during pregnancy and offspring liver function.,0.0926,0.9074
PMID: 42623452,Respiratory and Cardiovascular Effects of Ozone Modified by PM2.5: Evidence from a Panel Study and a Meta-Regression Analysis.,PMID: 42520653,"Perfluoroalkyl/Polyfluoroalkyl Substances, Hemostatic/Inflammatory Biomarkers, and Incident Hypertension: The Study of Women's Health Across the Nation.",0.029,0.971
PMID: 42623452,Respiratory and Cardiovascular Effects of Ozone Modified by PM2.5: Evidence from a Panel Study and a Meta-Regression Analysis.,PMID: 42512137,Weather Information Seeking and Heat-Health Protective Actions During Pregnancy: An Exploratory Study.,0.0944,0.9056
PMID: 42623452,Respiratory and Cardiovascular Effects of Ozone Modified by PM2.5: Evidence from a Panel Study and a Meta-Regression Analysis.,PMID: 42508048,Air pollution and cardiovascular disease: A review of current scientific data.,0.4307,0.5693
PMID: 42623452,Respiratory and Cardiovascular Effects of Ozone Modified by PM2.5: Evidence from a Panel Study and a Meta-Regression Analysis.,PMID: 42503941,[Advances on the effects and mechanisms of maternal exposure to particulate matter on offspring neurodevelopment].,0.0492,0.9508
PMID: 42623452,Respiratory and Cardiovascular Effects of Ozone Modified by PM2.5: Evidence from a Panel Study and a Meta-Regression Analysis.,PMID: 42500877,Case-Crossover Analysis of Short-Term Particulate Matter and Health Outcomes in Patients With Atrial Fibrillation.,0.5499,0.4501
PMID: 42623452,Respiratory and Cardiovascular Effects of Ozone Modified by PM2.5: Evidence from a Panel Study and a Meta-Regression Analysis.,PMID: 42496250,Mechanisms of Heat-Induced Sleep Disruption in Aging: A Narrative Review.,0.1463,0.8537
PMID: 42623452,Respiratory and Cardiovascular Effects of Ozone Modified by PM2.5: Evidence from a Panel Study and a Meta-Regression Analysis.,PMID: 42492149,Prenatal air pollution exposure and placental biomarkers of oxidative stress and ageing: results from the BiSC cohort.,0.0616,0.9384
PMID: 42623452,Respiratory and Cardiovascular Effects of Ozone Modified by PM2.5: Evidence from a Panel Study and a Meta-Regression Analysis.,PMID: 42488199,Changes in respiratory and cardiovascular morbidity air pollution risk and attributable burden in New York City.,0.2931,0.7069
PMID: 42623452,Respiratory and Cardiovascular Effects of Ozone Modified by PM2.5: Evidence from a Panel Study and a Meta-Regression Analysis.,PMID: 42488198,A comprehensive study on the association of personal air pollution exposure with thyroid hormones in pregnant women.,0.0502,0.9498
PMID: 42623452,Respiratory and Cardiovascular Effects of Ozone Modified by PM2.5: Evidence from a Panel Study and a Meta-Regression Analysis.,PMID: 42484582,Constituent-Specific PM and Cardiovascular Risk: From Mass to Mixture. 2.5,0.2705,0.7295
PMID: 42623452,Respiratory and Cardiovascular Effects of Ozone Modified by PM2.5: Evidence from a Panel Study and a Meta-Regression Analysis.,PMID: 42483592,Quantifying the Health Benefits Linked to Reduced Traffic-Related PM Exposure on Acute Coronary Syndrome Incidence in China. 2.5,0.1017,0.8983
PMID: 42623452,Respiratory and Cardiovascular Effects of Ozone Modified by PM2.5: Evidence from a Panel Study and a Meta-Regression Analysis.,PMID: 42483588,Transcriptomic Perturbations in Placental Gene Expression Following Developmental Exposure to Perfluorooctanoic Acid (PFOA) or Hexafluoropropylene Oxide-Dimer Acid (HFPO-DA or GenX) in CD‑1 Mice Are Consistent with Placental Insufficiency.,0.0486,0.9514
PMID: 42623452,Respiratory and Cardiovascular Effects of Ozone Modified by PM2.5: Evidence from a Panel Study and a Meta-Regression Analysis.,PMID: 42483065,"Combined effects of apparent low temperature and PM pollution on circulatory emergency ambulance calls: a time-series analysis in Shijiazhuang, China. 2.5",0.1474,0.8526
PMID: 42623452,Respiratory and Cardiovascular Effects of Ozone Modified by PM2.5: Evidence from a Panel Study and a Meta-Regression Analysis.,PMID: 42482688,"Size-specific health effects of particulate matter components on cardiovascular mortality: a weekly time-series study in Tianjin, China.",0.4957,0.5043
PMID: 42623452,Respiratory and Cardiovascular Effects of Ozone Modified by PM2.5: Evidence from a Panel Study and a Meta-Regression Analysis.,PMID: 42476417,Thermophysiological response of adults to long-distance running in different ACSM environmental risk conditions: A systematic review and meta-analysis.,0.0803,0.9197
PMID: 42623452,Respiratory and Cardiovascular Effects of Ozone Modified by PM2.5: Evidence from a Panel Study and a Meta-Regression Analysis.,PMID: 42474428,Individual and neighborhood factors influencing pediatric asthma exacerbations during urban heatwaves.,0.0696,0.9304
PMID: 42623452,Respiratory and Cardiovascular Effects of Ozone Modified by PM2.5: Evidence from a Panel Study and a Meta-Regression Analysis.,PMID: 42472615,Targeted inhibition of JAK2 phosphorylation by GenX disrupts the JAK2-STAT3 pathway and induces cardiovascular toxicity in zebrafish: Insights from network toxicology and molecular dynamics.,0.1158,0.8842
PMID: 42623452,Respiratory and Cardiovascular Effects of Ozone Modified by PM2.5: Evidence from a Panel Study and a Meta-Regression Analysis.,PMID: 42471626,Associations between wildland fire smoke PM and maternal blood pressure. 2.5,0.4128,0.5872
PMID: 42623452,Respiratory and Cardiovascular Effects of Ozone Modified by PM2.5: Evidence from a Panel Study and a Meta-Regression Analysis.,PMID: 42466507,Joint Effects of Heat and Fine Particulate Matter on Out-of-Hospital Cardiac Arrest in Japan: A Nationwide Time-Stratified Case-Crossover Study.,0.1007,0.8993
PMID: 42623452,Respiratory and Cardiovascular Effects of Ozone Modified by PM2.5: Evidence from a Panel Study and a Meta-Regression Analysis.,PMID: 42459959,Mechanistic insights into PM-induced cardiac fibrosis involving ERS/TXNIP/NLRP3-driven pyroptosis in multiple cell types. 2.5,0.4032,0.5968
PMID: 42623452,Respiratory and Cardiovascular Effects of Ozone Modified by PM2.5: Evidence from a Panel Study and a Meta-Regression Analysis.,PMID: 42455550,"Modifiable Risk Factors and Attributable Ischemic Heart Disease Mortality in US States, 1990-2023: A Systematic Analysis for the Global Burden of Disease Study 2023.",0.1158,0.8842
PMID: 42623452,Respiratory and Cardiovascular Effects of Ozone Modified by PM2.5: Evidence from a Panel Study and a Meta-Regression Analysis.,PMID: 42455100,Long-Term Exposure to PM Constituents and Coronary Heart Disease Risk in China. 2.5,0.1103,0.8897
PMID: 42623452,Respiratory and Cardiovascular Effects of Ozone Modified by PM2.5: Evidence from a Panel Study and a Meta-Regression Analysis.,PMID: 42450330,Imaging and Molecular Biomarkers of PFAS-Related Vascular Aging: A Narrative Review.,0.1023,0.8977
PMID: 42623452,Respiratory and Cardiovascular Effects of Ozone Modified by PM2.5: Evidence from a Panel Study and a Meta-Regression Analysis.,PMID: 42449303,Environmental exposome and its public health impact on COPD and asthma exacerbations in France.,0.0633,0.9367
PMID: 42623452,Respiratory and Cardiovascular Effects of Ozone Modified by PM2.5: Evidence from a Panel Study and a Meta-Regression Analysis.,PMID: 42447841,Micro- and nano-plastics in the coronary circulation and air pollution exposure in ischaemic heart disease presentation.,0.3677,0.6323
PMID: 42623452,Respiratory and Cardiovascular Effects of Ozone Modified by PM2.5: Evidence from a Panel Study and a Meta-Regression Analysis.,PMID: 42445923,"Ambient temperature, rainfall, and adverse maternal and child health outcomes in Nigeria: evidence from a national cross-sectional study.",0.1043,0.8957
PMID: 42623452,Respiratory and Cardiovascular Effects of Ozone Modified by PM2.5: Evidence from a Panel Study and a Meta-Regression Analysis.,PMID: 42442744,"Fine Particulate Matter (PM2.5), the Exposome, and Cumulative Health Risk: A Life-course Perspective.",0.2509,0.7491
PMID: 42623452,Respiratory and Cardiovascular Effects of Ozone Modified by PM2.5: Evidence from a Panel Study and a Meta-Regression Analysis.,PMID: 42440588,Maternal exposure to fine particulate matter and autism spectrum disorder in children: population based case-control study.,0.3705,0.6295
PMID: 42623452,Respiratory and Cardiovascular Effects of Ozone Modified by PM2.5: Evidence from a Panel Study and a Meta-Regression Analysis.,PMID: 42437198,"Air Pollution Mixture and Folate Status Indicators among Pregnant Women in Canada: Maternal-Infant Research on Environmental Chemicals (MIREC) Study, 2008 to 2011.",0.5208,0.4792
PMID: 42623452,Respiratory and Cardiovascular Effects of Ozone Modified by PM2.5: Evidence from a Panel Study and a Meta-Regression Analysis.,PMID: 42428257,Prenatal Air Pollution Exposure and Autism Spectrum Disorder in the ECHO Consortium.,0.4804,0.5196
PMID: 42623452,Respiratory and Cardiovascular Effects of Ozone Modified by PM2.5: Evidence from a Panel Study and a Meta-Regression Analysis.,PMID: 42422320,"Maternal ambient air pollution exposure and risk of stillbirth in Georgia, USA.",0.08,0.92
PMID: 42623452,Respiratory and Cardiovascular Effects of Ozone Modified by PM2.5: Evidence from a Panel Study and a Meta-Regression Analysis.,PMID: 42420937,Assessing the feasibility of indoor air quality monitoring in low-income housing among Black adults with uncontrolled asthma in New York City.,0.2125,0.7875
PMID: 42623452,Respiratory and Cardiovascular Effects of Ozone Modified by PM2.5: Evidence from a Panel Study and a Meta-Regression Analysis.,PMID: 42420917,Effects of per- and polyfluoroalkyl substances on maternal thyroid function: a stratified analysis by maternal iodine status and thyroid autoantibody status.,0.0649,0.9351
PMID: 42623452,Respiratory and Cardiovascular Effects of Ozone Modified by PM2.5: Evidence from a Panel Study and a Meta-Regression Analysis.,PMID: 42419777,Genetic susceptibility to respiratory health effects from outdoor air pollution: a structured narrative review.,0.0474,0.9526
PMID: 42623452,Respiratory and Cardiovascular Effects of Ozone Modified by PM2.5: Evidence from a Panel Study and a Meta-Regression Analysis.,PMID: 42416905,Association between air pollution and incident cardiovascular diseases among a population with cardiovascular-kidney-metabolic syndrome stages 0-3: the first evidence from the China Health and Retirement Longitudinal Study.,0.1343,0.8657
PMID: 42623452,Respiratory and Cardiovascular Effects of Ozone Modified by PM2.5: Evidence from a Panel Study and a Meta-Regression Analysis.,PMID: 42414291,Causal effects of wildfire PM on hospital costs and length of stay in Brazil. 2.5,0.3566,0.6434
PMID: 42623452,Respiratory and Cardiovascular Effects of Ozone Modified by PM2.5: Evidence from a Panel Study and a Meta-Regression Analysis.,PMID: 42413509,Adaptations to Climate Change-Related Environmental Phenomena to Achieve Physical Activity Recommendations for Adults Aged 65 and Older.,0.1184,0.8816
PMID: 42623452,Respiratory and Cardiovascular Effects of Ozone Modified by PM2.5: Evidence from a Panel Study and a Meta-Regression Analysis.,PMID: 42410409,Investigating environmental heat exposure and its effects on maternal and fetal health in rural Northern Ghana (Physio-HeMAB Study): a study protocol for a cluster randomized trial.,0.0563,0.9437
PMID: 42623452,Respiratory and Cardiovascular Effects of Ozone Modified by PM2.5: Evidence from a Panel Study and a Meta-Regression Analysis.,PMID: 42406176,"Associations of short-, mid-, and long-term particulate matter exposure with elevated LDL-C levels in Korean adults: analysis of KNHANES 2016-2022.",0.1741,0.8259
PMID: 42623452,Respiratory and Cardiovascular Effects of Ozone Modified by PM2.5: Evidence from a Panel Study and a Meta-Regression Analysis.,PMID: 42403579,Exposure to air and water pollution during pregnancy and risk of adverse perinatal outcomes in São Paulo State: protocol for a retrospective population-based cohort study.,0.2263,0.7737
PMID: 42611483,Identification of Pro-Atherogenic Microenvironment-Associated Molecular Signatures in Response to Key Effective PM2.5 Constituents Using a Blood-Brain Barrier-Immune Microenvironment Platform.,PMID: 42607263,Climate-Smart Health Care: Role of the Family Physician.,0.0784,0.9216
PMID: 42611483,Identification of Pro-Atherogenic Microenvironment-Associated Molecular Signatures in Response to Key Effective PM2.5 Constituents Using a Blood-Brain Barrier-Immune Microenvironment Platform.,PMID: 42603825,Short-term air pollution exposure and COVID-19 pneumonia in New York City: stronger associations among individuals with pre-existing cardiovascular conditions.,0.2932,0.7068
PMID: 42611483,Identification of Pro-Atherogenic Microenvironment-Associated Molecular Signatures in Response to Key Effective PM2.5 Constituents Using a Blood-Brain Barrier-Immune Microenvironment Platform.,PMID: 42600829,Integrated Computational and In Vivo Evidence Prioritizes MYH6 as a Candidate Node in PFOS-Associated HCM-like Cardiac Remodeling.,0.1048,0.8952
PMID: 42611483,Identification of Pro-Atherogenic Microenvironment-Associated Molecular Signatures in Response to Key Effective PM2.5 Constituents Using a Blood-Brain Barrier-Immune Microenvironment Platform.,PMID: 42600486,A prospective twin cohort investigates placental transfer efficiency as a potential determinant of fetal growth across a 300-xenobiotic maternal-fetal exposure landscape.,0.0514,0.9486
PMID: 42611483,Identification of Pro-Atherogenic Microenvironment-Associated Molecular Signatures in Response to Key Effective PM2.5 Constituents Using a Blood-Brain Barrier-Immune Microenvironment Platform.,PMID: 42600302,Impairment of placental function and maternal-fetal immunity cross-talk by per- and polyfluoroalkyl substances during early pregnancy.,0.3063,0.6937
PMID: 42611483,Identification of Pro-Atherogenic Microenvironment-Associated Molecular Signatures in Response to Key Effective PM2.5 Constituents Using a Blood-Brain Barrier-Immune Microenvironment Platform.,PMID: 42598180,Effect of ambient relative humidity and particulate matter on the levels of asthma therapy.,0.5807,0.4193
PMID: 42611483,Identification of Pro-Atherogenic Microenvironment-Associated Molecular Signatures in Response to Key Effective PM2.5 Constituents Using a Blood-Brain Barrier-Immune Microenvironment Platform.,PMID: 42595534,[Acute impact of combined exposure to cold spell and heavy pollution on circulatory disease mortality in the Beijing-Tianjin-Hebei Region and surrounding areas].,0.5358,0.4642
PMID: 42611483,Identification of Pro-Atherogenic Microenvironment-Associated Molecular Signatures in Response to Key Effective PM2.5 Constituents Using a Blood-Brain Barrier-Immune Microenvironment Platform.,PMID: 42595033,Prenatal PFAS exposure and early childhood sleep quality in the ECHO Cohort.,0.0212,0.9788
PMID: 42611483,Identification of Pro-Atherogenic Microenvironment-Associated Molecular Signatures in Response to Key Effective PM2.5 Constituents Using a Blood-Brain Barrier-Immune Microenvironment Platform.,PMID: 42595030,Association between long-term ambient PM. exposure and hypertension and metabolic syndrome among Ghanaian adults. 2 5,0.3287,0.6713
PMID: 42611483,Identification of Pro-Atherogenic Microenvironment-Associated Molecular Signatures in Response to Key Effective PM2.5 Constituents Using a Blood-Brain Barrier-Immune Microenvironment Platform.,PMID: 42594972,Gestational inhalation of nanoparticles alters placental glucose transporter expression and increases glucose flux in rats.,0.4252,0.5748
PMID: 42611483,Identification of Pro-Atherogenic Microenvironment-Associated Molecular Signatures in Response to Key Effective PM2.5 Constituents Using a Blood-Brain Barrier-Immune Microenvironment Platform.,PMID: 42588124,Nutrition and Hydration Strategies for Heatwave Adaptation: A Narrative Review.,0.0528,0.9472
PMID: 42611483,Identification of Pro-Atherogenic Microenvironment-Associated Molecular Signatures in Response to Key Effective PM2.5 Constituents Using a Blood-Brain Barrier-Immune Microenvironment Platform.,PMID: 42551848,Critical Windows of Air Pollution Exposure During Spermatogenesis and Intrauterine Insemination Outcomes.,0.5061,0.4939
PMID: 42611483,Identification of Pro-Atherogenic Microenvironment-Associated Molecular Signatures in Response to Key Effective PM2.5 Constituents Using a Blood-Brain Barrier-Immune Microenvironment Platform.,PMID: 42570382,Heat-protective behavior in pregnancy: Extending Protection Motivation Theory with environmental and social factors.,0.0291,0.9709
PMID: 42611483,Identification of Pro-Atherogenic Microenvironment-Associated Molecular Signatures in Response to Key Effective PM2.5 Constituents Using a Blood-Brain Barrier-Immune Microenvironment Platform.,PMID: 42568331,Association between long-term exposure to air pollution and blood pressure in children: an updated systematic review and meta-analysis.,0.291,0.709
PMID: 42611483,Identification of Pro-Atherogenic Microenvironment-Associated Molecular Signatures in Response to Key Effective PM2.5 Constituents Using a Blood-Brain Barrier-Immune Microenvironment Platform.,PMID: 42565432,"Time series analysis of environmental factors and their association with emergency visits for asthma exacerbations in Petaling Jaya, Malaysia.",0.3449,0.6551
PMID: 42611483,Identification of Pro-Atherogenic Microenvironment-Associated Molecular Signatures in Response to Key Effective PM2.5 Constituents Using a Blood-Brain Barrier-Immune Microenvironment Platform.,PMID: 42551796,Association of PFAS exposure with maternal blood pressure and hypertension during pregnancy in the PROTECT cohort.,0.0211,0.9789
PMID: 42611483,Identification of Pro-Atherogenic Microenvironment-Associated Molecular Signatures in Response to Key Effective PM2.5 Constituents Using a Blood-Brain Barrier-Immune Microenvironment Platform.,PMID: 42557995,The Impact of Heat and Bushfire Smoke on Health System Utilisation in Australia.,0.332,0.668
PMID: 42611483,Identification of Pro-Atherogenic Microenvironment-Associated Molecular Signatures in Response to Key Effective PM2.5 Constituents Using a Blood-Brain Barrier-Immune Microenvironment Platform.,PMID: 42544117,Spatial analysis of environmental and socioeconomic factors impacting maternal and infant health outcomes in North Carolina.,0.0819,0.9181
PMID: 42611483,Identification of Pro-Atherogenic Microenvironment-Associated Molecular Signatures in Response to Key Effective PM2.5 Constituents Using a Blood-Brain Barrier-Immune Microenvironment Platform.,PMID: 42540534,Exposure to Airborne Particulate Matter in Regional Environments of Bangladesh and Its Effects on Respiratory Health: A Narrative Review.,0.3297,0.6703
PMID: 42611483,Identification of Pro-Atherogenic Microenvironment-Associated Molecular Signatures in Response to Key Effective PM2.5 Constituents Using a Blood-Brain Barrier-Immune Microenvironment Platform.,PMID: 42538170,Household incense burning and small for gestational age risk in newborn infants.,0.3209,0.6791
PMID: 42611483,Identification of Pro-Atherogenic Microenvironment-Associated Molecular Signatures in Response to Key Effective PM2.5 Constituents Using a Blood-Brain Barrier-Immune Microenvironment Platform.,PMID: 42534890,Prenatal PFAS exposure and offspring health: evidence review and implications for intergenerational risk assessment.,0.2854,0.7146
PMID: 42611483,Identification of Pro-Atherogenic Microenvironment-Associated Molecular Signatures in Response to Key Effective PM2.5 Constituents Using a Blood-Brain Barrier-Immune Microenvironment Platform.,PMID: 42529083,Environmental and socioeconomic influences on childhood asthma and pneumonia: burden and healthcare utilization in a population-based cohort study.,0.2772,0.7228
PMID: 42611483,Identification of Pro-Atherogenic Microenvironment-Associated Molecular Signatures in Response to Key Effective PM2.5 Constituents Using a Blood-Brain Barrier-Immune Microenvironment Platform.,PMID: 42529026,"Short-term associations between ambient air pollution and cardiovascular disease mortality: an 11-year time-series study in Nanning, China.",0.0628,0.9372
PMID: 42611483,Identification of Pro-Atherogenic Microenvironment-Associated Molecular Signatures in Response to Key Effective PM2.5 Constituents Using a Blood-Brain Barrier-Immune Microenvironment Platform.,PMID: 42528898,"Interpretable machine learning for identifying determinants of high hypertension burden under extreme heat vulnerability: evidence from Maryland, USA.",0.0586,0.9414
PMID: 42611483,Identification of Pro-Atherogenic Microenvironment-Associated Molecular Signatures in Response to Key Effective PM2.5 Constituents Using a Blood-Brain Barrier-Immune Microenvironment Platform.,PMID: 42524808,Compound Exposure to Extreme Heat and Substantial Landscape Fire-Sourced Air Pollution on Cardiovascular Mortality.,0.0799,0.9201
PMID: 42611483,Identification of Pro-Atherogenic Microenvironment-Associated Molecular Signatures in Response to Key Effective PM2.5 Constituents Using a Blood-Brain Barrier-Immune Microenvironment Platform.,PMID: 42524806,Heat Plus Fire: A Compound Hazard Threatening Cardiovascular Health.,0.237,0.763
PMID: 42611483,Identification of Pro-Atherogenic Microenvironment-Associated Molecular Signatures in Response to Key Effective PM2.5 Constituents Using a Blood-Brain Barrier-Immune Microenvironment Platform.,PMID: 42521043,Heat stress promotes myocardial injury and ventricular arrhythmia through DRP1-mediated mitochondrial dysfunction.,0.1194,0.8806
PMID: 42611483,Identification of Pro-Atherogenic Microenvironment-Associated Molecular Signatures in Response to Key Effective PM2.5 Constituents Using a Blood-Brain Barrier-Immune Microenvironment Platform.,PMID: 42520874,Long-term particulate matter exposure and coronary inflammation: A large-scale cohort study assessed by pericoronary fat attenuation index.,0.4089,0.5911
PMID: 42611483,Identification of Pro-Atherogenic Microenvironment-Associated Molecular Signatures in Response to Key Effective PM2.5 Constituents Using a Blood-Brain Barrier-Immune Microenvironment Platform.,PMID: 42520868,Maternal exposure to particulate matter during pregnancy and offspring liver function.,0.3115,0.6885
PMID: 42611483,Identification of Pro-Atherogenic Microenvironment-Associated Molecular Signatures in Response to Key Effective PM2.5 Constituents Using a Blood-Brain Barrier-Immune Microenvironment Platform.,PMID: 42520653,"Perfluoroalkyl/Polyfluoroalkyl Substances, Hemostatic/Inflammatory Biomarkers, and Incident Hypertension: The Study of Women's Health Across the Nation.",0.0255,0.9745
PMID: 42611483,Identification of Pro-Atherogenic Microenvironment-Associated Molecular Signatures in Response to Key Effective PM2.5 Constituents Using a Blood-Brain Barrier-Immune Microenvironment Platform.,PMID: 42512137,Weather Information Seeking and Heat-Health Protective Actions During Pregnancy: An Exploratory Study.,0.0822,0.9178
PMID: 42611483,Identification of Pro-Atherogenic Microenvironment-Associated Molecular Signatures in Response to Key Effective PM2.5 Constituents Using a Blood-Brain Barrier-Immune Microenvironment Platform.,PMID: 42508048,Air pollution and cardiovascular disease: A review of current scientific data.,0.3774,0.6226
PMID: 42611483,Identification of Pro-Atherogenic Microenvironment-Associated Molecular Signatures in Response to Key Effective PM2.5 Constituents Using a Blood-Brain Barrier-Immune Microenvironment Platform.,PMID: 42503941,[Advances on the effects and mechanisms of maternal exposure to particulate matter on offspring neurodevelopment].,0.2692,0.7308
PMID: 42611483,Identification of Pro-Atherogenic Microenvironment-Associated Molecular Signatures in Response to Key Effective PM2.5 Constituents Using a Blood-Brain Barrier-Immune Microenvironment Platform.,PMID: 42500877,Case-Crossover Analysis of Short-Term Particulate Matter and Health Outcomes in Patients With Atrial Fibrillation.,0.4819,0.5181
PMID: 42611483,Identification of Pro-Atherogenic Microenvironment-Associated Molecular Signatures in Response to Key Effective PM2.5 Constituents Using a Blood-Brain Barrier-Immune Microenvironment Platform.,PMID: 42496250,Mechanisms of Heat-Induced Sleep Disruption in Aging: A Narrative Review.,0.3042,0.6958
PMID: 42611483,Identification of Pro-Atherogenic Microenvironment-Associated Molecular Signatures in Response to Key Effective PM2.5 Constituents Using a Blood-Brain Barrier-Immune Microenvironment Platform.,PMID: 42492149,Prenatal air pollution exposure and placental biomarkers of oxidative stress and ageing: results from the BiSC cohort.,0.2602,0.7398
PMID: 42611483,Identification of Pro-Atherogenic Microenvironment-Associated Molecular Signatures in Response to Key Effective PM2.5 Constituents Using a Blood-Brain Barrier-Immune Microenvironment Platform.,PMID: 42488199,Changes in respiratory and cardiovascular morbidity air pollution risk and attributable burden in New York City.,0.0412,0.9588
PMID: 42611483,Identification of Pro-Atherogenic Microenvironment-Associated Molecular Signatures in Response to Key Effective PM2.5 Constituents Using a Blood-Brain Barrier-Immune Microenvironment Platform.,PMID: 42488198,A comprehensive study on the association of personal air pollution exposure with thyroid hormones in pregnant women.,0.2731,0.7269
PMID: 42611483,Identification of Pro-Atherogenic Microenvironment-Associated Molecular Signatures in Response to Key Effective PM2.5 Constituents Using a Blood-Brain Barrier-Immune Microenvironment Platform.,PMID: 42484582,Constituent-Specific PM and Cardiovascular Risk: From Mass to Mixture. 2.5,0.237,0.763
PMID: 42611483,Identification of Pro-Atherogenic Microenvironment-Associated Molecular Signatures in Response to Key Effective PM2.5 Constituents Using a Blood-Brain Barrier-Immune Microenvironment Platform.,PMID: 42483592,Quantifying the Health Benefits Linked to Reduced Traffic-Related PM Exposure on Acute Coronary Syndrome Incidence in China. 2.5,0.429,0.571
PMID: 42611483,Identification of Pro-Atherogenic Microenvironment-Associated Molecular Signatures in Response to Key Effective PM2.5 Constituents Using a Blood-Brain Barrier-Immune Microenvironment Platform.,PMID: 42483588,Transcriptomic Perturbations in Placental Gene Expression Following Developmental Exposure to Perfluorooctanoic Acid (PFOA) or Hexafluoropropylene Oxide-Dimer Acid (HFPO-DA or GenX) in CD‑1 Mice Are Consistent with Placental Insufficiency.,0.2639,0.7361
PMID: 42611483,Identification of Pro-Atherogenic Microenvironment-Associated Molecular Signatures in Response to Key Effective PM2.5 Constituents Using a Blood-Brain Barrier-Immune Microenvironment Platform.,PMID: 42483065,"Combined effects of apparent low temperature and PM pollution on circulatory emergency ambulance calls: a time-series analysis in Shijiazhuang, China. 2.5",0.3067,0.6933
PMID: 42611483,Identification of Pro-Atherogenic Microenvironment-Associated Molecular Signatures in Response to Key Effective PM2.5 Constituents Using a Blood-Brain Barrier-Immune Microenvironment Platform.,PMID: 42482688,"Size-specific health effects of particulate matter components on cardiovascular mortality: a weekly time-series study in Tianjin, China.",0.4342,0.5658
PMID: 42611483,Identification of Pro-Atherogenic Microenvironment-Associated Molecular Signatures in Response to Key Effective PM2.5 Constituents Using a Blood-Brain Barrier-Immune Microenvironment Platform.,PMID: 42476417,Thermophysiological response of adults to long-distance running in different ACSM environmental risk conditions: A systematic review and meta-analysis.,0.0704,0.9296
PMID: 42611483,Identification of Pro-Atherogenic Microenvironment-Associated Molecular Signatures in Response to Key Effective PM2.5 Constituents Using a Blood-Brain Barrier-Immune Microenvironment Platform.,PMID: 42474428,Individual and neighborhood factors influencing pediatric asthma exacerbations during urban heatwaves.,0.0607,0.9393
PMID: 42611483,Identification of Pro-Atherogenic Microenvironment-Associated Molecular Signatures in Response to Key Effective PM2.5 Constituents Using a Blood-Brain Barrier-Immune Microenvironment Platform.,PMID: 42472615,Targeted inhibition of JAK2 phosphorylation by GenX disrupts the JAK2-STAT3 pathway and induces cardiovascular toxicity in zebrafish: Insights from network toxicology and molecular dynamics.,0.1014,0.8986
PMID: 42611483,Identification of Pro-Atherogenic Microenvironment-Associated Molecular Signatures in Response to Key Effective PM2.5 Constituents Using a Blood-Brain Barrier-Immune Microenvironment Platform.,PMID: 42471626,Associations between wildland fire smoke PM and maternal blood pressure. 2.5,0.6284,0.3716
PMID: 42611483,Identification of Pro-Atherogenic Microenvironment-Associated Molecular Signatures in Response to Key Effective PM2.5 Constituents Using a Blood-Brain Barrier-Immune Microenvironment Platform.,PMID: 42466507,Joint Effects of Heat and Fine Particulate Matter on Out-of-Hospital Cardiac Arrest in Japan: A Nationwide Time-Stratified Case-Crossover Study.,0.339,0.661
PMID: 42611483,Identification of Pro-Atherogenic Microenvironment-Associated Molecular Signatures in Response to Key Effective PM2.5 Constituents Using a Blood-Brain Barrier-Immune Microenvironment Platform.,PMID: 42459959,Mechanistic insights into PM-induced cardiac fibrosis involving ERS/TXNIP/NLRP3-driven pyroptosis in multiple cell types. 2.5,0.6146,0.3854
PMID: 42611483,Identification of Pro-Atherogenic Microenvironment-Associated Molecular Signatures in Response to Key Effective PM2.5 Constituents Using a Blood-Brain Barrier-Immune Microenvironment Platform.,PMID: 42455550,"Modifiable Risk Factors and Attributable Ischemic Heart Disease Mortality in US States, 1990-2023: A Systematic Analysis for the Global Burden of Disease Study 2023.",0.3902,0.6098
PMID: 42611483,Identification of Pro-Atherogenic Microenvironment-Associated Molecular Signatures in Response to Key Effective PM2.5 Constituents Using a Blood-Brain Barrier-Immune Microenvironment Platform.,PMID: 42455100,Long-Term Exposure to PM Constituents and Coronary Heart Disease Risk in China. 2.5,0.2544,0.7456
PMID: 42611483,Identification of Pro-Atherogenic Microenvironment-Associated Molecular Signatures in Response to Key Effective PM2.5 Constituents Using a Blood-Brain Barrier-Immune Microenvironment Platform.,PMID: 42450330,Imaging and Molecular Biomarkers of PFAS-Related Vascular Aging: A Narrative Review.,0.0897,0.9103
PMID: 42611483,Identification of Pro-Atherogenic Microenvironment-Associated Molecular Signatures in Response to Key Effective PM2.5 Constituents Using a Blood-Brain Barrier-Immune Microenvironment Platform.,PMID: 42449303,Environmental exposome and its public health impact on COPD and asthma exacerbations in France.,0.0552,0.9448
PMID: 42611483,Identification of Pro-Atherogenic Microenvironment-Associated Molecular Signatures in Response to Key Effective PM2.5 Constituents Using a Blood-Brain Barrier-Immune Microenvironment Platform.,PMID: 42447841,Micro- and nano-plastics in the coronary circulation and air pollution exposure in ischaemic heart disease presentation.,0.3222,0.6778
PMID: 42611483,Identification of Pro-Atherogenic Microenvironment-Associated Molecular Signatures in Response to Key Effective PM2.5 Constituents Using a Blood-Brain Barrier-Immune Microenvironment Platform.,PMID: 42445923,"Ambient temperature, rainfall, and adverse maternal and child health outcomes in Nigeria: evidence from a national cross-sectional study.",0.0915,0.9085
PMID: 42611483,Identification of Pro-Atherogenic Microenvironment-Associated Molecular Signatures in Response to Key Effective PM2.5 Constituents Using a Blood-Brain Barrier-Immune Microenvironment Platform.,PMID: 42442744,"Fine Particulate Matter (PM2.5), the Exposome, and Cumulative Health Risk: A Life-course Perspective.",0.404,0.596
PMID: 42611483,Identification of Pro-Atherogenic Microenvironment-Associated Molecular Signatures in Response to Key Effective PM2.5 Constituents Using a Blood-Brain Barrier-Immune Microenvironment Platform.,PMID: 42440588,Maternal exposure to fine particulate matter and autism spectrum disorder in children: population based case-control study.,0.5647,0.4353
PMID: 42611483,Identification of Pro-Atherogenic Microenvironment-Associated Molecular Signatures in Response to Key Effective PM2.5 Constituents Using a Blood-Brain Barrier-Immune Microenvironment Platform.,PMID: 42437198,"Air Pollution Mixture and Folate Status Indicators among Pregnant Women in Canada: Maternal-Infant Research on Environmental Chemicals (MIREC) Study, 2008 to 2011.",0.4558,0.5442
PMID: 42611483,Identification of Pro-Atherogenic Microenvironment-Associated Molecular Signatures in Response to Key Effective PM2.5 Constituents Using a Blood-Brain Barrier-Immune Microenvironment Platform.,PMID: 42428257,Prenatal Air Pollution Exposure and Autism Spectrum Disorder in the ECHO Consortium.,0.4208,0.5792
PMID: 42611483,Identification of Pro-Atherogenic Microenvironment-Associated Molecular Signatures in Response to Key Effective PM2.5 Constituents Using a Blood-Brain Barrier-Immune Microenvironment Platform.,PMID: 42422320,"Maternal ambient air pollution exposure and risk of stillbirth in Georgia, USA.",0.337,0.663
PMID: 42611483,Identification of Pro-Atherogenic Microenvironment-Associated Molecular Signatures in Response to Key Effective PM2.5 Constituents Using a Blood-Brain Barrier-Immune Microenvironment Platform.,PMID: 42420937,Assessing the feasibility of indoor air quality monitoring in low-income housing among Black adults with uncontrolled asthma in New York City.,0.1147,0.8853
PMID: 42611483,Identification of Pro-Atherogenic Microenvironment-Associated Molecular Signatures in Response to Key Effective PM2.5 Constituents Using a Blood-Brain Barrier-Immune Microenvironment Platform.,PMID: 42420917,Effects of per- and polyfluoroalkyl substances on maternal thyroid function: a stratified analysis by maternal iodine status and thyroid autoantibody status.,0.0569,0.9431
PMID: 42611483,Identification of Pro-Atherogenic Microenvironment-Associated Molecular Signatures in Response to Key Effective PM2.5 Constituents Using a Blood-Brain Barrier-Immune Microenvironment Platform.,PMID: 42419777,Genetic susceptibility to respiratory health effects from outdoor air pollution: a structured narrative review.,0.258,0.742
PMID: 42611483,Identification of Pro-Atherogenic Microenvironment-Associated Molecular Signatures in Response to Key Effective PM2.5 Constituents Using a Blood-Brain Barrier-Immune Microenvironment Platform.,PMID: 42416905,Association between air pollution and incident cardiovascular diseases among a population with cardiovascular-kidney-metabolic syndrome stages 0-3: the first evidence from the China Health and Retirement Longitudinal Study.,0.0641,0.9359
PMID: 42611483,Identification of Pro-Atherogenic Microenvironment-Associated Molecular Signatures in Response to Key Effective PM2.5 Constituents Using a Blood-Brain Barrier-Immune Microenvironment Platform.,PMID: 42414291,Causal effects of wildfire PM on hospital costs and length of stay in Brazil. 2.5,0.5434,0.4566
PMID: 42611483,Identification of Pro-Atherogenic Microenvironment-Associated Molecular Signatures in Response to Key Effective PM2.5 Constituents Using a Blood-Brain Barrier-Immune Microenvironment Platform.,PMID: 42413509,Adaptations to Climate Change-Related Environmental Phenomena to Achieve Physical Activity Recommendations for Adults Aged 65 and Older.,0.0486,0.9514
PMID: 42611483,Identification of Pro-Atherogenic Microenvironment-Associated Molecular Signatures in Response to Key Effective PM2.5 Constituents Using a Blood-Brain Barrier-Immune Microenvironment Platform.,PMID: 42410409,Investigating environmental heat exposure and its effects on maternal and fetal health in rural Northern Ghana (Physio-HeMAB Study): a study protocol for a cluster randomized trial.,0.0493,0.9507
PMID: 42611483,Identification of Pro-Atherogenic Microenvironment-Associated Molecular Signatures in Response to Key Effective PM2.5 Constituents Using a Blood-Brain Barrier-Immune Microenvironment Platform.,PMID: 42406176,"Associations of short-, mid-, and long-term particulate matter exposure with elevated LDL-C levels in Korean adults: analysis of KNHANES 2016-2022.",0.4007,0.5993
PMID: 42611483,Identification of Pro-Atherogenic Microenvironment-Associated Molecular Signatures in Response to Key Effective PM2.5 Constituents Using a Blood-Brain Barrier-Immune Microenvironment Platform.,PMID: 42403579,Exposure to air and water pollution during pregnancy and risk of adverse perinatal outcomes in São Paulo State: protocol for a retrospective population-based cohort study.,0.1982,0.8018
PMID: 42607263,Climate-Smart Health Care: Role of the Family Physician.,PMID: 42603825,Short-term air pollution exposure and COVID-19 pneumonia in New York City: stronger associations among individuals with pre-existing cardiovascular conditions.,0.5664,0.4336
PMID: 42607263,Climate-Smart Health Care: Role of the Family Physician.,PMID: 42600829,Integrated Computational and In Vivo Evidence Prioritizes MYH6 as a Candidate Node in PFOS-Associated HCM-like Cardiac Remodeling.,0.3008,0.6992
PMID: 42607263,Climate-Smart Health Care: Role of the Family Physician.,PMID: 42600486,A prospective twin cohort investigates placental transfer efficiency as a potential determinant of fetal growth across a 300-xenobiotic maternal-fetal exposure landscape.,0.0383,0.9617
PMID: 42607263,Climate-Smart Health Care: Role of the Family Physician.,PMID: 42600302,Impairment of placental function and maternal-fetal immunity cross-talk by per- and polyfluoroalkyl substances during early pregnancy.,0.0596,0.9404
PMID: 42607263,Climate-Smart Health Care: Role of the Family Physician.,PMID: 42598180,Effect of ambient relative humidity and particulate matter on the levels of asthma therapy.,0.2421,0.7579
PMID: 42607263,Climate-Smart Health Care: Role of the Family Physician.,PMID: 42595534,[Acute impact of combined exposure to cold spell and heavy pollution on circulatory disease mortality in the Beijing-Tianjin-Hebei Region and surrounding areas].,0.4005,0.5995
PMID: 42607263,Climate-Smart Health Care: Role of the Family Physician.,PMID: 42595033,Prenatal PFAS exposure and early childhood sleep quality in the ECHO Cohort.,0.016,0.984
PMID: 42607263,Climate-Smart Health Care: Role of the Family Physician.,PMID: 42595030,Association between long-term ambient PM. exposure and hypertension and metabolic syndrome among Ghanaian adults. 2 5,0.2457,0.7543
PMID: 42607263,Climate-Smart Health Care: Role of the Family Physician.,PMID: 42594972,Gestational inhalation of nanoparticles alters placental glucose transporter expression and increases glucose flux in rats.,0.0824,0.9176
PMID: 42607263,Climate-Smart Health Care: Role of the Family Physician.,PMID: 42588124,Nutrition and Hydration Strategies for Heatwave Adaptation: A Narrative Review.,0.5401,0.4599
PMID: 42607263,Climate-Smart Health Care: Role of the Family Physician.,PMID: 42551848,Critical Windows of Air Pollution Exposure During Spermatogenesis and Intrauterine Insemination Outcomes.,0.044,0.956
PMID: 42607263,Climate-Smart Health Care: Role of the Family Physician.,PMID: 42570382,Heat-protective behavior in pregnancy: Extending Protection Motivation Theory with environmental and social factors.,0.235,0.765
PMID: 42607263,Climate-Smart Health Care: Role of the Family Physician.,PMID: 42568331,Association between long-term exposure to air pollution and blood pressure in children: an updated systematic review and meta-analysis.,0.255,0.745
PMID: 42607263,Climate-Smart Health Care: Role of the Family Physician.,PMID: 42565432,"Time series analysis of environmental factors and their association with emergency visits for asthma exacerbations in Petaling Jaya, Malaysia.",0.4486,0.5514
PMID: 42607263,Climate-Smart Health Care: Role of the Family Physician.,PMID: 42551796,Association of PFAS exposure with maternal blood pressure and hypertension during pregnancy in the PROTECT cohort.,0.0158,0.9842
PMID: 42607263,Climate-Smart Health Care: Role of the Family Physician.,PMID: 42557995,The Impact of Heat and Bushfire Smoke on Health System Utilisation in Australia.,0.6154,0.3846
PMID: 42607263,Climate-Smart Health Care: Role of the Family Physician.,PMID: 42544117,Spatial analysis of environmental and socioeconomic factors impacting maternal and infant health outcomes in North Carolina.,0.0612,0.9388
PMID: 42607263,Climate-Smart Health Care: Role of the Family Physician.,PMID: 42540534,Exposure to Airborne Particulate Matter in Regional Environments of Bangladesh and Its Effects on Respiratory Health: A Narrative Review.,0.4684,0.5316
PMID: 42607263,Climate-Smart Health Care: Role of the Family Physician.,PMID: 42538170,Household incense burning and small for gestational age risk in newborn infants.,0.0497,0.9503
PMID: 42607263,Climate-Smart Health Care: Role of the Family Physician.,PMID: 42534890,Prenatal PFAS exposure and offspring health: evidence review and implications for intergenerational risk assessment.,0.0342,0.9658
PMID: 42607263,Climate-Smart Health Care: Role of the Family Physician.,PMID: 42529083,Environmental and socioeconomic influences on childhood asthma and pneumonia: burden and healthcare utilization in a population-based cohort study.,0.4073,0.5927
PMID: 42607263,Climate-Smart Health Care: Role of the Family Physician.,PMID: 42529026,"Short-term associations between ambient air pollution and cardiovascular disease mortality: an 11-year time-series study in Nanning, China.",0.5852,0.4148
PMID: 42607263,Climate-Smart Health Care: Role of the Family Physician.,PMID: 42528898,"Interpretable machine learning for identifying determinants of high hypertension burden under extreme heat vulnerability: evidence from Maryland, USA.",0.5001,0.4999
PMID: 42607263,Climate-Smart Health Care: Role of the Family Physician.,PMID: 42524808,Compound Exposure to Extreme Heat and Substantial Landscape Fire-Sourced Air Pollution on Cardiovascular Mortality.,0.7411,0.2589
PMID: 42607263,Climate-Smart Health Care: Role of the Family Physician.,PMID: 42524806,Heat Plus Fire: A Compound Hazard Threatening Cardiovascular Health.,0.1771,0.8229
PMID: 42607263,Climate-Smart Health Care: Role of the Family Physician.,PMID: 42521043,Heat stress promotes myocardial injury and ventricular arrhythmia through DRP1-mediated mitochondrial dysfunction.,0.5978,0.4022
PMID: 42607263,Climate-Smart Health Care: Role of the Family Physician.,PMID: 42520874,Long-term particulate matter exposure and coronary inflammation: A large-scale cohort study assessed by pericoronary fat attenuation index.,0.1704,0.8296
PMID: 42607263,Climate-Smart Health Care: Role of the Family Physician.,PMID: 42520868,Maternal exposure to particulate matter during pregnancy and offspring liver function.,0.2702,0.7298
PMID: 42607263,Climate-Smart Health Care: Role of the Family Physician.,PMID: 42520653,"Perfluoroalkyl/Polyfluoroalkyl Substances, Hemostatic/Inflammatory Biomarkers, and Incident Hypertension: The Study of Women's Health Across the Nation.",0.2066,0.7934
PMID: 42607263,Climate-Smart Health Care: Role of the Family Physician.,PMID: 42512137,Weather Information Seeking and Heat-Health Protective Actions During Pregnancy: An Exploratory Study.,0.2967,0.7033
PMID: 42607263,Climate-Smart Health Care: Role of the Family Physician.,PMID: 42508048,Air pollution and cardiovascular disease: A review of current scientific data.,0.4281,0.5719
PMID: 42607263,Climate-Smart Health Care: Role of the Family Physician.,PMID: 42503941,[Advances on the effects and mechanisms of maternal exposure to particulate matter on offspring neurodevelopment].,0.0322,0.9678
PMID: 42607263,Climate-Smart Health Care: Role of the Family Physician.,PMID: 42500877,Case-Crossover Analysis of Short-Term Particulate Matter and Health Outcomes in Patients With Atrial Fibrillation.,0.3602,0.6398
PMID: 42607263,Climate-Smart Health Care: Role of the Family Physician.,PMID: 42496250,Mechanisms of Heat-Induced Sleep Disruption in Aging: A Narrative Review.,0.3954,0.6046
PMID: 42607263,Climate-Smart Health Care: Role of the Family Physician.,PMID: 42492149,Prenatal air pollution exposure and placental biomarkers of oxidative stress and ageing: results from the BiSC cohort.,0.0406,0.9594
PMID: 42607263,Climate-Smart Health Care: Role of the Family Physician.,PMID: 42488199,Changes in respiratory and cardiovascular morbidity air pollution risk and attributable burden in New York City.,0.5141,0.4859
PMID: 42607263,Climate-Smart Health Care: Role of the Family Physician.,PMID: 42488198,A comprehensive study on the association of personal air pollution exposure with thyroid hormones in pregnant women.,0.0329,0.9671
PMID: 42607263,Climate-Smart Health Care: Role of the Family Physician.,PMID: 42484582,Constituent-Specific PM and Cardiovascular Risk: From Mass to Mixture. 2.5,0.1771,0.8229
PMID: 42607263,Climate-Smart Health Care: Role of the Family Physician.,PMID: 42483592,Quantifying the Health Benefits Linked to Reduced Traffic-Related PM Exposure on Acute Coronary Syndrome Incidence in China. 2.5,0.3208,0.6792
PMID: 42607263,Climate-Smart Health Care: Role of the Family Physician.,PMID: 42483588,Transcriptomic Perturbations in Placental Gene Expression Following Developmental Exposure to Perfluorooctanoic Acid (PFOA) or Hexafluoropropylene Oxide-Dimer Acid (HFPO-DA or GenX) in CD‑1 Mice Are Consistent with Placental Insufficiency.,0.0317,0.9683
PMID: 42607263,Climate-Smart Health Care: Role of the Family Physician.,PMID: 42483065,"Combined effects of apparent low temperature and PM pollution on circulatory emergency ambulance calls: a time-series analysis in Shijiazhuang, China. 2.5",0.568,0.432
PMID: 42607263,Climate-Smart Health Care: Role of the Family Physician.,PMID: 42482688,"Size-specific health effects of particulate matter components on cardiovascular mortality: a weekly time-series study in Tianjin, China.",0.3244,0.6756
PMID: 42607263,Climate-Smart Health Care: Role of the Family Physician.,PMID: 42476417,Thermophysiological response of adults to long-distance running in different ACSM environmental risk conditions: A systematic review and meta-analysis.,0.6016,0.3984
PMID: 42607263,Climate-Smart Health Care: Role of the Family Physician.,PMID: 42474428,Individual and neighborhood factors influencing pediatric asthma exacerbations during urban heatwaves.,0.3347,0.6653
PMID: 42607263,Climate-Smart Health Care: Role of the Family Physician.,PMID: 42472615,Targeted inhibition of JAK2 phosphorylation by GenX disrupts the JAK2-STAT3 pathway and induces cardiovascular toxicity in zebrafish: Insights from network toxicology and molecular dynamics.,0.2915,0.7085
PMID: 42607263,Climate-Smart Health Care: Role of the Family Physician.,PMID: 42471626,Associations between wildland fire smoke PM and maternal blood pressure. 2.5,0.0706,0.9294
PMID: 42607263,Climate-Smart Health Care: Role of the Family Physician.,PMID: 42466507,Joint Effects of Heat and Fine Particulate Matter on Out-of-Hospital Cardiac Arrest in Japan: A Nationwide Time-Stratified Case-Crossover Study.,0.6283,0.3717
PMID: 42607263,Climate-Smart Health Care: Role of the Family Physician.,PMID: 42459959,Mechanistic insights into PM-induced cardiac fibrosis involving ERS/TXNIP/NLRP3-driven pyroptosis in multiple cell types. 2.5,0.264,0.736
PMID: 42607263,Climate-Smart Health Care: Role of the Family Physician.,PMID: 42455550,"Modifiable Risk Factors and Attributable Ischemic Heart Disease Mortality in US States, 1990-2023: A Systematic Analysis for the Global Burden of Disease Study 2023.",0.2914,0.7086
PMID: 42607263,Climate-Smart Health Care: Role of the Family Physician.,PMID: 42455100,Long-Term Exposure to PM Constituents and Coronary Heart Disease Risk in China. 2.5,0.4913,0.5087
PMID: 42607263,Climate-Smart Health Care: Role of the Family Physician.,PMID: 42450330,Imaging and Molecular Biomarkers of PFAS-Related Vascular Aging: A Narrative Review.,0.2578,0.7422
PMID: 42607263,Climate-Smart Health Care: Role of the Family Physician.,PMID: 42449303,Environmental exposome and its public health impact on COPD and asthma exacerbations in France.,0.4728,0.5272
PMID: 42607263,Climate-Smart Health Care: Role of the Family Physician.,PMID: 42447841,Micro- and nano-plastics in the coronary circulation and air pollution exposure in ischaemic heart disease presentation.,0.2408,0.7592
PMID: 42607263,Climate-Smart Health Care: Role of the Family Physician.,PMID: 42445923,"Ambient temperature, rainfall, and adverse maternal and child health outcomes in Nigeria: evidence from a national cross-sectional study.",0.386,0.614
PMID: 42607263,Climate-Smart Health Care: Role of the Family Physician.,PMID: 42442744,"Fine Particulate Matter (PM2.5), the Exposome, and Cumulative Health Risk: A Life-course Perspective.",0.4397,0.5603
PMID: 42607263,Climate-Smart Health Care: Role of the Family Physician.,PMID: 42440588,Maternal exposure to fine particulate matter and autism spectrum disorder in children: population based case-control study.,0.1023,0.8977
PMID: 42607263,Climate-Smart Health Care: Role of the Family Physician.,PMID: 42437198,"Air Pollution Mixture and Folate Status Indicators among Pregnant Women in Canada: Maternal-Infant Research on Environmental Chemicals (MIREC) Study, 2008 to 2011.",0.0302,0.9698
PMID: 42607263,Climate-Smart Health Care: Role of the Family Physician.,PMID: 42428257,Prenatal Air Pollution Exposure and Autism Spectrum Disorder in the ECHO Consortium.,0.0482,0.9518
PMID: 42607263,Climate-Smart Health Care: Role of the Family Physician.,PMID: 42422320,"Maternal ambient air pollution exposure and risk of stillbirth in Georgia, USA.",0.252,0.748
PMID: 42607263,Climate-Smart Health Care: Role of the Family Physician.,PMID: 42420937,Assessing the feasibility of indoor air quality monitoring in low-income housing among Black adults with uncontrolled asthma in New York City.,0.3302,0.6698
PMID: 42607263,Climate-Smart Health Care: Role of the Family Physician.,PMID: 42420917,Effects of per- and polyfluoroalkyl substances on maternal thyroid function: a stratified analysis by maternal iodine status and thyroid autoantibody status.,0.0424,0.9576
PMID: 42607263,Climate-Smart Health Care: Role of the Family Physician.,PMID: 42419777,Genetic susceptibility to respiratory health effects from outdoor air pollution: a structured narrative review.,0.1929,0.8071
PMID: 42607263,Climate-Smart Health Care: Role of the Family Physician.,PMID: 42416905,Association between air pollution and incident cardiovascular diseases among a population with cardiovascular-kidney-metabolic syndrome stages 0-3: the first evidence from the China Health and Retirement Longitudinal Study.,0.4146,0.5854
PMID: 42607263,Climate-Smart Health Care: Role of the Family Physician.,PMID: 42414291,Causal effects of wildfire PM on hospital costs and length of stay in Brazil. 2.5,0.4059,0.5941
PMID: 42607263,Climate-Smart Health Care: Role of the Family Physician.,PMID: 42413509,Adaptations to Climate Change-Related Environmental Phenomena to Achieve Physical Activity Recommendations for Adults Aged 65 and Older.,0.7944,0.2056
PMID: 42607263,Climate-Smart Health Care: Role of the Family Physician.,PMID: 42410409,Investigating environmental heat exposure and its effects on maternal and fetal health in rural Northern Ghana (Physio-HeMAB Study): a study protocol for a cluster randomized trial.,0.2292,0.7708
PMID: 42607263,Climate-Smart Health Care: Role of the Family Physician.,PMID: 42406176,"Associations of short-, mid-, and long-term particulate matter exposure with elevated LDL-C levels in Korean adults: analysis of KNHANES 2016-2022.",0.2994,0.7006
PMID: 42607263,Climate-Smart Health Care: Role of the Family Physician.,PMID: 42403579,Exposure to air and water pollution during pregnancy and risk of adverse perinatal outcomes in São Paulo State: protocol for a retrospective population-based cohort study.,0.1481,0.8519
PMID: 42603825,Short-term air pollution exposure and COVID-19 pneumonia in New York City: stronger associations among individuals with pre-existing cardiovascular conditions.,PMID: 42600829,Integrated Computational and In Vivo Evidence Prioritizes MYH6 as a Candidate Node in PFOS-Associated HCM-like Cardiac Remodeling.,0.2931,0.7069
PMID: 42603825,Short-term air pollution exposure and COVID-19 pneumonia in New York City: stronger associations among individuals with pre-existing cardiovascular conditions.,PMID: 42600486,A prospective twin cohort investigates placental transfer efficiency as a potential determinant of fetal growth across a 300-xenobiotic maternal-fetal exposure landscape.,0.0211,0.9789
PMID: 42603825,Short-term air pollution exposure and COVID-19 pneumonia in New York City: stronger associations among individuals with pre-existing cardiovascular conditions.,PMID: 42600302,Impairment of placental function and maternal-fetal immunity cross-talk by per- and polyfluoroalkyl substances during early pregnancy.,0.0462,0.9538
PMID: 42603825,Short-term air pollution exposure and COVID-19 pneumonia in New York City: stronger associations among individuals with pre-existing cardiovascular conditions.,PMID: 42598180,Effect of ambient relative humidity and particulate matter on the levels of asthma therapy.,0.2529,0.7471
PMID: 42603825,Short-term air pollution exposure and COVID-19 pneumonia in New York City: stronger associations among individuals with pre-existing cardiovascular conditions.,PMID: 42595534,[Acute impact of combined exposure to cold spell and heavy pollution on circulatory disease mortality in the Beijing-Tianjin-Hebei Region and surrounding areas].,0.4021,0.5979
PMID: 42603825,Short-term air pollution exposure and COVID-19 pneumonia in New York City: stronger associations among individuals with pre-existing cardiovascular conditions.,PMID: 42595033,Prenatal PFAS exposure and early childhood sleep quality in the ECHO Cohort.,0.0165,0.9835
PMID: 42603825,Short-term air pollution exposure and COVID-19 pneumonia in New York City: stronger associations among individuals with pre-existing cardiovascular conditions.,PMID: 42595030,Association between long-term ambient PM. exposure and hypertension and metabolic syndrome among Ghanaian adults. 2 5,0.2565,0.7435
PMID: 42603825,Short-term air pollution exposure and COVID-19 pneumonia in New York City: stronger associations among individuals with pre-existing cardiovascular conditions.,PMID: 42594972,Gestational inhalation of nanoparticles alters placental glucose transporter expression and increases glucose flux in rats.,0.3094,0.6906
PMID: 42603825,Short-term air pollution exposure and COVID-19 pneumonia in New York City: stronger associations among individuals with pre-existing cardiovascular conditions.,PMID: 42588124,Nutrition and Hydration Strategies for Heatwave Adaptation: A Narrative Review.,0.2363,0.7637
PMID: 42603825,Short-term air pollution exposure and COVID-19 pneumonia in New York City: stronger associations among individuals with pre-existing cardiovascular conditions.,PMID: 42551848,Critical Windows of Air Pollution Exposure During Spermatogenesis and Intrauterine Insemination Outcomes.,0.2204,0.7796
PMID: 42603825,Short-term air pollution exposure and COVID-19 pneumonia in New York City: stronger associations among individuals with pre-existing cardiovascular conditions.,PMID: 42570382,Heat-protective behavior in pregnancy: Extending Protection Motivation Theory with environmental and social factors.,0.0227,0.9773
PMID: 42603825,Short-term air pollution exposure and COVID-19 pneumonia in New York City: stronger associations among individuals with pre-existing cardiovascular conditions.,PMID: 42568331,Association between long-term exposure to air pollution and blood pressure in children: an updated systematic review and meta-analysis.,0.4067,0.5933
PMID: 42603825,Short-term air pollution exposure and COVID-19 pneumonia in New York City: stronger associations among individuals with pre-existing cardiovascular conditions.,PMID: 42565432,"Time series analysis of environmental factors and their association with emergency visits for asthma exacerbations in Petaling Jaya, Malaysia.",0.6491,0.3509
PMID: 42603825,Short-term air pollution exposure and COVID-19 pneumonia in New York City: stronger associations among individuals with pre-existing cardiovascular conditions.,PMID: 42551796,Association of PFAS exposure with maternal blood pressure and hypertension during pregnancy in the PROTECT cohort.,0.0164,0.9836
PMID: 42603825,Short-term air pollution exposure and COVID-19 pneumonia in New York City: stronger associations among individuals with pre-existing cardiovascular conditions.,PMID: 42557995,The Impact of Heat and Bushfire Smoke on Health System Utilisation in Australia.,0.6251,0.3749
PMID: 42603825,Short-term air pollution exposure and COVID-19 pneumonia in New York City: stronger associations among individuals with pre-existing cardiovascular conditions.,PMID: 42544117,Spatial analysis of environmental and socioeconomic factors impacting maternal and infant health outcomes in North Carolina.,0.034,0.966
PMID: 42603825,Short-term air pollution exposure and COVID-19 pneumonia in New York City: stronger associations among individuals with pre-existing cardiovascular conditions.,PMID: 42540534,Exposure to Airborne Particulate Matter in Regional Environments of Bangladesh and Its Effects on Respiratory Health: A Narrative Review.,0.6204,0.3796
PMID: 42603825,Short-term air pollution exposure and COVID-19 pneumonia in New York City: stronger associations among individuals with pre-existing cardiovascular conditions.,PMID: 42538170,Household incense burning and small for gestational age risk in newborn infants.,0.268,0.732
PMID: 42603825,Short-term air pollution exposure and COVID-19 pneumonia in New York City: stronger associations among individuals with pre-existing cardiovascular conditions.,PMID: 42534890,Prenatal PFAS exposure and offspring health: evidence review and implications for intergenerational risk assessment.,0.019,0.981
PMID: 42603825,Short-term air pollution exposure and COVID-19 pneumonia in New York City: stronger associations among individuals with pre-existing cardiovascular conditions.,PMID: 42529083,Environmental and socioeconomic influences on childhood asthma and pneumonia: burden and healthcare utilization in a population-based cohort study.,0.388,0.612
PMID: 42603825,Short-term air pollution exposure and COVID-19 pneumonia in New York City: stronger associations among individuals with pre-existing cardiovascular conditions.,PMID: 42529026,"Short-term associations between ambient air pollution and cardiovascular disease mortality: an 11-year time-series study in Nanning, China.",0.2532,0.7468
PMID: 42603825,Short-term air pollution exposure and COVID-19 pneumonia in New York City: stronger associations among individuals with pre-existing cardiovascular conditions.,PMID: 42528898,"Interpretable machine learning for identifying determinants of high hypertension burden under extreme heat vulnerability: evidence from Maryland, USA.",0.2624,0.7376
PMID: 42603825,Short-term air pollution exposure and COVID-19 pneumonia in New York City: stronger associations among individuals with pre-existing cardiovascular conditions.,PMID: 42524808,Compound Exposure to Extreme Heat and Substantial Landscape Fire-Sourced Air Pollution on Cardiovascular Mortality.,0.6082,0.3918
PMID: 42603825,Short-term air pollution exposure and COVID-19 pneumonia in New York City: stronger associations among individuals with pre-existing cardiovascular conditions.,PMID: 42524806,Heat Plus Fire: A Compound Hazard Threatening Cardiovascular Health.,0.0966,0.9034
PMID: 42603825,Short-term air pollution exposure and COVID-19 pneumonia in New York City: stronger associations among individuals with pre-existing cardiovascular conditions.,PMID: 42521043,Heat stress promotes myocardial injury and ventricular arrhythmia through DRP1-mediated mitochondrial dysfunction.,0.0692,0.9308
PMID: 42603825,Short-term air pollution exposure and COVID-19 pneumonia in New York City: stronger associations among individuals with pre-existing cardiovascular conditions.,PMID: 42520874,Long-term particulate matter exposure and coronary inflammation: A large-scale cohort study assessed by pericoronary fat attenuation index.,0.319,0.681
PMID: 42603825,Short-term air pollution exposure and COVID-19 pneumonia in New York City: stronger associations among individuals with pre-existing cardiovascular conditions.,PMID: 42520868,Maternal exposure to particulate matter during pregnancy and offspring liver function.,0.4066,0.5934
PMID: 42603825,Short-term air pollution exposure and COVID-19 pneumonia in New York City: stronger associations among individuals with pre-existing cardiovascular conditions.,PMID: 42520653,"Perfluoroalkyl/Polyfluoroalkyl Substances, Hemostatic/Inflammatory Biomarkers, and Incident Hypertension: The Study of Women's Health Across the Nation.",0.2155,0.7845
PMID: 42603825,Short-term air pollution exposure and COVID-19 pneumonia in New York City: stronger associations among individuals with pre-existing cardiovascular conditions.,PMID: 42512137,Weather Information Seeking and Heat-Health Protective Actions During Pregnancy: An Exploratory Study.,0.0642,0.9358
PMID: 42603825,Short-term air pollution exposure and COVID-19 pneumonia in New York City: stronger associations among individuals with pre-existing cardiovascular conditions.,PMID: 42508048,Air pollution and cardiovascular disease: A review of current scientific data.,0.5333,0.4667
PMID: 42603825,Short-term air pollution exposure and COVID-19 pneumonia in New York City: stronger associations among individuals with pre-existing cardiovascular conditions.,PMID: 42503941,[Advances on the effects and mechanisms of maternal exposure to particulate matter on offspring neurodevelopment].,0.194,0.806
PMID: 42603825,Short-term air pollution exposure and COVID-19 pneumonia in New York City: stronger associations among individuals with pre-existing cardiovascular conditions.,PMID: 42500877,Case-Crossover Analysis of Short-Term Particulate Matter and Health Outcomes in Patients With Atrial Fibrillation.,0.3616,0.6384
PMID: 42603825,Short-term air pollution exposure and COVID-19 pneumonia in New York City: stronger associations among individuals with pre-existing cardiovascular conditions.,PMID: 42496250,Mechanisms of Heat-Induced Sleep Disruption in Aging: A Narrative Review.,0.2213,0.7787
PMID: 42603825,Short-term air pollution exposure and COVID-19 pneumonia in New York City: stronger associations among individuals with pre-existing cardiovascular conditions.,PMID: 42492149,Prenatal air pollution exposure and placental biomarkers of oxidative stress and ageing: results from the BiSC cohort.,0.2028,0.7972
PMID: 42603825,Short-term air pollution exposure and COVID-19 pneumonia in New York City: stronger associations among individuals with pre-existing cardiovascular conditions.,PMID: 42488199,Changes in respiratory and cardiovascular morbidity air pollution risk and attributable burden in New York City.,0.3533,0.6467
PMID: 42603825,Short-term air pollution exposure and COVID-19 pneumonia in New York City: stronger associations among individuals with pre-existing cardiovascular conditions.,PMID: 42488198,A comprehensive study on the association of personal air pollution exposure with thyroid hormones in pregnant women.,0.1969,0.8031
PMID: 42603825,Short-term air pollution exposure and COVID-19 pneumonia in New York City: stronger associations among individuals with pre-existing cardiovascular conditions.,PMID: 42484582,Constituent-Specific PM and Cardiovascular Risk: From Mass to Mixture. 2.5,0.0966,0.9034
PMID: 42603825,Short-term air pollution exposure and COVID-19 pneumonia in New York City: stronger associations among individuals with pre-existing cardiovascular conditions.,PMID: 42483592,Quantifying the Health Benefits Linked to Reduced Traffic-Related PM Exposure on Acute Coronary Syndrome Incidence in China. 2.5,0.5999,0.4001
PMID: 42603825,Short-term air pollution exposure and COVID-19 pneumonia in New York City: stronger associations among individuals with pre-existing cardiovascular conditions.,PMID: 42483588,Transcriptomic Perturbations in Placental Gene Expression Following Developmental Exposure to Perfluorooctanoic Acid (PFOA) or Hexafluoropropylene Oxide-Dimer Acid (HFPO-DA or GenX) in CD‑1 Mice Are Consistent with Placental Insufficiency.,0.0175,0.9825
PMID: 42603825,Short-term air pollution exposure and COVID-19 pneumonia in New York City: stronger associations among individuals with pre-existing cardiovascular conditions.,PMID: 42483065,"Combined effects of apparent low temperature and PM pollution on circulatory emergency ambulance calls: a time-series analysis in Shijiazhuang, China. 2.5",0.5768,0.4232
PMID: 42603825,Short-term air pollution exposure and COVID-19 pneumonia in New York City: stronger associations among individuals with pre-existing cardiovascular conditions.,PMID: 42482688,"Size-specific health effects of particulate matter components on cardiovascular mortality: a weekly time-series study in Tianjin, China.",0.4698,0.5302
PMID: 42603825,Short-term air pollution exposure and COVID-19 pneumonia in New York City: stronger associations among individuals with pre-existing cardiovascular conditions.,PMID: 42476417,Thermophysiological response of adults to long-distance running in different ACSM environmental risk conditions: A systematic review and meta-analysis.,0.3157,0.6843
PMID: 42603825,Short-term air pollution exposure and COVID-19 pneumonia in New York City: stronger associations among individuals with pre-existing cardiovascular conditions.,PMID: 42474428,Individual and neighborhood factors influencing pediatric asthma exacerbations during urban heatwaves.,0.0253,0.9747
PMID: 42603825,Short-term air pollution exposure and COVID-19 pneumonia in New York City: stronger associations among individuals with pre-existing cardiovascular conditions.,PMID: 42472615,Targeted inhibition of JAK2 phosphorylation by GenX disrupts the JAK2-STAT3 pathway and induces cardiovascular toxicity in zebrafish: Insights from network toxicology and molecular dynamics.,0.5095,0.4905
PMID: 42603825,Short-term air pollution exposure and COVID-19 pneumonia in New York City: stronger associations among individuals with pre-existing cardiovascular conditions.,PMID: 42471626,Associations between wildland fire smoke PM and maternal blood pressure. 2.5,0.2631,0.7369
PMID: 42603825,Short-term air pollution exposure and COVID-19 pneumonia in New York City: stronger associations among individuals with pre-existing cardiovascular conditions.,PMID: 42466507,Joint Effects of Heat and Fine Particulate Matter on Out-of-Hospital Cardiac Arrest in Japan: A Nationwide Time-Stratified Case-Crossover Study.,0.638,0.362
PMID: 42603825,Short-term air pollution exposure and COVID-19 pneumonia in New York City: stronger associations among individuals with pre-existing cardiovascular conditions.,PMID: 42459959,Mechanistic insights into PM-induced cardiac fibrosis involving ERS/TXNIP/NLRP3-driven pyroptosis in multiple cell types. 2.5,0.461,0.539
PMID: 42603825,Short-term air pollution exposure and COVID-19 pneumonia in New York City: stronger associations among individuals with pre-existing cardiovascular conditions.,PMID: 42455550,"Modifiable Risk Factors and Attributable Ischemic Heart Disease Mortality in US States, 1990-2023: A Systematic Analysis for the Global Burden of Disease Study 2023.",0.5091,0.4909
PMID: 42603825,Short-term air pollution exposure and COVID-19 pneumonia in New York City: stronger associations among individuals with pre-existing cardiovascular conditions.,PMID: 42455100,Long-Term Exposure to PM Constituents and Coronary Heart Disease Risk in China. 2.5,0.67,0.33
PMID: 42603825,Short-term air pollution exposure and COVID-19 pneumonia in New York City: stronger associations among individuals with pre-existing cardiovascular conditions.,PMID: 42450330,Imaging and Molecular Biomarkers of PFAS-Related Vascular Aging: A Narrative Review.,0.2512,0.7488
PMID: 42603825,Short-term air pollution exposure and COVID-19 pneumonia in New York City: stronger associations among individuals with pre-existing cardiovascular conditions.,PMID: 42449303,Environmental exposome and its public health impact on COPD and asthma exacerbations in France.,0.248,0.752
PMID: 42603825,Short-term air pollution exposure and COVID-19 pneumonia in New York City: stronger associations among individuals with pre-existing cardiovascular conditions.,PMID: 42447841,Micro- and nano-plastics in the coronary circulation and air pollution exposure in ischaemic heart disease presentation.,0.251,0.749
PMID: 42603825,Short-term air pollution exposure and COVID-19 pneumonia in New York City: stronger associations among individuals with pre-existing cardiovascular conditions.,PMID: 42445923,"Ambient temperature, rainfall, and adverse maternal and child health outcomes in Nigeria: evidence from a national cross-sectional study.",0.0957,0.9043
PMID: 42603825,Short-term air pollution exposure and COVID-19 pneumonia in New York City: stronger associations among individuals with pre-existing cardiovascular conditions.,PMID: 42442744,"Fine Particulate Matter (PM2.5), the Exposome, and Cumulative Health Risk: A Life-course Perspective.",0.4458,0.5542
PMID: 42603825,Short-term air pollution exposure and COVID-19 pneumonia in New York City: stronger associations among individuals with pre-existing cardiovascular conditions.,PMID: 42440588,Maternal exposure to fine particulate matter and autism spectrum disorder in children: population based case-control study.,0.2363,0.7637
PMID: 42603825,Short-term air pollution exposure and COVID-19 pneumonia in New York City: stronger associations among individuals with pre-existing cardiovascular conditions.,PMID: 42437198,"Air Pollution Mixture and Folate Status Indicators among Pregnant Women in Canada: Maternal-Infant Research on Environmental Chemicals (MIREC) Study, 2008 to 2011.",0.1789,0.8211
PMID: 42603825,Short-term air pollution exposure and COVID-19 pneumonia in New York City: stronger associations among individuals with pre-existing cardiovascular conditions.,PMID: 42428257,Prenatal Air Pollution Exposure and Autism Spectrum Disorder in the ECHO Consortium.,0.1722,0.8278
PMID: 42603825,Short-term air pollution exposure and COVID-19 pneumonia in New York City: stronger associations among individuals with pre-existing cardiovascular conditions.,PMID: 42422320,"Maternal ambient air pollution exposure and risk of stillbirth in Georgia, USA.",0.4715,0.5285
PMID: 42603825,Short-term air pollution exposure and COVID-19 pneumonia in New York City: stronger associations among individuals with pre-existing cardiovascular conditions.,PMID: 42420937,Assessing the feasibility of indoor air quality monitoring in low-income housing among Black adults with uncontrolled asthma in New York City.,0.3215,0.6785
PMID: 42603825,Short-term air pollution exposure and COVID-19 pneumonia in New York City: stronger associations among individuals with pre-existing cardiovascular conditions.,PMID: 42420917,Effects of per- and polyfluoroalkyl substances on maternal thyroid function: a stratified analysis by maternal iodine status and thyroid autoantibody status.,0.0444,0.9556
PMID: 42603825,Short-term air pollution exposure and COVID-19 pneumonia in New York City: stronger associations among individuals with pre-existing cardiovascular conditions.,PMID: 42419777,Genetic susceptibility to respiratory health effects from outdoor air pollution: a structured narrative review.,0.3549,0.6451
PMID: 42603825,Short-term air pollution exposure and COVID-19 pneumonia in New York City: stronger associations among individuals with pre-existing cardiovascular conditions.,PMID: 42416905,Association between air pollution and incident cardiovascular diseases among a population with cardiovascular-kidney-metabolic syndrome stages 0-3: the first evidence from the China Health and Retirement Longitudinal Study.,0.6236,0.3764
PMID: 42603825,Short-term air pollution exposure and COVID-19 pneumonia in New York City: stronger associations among individuals with pre-existing cardiovascular conditions.,PMID: 42414291,Causal effects of wildfire PM on hospital costs and length of stay in Brazil. 2.5,0.5883,0.4117
PMID: 42603825,Short-term air pollution exposure and COVID-19 pneumonia in New York City: stronger associations among individuals with pre-existing cardiovascular conditions.,PMID: 42413509,Adaptations to Climate Change-Related Environmental Phenomena to Achieve Physical Activity Recommendations for Adults Aged 65 and Older.,0.6137,0.3863
PMID: 42603825,Short-term air pollution exposure and COVID-19 pneumonia in New York City: stronger associations among individuals with pre-existing cardiovascular conditions.,PMID: 42410409,Investigating environmental heat exposure and its effects on maternal and fetal health in rural Northern Ghana (Physio-HeMAB Study): a study protocol for a cluster randomized trial.,0.0202,0.9798
PMID: 42603825,Short-term air pollution exposure and COVID-19 pneumonia in New York City: stronger associations among individuals with pre-existing cardiovascular conditions.,PMID: 42406176,"Associations of short-, mid-, and long-term particulate matter exposure with elevated LDL-C levels in Korean adults: analysis of KNHANES 2016-2022.",0.5825,0.4175
PMID: 42603825,Short-term air pollution exposure and COVID-19 pneumonia in New York City: stronger associations among individuals with pre-existing cardiovascular conditions.,PMID: 42403579,Exposure to air and water pollution during pregnancy and risk of adverse perinatal outcomes in São Paulo State: protocol for a retrospective population-based cohort study.,0.1429,0.8571
PMID: 42600829,Integrated Computational and In Vivo Evidence Prioritizes MYH6 as a Candidate Node in PFOS-Associated HCM-like Cardiac Remodeling.,PMID: 42600486,A prospective twin cohort investigates placental transfer efficiency as a potential determinant of fetal growth across a 300-xenobiotic maternal-fetal exposure landscape.,0.3186,0.6814
PMID: 42600829,Integrated Computational and In Vivo Evidence Prioritizes MYH6 as a Candidate Node in PFOS-Associated HCM-like Cardiac Remodeling.,PMID: 42600302,Impairment of placental function and maternal-fetal immunity cross-talk by per- and polyfluoroalkyl substances during early pregnancy.,0.5332,0.4668
PMID: 42600829,Integrated Computational and In Vivo Evidence Prioritizes MYH6 as a Candidate Node in PFOS-Associated HCM-like Cardiac Remodeling.,PMID: 42598180,Effect of ambient relative humidity and particulate matter on the levels of asthma therapy.,0.0674,0.9326
PMID: 42600829,Integrated Computational and In Vivo Evidence Prioritizes MYH6 as a Candidate Node in PFOS-Associated HCM-like Cardiac Remodeling.,PMID: 42595534,[Acute impact of combined exposure to cold spell and heavy pollution on circulatory disease mortality in the Beijing-Tianjin-Hebei Region and surrounding areas].,0.08,0.92
PMID: 42600829,Integrated Computational and In Vivo Evidence Prioritizes MYH6 as a Candidate Node in PFOS-Associated HCM-like Cardiac Remodeling.,PMID: 42595033,Prenatal PFAS exposure and early childhood sleep quality in the ECHO Cohort.,0.437,0.563
PMID: 42600829,Integrated Computational and In Vivo Evidence Prioritizes MYH6 as a Candidate Node in PFOS-Associated HCM-like Cardiac Remodeling.,PMID: 42595030,Association between long-term ambient PM. exposure and hypertension and metabolic syndrome among Ghanaian adults. 2 5,0.3287,0.6713
PMID: 42600829,Integrated Computational and In Vivo Evidence Prioritizes MYH6 as a Candidate Node in PFOS-Associated HCM-like Cardiac Remodeling.,PMID: 42594972,Gestational inhalation of nanoparticles alters placental glucose transporter expression and increases glucose flux in rats.,0.1108,0.8892
PMID: 42600829,Integrated Computational and In Vivo Evidence Prioritizes MYH6 as a Candidate Node in PFOS-Associated HCM-like Cardiac Remodeling.,PMID: 42588124,Nutrition and Hydration Strategies for Heatwave Adaptation: A Narrative Review.,0.3277,0.6723
PMID: 42600829,Integrated Computational and In Vivo Evidence Prioritizes MYH6 as a Candidate Node in PFOS-Associated HCM-like Cardiac Remodeling.,PMID: 42551848,Critical Windows of Air Pollution Exposure During Spermatogenesis and Intrauterine Insemination Outcomes.,0.0585,0.9415
PMID: 42600829,Integrated Computational and In Vivo Evidence Prioritizes MYH6 as a Candidate Node in PFOS-Associated HCM-like Cardiac Remodeling.,PMID: 42570382,Heat-protective behavior in pregnancy: Extending Protection Motivation Theory with environmental and social factors.,0.0288,0.9712
PMID: 42600829,Integrated Computational and In Vivo Evidence Prioritizes MYH6 as a Candidate Node in PFOS-Associated HCM-like Cardiac Remodeling.,PMID: 42568331,Association between long-term exposure to air pollution and blood pressure in children: an updated systematic review and meta-analysis.,0.2907,0.7093
PMID: 42600829,Integrated Computational and In Vivo Evidence Prioritizes MYH6 as a Candidate Node in PFOS-Associated HCM-like Cardiac Remodeling.,PMID: 42565432,"Time series analysis of environmental factors and their association with emergency visits for asthma exacerbations in Petaling Jaya, Malaysia.",0.0897,0.9103
PMID: 42600829,Integrated Computational and In Vivo Evidence Prioritizes MYH6 as a Candidate Node in PFOS-Associated HCM-like Cardiac Remodeling.,PMID: 42551796,Association of PFAS exposure with maternal blood pressure and hypertension during pregnancy in the PROTECT cohort.,0.4376,0.5624
PMID: 42600829,Integrated Computational and In Vivo Evidence Prioritizes MYH6 as a Candidate Node in PFOS-Associated HCM-like Cardiac Remodeling.,PMID: 42557995,The Impact of Heat and Bushfire Smoke on Health System Utilisation in Australia.,0.332,0.668
PMID: 42600829,Integrated Computational and In Vivo Evidence Prioritizes MYH6 as a Candidate Node in PFOS-Associated HCM-like Cardiac Remodeling.,PMID: 42544117,Spatial analysis of environmental and socioeconomic factors impacting maternal and infant health outcomes in North Carolina.,0.0815,0.9185
PMID: 42600829,Integrated Computational and In Vivo Evidence Prioritizes MYH6 as a Candidate Node in PFOS-Associated HCM-like Cardiac Remodeling.,PMID: 42540534,Exposure to Airborne Particulate Matter in Regional Environments of Bangladesh and Its Effects on Respiratory Health: A Narrative Review.,0.0857,0.9143
PMID: 42600829,Integrated Computational and In Vivo Evidence Prioritizes MYH6 as a Candidate Node in PFOS-Associated HCM-like Cardiac Remodeling.,PMID: 42538170,Household incense burning and small for gestational age risk in newborn infants.,0.0664,0.9336
PMID: 42600829,Integrated Computational and In Vivo Evidence Prioritizes MYH6 as a Candidate Node in PFOS-Associated HCM-like Cardiac Remodeling.,PMID: 42534890,Prenatal PFAS exposure and offspring health: evidence review and implications for intergenerational risk assessment.,0.5248,0.4752
PMID: 42600829,Integrated Computational and In Vivo Evidence Prioritizes MYH6 as a Candidate Node in PFOS-Associated HCM-like Cardiac Remodeling.,PMID: 42529083,Environmental and socioeconomic influences on childhood asthma and pneumonia: burden and healthcare utilization in a population-based cohort study.,0.0575,0.9425
PMID: 42600829,Integrated Computational and In Vivo Evidence Prioritizes MYH6 as a Candidate Node in PFOS-Associated HCM-like Cardiac Remodeling.,PMID: 42529026,"Short-term associations between ambient air pollution and cardiovascular disease mortality: an 11-year time-series study in Nanning, China.",0.3029,0.6971
PMID: 42600829,Integrated Computational and In Vivo Evidence Prioritizes MYH6 as a Candidate Node in PFOS-Associated HCM-like Cardiac Remodeling.,PMID: 42528898,"Interpretable machine learning for identifying determinants of high hypertension burden under extreme heat vulnerability: evidence from Maryland, USA.",0.3638,0.6362
PMID: 42600829,Integrated Computational and In Vivo Evidence Prioritizes MYH6 as a Candidate Node in PFOS-Associated HCM-like Cardiac Remodeling.,PMID: 42524808,Compound Exposure to Extreme Heat and Substantial Landscape Fire-Sourced Air Pollution on Cardiovascular Mortality.,0.3078,0.6922
PMID: 42600829,Integrated Computational and In Vivo Evidence Prioritizes MYH6 as a Candidate Node in PFOS-Associated HCM-like Cardiac Remodeling.,PMID: 42524806,Heat Plus Fire: A Compound Hazard Threatening Cardiovascular Health.,0.237,0.763
PMID: 42600829,Integrated Computational and In Vivo Evidence Prioritizes MYH6 as a Candidate Node in PFOS-Associated HCM-like Cardiac Remodeling.,PMID: 42521043,Heat stress promotes myocardial injury and ventricular arrhythmia through DRP1-mediated mitochondrial dysfunction.,0.1196,0.8804
PMID: 42600829,Integrated Computational and In Vivo Evidence Prioritizes MYH6 as a Candidate Node in PFOS-Associated HCM-like Cardiac Remodeling.,PMID: 42520874,Long-term particulate matter exposure and coronary inflammation: A large-scale cohort study assessed by pericoronary fat attenuation index.,0.2281,0.7719
PMID: 42600829,Integrated Computational and In Vivo Evidence Prioritizes MYH6 as a Candidate Node in PFOS-Associated HCM-like Cardiac Remodeling.,PMID: 42520868,Maternal exposure to particulate matter during pregnancy and offspring liver function.,0.0811,0.9189
PMID: 42600829,Integrated Computational and In Vivo Evidence Prioritizes MYH6 as a Candidate Node in PFOS-Associated HCM-like Cardiac Remodeling.,PMID: 42520653,"Perfluoroalkyl/Polyfluoroalkyl Substances, Hemostatic/Inflammatory Biomarkers, and Incident Hypertension: The Study of Women's Health Across the Nation.",0.527,0.473
PMID: 42600829,Integrated Computational and In Vivo Evidence Prioritizes MYH6 as a Candidate Node in PFOS-Associated HCM-like Cardiac Remodeling.,PMID: 42512137,Weather Information Seeking and Heat-Health Protective Actions During Pregnancy: An Exploratory Study.,0.0819,0.9181
PMID: 42600829,Integrated Computational and In Vivo Evidence Prioritizes MYH6 as a Candidate Node in PFOS-Associated HCM-like Cardiac Remodeling.,PMID: 42508048,Air pollution and cardiovascular disease: A review of current scientific data.,0.2169,0.7831
PMID: 42600829,Integrated Computational and In Vivo Evidence Prioritizes MYH6 as a Candidate Node in PFOS-Associated HCM-like Cardiac Remodeling.,PMID: 42503941,[Advances on the effects and mechanisms of maternal exposure to particulate matter on offspring neurodevelopment].,0.0433,0.9567
PMID: 42600829,Integrated Computational and In Vivo Evidence Prioritizes MYH6 as a Candidate Node in PFOS-Associated HCM-like Cardiac Remodeling.,PMID: 42500877,Case-Crossover Analysis of Short-Term Particulate Matter and Health Outcomes in Patients With Atrial Fibrillation.,0.2767,0.7233
PMID: 42600829,Integrated Computational and In Vivo Evidence Prioritizes MYH6 as a Candidate Node in PFOS-Associated HCM-like Cardiac Remodeling.,PMID: 42496250,Mechanisms of Heat-Induced Sleep Disruption in Aging: A Narrative Review.,0.3042,0.6958
PMID: 42600829,Integrated Computational and In Vivo Evidence Prioritizes MYH6 as a Candidate Node in PFOS-Associated HCM-like Cardiac Remodeling.,PMID: 42492149,Prenatal air pollution exposure and placental biomarkers of oxidative stress and ageing: results from the BiSC cohort.,0.0541,0.9459
PMID: 42600829,Integrated Computational and In Vivo Evidence Prioritizes MYH6 as a Candidate Node in PFOS-Associated HCM-like Cardiac Remodeling.,PMID: 42488199,Changes in respiratory and cardiovascular morbidity air pollution risk and attributable burden in New York City.,0.2567,0.7433
PMID: 42600829,Integrated Computational and In Vivo Evidence Prioritizes MYH6 as a Candidate Node in PFOS-Associated HCM-like Cardiac Remodeling.,PMID: 42488198,A comprehensive study on the association of personal air pollution exposure with thyroid hormones in pregnant women.,0.0437,0.9563
PMID: 42600829,Integrated Computational and In Vivo Evidence Prioritizes MYH6 as a Candidate Node in PFOS-Associated HCM-like Cardiac Remodeling.,PMID: 42484582,Constituent-Specific PM and Cardiovascular Risk: From Mass to Mixture. 2.5,0.237,0.763
PMID: 42600829,Integrated Computational and In Vivo Evidence Prioritizes MYH6 as a Candidate Node in PFOS-Associated HCM-like Cardiac Remodeling.,PMID: 42483592,Quantifying the Health Benefits Linked to Reduced Traffic-Related PM Exposure on Acute Coronary Syndrome Incidence in China. 2.5,0.429,0.571
PMID: 42600829,Integrated Computational and In Vivo Evidence Prioritizes MYH6 as a Candidate Node in PFOS-Associated HCM-like Cardiac Remodeling.,PMID: 42483588,Transcriptomic Perturbations in Placental Gene Expression Following Developmental Exposure to Perfluorooctanoic Acid (PFOA) or Hexafluoropropylene Oxide-Dimer Acid (HFPO-DA or GenX) in CD‑1 Mice Are Consistent with Placental Insufficiency.,0.264,0.736
PMID: 42600829,Integrated Computational and In Vivo Evidence Prioritizes MYH6 as a Candidate Node in PFOS-Associated HCM-like Cardiac Remodeling.,PMID: 42483065,"Combined effects of apparent low temperature and PM pollution on circulatory emergency ambulance calls: a time-series analysis in Shijiazhuang, China. 2.5",0.3065,0.6935
PMID: 42600829,Integrated Computational and In Vivo Evidence Prioritizes MYH6 as a Candidate Node in PFOS-Associated HCM-like Cardiac Remodeling.,PMID: 42482688,"Size-specific health effects of particulate matter components on cardiovascular mortality: a weekly time-series study in Tianjin, China.",0.2496,0.7504
PMID: 42600829,Integrated Computational and In Vivo Evidence Prioritizes MYH6 as a Candidate Node in PFOS-Associated HCM-like Cardiac Remodeling.,PMID: 42476417,Thermophysiological response of adults to long-distance running in different ACSM environmental risk conditions: A systematic review and meta-analysis.,0.4376,0.5624
PMID: 42600829,Integrated Computational and In Vivo Evidence Prioritizes MYH6 as a Candidate Node in PFOS-Associated HCM-like Cardiac Remodeling.,PMID: 42474428,Individual and neighborhood factors influencing pediatric asthma exacerbations during urban heatwaves.,0.0609,0.9391
PMID: 42600829,Integrated Computational and In Vivo Evidence Prioritizes MYH6 as a Candidate Node in PFOS-Associated HCM-like Cardiac Remodeling.,PMID: 42472615,Targeted inhibition of JAK2 phosphorylation by GenX disrupts the JAK2-STAT3 pathway and induces cardiovascular toxicity in zebrafish: Insights from network toxicology and molecular dynamics.,0.6793,0.3207
PMID: 42600829,Integrated Computational and In Vivo Evidence Prioritizes MYH6 as a Candidate Node in PFOS-Associated HCM-like Cardiac Remodeling.,PMID: 42471626,Associations between wildland fire smoke PM and maternal blood pressure. 2.5,0.0941,0.9059
PMID: 42600829,Integrated Computational and In Vivo Evidence Prioritizes MYH6 as a Candidate Node in PFOS-Associated HCM-like Cardiac Remodeling.,PMID: 42466507,Joint Effects of Heat and Fine Particulate Matter on Out-of-Hospital Cardiac Arrest in Japan: A Nationwide Time-Stratified Case-Crossover Study.,0.3389,0.6611
PMID: 42600829,Integrated Computational and In Vivo Evidence Prioritizes MYH6 as a Candidate Node in PFOS-Associated HCM-like Cardiac Remodeling.,PMID: 42459959,Mechanistic insights into PM-induced cardiac fibrosis involving ERS/TXNIP/NLRP3-driven pyroptosis in multiple cell types. 2.5,0.3534,0.6466
PMID: 42600829,Integrated Computational and In Vivo Evidence Prioritizes MYH6 as a Candidate Node in PFOS-Associated HCM-like Cardiac Remodeling.,PMID: 42455550,"Modifiable Risk Factors and Attributable Ischemic Heart Disease Mortality in US States, 1990-2023: A Systematic Analysis for the Global Burden of Disease Study 2023.",0.1015,0.8985
PMID: 42600829,Integrated Computational and In Vivo Evidence Prioritizes MYH6 as a Candidate Node in PFOS-Associated HCM-like Cardiac Remodeling.,PMID: 42455100,Long-Term Exposure to PM Constituents and Coronary Heart Disease Risk in China. 2.5,0.2541,0.7459
PMID: 42600829,Integrated Computational and In Vivo Evidence Prioritizes MYH6 as a Candidate Node in PFOS-Associated HCM-like Cardiac Remodeling.,PMID: 42450330,Imaging and Molecular Biomarkers of PFAS-Related Vascular Aging: A Narrative Review.,0.6001,0.3999
PMID: 42600829,Integrated Computational and In Vivo Evidence Prioritizes MYH6 as a Candidate Node in PFOS-Associated HCM-like Cardiac Remodeling.,PMID: 42449303,Environmental exposome and its public health impact on COPD and asthma exacerbations in France.,0.0554,0.9446
PMID: 42600829,Integrated Computational and In Vivo Evidence Prioritizes MYH6 as a Candidate Node in PFOS-Associated HCM-like Cardiac Remodeling.,PMID: 42447841,Micro- and nano-plastics in the coronary circulation and air pollution exposure in ischaemic heart disease presentation.,0.3219,0.6781
PMID: 42600829,Integrated Computational and In Vivo Evidence Prioritizes MYH6 as a Candidate Node in PFOS-Associated HCM-like Cardiac Remodeling.,PMID: 42445923,"Ambient temperature, rainfall, and adverse maternal and child health outcomes in Nigeria: evidence from a national cross-sectional study.",0.0909,0.9091
PMID: 42600829,Integrated Computational and In Vivo Evidence Prioritizes MYH6 as a Candidate Node in PFOS-Associated HCM-like Cardiac Remodeling.,PMID: 42442744,"Fine Particulate Matter (PM2.5), the Exposome, and Cumulative Health Risk: A Life-course Perspective.",0.2194,0.7806
PMID: 42600829,Integrated Computational and In Vivo Evidence Prioritizes MYH6 as a Candidate Node in PFOS-Associated HCM-like Cardiac Remodeling.,PMID: 42440588,Maternal exposure to fine particulate matter and autism spectrum disorder in children: population based case-control study.,0.0845,0.9155
PMID: 42600829,Integrated Computational and In Vivo Evidence Prioritizes MYH6 as a Candidate Node in PFOS-Associated HCM-like Cardiac Remodeling.,PMID: 42437198,"Air Pollution Mixture and Folate Status Indicators among Pregnant Women in Canada: Maternal-Infant Research on Environmental Chemicals (MIREC) Study, 2008 to 2011.",0.0398,0.9602
PMID: 42600829,Integrated Computational and In Vivo Evidence Prioritizes MYH6 as a Candidate Node in PFOS-Associated HCM-like Cardiac Remodeling.,PMID: 42428257,Prenatal Air Pollution Exposure and Autism Spectrum Disorder in the ECHO Consortium.,0.0203,0.9797
PMID: 42600829,Integrated Computational and In Vivo Evidence Prioritizes MYH6 as a Candidate Node in PFOS-Associated HCM-like Cardiac Remodeling.,PMID: 42422320,"Maternal ambient air pollution exposure and risk of stillbirth in Georgia, USA.",0.07,0.93
PMID: 42600829,Integrated Computational and In Vivo Evidence Prioritizes MYH6 as a Candidate Node in PFOS-Associated HCM-like Cardiac Remodeling.,PMID: 42420937,Assessing the feasibility of indoor air quality monitoring in low-income housing among Black adults with uncontrolled asthma in New York City.,0.1148,0.8852
PMID: 42600829,Integrated Computational and In Vivo Evidence Prioritizes MYH6 as a Candidate Node in PFOS-Associated HCM-like Cardiac Remodeling.,PMID: 42420917,Effects of per- and polyfluoroalkyl substances on maternal thyroid function: a stratified analysis by maternal iodine status and thyroid autoantibody status.,0.4917,0.5083
PMID: 42600829,Integrated Computational and In Vivo Evidence Prioritizes MYH6 as a Candidate Node in PFOS-Associated HCM-like Cardiac Remodeling.,PMID: 42419777,Genetic susceptibility to respiratory health effects from outdoor air pollution: a structured narrative review.,0.0416,0.9584
PMID: 42600829,Integrated Computational and In Vivo Evidence Prioritizes MYH6 as a Candidate Node in PFOS-Associated HCM-like Cardiac Remodeling.,PMID: 42416905,Association between air pollution and incident cardiovascular diseases among a population with cardiovascular-kidney-metabolic syndrome stages 0-3: the first evidence from the China Health and Retirement Longitudinal Study.,0.3095,0.6905
PMID: 42600829,Integrated Computational and In Vivo Evidence Prioritizes MYH6 as a Candidate Node in PFOS-Associated HCM-like Cardiac Remodeling.,PMID: 42414291,Causal effects of wildfire PM on hospital costs and length of stay in Brazil. 2.5,0.3122,0.6878
PMID: 42600829,Integrated Computational and In Vivo Evidence Prioritizes MYH6 as a Candidate Node in PFOS-Associated HCM-like Cardiac Remodeling.,PMID: 42413509,Adaptations to Climate Change-Related Environmental Phenomena to Achieve Physical Activity Recommendations for Adults Aged 65 and Older.,0.3022,0.6978
PMID: 42600829,Integrated Computational and In Vivo Evidence Prioritizes MYH6 as a Candidate Node in PFOS-Associated HCM-like Cardiac Remodeling.,PMID: 42410409,Investigating environmental heat exposure and its effects on maternal and fetal health in rural Northern Ghana (Physio-HeMAB Study): a study protocol for a cluster randomized trial.,0.0491,0.9509
PMID: 42600829,Integrated Computational and In Vivo Evidence Prioritizes MYH6 as a Candidate Node in PFOS-Associated HCM-like Cardiac Remodeling.,PMID: 42406176,"Associations of short-, mid-, and long-term particulate matter exposure with elevated LDL-C levels in Korean adults: analysis of KNHANES 2016-2022.",0.0833,0.9167
PMID: 42600829,Integrated Computational and In Vivo Evidence Prioritizes MYH6 as a Candidate Node in PFOS-Associated HCM-like Cardiac Remodeling.,PMID: 42403579,Exposure to air and water pollution during pregnancy and risk of adverse perinatal outcomes in São Paulo State: protocol for a retrospective population-based cohort study.,0.0319,0.9681
PMID: 42600486,A prospective twin cohort investigates placental transfer efficiency as a potential determinant of fetal growth across a 300-xenobiotic maternal-fetal exposure landscape.,PMID: 42600302,Impairment of placental function and maternal-fetal immunity cross-talk by per- and polyfluoroalkyl substances during early pregnancy.,0.2868,0.7132
PMID: 42600486,A prospective twin cohort investigates placental transfer efficiency as a potential determinant of fetal growth across a 300-xenobiotic maternal-fetal exposure landscape.,PMID: 42598180,Effect of ambient relative humidity and particulate matter on the levels of asthma therapy.,0.0235,0.9765
PMID: 42600486,A prospective twin cohort investigates placental transfer efficiency as a potential determinant of fetal growth across a 300-xenobiotic maternal-fetal exposure landscape.,PMID: 42595534,[Acute impact of combined exposure to cold spell and heavy pollution on circulatory disease mortality in the Beijing-Tianjin-Hebei Region and surrounding areas].,0.039,0.961
PMID: 42600486,A prospective twin cohort investigates placental transfer efficiency as a potential determinant of fetal growth across a 300-xenobiotic maternal-fetal exposure landscape.,PMID: 42595033,Prenatal PFAS exposure and early childhood sleep quality in the ECHO Cohort.,0.3167,0.6833
PMID: 42600486,A prospective twin cohort investigates placental transfer efficiency as a potential determinant of fetal growth across a 300-xenobiotic maternal-fetal exposure landscape.,PMID: 42595030,Association between long-term ambient PM. exposure and hypertension and metabolic syndrome among Ghanaian adults. 2 5,0.0746,0.9254
PMID: 42600486,A prospective twin cohort investigates placental transfer efficiency as a potential determinant of fetal growth across a 300-xenobiotic maternal-fetal exposure landscape.,PMID: 42594972,Gestational inhalation of nanoparticles alters placental glucose transporter expression and increases glucose flux in rats.,0.1158,0.8842
PMID: 42600486,A prospective twin cohort investigates placental transfer efficiency as a potential determinant of fetal growth across a 300-xenobiotic maternal-fetal exposure landscape.,PMID: 42588124,Nutrition and Hydration Strategies for Heatwave Adaptation: A Narrative Review.,0.0471,0.9529
PMID: 42600486,A prospective twin cohort investigates placental transfer efficiency as a potential determinant of fetal growth across a 300-xenobiotic maternal-fetal exposure landscape.,PMID: 42551848,Critical Windows of Air Pollution Exposure During Spermatogenesis and Intrauterine Insemination Outcomes.,0.0204,0.9796
PMID: 42600486,A prospective twin cohort investigates placental transfer efficiency as a potential determinant of fetal growth across a 300-xenobiotic maternal-fetal exposure landscape.,PMID: 42570382,Heat-protective behavior in pregnancy: Extending Protection Motivation Theory with environmental and social factors.,0.0818,0.9182
PMID: 42600486,A prospective twin cohort investigates placental transfer efficiency as a potential determinant of fetal growth across a 300-xenobiotic maternal-fetal exposure landscape.,PMID: 42568331,Association between long-term exposure to air pollution and blood pressure in children: an updated systematic review and meta-analysis.,0.0661,0.9339
PMID: 42600486,A prospective twin cohort investigates placental transfer efficiency as a potential determinant of fetal growth across a 300-xenobiotic maternal-fetal exposure landscape.,PMID: 42565432,"Time series analysis of environmental factors and their association with emergency visits for asthma exacerbations in Petaling Jaya, Malaysia.",0.0439,0.9561
PMID: 42600486,A prospective twin cohort investigates placental transfer efficiency as a potential determinant of fetal growth across a 300-xenobiotic maternal-fetal exposure landscape.,PMID: 42551796,Association of PFAS exposure with maternal blood pressure and hypertension during pregnancy in the PROTECT cohort.,0.2873,0.7127
PMID: 42600486,A prospective twin cohort investigates placental transfer efficiency as a potential determinant of fetal growth across a 300-xenobiotic maternal-fetal exposure landscape.,PMID: 42557995,The Impact of Heat and Bushfire Smoke on Health System Utilisation in Australia.,0.0423,0.9577
PMID: 42600486,A prospective twin cohort investigates placental transfer efficiency as a potential determinant of fetal growth across a 300-xenobiotic maternal-fetal exposure landscape.,PMID: 42544117,Spatial analysis of environmental and socioeconomic factors impacting maternal and infant health outcomes in North Carolina.,0.1568,0.8432
PMID: 42600486,A prospective twin cohort investigates placental transfer efficiency as a potential determinant of fetal growth across a 300-xenobiotic maternal-fetal exposure landscape.,PMID: 42540534,Exposure to Airborne Particulate Matter in Regional Environments of Bangladesh and Its Effects on Respiratory Health: A Narrative Review.,0.0419,0.9581
PMID: 42600486,A prospective twin cohort investigates placental transfer efficiency as a potential determinant of fetal growth across a 300-xenobiotic maternal-fetal exposure landscape.,PMID: 42538170,Household incense burning and small for gestational age risk in newborn infants.,0.1226,0.8774
PMID: 42600486,A prospective twin cohort investigates placental transfer efficiency as a potential determinant of fetal growth across a 300-xenobiotic maternal-fetal exposure landscape.,PMID: 42534890,Prenatal PFAS exposure and offspring health: evidence review and implications for intergenerational risk assessment.,0.2561,0.7439
PMID: 42600486,A prospective twin cohort investigates placental transfer efficiency as a potential determinant of fetal growth across a 300-xenobiotic maternal-fetal exposure landscape.,PMID: 42529083,Environmental and socioeconomic influences on childhood asthma and pneumonia: burden and healthcare utilization in a population-based cohort study.,0.0628,0.9372
PMID: 42600486,A prospective twin cohort investigates placental transfer efficiency as a potential determinant of fetal growth across a 300-xenobiotic maternal-fetal exposure landscape.,PMID: 42529026,"Short-term associations between ambient air pollution and cardiovascular disease mortality: an 11-year time-series study in Nanning, China.",0.0219,0.9781
PMID: 42600486,A prospective twin cohort investigates placental transfer efficiency as a potential determinant of fetal growth across a 300-xenobiotic maternal-fetal exposure landscape.,PMID: 42528898,"Interpretable machine learning for identifying determinants of high hypertension burden under extreme heat vulnerability: evidence from Maryland, USA.",0.0525,0.9475
PMID: 42600486,A prospective twin cohort investigates placental transfer efficiency as a potential determinant of fetal growth across a 300-xenobiotic maternal-fetal exposure landscape.,PMID: 42524808,Compound Exposure to Extreme Heat and Substantial Landscape Fire-Sourced Air Pollution on Cardiovascular Mortality.,0.0392,0.9608
PMID: 42600486,A prospective twin cohort investigates placental transfer efficiency as a potential determinant of fetal growth across a 300-xenobiotic maternal-fetal exposure landscape.,PMID: 42524806,Heat Plus Fire: A Compound Hazard Threatening Cardiovascular Health.,0.2126,0.7874
PMID: 42600486,A prospective twin cohort investigates placental transfer efficiency as a potential determinant of fetal growth across a 300-xenobiotic maternal-fetal exposure landscape.,PMID: 42521043,Heat stress promotes myocardial injury and ventricular arrhythmia through DRP1-mediated mitochondrial dysfunction.,0.0586,0.9414
PMID: 42600486,A prospective twin cohort investigates placental transfer efficiency as a potential determinant of fetal growth across a 300-xenobiotic maternal-fetal exposure landscape.,PMID: 42520874,Long-term particulate matter exposure and coronary inflammation: A large-scale cohort study assessed by pericoronary fat attenuation index.,0.0777,0.9223
PMID: 42600486,A prospective twin cohort investigates placental transfer efficiency as a potential determinant of fetal growth across a 300-xenobiotic maternal-fetal exposure landscape.,PMID: 42520868,Maternal exposure to particulate matter during pregnancy and offspring liver function.,0.1298,0.8702
PMID: 42600486,A prospective twin cohort investigates placental transfer efficiency as a potential determinant of fetal growth across a 300-xenobiotic maternal-fetal exposure landscape.,PMID: 42520653,"Perfluoroalkyl/Polyfluoroalkyl Substances, Hemostatic/Inflammatory Biomarkers, and Incident Hypertension: The Study of Women's Health Across the Nation.",0.2839,0.7161
PMID: 42600486,A prospective twin cohort investigates placental transfer efficiency as a potential determinant of fetal growth across a 300-xenobiotic maternal-fetal exposure landscape.,PMID: 42512137,Weather Information Seeking and Heat-Health Protective Actions During Pregnancy: An Exploratory Study.,0.0288,0.9712
PMID: 42600486,A prospective twin cohort investigates placental transfer efficiency as a potential determinant of fetal growth across a 300-xenobiotic maternal-fetal exposure landscape.,PMID: 42508048,Air pollution and cardiovascular disease: A review of current scientific data.,0.0275,0.9725
PMID: 42600486,A prospective twin cohort investigates placental transfer efficiency as a potential determinant of fetal growth across a 300-xenobiotic maternal-fetal exposure landscape.,PMID: 42503941,[Advances on the effects and mechanisms of maternal exposure to particulate matter on offspring neurodevelopment].,0.0831,0.9169
PMID: 42600486,A prospective twin cohort investigates placental transfer efficiency as a potential determinant of fetal growth across a 300-xenobiotic maternal-fetal exposure landscape.,PMID: 42500877,Case-Crossover Analysis of Short-Term Particulate Matter and Health Outcomes in Patients With Atrial Fibrillation.,0.0751,0.9249
PMID: 42600486,A prospective twin cohort investigates placental transfer efficiency as a potential determinant of fetal growth across a 300-xenobiotic maternal-fetal exposure landscape.,PMID: 42496250,Mechanisms of Heat-Induced Sleep Disruption in Aging: A Narrative Review.,0.0387,0.9613
PMID: 42600486,A prospective twin cohort investigates placental transfer efficiency as a potential determinant of fetal growth across a 300-xenobiotic maternal-fetal exposure landscape.,PMID: 42492149,Prenatal air pollution exposure and placental biomarkers of oxidative stress and ageing: results from the BiSC cohort.,0.2845,0.7155
PMID: 42600486,A prospective twin cohort investigates placental transfer efficiency as a potential determinant of fetal growth across a 300-xenobiotic maternal-fetal exposure landscape.,PMID: 42488199,Changes in respiratory and cardiovascular morbidity air pollution risk and attributable burden in New York City.,0.037,0.963
PMID: 42600486,A prospective twin cohort investigates placental transfer efficiency as a potential determinant of fetal growth across a 300-xenobiotic maternal-fetal exposure landscape.,PMID: 42488198,A comprehensive study on the association of personal air pollution exposure with thyroid hormones in pregnant women.,0.1618,0.8382
PMID: 42600486,A prospective twin cohort investigates placental transfer efficiency as a potential determinant of fetal growth across a 300-xenobiotic maternal-fetal exposure landscape.,PMID: 42484582,Constituent-Specific PM and Cardiovascular Risk: From Mass to Mixture. 2.5,0.2126,0.7874
PMID: 42600486,A prospective twin cohort investigates placental transfer efficiency as a potential determinant of fetal growth across a 300-xenobiotic maternal-fetal exposure landscape.,PMID: 42483592,Quantifying the Health Benefits Linked to Reduced Traffic-Related PM Exposure on Acute Coronary Syndrome Incidence in China. 2.5,0.0312,0.9688
PMID: 42600486,A prospective twin cohort investigates placental transfer efficiency as a potential determinant of fetal growth across a 300-xenobiotic maternal-fetal exposure landscape.,PMID: 42483588,Transcriptomic Perturbations in Placental Gene Expression Following Developmental Exposure to Perfluorooctanoic Acid (PFOA) or Hexafluoropropylene Oxide-Dimer Acid (HFPO-DA or GenX) in CD‑1 Mice Are Consistent with Placental Insufficiency.,0.479,0.521
PMID: 42600486,A prospective twin cohort investigates placental transfer efficiency as a potential determinant of fetal growth across a 300-xenobiotic maternal-fetal exposure landscape.,PMID: 42483065,"Combined effects of apparent low temperature and PM pollution on circulatory emergency ambulance calls: a time-series analysis in Shijiazhuang, China. 2.5",0.0393,0.9607
PMID: 42600486,A prospective twin cohort investigates placental transfer efficiency as a potential determinant of fetal growth across a 300-xenobiotic maternal-fetal exposure landscape.,PMID: 42482688,"Size-specific health effects of particulate matter components on cardiovascular mortality: a weekly time-series study in Tianjin, China.",0.0319,0.9681
PMID: 42600486,A prospective twin cohort investigates placental transfer efficiency as a potential determinant of fetal growth across a 300-xenobiotic maternal-fetal exposure landscape.,PMID: 42476417,Thermophysiological response of adults to long-distance running in different ACSM environmental risk conditions: A systematic review and meta-analysis.,0.0634,0.9366
PMID: 42600486,A prospective twin cohort investigates placental transfer efficiency as a potential determinant of fetal growth across a 300-xenobiotic maternal-fetal exposure landscape.,PMID: 42474428,Individual and neighborhood factors influencing pediatric asthma exacerbations during urban heatwaves.,0.1,0.9
PMID: 42600486,A prospective twin cohort investigates placental transfer efficiency as a potential determinant of fetal growth across a 300-xenobiotic maternal-fetal exposure landscape.,PMID: 42472615,Targeted inhibition of JAK2 phosphorylation by GenX disrupts the JAK2-STAT3 pathway and induces cardiovascular toxicity in zebrafish: Insights from network toxicology and molecular dynamics.,0.3087,0.6913
PMID: 42600486,A prospective twin cohort investigates placental transfer efficiency as a potential determinant of fetal growth across a 300-xenobiotic maternal-fetal exposure landscape.,PMID: 42471626,Associations between wildland fire smoke PM and maternal blood pressure. 2.5,0.0984,0.9016
PMID: 42600486,A prospective twin cohort investigates placental transfer efficiency as a potential determinant of fetal growth across a 300-xenobiotic maternal-fetal exposure landscape.,PMID: 42466507,Joint Effects of Heat and Fine Particulate Matter on Out-of-Hospital Cardiac Arrest in Japan: A Nationwide Time-Stratified Case-Crossover Study.,0.0435,0.9565
PMID: 42600486,A prospective twin cohort investigates placental transfer efficiency as a potential determinant of fetal growth across a 300-xenobiotic maternal-fetal exposure landscape.,PMID: 42459959,Mechanistic insights into PM-induced cardiac fibrosis involving ERS/TXNIP/NLRP3-driven pyroptosis in multiple cell types. 2.5,0.0448,0.9552
PMID: 42600486,A prospective twin cohort investigates placental transfer efficiency as a potential determinant of fetal growth across a 300-xenobiotic maternal-fetal exposure landscape.,PMID: 42455550,"Modifiable Risk Factors and Attributable Ischemic Heart Disease Mortality in US States, 1990-2023: A Systematic Analysis for the Global Burden of Disease Study 2023.",0.0497,0.9503
PMID: 42600486,A prospective twin cohort investigates placental transfer efficiency as a potential determinant of fetal growth across a 300-xenobiotic maternal-fetal exposure landscape.,PMID: 42455100,Long-Term Exposure to PM Constituents and Coronary Heart Disease Risk in China. 2.5,0.0971,0.9029
PMID: 42600486,A prospective twin cohort investigates placental transfer efficiency as a potential determinant of fetal growth across a 300-xenobiotic maternal-fetal exposure landscape.,PMID: 42450330,Imaging and Molecular Biomarkers of PFAS-Related Vascular Aging: A Narrative Review.,0.2726,0.7274
PMID: 42600486,A prospective twin cohort investigates placental transfer efficiency as a potential determinant of fetal growth across a 300-xenobiotic maternal-fetal exposure landscape.,PMID: 42449303,Environmental exposome and its public health impact on COPD and asthma exacerbations in France.,0.0494,0.9506
PMID: 42600486,A prospective twin cohort investigates placental transfer efficiency as a potential determinant of fetal growth across a 300-xenobiotic maternal-fetal exposure landscape.,PMID: 42447841,Micro- and nano-plastics in the coronary circulation and air pollution exposure in ischaemic heart disease presentation.,0.0234,0.9766
PMID: 42600486,A prospective twin cohort investigates placental transfer efficiency as a potential determinant of fetal growth across a 300-xenobiotic maternal-fetal exposure landscape.,PMID: 42445923,"Ambient temperature, rainfall, and adverse maternal and child health outcomes in Nigeria: evidence from a national cross-sectional study.",0.1,0.9
PMID: 42600486,A prospective twin cohort investigates placental transfer efficiency as a potential determinant of fetal growth across a 300-xenobiotic maternal-fetal exposure landscape.,PMID: 42442744,"Fine Particulate Matter (PM2.5), the Exposome, and Cumulative Health Risk: A Life-course Perspective.",0.0317,0.9683
PMID: 42600486,A prospective twin cohort investigates placental transfer efficiency as a potential determinant of fetal growth across a 300-xenobiotic maternal-fetal exposure landscape.,PMID: 42440588,Maternal exposure to fine particulate matter and autism spectrum disorder in children: population based case-control study.,0.0882,0.9118
PMID: 42600486,A prospective twin cohort investigates placental transfer efficiency as a potential determinant of fetal growth across a 300-xenobiotic maternal-fetal exposure landscape.,PMID: 42437198,"Air Pollution Mixture and Folate Status Indicators among Pregnant Women in Canada: Maternal-Infant Research on Environmental Chemicals (MIREC) Study, 2008 to 2011.",0.1577,0.8423
PMID: 42600486,A prospective twin cohort investigates placental transfer efficiency as a potential determinant of fetal growth across a 300-xenobiotic maternal-fetal exposure landscape.,PMID: 42428257,Prenatal Air Pollution Exposure and Autism Spectrum Disorder in the ECHO Consortium.,0.0573,0.9427
PMID: 42600486,A prospective twin cohort investigates placental transfer efficiency as a potential determinant of fetal growth across a 300-xenobiotic maternal-fetal exposure landscape.,PMID: 42422320,"Maternal ambient air pollution exposure and risk of stillbirth in Georgia, USA.",0.0765,0.9235
PMID: 42600486,A prospective twin cohort investigates placental transfer efficiency as a potential determinant of fetal growth across a 300-xenobiotic maternal-fetal exposure landscape.,PMID: 42420937,Assessing the feasibility of indoor air quality monitoring in low-income housing among Black adults with uncontrolled asthma in New York City.,0.0562,0.9438
PMID: 42600486,A prospective twin cohort investigates placental transfer efficiency as a potential determinant of fetal growth across a 300-xenobiotic maternal-fetal exposure landscape.,PMID: 42420917,Effects of per- and polyfluoroalkyl substances on maternal thyroid function: a stratified analysis by maternal iodine status and thyroid autoantibody status.,0.2573,0.7427
PMID: 42600486,A prospective twin cohort investigates placental transfer efficiency as a potential determinant of fetal growth across a 300-xenobiotic maternal-fetal exposure landscape.,PMID: 42419777,Genetic susceptibility to respiratory health effects from outdoor air pollution: a structured narrative review.,0.0373,0.9627
PMID: 42600486,A prospective twin cohort investigates placental transfer efficiency as a potential determinant of fetal growth across a 300-xenobiotic maternal-fetal exposure landscape.,PMID: 42416905,Association between air pollution and incident cardiovascular diseases among a population with cardiovascular-kidney-metabolic syndrome stages 0-3: the first evidence from the China Health and Retirement Longitudinal Study.,0.0703,0.9297
PMID: 42600486,A prospective twin cohort investigates placental transfer efficiency as a potential determinant of fetal growth across a 300-xenobiotic maternal-fetal exposure landscape.,PMID: 42414291,Causal effects of wildfire PM on hospital costs and length of stay in Brazil. 2.5,0.0397,0.9603
PMID: 42600486,A prospective twin cohort investigates placental transfer efficiency as a potential determinant of fetal growth across a 300-xenobiotic maternal-fetal exposure landscape.,PMID: 42413509,Adaptations to Climate Change-Related Environmental Phenomena to Achieve Physical Activity Recommendations for Adults Aged 65 and Older.,0.0435,0.9565
PMID: 42600486,A prospective twin cohort investigates placental transfer efficiency as a potential determinant of fetal growth across a 300-xenobiotic maternal-fetal exposure landscape.,PMID: 42410409,Investigating environmental heat exposure and its effects on maternal and fetal health in rural Northern Ghana (Physio-HeMAB Study): a study protocol for a cluster randomized trial.,0.0945,0.9055
PMID: 42600486,A prospective twin cohort investigates placental transfer efficiency as a potential determinant of fetal growth across a 300-xenobiotic maternal-fetal exposure landscape.,PMID: 42406176,"Associations of short-, mid-, and long-term particulate matter exposure with elevated LDL-C levels in Korean adults: analysis of KNHANES 2016-2022.",0.029,0.971
PMID: 42600486,A prospective twin cohort investigates placental transfer efficiency as a potential determinant of fetal growth across a 300-xenobiotic maternal-fetal exposure landscape.,PMID: 42403579,Exposure to air and water pollution during pregnancy and risk of adverse perinatal outcomes in São Paulo State: protocol for a retrospective population-based cohort study.,0.243,0.757
PMID: 42600302,Impairment of placental function and maternal-fetal immunity cross-talk by per- and polyfluoroalkyl substances during early pregnancy.,PMID: 42598180,Effect of ambient relative humidity and particulate matter on the levels of asthma therapy.,0.0511,0.9489
PMID: 42600302,Impairment of placental function and maternal-fetal immunity cross-talk by per- and polyfluoroalkyl substances during early pregnancy.,PMID: 42595534,[Acute impact of combined exposure to cold spell and heavy pollution on circulatory disease mortality in the Beijing-Tianjin-Hebei Region and surrounding areas].,0.0607,0.9393
PMID: 42600302,Impairment of placental function and maternal-fetal immunity cross-talk by per- and polyfluoroalkyl substances during early pregnancy.,PMID: 42595033,Prenatal PFAS exposure and early childhood sleep quality in the ECHO Cohort.,0.7183,0.2817
PMID: 42600302,Impairment of placental function and maternal-fetal immunity cross-talk by per- and polyfluoroalkyl substances during early pregnancy.,PMID: 42595030,Association between long-term ambient PM. exposure and hypertension and metabolic syndrome among Ghanaian adults. 2 5,0.0517,0.9483
PMID: 42600302,Impairment of placental function and maternal-fetal immunity cross-talk by per- and polyfluoroalkyl substances during early pregnancy.,PMID: 42594972,Gestational inhalation of nanoparticles alters placental glucose transporter expression and increases glucose flux in rats.,0.4278,0.5722
PMID: 42600302,Impairment of placental function and maternal-fetal immunity cross-talk by per- and polyfluoroalkyl substances during early pregnancy.,PMID: 42588124,Nutrition and Hydration Strategies for Heatwave Adaptation: A Narrative Review.,0.04,0.96
PMID: 42600302,Impairment of placental function and maternal-fetal immunity cross-talk by per- and polyfluoroalkyl substances during early pregnancy.,PMID: 42551848,Critical Windows of Air Pollution Exposure During Spermatogenesis and Intrauterine Insemination Outcomes.,0.252,0.748
PMID: 42600302,Impairment of placental function and maternal-fetal immunity cross-talk by per- and polyfluoroalkyl substances during early pregnancy.,PMID: 42570382,Heat-protective behavior in pregnancy: Extending Protection Motivation Theory with environmental and social factors.,0.3335,0.6665
PMID: 42600302,Impairment of placental function and maternal-fetal immunity cross-talk by per- and polyfluoroalkyl substances during early pregnancy.,PMID: 42568331,Association between long-term exposure to air pollution and blood pressure in children: an updated systematic review and meta-analysis.,0.0458,0.9542
PMID: 42600302,Impairment of placental function and maternal-fetal immunity cross-talk by per- and polyfluoroalkyl substances during early pregnancy.,PMID: 42565432,"Time series analysis of environmental factors and their association with emergency visits for asthma exacerbations in Petaling Jaya, Malaysia.",0.0681,0.9319
PMID: 42600302,Impairment of placental function and maternal-fetal immunity cross-talk by per- and polyfluoroalkyl substances during early pregnancy.,PMID: 42551796,Association of PFAS exposure with maternal blood pressure and hypertension during pregnancy in the PROTECT cohort.,0.7195,0.2805
PMID: 42600302,Impairment of placental function and maternal-fetal immunity cross-talk by per- and polyfluoroalkyl substances during early pregnancy.,PMID: 42557995,The Impact of Heat and Bushfire Smoke on Health System Utilisation in Australia.,0.0656,0.9344
PMID: 42600302,Impairment of placental function and maternal-fetal immunity cross-talk by per- and polyfluoroalkyl substances during early pregnancy.,PMID: 42544117,Spatial analysis of environmental and socioeconomic factors impacting maternal and infant health outcomes in North Carolina.,0.5291,0.4709
PMID: 42600302,Impairment of placental function and maternal-fetal immunity cross-talk by per- and polyfluoroalkyl substances during early pregnancy.,PMID: 42540534,Exposure to Airborne Particulate Matter in Regional Environments of Bangladesh and Its Effects on Respiratory Health: A Narrative Review.,0.0651,0.9349
PMID: 42600302,Impairment of placental function and maternal-fetal immunity cross-talk by per- and polyfluoroalkyl substances during early pregnancy.,PMID: 42538170,Household incense burning and small for gestational age risk in newborn infants.,0.3283,0.6717
PMID: 42600302,Impairment of placental function and maternal-fetal immunity cross-talk by per- and polyfluoroalkyl substances during early pregnancy.,PMID: 42534890,Prenatal PFAS exposure and offspring health: evidence review and implications for intergenerational risk assessment.,0.7643,0.2357
PMID: 42600302,Impairment of placental function and maternal-fetal immunity cross-talk by per- and polyfluoroalkyl substances during early pregnancy.,PMID: 42529083,Environmental and socioeconomic influences on childhood asthma and pneumonia: burden and healthcare utilization in a population-based cohort study.,0.0437,0.9563
PMID: 42600302,Impairment of placental function and maternal-fetal immunity cross-talk by per- and polyfluoroalkyl substances during early pregnancy.,PMID: 42529026,"Short-term associations between ambient air pollution and cardiovascular disease mortality: an 11-year time-series study in Nanning, China.",0.0478,0.9522
PMID: 42600302,Impairment of placental function and maternal-fetal immunity cross-talk by per- and polyfluoroalkyl substances during early pregnancy.,PMID: 42528898,"Interpretable machine learning for identifying determinants of high hypertension burden under extreme heat vulnerability: evidence from Maryland, USA.",0.0445,0.9555
PMID: 42600302,Impairment of placental function and maternal-fetal immunity cross-talk by per- and polyfluoroalkyl substances during early pregnancy.,PMID: 42524808,Compound Exposure to Extreme Heat and Substantial Landscape Fire-Sourced Air Pollution on Cardiovascular Mortality.,0.0609,0.9391
PMID: 42600302,Impairment of placental function and maternal-fetal immunity cross-talk by per- and polyfluoroalkyl substances during early pregnancy.,PMID: 42524806,Heat Plus Fire: A Compound Hazard Threatening Cardiovascular Health.,0.1804,0.8196
PMID: 42600302,Impairment of placental function and maternal-fetal immunity cross-talk by per- and polyfluoroalkyl substances during early pregnancy.,PMID: 42521043,Heat stress promotes myocardial injury and ventricular arrhythmia through DRP1-mediated mitochondrial dysfunction.,0.0911,0.9089
PMID: 42600302,Impairment of placental function and maternal-fetal immunity cross-talk by per- and polyfluoroalkyl substances during early pregnancy.,PMID: 42520874,Long-term particulate matter exposure and coronary inflammation: A large-scale cohort study assessed by pericoronary fat attenuation index.,0.0359,0.9641
PMID: 42600302,Impairment of placental function and maternal-fetal immunity cross-talk by per- and polyfluoroalkyl substances during early pregnancy.,PMID: 42520868,Maternal exposure to particulate matter during pregnancy and offspring liver function.,0.3135,0.6865
PMID: 42600302,Impairment of placental function and maternal-fetal immunity cross-talk by per- and polyfluoroalkyl substances during early pregnancy.,PMID: 42520653,"Perfluoroalkyl/Polyfluoroalkyl Substances, Hemostatic/Inflammatory Biomarkers, and Incident Hypertension: The Study of Women's Health Across the Nation.",0.2109,0.7891
PMID: 42600302,Impairment of placental function and maternal-fetal immunity cross-talk by per- and polyfluoroalkyl substances during early pregnancy.,PMID: 42512137,Weather Information Seeking and Heat-Health Protective Actions During Pregnancy: An Exploratory Study.,0.354,0.646
PMID: 42600302,Impairment of placental function and maternal-fetal immunity cross-talk by per- and polyfluoroalkyl substances during early pregnancy.,PMID: 42508048,Air pollution and cardiovascular disease: A review of current scientific data.,0.0428,0.9572
PMID: 42600302,Impairment of placental function and maternal-fetal immunity cross-talk by per- and polyfluoroalkyl substances during early pregnancy.,PMID: 42503941,[Advances on the effects and mechanisms of maternal exposure to particulate matter on offspring neurodevelopment].,0.2795,0.7205
PMID: 42600302,Impairment of placental function and maternal-fetal immunity cross-talk by per- and polyfluoroalkyl substances during early pregnancy.,PMID: 42500877,Case-Crossover Analysis of Short-Term Particulate Matter and Health Outcomes in Patients With Atrial Fibrillation.,0.0548,0.9452
PMID: 42600302,Impairment of placental function and maternal-fetal immunity cross-talk by per- and polyfluoroalkyl substances during early pregnancy.,PMID: 42496250,Mechanisms of Heat-Induced Sleep Disruption in Aging: A Narrative Review.,0.2315,0.7685
PMID: 42600302,Impairment of placental function and maternal-fetal immunity cross-talk by per- and polyfluoroalkyl substances during early pregnancy.,PMID: 42492149,Prenatal air pollution exposure and placental biomarkers of oxidative stress and ageing: results from the BiSC cohort.,0.2662,0.7338
PMID: 42600302,Impairment of placental function and maternal-fetal immunity cross-talk by per- and polyfluoroalkyl substances during early pregnancy.,PMID: 42488199,Changes in respiratory and cardiovascular morbidity air pollution risk and attributable burden in New York City.,0.0314,0.9686
PMID: 42600302,Impairment of placental function and maternal-fetal immunity cross-talk by per- and polyfluoroalkyl substances during early pregnancy.,PMID: 42488198,A comprehensive study on the association of personal air pollution exposure with thyroid hormones in pregnant women.,0.2838,0.7162
PMID: 42600302,Impairment of placental function and maternal-fetal immunity cross-talk by per- and polyfluoroalkyl substances during early pregnancy.,PMID: 42484582,Constituent-Specific PM and Cardiovascular Risk: From Mass to Mixture. 2.5,0.1804,0.8196
PMID: 42600302,Impairment of placental function and maternal-fetal immunity cross-talk by per- and polyfluoroalkyl substances during early pregnancy.,PMID: 42483592,Quantifying the Health Benefits Linked to Reduced Traffic-Related PM Exposure on Acute Coronary Syndrome Incidence in China. 2.5,0.0676,0.9324
PMID: 42600302,Impairment of placental function and maternal-fetal immunity cross-talk by per- and polyfluoroalkyl substances during early pregnancy.,PMID: 42483588,Transcriptomic Perturbations in Placental Gene Expression Following Developmental Exposure to Perfluorooctanoic Acid (PFOA) or Hexafluoropropylene Oxide-Dimer Acid (HFPO-DA or GenX) in CD‑1 Mice Are Consistent with Placental Insufficiency.,0.7806,0.2194
PMID: 42600302,Impairment of placental function and maternal-fetal immunity cross-talk by per- and polyfluoroalkyl substances during early pregnancy.,PMID: 42483065,"Combined effects of apparent low temperature and PM pollution on circulatory emergency ambulance calls: a time-series analysis in Shijiazhuang, China. 2.5",0.0606,0.9394
PMID: 42600302,Impairment of placental function and maternal-fetal immunity cross-talk by per- and polyfluoroalkyl substances during early pregnancy.,PMID: 42482688,"Size-specific health effects of particulate matter components on cardiovascular mortality: a weekly time-series study in Tianjin, China.",0.0493,0.9507
PMID: 42600302,Impairment of placental function and maternal-fetal immunity cross-talk by per- and polyfluoroalkyl substances during early pregnancy.,PMID: 42476417,Thermophysiological response of adults to long-distance running in different ACSM environmental risk conditions: A systematic review and meta-analysis.,0.0534,0.9466
PMID: 42600302,Impairment of placental function and maternal-fetal immunity cross-talk by per- and polyfluoroalkyl substances during early pregnancy.,PMID: 42474428,Individual and neighborhood factors influencing pediatric asthma exacerbations during urban heatwaves.,0.0461,0.9539
PMID: 42600302,Impairment of placental function and maternal-fetal immunity cross-talk by per- and polyfluoroalkyl substances during early pregnancy.,PMID: 42472615,Targeted inhibition of JAK2 phosphorylation by GenX disrupts the JAK2-STAT3 pathway and induces cardiovascular toxicity in zebrafish: Insights from network toxicology and molecular dynamics.,0.297,0.703
PMID: 42600302,Impairment of placental function and maternal-fetal immunity cross-talk by per- and polyfluoroalkyl substances during early pregnancy.,PMID: 42471626,Associations between wildland fire smoke PM and maternal blood pressure. 2.5,0.3634,0.6366
PMID: 42600302,Impairment of placental function and maternal-fetal immunity cross-talk by per- and polyfluoroalkyl substances during early pregnancy.,PMID: 42466507,Joint Effects of Heat and Fine Particulate Matter on Out-of-Hospital Cardiac Arrest in Japan: A Nationwide Time-Stratified Case-Crossover Study.,0.0669,0.9331
PMID: 42600302,Impairment of placental function and maternal-fetal immunity cross-talk by per- and polyfluoroalkyl substances during early pregnancy.,PMID: 42459959,Mechanistic insights into PM-induced cardiac fibrosis involving ERS/TXNIP/NLRP3-driven pyroptosis in multiple cell types. 2.5,0.0698,0.9302
PMID: 42600302,Impairment of placental function and maternal-fetal immunity cross-talk by per- and polyfluoroalkyl substances during early pregnancy.,PMID: 42455550,"Modifiable Risk Factors and Attributable Ischemic Heart Disease Mortality in US States, 1990-2023: A Systematic Analysis for the Global Burden of Disease Study 2023.",0.0771,0.9229
PMID: 42600302,Impairment of placental function and maternal-fetal immunity cross-talk by per- and polyfluoroalkyl substances during early pregnancy.,PMID: 42455100,Long-Term Exposure to PM Constituents and Coronary Heart Disease Risk in China. 2.5,0.04,0.96
PMID: 42600302,Impairment of placental function and maternal-fetal immunity cross-talk by per- and polyfluoroalkyl substances during early pregnancy.,PMID: 42450330,Imaging and Molecular Biomarkers of PFAS-Related Vascular Aging: A Narrative Review.,0.2625,0.7375
PMID: 42600302,Impairment of placental function and maternal-fetal immunity cross-talk by per- and polyfluoroalkyl substances during early pregnancy.,PMID: 42449303,Environmental exposome and its public health impact on COPD and asthma exacerbations in France.,0.0419,0.9581
PMID: 42600302,Impairment of placental function and maternal-fetal immunity cross-talk by per- and polyfluoroalkyl substances during early pregnancy.,PMID: 42447841,Micro- and nano-plastics in the coronary circulation and air pollution exposure in ischaemic heart disease presentation.,0.0506,0.9494
PMID: 42600302,Impairment of placental function and maternal-fetal immunity cross-talk by per- and polyfluoroalkyl substances during early pregnancy.,PMID: 42445923,"Ambient temperature, rainfall, and adverse maternal and child health outcomes in Nigeria: evidence from a national cross-sectional study.",0.1272,0.8728
PMID: 42600302,Impairment of placental function and maternal-fetal immunity cross-talk by per- and polyfluoroalkyl substances during early pregnancy.,PMID: 42442744,"Fine Particulate Matter (PM2.5), the Exposome, and Cumulative Health Risk: A Life-course Perspective.",0.0268,0.9732
PMID: 42600302,Impairment of placental function and maternal-fetal immunity cross-talk by per- and polyfluoroalkyl substances during early pregnancy.,PMID: 42440588,Maternal exposure to fine particulate matter and autism spectrum disorder in children: population based case-control study.,0.3265,0.6735
PMID: 42600302,Impairment of placental function and maternal-fetal immunity cross-talk by per- and polyfluoroalkyl substances during early pregnancy.,PMID: 42437198,"Air Pollution Mixture and Folate Status Indicators among Pregnant Women in Canada: Maternal-Infant Research on Environmental Chemicals (MIREC) Study, 2008 to 2011.",0.2578,0.7422
PMID: 42600302,Impairment of placental function and maternal-fetal immunity cross-talk by per- and polyfluoroalkyl substances during early pregnancy.,PMID: 42428257,Prenatal Air Pollution Exposure and Autism Spectrum Disorder in the ECHO Consortium.,0.201,0.799
PMID: 42600302,Impairment of placental function and maternal-fetal immunity cross-talk by per- and polyfluoroalkyl substances during early pregnancy.,PMID: 42422320,"Maternal ambient air pollution exposure and risk of stillbirth in Georgia, USA.",0.345,0.655
PMID: 42600302,Impairment of placental function and maternal-fetal immunity cross-talk by per- and polyfluoroalkyl substances during early pregnancy.,PMID: 42420937,Assessing the feasibility of indoor air quality monitoring in low-income housing among Black adults with uncontrolled asthma in New York City.,0.0874,0.9126
PMID: 42600302,Impairment of placental function and maternal-fetal immunity cross-talk by per- and polyfluoroalkyl substances during early pregnancy.,PMID: 42420917,Effects of per- and polyfluoroalkyl substances on maternal thyroid function: a stratified analysis by maternal iodine status and thyroid autoantibody status.,0.576,0.424
PMID: 42600302,Impairment of placental function and maternal-fetal immunity cross-talk by per- and polyfluoroalkyl substances during early pregnancy.,PMID: 42419777,Genetic susceptibility to respiratory health effects from outdoor air pollution: a structured narrative review.,0.0315,0.9685
PMID: 42600302,Impairment of placental function and maternal-fetal immunity cross-talk by per- and polyfluoroalkyl substances during early pregnancy.,PMID: 42416905,Association between air pollution and incident cardiovascular diseases among a population with cardiovascular-kidney-metabolic syndrome stages 0-3: the first evidence from the China Health and Retirement Longitudinal Study.,0.0488,0.9512
PMID: 42600302,Impairment of placental function and maternal-fetal immunity cross-talk by per- and polyfluoroalkyl substances during early pregnancy.,PMID: 42414291,Causal effects of wildfire PM on hospital costs and length of stay in Brazil. 2.5,0.0617,0.9383
PMID: 42600302,Impairment of placental function and maternal-fetal immunity cross-talk by per- and polyfluoroalkyl substances during early pregnancy.,PMID: 42413509,Adaptations to Climate Change-Related Environmental Phenomena to Achieve Physical Activity Recommendations for Adults Aged 65 and Older.,0.0368,0.9632
PMID: 42600302,Impairment of placental function and maternal-fetal immunity cross-talk by per- and polyfluoroalkyl substances during early pregnancy.,PMID: 42410409,Investigating environmental heat exposure and its effects on maternal and fetal health in rural Northern Ghana (Physio-HeMAB Study): a study protocol for a cluster randomized trial.,0.3183,0.6817
PMID: 42600302,Impairment of placental function and maternal-fetal immunity cross-talk by per- and polyfluoroalkyl substances during early pregnancy.,PMID: 42406176,"Associations of short-, mid-, and long-term particulate matter exposure with elevated LDL-C levels in Korean adults: analysis of KNHANES 2016-2022.",0.0629,0.9371
PMID: 42600302,Impairment of placental function and maternal-fetal immunity cross-talk by per- and polyfluoroalkyl substances during early pregnancy.,PMID: 42403579,Exposure to air and water pollution during pregnancy and risk of adverse perinatal outcomes in São Paulo State: protocol for a retrospective population-based cohort study.,0.206,0.794
PMID: 42598180,Effect of ambient relative humidity and particulate matter on the levels of asthma therapy.,PMID: 42595534,[Acute impact of combined exposure to cold spell and heavy pollution on circulatory disease mortality in the Beijing-Tianjin-Hebei Region and surrounding areas].,0.6407,0.3593
PMID: 42598180,Effect of ambient relative humidity and particulate matter on the levels of asthma therapy.,PMID: 42595033,Prenatal PFAS exposure and early childhood sleep quality in the ECHO Cohort.,0.0185,0.9815
PMID: 42598180,Effect of ambient relative humidity and particulate matter on the levels of asthma therapy.,PMID: 42595030,Association between long-term ambient PM. exposure and hypertension and metabolic syndrome among Ghanaian adults. 2 5,0.3189,0.6811
PMID: 42598180,Effect of ambient relative humidity and particulate matter on the levels of asthma therapy.,PMID: 42594972,Gestational inhalation of nanoparticles alters placental glucose transporter expression and increases glucose flux in rats.,0.3421,0.6579
PMID: 42598180,Effect of ambient relative humidity and particulate matter on the levels of asthma therapy.,PMID: 42588124,Nutrition and Hydration Strategies for Heatwave Adaptation: A Narrative Review.,0.261,0.739
PMID: 42598180,Effect of ambient relative humidity and particulate matter on the levels of asthma therapy.,PMID: 42551848,Critical Windows of Air Pollution Exposure During Spermatogenesis and Intrauterine Insemination Outcomes.,0.4363,0.5637
PMID: 42598180,Effect of ambient relative humidity and particulate matter on the levels of asthma therapy.,PMID: 42570382,Heat-protective behavior in pregnancy: Extending Protection Motivation Theory with environmental and social factors.,0.293,0.707
PMID: 42598180,Effect of ambient relative humidity and particulate matter on the levels of asthma therapy.,PMID: 42568331,Association between long-term exposure to air pollution and blood pressure in children: an updated systematic review and meta-analysis.,0.2507,0.7493
PMID: 42598180,Effect of ambient relative humidity and particulate matter on the levels of asthma therapy.,PMID: 42565432,"Time series analysis of environmental factors and their association with emergency visits for asthma exacerbations in Petaling Jaya, Malaysia.",0.4978,0.5022
PMID: 42598180,Effect of ambient relative humidity and particulate matter on the levels of asthma therapy.,PMID: 42551796,Association of PFAS exposure with maternal blood pressure and hypertension during pregnancy in the PROTECT cohort.,0.0344,0.9656
PMID: 42598180,Effect of ambient relative humidity and particulate matter on the levels of asthma therapy.,PMID: 42557995,The Impact of Heat and Bushfire Smoke on Health System Utilisation in Australia.,0.4788,0.5212
PMID: 42598180,Effect of ambient relative humidity and particulate matter on the levels of asthma therapy.,PMID: 42544117,Spatial analysis of environmental and socioeconomic factors impacting maternal and infant health outcomes in North Carolina.,0.0375,0.9625
PMID: 42598180,Effect of ambient relative humidity and particulate matter on the levels of asthma therapy.,PMID: 42540534,Exposure to Airborne Particulate Matter in Regional Environments of Bangladesh and Its Effects on Respiratory Health: A Narrative Review.,0.4753,0.5247
PMID: 42598180,Effect of ambient relative humidity and particulate matter on the levels of asthma therapy.,PMID: 42538170,Household incense burning and small for gestational age risk in newborn infants.,0.3118,0.6882
PMID: 42598180,Effect of ambient relative humidity and particulate matter on the levels of asthma therapy.,PMID: 42534890,Prenatal PFAS exposure and offspring health: evidence review and implications for intergenerational risk assessment.,0.0211,0.9789
PMID: 42598180,Effect of ambient relative humidity and particulate matter on the levels of asthma therapy.,PMID: 42529083,Environmental and socioeconomic influences on childhood asthma and pneumonia: burden and healthcare utilization in a population-based cohort study.,0.665,0.335
PMID: 42598180,Effect of ambient relative humidity and particulate matter on the levels of asthma therapy.,PMID: 42529026,"Short-term associations between ambient air pollution and cardiovascular disease mortality: an 11-year time-series study in Nanning, China.",0.2612,0.7388
PMID: 42598180,Effect of ambient relative humidity and particulate matter on the levels of asthma therapy.,PMID: 42528898,"Interpretable machine learning for identifying determinants of high hypertension burden under extreme heat vulnerability: evidence from Maryland, USA.",0.2897,0.7103
PMID: 42598180,Effect of ambient relative humidity and particulate matter on the levels of asthma therapy.,PMID: 42524808,Compound Exposure to Extreme Heat and Substantial Landscape Fire-Sourced Air Pollution on Cardiovascular Mortality.,0.2477,0.7523
PMID: 42598180,Effect of ambient relative humidity and particulate matter on the levels of asthma therapy.,PMID: 42524806,Heat Plus Fire: A Compound Hazard Threatening Cardiovascular Health.,0.1067,0.8933
PMID: 42598180,Effect of ambient relative humidity and particulate matter on the levels of asthma therapy.,PMID: 42521043,Heat stress promotes myocardial injury and ventricular arrhythmia through DRP1-mediated mitochondrial dysfunction.,0.3698,0.6302
PMID: 42598180,Effect of ambient relative humidity and particulate matter on the levels of asthma therapy.,PMID: 42520874,Long-term particulate matter exposure and coronary inflammation: A large-scale cohort study assessed by pericoronary fat attenuation index.,0.3525,0.6475
PMID: 42598180,Effect of ambient relative humidity and particulate matter on the levels of asthma therapy.,PMID: 42520868,Maternal exposure to particulate matter during pregnancy and offspring liver function.,0.2508,0.7492
PMID: 42598180,Effect of ambient relative humidity and particulate matter on the levels of asthma therapy.,PMID: 42520653,"Perfluoroalkyl/Polyfluoroalkyl Substances, Hemostatic/Inflammatory Biomarkers, and Incident Hypertension: The Study of Women's Health Across the Nation.",0.0217,0.9783
PMID: 42598180,Effect of ambient relative humidity and particulate matter on the levels of asthma therapy.,PMID: 42512137,Weather Information Seeking and Heat-Health Protective Actions During Pregnancy: An Exploratory Study.,0.3665,0.6335
PMID: 42598180,Effect of ambient relative humidity and particulate matter on the levels of asthma therapy.,PMID: 42508048,Air pollution and cardiovascular disease: A review of current scientific data.,0.3127,0.6873
PMID: 42598180,Effect of ambient relative humidity and particulate matter on the levels of asthma therapy.,PMID: 42503941,[Advances on the effects and mechanisms of maternal exposure to particulate matter on offspring neurodevelopment].,0.2142,0.7858
PMID: 42598180,Effect of ambient relative humidity and particulate matter on the levels of asthma therapy.,PMID: 42500877,Case-Crossover Analysis of Short-Term Particulate Matter and Health Outcomes in Patients With Atrial Fibrillation.,0.6041,0.3959
PMID: 42598180,Effect of ambient relative humidity and particulate matter on the levels of asthma therapy.,PMID: 42496250,Mechanisms of Heat-Induced Sleep Disruption in Aging: A Narrative Review.,0.2446,0.7554
PMID: 42598180,Effect of ambient relative humidity and particulate matter on the levels of asthma therapy.,PMID: 42492149,Prenatal air pollution exposure and placental biomarkers of oxidative stress and ageing: results from the BiSC cohort.,0.2402,0.7598
PMID: 42598180,Effect of ambient relative humidity and particulate matter on the levels of asthma therapy.,PMID: 42488199,Changes in respiratory and cardiovascular morbidity air pollution risk and attributable burden in New York City.,0.3905,0.6095
PMID: 42598180,Effect of ambient relative humidity and particulate matter on the levels of asthma therapy.,PMID: 42488198,A comprehensive study on the association of personal air pollution exposure with thyroid hormones in pregnant women.,0.2175,0.7825
PMID: 42598180,Effect of ambient relative humidity and particulate matter on the levels of asthma therapy.,PMID: 42484582,Constituent-Specific PM and Cardiovascular Risk: From Mass to Mixture. 2.5,0.1067,0.8933
PMID: 42598180,Effect of ambient relative humidity and particulate matter on the levels of asthma therapy.,PMID: 42483592,Quantifying the Health Benefits Linked to Reduced Traffic-Related PM Exposure on Acute Coronary Syndrome Incidence in China. 2.5,0.3698,0.6302
PMID: 42598180,Effect of ambient relative humidity and particulate matter on the levels of asthma therapy.,PMID: 42483588,Transcriptomic Perturbations in Placental Gene Expression Following Developmental Exposure to Perfluorooctanoic Acid (PFOA) or Hexafluoropropylene Oxide-Dimer Acid (HFPO-DA or GenX) in CD‑1 Mice Are Consistent with Placental Insufficiency.,0.0194,0.9806
PMID: 42598180,Effect of ambient relative humidity and particulate matter on the levels of asthma therapy.,PMID: 42483065,"Combined effects of apparent low temperature and PM pollution on circulatory emergency ambulance calls: a time-series analysis in Shijiazhuang, China. 2.5",0.4419,0.5581
PMID: 42598180,Effect of ambient relative humidity and particulate matter on the levels of asthma therapy.,PMID: 42482688,"Size-specific health effects of particulate matter components on cardiovascular mortality: a weekly time-series study in Tianjin, China.",0.3599,0.6401
PMID: 42598180,Effect of ambient relative humidity and particulate matter on the levels of asthma therapy.,PMID: 42476417,Thermophysiological response of adults to long-distance running in different ACSM environmental risk conditions: A systematic review and meta-analysis.,0.3483,0.6517
PMID: 42598180,Effect of ambient relative humidity and particulate matter on the levels of asthma therapy.,PMID: 42474428,Individual and neighborhood factors influencing pediatric asthma exacerbations during urban heatwaves.,0.6192,0.3808
PMID: 42598180,Effect of ambient relative humidity and particulate matter on the levels of asthma therapy.,PMID: 42472615,Targeted inhibition of JAK2 phosphorylation by GenX disrupts the JAK2-STAT3 pathway and induces cardiovascular toxicity in zebrafish: Insights from network toxicology and molecular dynamics.,0.0652,0.9348
PMID: 42598180,Effect of ambient relative humidity and particulate matter on the levels of asthma therapy.,PMID: 42471626,Associations between wildland fire smoke PM and maternal blood pressure. 2.5,0.5209,0.4791
PMID: 42598180,Effect of ambient relative humidity and particulate matter on the levels of asthma therapy.,PMID: 42466507,Joint Effects of Heat and Fine Particulate Matter on Out-of-Hospital Cardiac Arrest in Japan: A Nationwide Time-Stratified Case-Crossover Study.,0.489,0.511
PMID: 42598180,Effect of ambient relative humidity and particulate matter on the levels of asthma therapy.,PMID: 42459959,Mechanistic insights into PM-induced cardiac fibrosis involving ERS/TXNIP/NLRP3-driven pyroptosis in multiple cell types. 2.5,0.5093,0.4907
PMID: 42598180,Effect of ambient relative humidity and particulate matter on the levels of asthma therapy.,PMID: 42455550,"Modifiable Risk Factors and Attributable Ischemic Heart Disease Mortality in US States, 1990-2023: A Systematic Analysis for the Global Burden of Disease Study 2023.",0.3139,0.6861
PMID: 42598180,Effect of ambient relative humidity and particulate matter on the levels of asthma therapy.,PMID: 42455100,Long-Term Exposure to PM Constituents and Coronary Heart Disease Risk in China. 2.5,0.2192,0.7808
PMID: 42598180,Effect of ambient relative humidity and particulate matter on the levels of asthma therapy.,PMID: 42450330,Imaging and Molecular Biomarkers of PFAS-Related Vascular Aging: A Narrative Review.,0.0576,0.9424
PMID: 42598180,Effect of ambient relative humidity and particulate matter on the levels of asthma therapy.,PMID: 42449303,Environmental exposome and its public health impact on COPD and asthma exacerbations in France.,0.3137,0.6863
PMID: 42598180,Effect of ambient relative humidity and particulate matter on the levels of asthma therapy.,PMID: 42447841,Micro- and nano-plastics in the coronary circulation and air pollution exposure in ischaemic heart disease presentation.,0.2775,0.7225
PMID: 42598180,Effect of ambient relative humidity and particulate matter on the levels of asthma therapy.,PMID: 42445923,"Ambient temperature, rainfall, and adverse maternal and child health outcomes in Nigeria: evidence from a national cross-sectional study.",0.3794,0.6206
PMID: 42598180,Effect of ambient relative humidity and particulate matter on the levels of asthma therapy.,PMID: 42442744,"Fine Particulate Matter (PM2.5), the Exposome, and Cumulative Health Risk: A Life-course Perspective.",0.3339,0.6661
PMID: 42598180,Effect of ambient relative humidity and particulate matter on the levels of asthma therapy.,PMID: 42440588,Maternal exposure to fine particulate matter and autism spectrum disorder in children: population based case-control study.,0.501,0.499
PMID: 42598180,Effect of ambient relative humidity and particulate matter on the levels of asthma therapy.,PMID: 42437198,"Air Pollution Mixture and Folate Status Indicators among Pregnant Women in Canada: Maternal-Infant Research on Environmental Chemicals (MIREC) Study, 2008 to 2011.",0.3768,0.6232
PMID: 42598180,Effect of ambient relative humidity and particulate matter on the levels of asthma therapy.,PMID: 42428257,Prenatal Air Pollution Exposure and Autism Spectrum Disorder in the ECHO Consortium.,0.3905,0.6095
PMID: 42598180,Effect of ambient relative humidity and particulate matter on the levels of asthma therapy.,PMID: 42422320,"Maternal ambient air pollution exposure and risk of stillbirth in Georgia, USA.",0.2906,0.7094
PMID: 42598180,Effect of ambient relative humidity and particulate matter on the levels of asthma therapy.,PMID: 42420937,Assessing the feasibility of indoor air quality monitoring in low-income housing among Black adults with uncontrolled asthma in New York City.,0.3553,0.6447
PMID: 42598180,Effect of ambient relative humidity and particulate matter on the levels of asthma therapy.,PMID: 42420917,Effects of per- and polyfluoroalkyl substances on maternal thyroid function: a stratified analysis by maternal iodine status and thyroid autoantibody status.,0.0659,0.9341
PMID: 42598180,Effect of ambient relative humidity and particulate matter on the levels of asthma therapy.,PMID: 42419777,Genetic susceptibility to respiratory health effects from outdoor air pollution: a structured narrative review.,0.3921,0.6079
PMID: 42598180,Effect of ambient relative humidity and particulate matter on the levels of asthma therapy.,PMID: 42416905,Association between air pollution and incident cardiovascular diseases among a population with cardiovascular-kidney-metabolic syndrome stages 0-3: the first evidence from the China Health and Retirement Longitudinal Study.,0.0553,0.9447
PMID: 42598180,Effect of ambient relative humidity and particulate matter on the levels of asthma therapy.,PMID: 42414291,Causal effects of wildfire PM on hospital costs and length of stay in Brazil. 2.5,0.6496,0.3504
PMID: 42598180,Effect of ambient relative humidity and particulate matter on the levels of asthma therapy.,PMID: 42413509,Adaptations to Climate Change-Related Environmental Phenomena to Achieve Physical Activity Recommendations for Adults Aged 65 and Older.,0.2408,0.7592
PMID: 42598180,Effect of ambient relative humidity and particulate matter on the levels of asthma therapy.,PMID: 42410409,Investigating environmental heat exposure and its effects on maternal and fetal health in rural Northern Ghana (Physio-HeMAB Study): a study protocol for a cluster randomized trial.,0.2443,0.7557
PMID: 42598180,Effect of ambient relative humidity and particulate matter on the levels of asthma therapy.,PMID: 42406176,"Associations of short-, mid-, and long-term particulate matter exposure with elevated LDL-C levels in Korean adults: analysis of KNHANES 2016-2022.",0.3892,0.6108
PMID: 42598180,Effect of ambient relative humidity and particulate matter on the levels of asthma therapy.,PMID: 42403579,Exposure to air and water pollution during pregnancy and risk of adverse perinatal outcomes in São Paulo State: protocol for a retrospective population-based cohort study.,0.1579,0.8421
PMID: 42595534,[Acute impact of combined exposure to cold spell and heavy pollution on circulatory disease mortality in the Beijing-Tianjin-Hebei Region and surrounding areas].,PMID: 42595033,Prenatal PFAS exposure and early childhood sleep quality in the ECHO Cohort.,0.0163,0.9837
PMID: 42595534,[Acute impact of combined exposure to cold spell and heavy pollution on circulatory disease mortality in the Beijing-Tianjin-Hebei Region and surrounding areas].,PMID: 42595030,Association between long-term ambient PM. exposure and hypertension and metabolic syndrome among Ghanaian adults. 2 5,0.2513,0.7487
PMID: 42595534,[Acute impact of combined exposure to cold spell and heavy pollution on circulatory disease mortality in the Beijing-Tianjin-Hebei Region and surrounding areas].,PMID: 42594972,Gestational inhalation of nanoparticles alters placental glucose transporter expression and increases glucose flux in rats.,0.3248,0.6752
PMID: 42595534,[Acute impact of combined exposure to cold spell and heavy pollution on circulatory disease mortality in the Beijing-Tianjin-Hebei Region and surrounding areas].,PMID: 42588124,Nutrition and Hydration Strategies for Heatwave Adaptation: A Narrative Review.,0.2506,0.7494
PMID: 42595534,[Acute impact of combined exposure to cold spell and heavy pollution on circulatory disease mortality in the Beijing-Tianjin-Hebei Region and surrounding areas].,PMID: 42551848,Critical Windows of Air Pollution Exposure During Spermatogenesis and Intrauterine Insemination Outcomes.,0.387,0.613
PMID: 42595534,[Acute impact of combined exposure to cold spell and heavy pollution on circulatory disease mortality in the Beijing-Tianjin-Hebei Region and surrounding areas].,PMID: 42570382,Heat-protective behavior in pregnancy: Extending Protection Motivation Theory with environmental and social factors.,0.2402,0.7598
PMID: 42595534,[Acute impact of combined exposure to cold spell and heavy pollution on circulatory disease mortality in the Beijing-Tianjin-Hebei Region and surrounding areas].,PMID: 42568331,Association between long-term exposure to air pollution and blood pressure in children: an updated systematic review and meta-analysis.,0.2893,0.7107
PMID: 42595534,[Acute impact of combined exposure to cold spell and heavy pollution on circulatory disease mortality in the Beijing-Tianjin-Hebei Region and surrounding areas].,PMID: 42565432,"Time series analysis of environmental factors and their association with emergency visits for asthma exacerbations in Petaling Jaya, Malaysia.",0.2641,0.7359
PMID: 42595534,[Acute impact of combined exposure to cold spell and heavy pollution on circulatory disease mortality in the Beijing-Tianjin-Hebei Region and surrounding areas].,PMID: 42551796,Association of PFAS exposure with maternal blood pressure and hypertension during pregnancy in the PROTECT cohort.,0.016,0.984
PMID: 42595534,[Acute impact of combined exposure to cold spell and heavy pollution on circulatory disease mortality in the Beijing-Tianjin-Hebei Region and surrounding areas].,PMID: 42557995,The Impact of Heat and Bushfire Smoke on Health System Utilisation in Australia.,0.4418,0.5582
PMID: 42595534,[Acute impact of combined exposure to cold spell and heavy pollution on circulatory disease mortality in the Beijing-Tianjin-Hebei Region and surrounding areas].,PMID: 42544117,Spatial analysis of environmental and socioeconomic factors impacting maternal and infant health outcomes in North Carolina.,0.0626,0.9374
PMID: 42595534,[Acute impact of combined exposure to cold spell and heavy pollution on circulatory disease mortality in the Beijing-Tianjin-Hebei Region and surrounding areas].,PMID: 42540534,Exposure to Airborne Particulate Matter in Regional Environments of Bangladesh and Its Effects on Respiratory Health: A Narrative Review.,0.2521,0.7479
PMID: 42595534,[Acute impact of combined exposure to cold spell and heavy pollution on circulatory disease mortality in the Beijing-Tianjin-Hebei Region and surrounding areas].,PMID: 42538170,Household incense burning and small for gestational age risk in newborn infants.,0.2453,0.7547
PMID: 42595534,[Acute impact of combined exposure to cold spell and heavy pollution on circulatory disease mortality in the Beijing-Tianjin-Hebei Region and surrounding areas].,PMID: 42534890,Prenatal PFAS exposure and offspring health: evidence review and implications for intergenerational risk assessment.,0.035,0.965
PMID: 42595534,[Acute impact of combined exposure to cold spell and heavy pollution on circulatory disease mortality in the Beijing-Tianjin-Hebei Region and surrounding areas].,PMID: 42529083,Environmental and socioeconomic influences on childhood asthma and pneumonia: burden and healthcare utilization in a population-based cohort study.,0.3802,0.6198
PMID: 42595534,[Acute impact of combined exposure to cold spell and heavy pollution on circulatory disease mortality in the Beijing-Tianjin-Hebei Region and surrounding areas].,PMID: 42529026,"Short-term associations between ambient air pollution and cardiovascular disease mortality: an 11-year time-series study in Nanning, China.",0.4155,0.5845
PMID: 42595534,[Acute impact of combined exposure to cold spell and heavy pollution on circulatory disease mortality in the Beijing-Tianjin-Hebei Region and surrounding areas].,PMID: 42528898,"Interpretable machine learning for identifying determinants of high hypertension burden under extreme heat vulnerability: evidence from Maryland, USA.",0.2781,0.7219
PMID: 42595534,[Acute impact of combined exposure to cold spell and heavy pollution on circulatory disease mortality in the Beijing-Tianjin-Hebei Region and surrounding areas].,PMID: 42524808,Compound Exposure to Extreme Heat and Substantial Landscape Fire-Sourced Air Pollution on Cardiovascular Mortality.,0.5841,0.4159
PMID: 42595534,[Acute impact of combined exposure to cold spell and heavy pollution on circulatory disease mortality in the Beijing-Tianjin-Hebei Region and surrounding areas].,PMID: 42524806,Heat Plus Fire: A Compound Hazard Threatening Cardiovascular Health.,0.1812,0.8188
PMID: 42595534,[Acute impact of combined exposure to cold spell and heavy pollution on circulatory disease mortality in the Beijing-Tianjin-Hebei Region and surrounding areas].,PMID: 42521043,Heat stress promotes myocardial injury and ventricular arrhythmia through DRP1-mediated mitochondrial dysfunction.,0.6115,0.3885
PMID: 42595534,[Acute impact of combined exposure to cold spell and heavy pollution on circulatory disease mortality in the Beijing-Tianjin-Hebei Region and surrounding areas].,PMID: 42520874,Long-term particulate matter exposure and coronary inflammation: A large-scale cohort study assessed by pericoronary fat attenuation index.,0.3129,0.6871
PMID: 42595534,[Acute impact of combined exposure to cold spell and heavy pollution on circulatory disease mortality in the Beijing-Tianjin-Hebei Region and surrounding areas].,PMID: 42520868,Maternal exposure to particulate matter during pregnancy and offspring liver function.,0.2384,0.7616
PMID: 42595534,[Acute impact of combined exposure to cold spell and heavy pollution on circulatory disease mortality in the Beijing-Tianjin-Hebei Region and surrounding areas].,PMID: 42520653,"Perfluoroalkyl/Polyfluoroalkyl Substances, Hemostatic/Inflammatory Biomarkers, and Incident Hypertension: The Study of Women's Health Across the Nation.",0.0193,0.9807
PMID: 42595534,[Acute impact of combined exposure to cold spell and heavy pollution on circulatory disease mortality in the Beijing-Tianjin-Hebei Region and surrounding areas].,PMID: 42512137,Weather Information Seeking and Heat-Health Protective Actions During Pregnancy: An Exploratory Study.,0.3037,0.6963
PMID: 42595534,[Acute impact of combined exposure to cold spell and heavy pollution on circulatory disease mortality in the Beijing-Tianjin-Hebei Region and surrounding areas].,PMID: 42508048,Air pollution and cardiovascular disease: A review of current scientific data.,0.5341,0.4659
PMID: 42595534,[Acute impact of combined exposure to cold spell and heavy pollution on circulatory disease mortality in the Beijing-Tianjin-Hebei Region and surrounding areas].,PMID: 42503941,[Advances on the effects and mechanisms of maternal exposure to particulate matter on offspring neurodevelopment].,0.2056,0.7944
PMID: 42595534,[Acute impact of combined exposure to cold spell and heavy pollution on circulatory disease mortality in the Beijing-Tianjin-Hebei Region and surrounding areas].,PMID: 42500877,Case-Crossover Analysis of Short-Term Particulate Matter and Health Outcomes in Patients With Atrial Fibrillation.,0.5253,0.4747
PMID: 42595534,[Acute impact of combined exposure to cold spell and heavy pollution on circulatory disease mortality in the Beijing-Tianjin-Hebei Region and surrounding areas].,PMID: 42496250,Mechanisms of Heat-Induced Sleep Disruption in Aging: A Narrative Review.,0.2326,0.7674
PMID: 42595534,[Acute impact of combined exposure to cold spell and heavy pollution on circulatory disease mortality in the Beijing-Tianjin-Hebei Region and surrounding areas].,PMID: 42492149,Prenatal air pollution exposure and placental biomarkers of oxidative stress and ageing: results from the BiSC cohort.,0.1989,0.8011
PMID: 42595534,[Acute impact of combined exposure to cold spell and heavy pollution on circulatory disease mortality in the Beijing-Tianjin-Hebei Region and surrounding areas].,PMID: 42488199,Changes in respiratory and cardiovascular morbidity air pollution risk and attributable burden in New York City.,0.1966,0.8034
PMID: 42595534,[Acute impact of combined exposure to cold spell and heavy pollution on circulatory disease mortality in the Beijing-Tianjin-Hebei Region and surrounding areas].,PMID: 42488198,A comprehensive study on the association of personal air pollution exposure with thyroid hormones in pregnant women.,0.2087,0.7913
PMID: 42595534,[Acute impact of combined exposure to cold spell and heavy pollution on circulatory disease mortality in the Beijing-Tianjin-Hebei Region and surrounding areas].,PMID: 42484582,Constituent-Specific PM and Cardiovascular Risk: From Mass to Mixture. 2.5,0.1812,0.8188
PMID: 42595534,[Acute impact of combined exposure to cold spell and heavy pollution on circulatory disease mortality in the Beijing-Tianjin-Hebei Region and surrounding areas].,PMID: 42483592,Quantifying the Health Benefits Linked to Reduced Traffic-Related PM Exposure on Acute Coronary Syndrome Incidence in China. 2.5,0.3281,0.6719
PMID: 42595534,[Acute impact of combined exposure to cold spell and heavy pollution on circulatory disease mortality in the Beijing-Tianjin-Hebei Region and surrounding areas].,PMID: 42483588,Transcriptomic Perturbations in Placental Gene Expression Following Developmental Exposure to Perfluorooctanoic Acid (PFOA) or Hexafluoropropylene Oxide-Dimer Acid (HFPO-DA or GenX) in CD‑1 Mice Are Consistent with Placental Insufficiency.,0.0323,0.9677
PMID: 42595534,[Acute impact of combined exposure to cold spell and heavy pollution on circulatory disease mortality in the Beijing-Tianjin-Hebei Region and surrounding areas].,PMID: 42483065,"Combined effects of apparent low temperature and PM pollution on circulatory emergency ambulance calls: a time-series analysis in Shijiazhuang, China. 2.5",0.4078,0.5922
PMID: 42595534,[Acute impact of combined exposure to cold spell and heavy pollution on circulatory disease mortality in the Beijing-Tianjin-Hebei Region and surrounding areas].,PMID: 42482688,"Size-specific health effects of particulate matter components on cardiovascular mortality: a weekly time-series study in Tianjin, China.",0.6145,0.3855
PMID: 42595534,[Acute impact of combined exposure to cold spell and heavy pollution on circulatory disease mortality in the Beijing-Tianjin-Hebei Region and surrounding areas].,PMID: 42476417,Thermophysiological response of adults to long-distance running in different ACSM environmental risk conditions: A systematic review and meta-analysis.,0.3345,0.6655
PMID: 42595534,[Acute impact of combined exposure to cold spell and heavy pollution on circulatory disease mortality in the Beijing-Tianjin-Hebei Region and surrounding areas].,PMID: 42474428,Individual and neighborhood factors influencing pediatric asthma exacerbations during urban heatwaves.,0.2901,0.7099
PMID: 42595534,[Acute impact of combined exposure to cold spell and heavy pollution on circulatory disease mortality in the Beijing-Tianjin-Hebei Region and surrounding areas].,PMID: 42472615,Targeted inhibition of JAK2 phosphorylation by GenX disrupts the JAK2-STAT3 pathway and induces cardiovascular toxicity in zebrafish: Insights from network toxicology and molecular dynamics.,0.2984,0.7016
PMID: 42595534,[Acute impact of combined exposure to cold spell and heavy pollution on circulatory disease mortality in the Beijing-Tianjin-Hebei Region and surrounding areas].,PMID: 42471626,Associations between wildland fire smoke PM and maternal blood pressure. 2.5,0.481,0.519
PMID: 42595534,[Acute impact of combined exposure to cold spell and heavy pollution on circulatory disease mortality in the Beijing-Tianjin-Hebei Region and surrounding areas].,PMID: 42466507,Joint Effects of Heat and Fine Particulate Matter on Out-of-Hospital Cardiac Arrest in Japan: A Nationwide Time-Stratified Case-Crossover Study.,0.4511,0.5489
PMID: 42595534,[Acute impact of combined exposure to cold spell and heavy pollution on circulatory disease mortality in the Beijing-Tianjin-Hebei Region and surrounding areas].,PMID: 42459959,Mechanistic insights into PM-induced cardiac fibrosis involving ERS/TXNIP/NLRP3-driven pyroptosis in multiple cell types. 2.5,0.4701,0.5299
PMID: 42595534,[Acute impact of combined exposure to cold spell and heavy pollution on circulatory disease mortality in the Beijing-Tianjin-Hebei Region and surrounding areas].,PMID: 42455550,"Modifiable Risk Factors and Attributable Ischemic Heart Disease Mortality in US States, 1990-2023: A Systematic Analysis for the Global Burden of Disease Study 2023.",0.7399,0.2601
PMID: 42595534,[Acute impact of combined exposure to cold spell and heavy pollution on circulatory disease mortality in the Beijing-Tianjin-Hebei Region and surrounding areas].,PMID: 42455100,Long-Term Exposure to PM Constituents and Coronary Heart Disease Risk in China. 2.5,0.5031,0.4969
PMID: 42595534,[Acute impact of combined exposure to cold spell and heavy pollution on circulatory disease mortality in the Beijing-Tianjin-Hebei Region and surrounding areas].,PMID: 42450330,Imaging and Molecular Biomarkers of PFAS-Related Vascular Aging: A Narrative Review.,0.0687,0.9313
PMID: 42595534,[Acute impact of combined exposure to cold spell and heavy pollution on circulatory disease mortality in the Beijing-Tianjin-Hebei Region and surrounding areas].,PMID: 42449303,Environmental exposome and its public health impact on COPD and asthma exacerbations in France.,0.2632,0.7368
PMID: 42595534,[Acute impact of combined exposure to cold spell and heavy pollution on circulatory disease mortality in the Beijing-Tianjin-Hebei Region and surrounding areas].,PMID: 42447841,Micro- and nano-plastics in the coronary circulation and air pollution exposure in ischaemic heart disease presentation.,0.2462,0.7538
PMID: 42595534,[Acute impact of combined exposure to cold spell and heavy pollution on circulatory disease mortality in the Beijing-Tianjin-Hebei Region and surrounding areas].,PMID: 42445923,"Ambient temperature, rainfall, and adverse maternal and child health outcomes in Nigeria: evidence from a national cross-sectional study.",0.3367,0.6633
PMID: 42595534,[Acute impact of combined exposure to cold spell and heavy pollution on circulatory disease mortality in the Beijing-Tianjin-Hebei Region and surrounding areas].,PMID: 42442744,"Fine Particulate Matter (PM2.5), the Exposome, and Cumulative Health Risk: A Life-course Perspective.",0.4498,0.5502
PMID: 42595534,[Acute impact of combined exposure to cold spell and heavy pollution on circulatory disease mortality in the Beijing-Tianjin-Hebei Region and surrounding areas].,PMID: 42440588,Maternal exposure to fine particulate matter and autism spectrum disorder in children: population based case-control study.,0.4318,0.5682
PMID: 42595534,[Acute impact of combined exposure to cold spell and heavy pollution on circulatory disease mortality in the Beijing-Tianjin-Hebei Region and surrounding areas].,PMID: 42437198,"Air Pollution Mixture and Folate Status Indicators among Pregnant Women in Canada: Maternal-Infant Research on Environmental Chemicals (MIREC) Study, 2008 to 2011.",0.3486,0.6514
PMID: 42595534,[Acute impact of combined exposure to cold spell and heavy pollution on circulatory disease mortality in the Beijing-Tianjin-Hebei Region and surrounding areas].,PMID: 42428257,Prenatal Air Pollution Exposure and Autism Spectrum Disorder in the ECHO Consortium.,0.3799,0.6201
PMID: 42595534,[Acute impact of combined exposure to cold spell and heavy pollution on circulatory disease mortality in the Beijing-Tianjin-Hebei Region and surrounding areas].,PMID: 42422320,"Maternal ambient air pollution exposure and risk of stillbirth in Georgia, USA.",0.2581,0.7419
PMID: 42595534,[Acute impact of combined exposure to cold spell and heavy pollution on circulatory disease mortality in the Beijing-Tianjin-Hebei Region and surrounding areas].,PMID: 42420937,Assessing the feasibility of indoor air quality monitoring in low-income housing among Black adults with uncontrolled asthma in New York City.,0.0882,0.9118
PMID: 42595534,[Acute impact of combined exposure to cold spell and heavy pollution on circulatory disease mortality in the Beijing-Tianjin-Hebei Region and surrounding areas].,PMID: 42420917,Effects of per- and polyfluoroalkyl substances on maternal thyroid function: a stratified analysis by maternal iodine status and thyroid autoantibody status.,0.0434,0.9566
PMID: 42595534,[Acute impact of combined exposure to cold spell and heavy pollution on circulatory disease mortality in the Beijing-Tianjin-Hebei Region and surrounding areas].,PMID: 42419777,Genetic susceptibility to respiratory health effects from outdoor air pollution: a structured narrative review.,0.1975,0.8025
PMID: 42595534,[Acute impact of combined exposure to cold spell and heavy pollution on circulatory disease mortality in the Beijing-Tianjin-Hebei Region and surrounding areas].,PMID: 42416905,Association between air pollution and incident cardiovascular diseases among a population with cardiovascular-kidney-metabolic syndrome stages 0-3: the first evidence from the China Health and Retirement Longitudinal Study.,0.2368,0.7632
PMID: 42595534,[Acute impact of combined exposure to cold spell and heavy pollution on circulatory disease mortality in the Beijing-Tianjin-Hebei Region and surrounding areas].,PMID: 42414291,Causal effects of wildfire PM on hospital costs and length of stay in Brazil. 2.5,0.4158,0.5842
PMID: 42595534,[Acute impact of combined exposure to cold spell and heavy pollution on circulatory disease mortality in the Beijing-Tianjin-Hebei Region and surrounding areas].,PMID: 42413509,Adaptations to Climate Change-Related Environmental Phenomena to Achieve Physical Activity Recommendations for Adults Aged 65 and Older.,0.2313,0.7687
PMID: 42595534,[Acute impact of combined exposure to cold spell and heavy pollution on circulatory disease mortality in the Beijing-Tianjin-Hebei Region and surrounding areas].,PMID: 42410409,Investigating environmental heat exposure and its effects on maternal and fetal health in rural Northern Ghana (Physio-HeMAB Study): a study protocol for a cluster randomized trial.,0.2343,0.7657
PMID: 42595534,[Acute impact of combined exposure to cold spell and heavy pollution on circulatory disease mortality in the Beijing-Tianjin-Hebei Region and surrounding areas].,PMID: 42406176,"Associations of short-, mid-, and long-term particulate matter exposure with elevated LDL-C levels in Korean adults: analysis of KNHANES 2016-2022.",0.3063,0.6937
PMID: 42595534,[Acute impact of combined exposure to cold spell and heavy pollution on circulatory disease mortality in the Beijing-Tianjin-Hebei Region and surrounding areas].,PMID: 42403579,Exposure to air and water pollution during pregnancy and risk of adverse perinatal outcomes in São Paulo State: protocol for a retrospective population-based cohort study.,0.2787,0.7213
PMID: 42595033,Prenatal PFAS exposure and early childhood sleep quality in the ECHO Cohort.,PMID: 42595030,Association between long-term ambient PM. exposure and hypertension and metabolic syndrome among Ghanaian adults. 2 5,0.0744,0.9256
PMID: 42595033,Prenatal PFAS exposure and early childhood sleep quality in the ECHO Cohort.,PMID: 42594972,Gestational inhalation of nanoparticles alters placental glucose transporter expression and increases glucose flux in rats.,0.3374,0.6626
PMID: 42595033,Prenatal PFAS exposure and early childhood sleep quality in the ECHO Cohort.,PMID: 42588124,Nutrition and Hydration Strategies for Heatwave Adaptation: A Narrative Review.,0.0195,0.9805
PMID: 42595033,Prenatal PFAS exposure and early childhood sleep quality in the ECHO Cohort.,PMID: 42551848,Critical Windows of Air Pollution Exposure During Spermatogenesis and Intrauterine Insemination Outcomes.,0.2202,0.7798
PMID: 42595033,Prenatal PFAS exposure and early childhood sleep quality in the ECHO Cohort.,PMID: 42570382,Heat-protective behavior in pregnancy: Extending Protection Motivation Theory with environmental and social factors.,0.3378,0.6622
PMID: 42595033,Prenatal PFAS exposure and early childhood sleep quality in the ECHO Cohort.,PMID: 42568331,Association between long-term exposure to air pollution and blood pressure in children: an updated systematic review and meta-analysis.,0.0514,0.9486
PMID: 42595033,Prenatal PFAS exposure and early childhood sleep quality in the ECHO Cohort.,PMID: 42565432,"Time series analysis of environmental factors and their association with emergency visits for asthma exacerbations in Petaling Jaya, Malaysia.",0.0182,0.9818
PMID: 42595033,Prenatal PFAS exposure and early childhood sleep quality in the ECHO Cohort.,PMID: 42551796,Association of PFAS exposure with maternal blood pressure and hypertension during pregnancy in the PROTECT cohort.,0.6914,0.3086
PMID: 42595033,Prenatal PFAS exposure and early childhood sleep quality in the ECHO Cohort.,PMID: 42557995,The Impact of Heat and Bushfire Smoke on Health System Utilisation in Australia.,0.0174,0.9826
PMID: 42595033,Prenatal PFAS exposure and early childhood sleep quality in the ECHO Cohort.,PMID: 42544117,Spatial analysis of environmental and socioeconomic factors impacting maternal and infant health outcomes in North Carolina.,0.4584,0.5416
PMID: 42595033,Prenatal PFAS exposure and early childhood sleep quality in the ECHO Cohort.,PMID: 42540534,Exposure to Airborne Particulate Matter in Regional Environments of Bangladesh and Its Effects on Respiratory Health: A Narrative Review.,0.0173,0.9827
PMID: 42595033,Prenatal PFAS exposure and early childhood sleep quality in the ECHO Cohort.,PMID: 42538170,Household incense burning and small for gestational age risk in newborn infants.,0.3115,0.6885
PMID: 42595033,Prenatal PFAS exposure and early childhood sleep quality in the ECHO Cohort.,PMID: 42534890,Prenatal PFAS exposure and offspring health: evidence review and implications for intergenerational risk assessment.,0.5186,0.4814
PMID: 42595033,Prenatal PFAS exposure and early childhood sleep quality in the ECHO Cohort.,PMID: 42529083,Environmental and socioeconomic influences on childhood asthma and pneumonia: burden and healthcare utilization in a population-based cohort study.,0.0491,0.9509
PMID: 42595033,Prenatal PFAS exposure and early childhood sleep quality in the ECHO Cohort.,PMID: 42529026,"Short-term associations between ambient air pollution and cardiovascular disease mortality: an 11-year time-series study in Nanning, China.",0.0172,0.9828
PMID: 42595033,Prenatal PFAS exposure and early childhood sleep quality in the ECHO Cohort.,PMID: 42528898,"Interpretable machine learning for identifying determinants of high hypertension burden under extreme heat vulnerability: evidence from Maryland, USA.",0.0217,0.9783
PMID: 42595033,Prenatal PFAS exposure and early childhood sleep quality in the ECHO Cohort.,PMID: 42524808,Compound Exposure to Extreme Heat and Substantial Landscape Fire-Sourced Air Pollution on Cardiovascular Mortality.,0.0161,0.9839
PMID: 42595033,Prenatal PFAS exposure and early childhood sleep quality in the ECHO Cohort.,PMID: 42524806,Heat Plus Fire: A Compound Hazard Threatening Cardiovascular Health.,0.0865,0.9135
PMID: 42595033,Prenatal PFAS exposure and early childhood sleep quality in the ECHO Cohort.,PMID: 42521043,Heat stress promotes myocardial injury and ventricular arrhythmia through DRP1-mediated mitochondrial dysfunction.,0.0242,0.9758
PMID: 42595033,Prenatal PFAS exposure and early childhood sleep quality in the ECHO Cohort.,PMID: 42520874,Long-term particulate matter exposure and coronary inflammation: A large-scale cohort study assessed by pericoronary fat attenuation index.,0.0718,0.9282
PMID: 42595033,Prenatal PFAS exposure and early childhood sleep quality in the ECHO Cohort.,PMID: 42520868,Maternal exposure to particulate matter during pregnancy and offspring liver function.,0.2824,0.7176
PMID: 42595033,Prenatal PFAS exposure and early childhood sleep quality in the ECHO Cohort.,PMID: 42520653,"Perfluoroalkyl/Polyfluoroalkyl Substances, Hemostatic/Inflammatory Biomarkers, and Incident Hypertension: The Study of Women's Health Across the Nation.",0.2369,0.7631
PMID: 42595033,Prenatal PFAS exposure and early childhood sleep quality in the ECHO Cohort.,PMID: 42512137,Weather Information Seeking and Heat-Health Protective Actions During Pregnancy: An Exploratory Study.,0.2895,0.7105
PMID: 42595033,Prenatal PFAS exposure and early childhood sleep quality in the ECHO Cohort.,PMID: 42508048,Air pollution and cardiovascular disease: A review of current scientific data.,0.0114,0.9886
PMID: 42595033,Prenatal PFAS exposure and early childhood sleep quality in the ECHO Cohort.,PMID: 42503941,[Advances on the effects and mechanisms of maternal exposure to particulate matter on offspring neurodevelopment].,0.3996,0.6004
PMID: 42595033,Prenatal PFAS exposure and early childhood sleep quality in the ECHO Cohort.,PMID: 42500877,Case-Crossover Analysis of Short-Term Particulate Matter and Health Outcomes in Patients With Atrial Fibrillation.,0.0456,0.9544
PMID: 42595033,Prenatal PFAS exposure and early childhood sleep quality in the ECHO Cohort.,PMID: 42496250,Mechanisms of Heat-Induced Sleep Disruption in Aging: A Narrative Review.,0.0161,0.9839
PMID: 42595033,Prenatal PFAS exposure and early childhood sleep quality in the ECHO Cohort.,PMID: 42492149,Prenatal air pollution exposure and placental biomarkers of oxidative stress and ageing: results from the BiSC cohort.,0.2526,0.7474
PMID: 42595033,Prenatal PFAS exposure and early childhood sleep quality in the ECHO Cohort.,PMID: 42488199,Changes in respiratory and cardiovascular morbidity air pollution risk and attributable burden in New York City.,0.0155,0.9845
PMID: 42595033,Prenatal PFAS exposure and early childhood sleep quality in the ECHO Cohort.,PMID: 42488198,A comprehensive study on the association of personal air pollution exposure with thyroid hormones in pregnant women.,0.2809,0.7191
PMID: 42595033,Prenatal PFAS exposure and early childhood sleep quality in the ECHO Cohort.,PMID: 42484582,Constituent-Specific PM and Cardiovascular Risk: From Mass to Mixture. 2.5,0.0865,0.9135
PMID: 42595033,Prenatal PFAS exposure and early childhood sleep quality in the ECHO Cohort.,PMID: 42483592,Quantifying the Health Benefits Linked to Reduced Traffic-Related PM Exposure on Acute Coronary Syndrome Incidence in China. 2.5,0.0242,0.9758
PMID: 42595033,Prenatal PFAS exposure and early childhood sleep quality in the ECHO Cohort.,PMID: 42483588,Transcriptomic Perturbations in Placental Gene Expression Following Developmental Exposure to Perfluorooctanoic Acid (PFOA) or Hexafluoropropylene Oxide-Dimer Acid (HFPO-DA or GenX) in CD‑1 Mice Are Consistent with Placental Insufficiency.,0.5471,0.4529
PMID: 42595033,Prenatal PFAS exposure and early childhood sleep quality in the ECHO Cohort.,PMID: 42483065,"Combined effects of apparent low temperature and PM pollution on circulatory emergency ambulance calls: a time-series analysis in Shijiazhuang, China. 2.5",0.0162,0.9838
PMID: 42595033,Prenatal PFAS exposure and early childhood sleep quality in the ECHO Cohort.,PMID: 42482688,"Size-specific health effects of particulate matter components on cardiovascular mortality: a weekly time-series study in Tianjin, China.",0.013,0.987
PMID: 42595033,Prenatal PFAS exposure and early childhood sleep quality in the ECHO Cohort.,PMID: 42476417,Thermophysiological response of adults to long-distance running in different ACSM environmental risk conditions: A systematic review and meta-analysis.,0.026,0.974
PMID: 42595033,Prenatal PFAS exposure and early childhood sleep quality in the ECHO Cohort.,PMID: 42474428,Individual and neighborhood factors influencing pediatric asthma exacerbations during urban heatwaves.,0.0227,0.9773
PMID: 42595033,Prenatal PFAS exposure and early childhood sleep quality in the ECHO Cohort.,PMID: 42472615,Targeted inhibition of JAK2 phosphorylation by GenX disrupts the JAK2-STAT3 pathway and induces cardiovascular toxicity in zebrafish: Insights from network toxicology and molecular dynamics.,0.2219,0.7781
PMID: 42595033,Prenatal PFAS exposure and early childhood sleep quality in the ECHO Cohort.,PMID: 42471626,Associations between wildland fire smoke PM and maternal blood pressure. 2.5,0.2869,0.7131
PMID: 42595033,Prenatal PFAS exposure and early childhood sleep quality in the ECHO Cohort.,PMID: 42466507,Joint Effects of Heat and Fine Particulate Matter on Out-of-Hospital Cardiac Arrest in Japan: A Nationwide Time-Stratified Case-Crossover Study.,0.0179,0.9821
PMID: 42595033,Prenatal PFAS exposure and early childhood sleep quality in the ECHO Cohort.,PMID: 42459959,Mechanistic insights into PM-induced cardiac fibrosis involving ERS/TXNIP/NLRP3-driven pyroptosis in multiple cell types. 2.5,0.0184,0.9816
PMID: 42595033,Prenatal PFAS exposure and early childhood sleep quality in the ECHO Cohort.,PMID: 42455550,"Modifiable Risk Factors and Attributable Ischemic Heart Disease Mortality in US States, 1990-2023: A Systematic Analysis for the Global Burden of Disease Study 2023.",0.0205,0.9795
PMID: 42595033,Prenatal PFAS exposure and early childhood sleep quality in the ECHO Cohort.,PMID: 42455100,Long-Term Exposure to PM Constituents and Coronary Heart Disease Risk in China. 2.5,0.0576,0.9424
PMID: 42595033,Prenatal PFAS exposure and early childhood sleep quality in the ECHO Cohort.,PMID: 42450330,Imaging and Molecular Biomarkers of PFAS-Related Vascular Aging: A Narrative Review.,0.1962,0.8038
PMID: 42595033,Prenatal PFAS exposure and early childhood sleep quality in the ECHO Cohort.,PMID: 42449303,Environmental exposome and its public health impact on COPD and asthma exacerbations in France.,0.0209,0.9791
PMID: 42595033,Prenatal PFAS exposure and early childhood sleep quality in the ECHO Cohort.,PMID: 42447841,Micro- and nano-plastics in the coronary circulation and air pollution exposure in ischaemic heart disease presentation.,0.018,0.982
PMID: 42595033,Prenatal PFAS exposure and early childhood sleep quality in the ECHO Cohort.,PMID: 42445923,"Ambient temperature, rainfall, and adverse maternal and child health outcomes in Nigeria: evidence from a national cross-sectional study.",0.0782,0.9218
PMID: 42595033,Prenatal PFAS exposure and early childhood sleep quality in the ECHO Cohort.,PMID: 42442744,"Fine Particulate Matter (PM2.5), the Exposome, and Cumulative Health Risk: A Life-course Perspective.",0.0131,0.9869
PMID: 42595033,Prenatal PFAS exposure and early childhood sleep quality in the ECHO Cohort.,PMID: 42440588,Maternal exposure to fine particulate matter and autism spectrum disorder in children: population based case-control study.,0.2576,0.7424
PMID: 42595033,Prenatal PFAS exposure and early childhood sleep quality in the ECHO Cohort.,PMID: 42437198,"Air Pollution Mixture and Folate Status Indicators among Pregnant Women in Canada: Maternal-Infant Research on Environmental Chemicals (MIREC) Study, 2008 to 2011.",0.2549,0.7451
PMID: 42595033,Prenatal PFAS exposure and early childhood sleep quality in the ECHO Cohort.,PMID: 42428257,Prenatal Air Pollution Exposure and Autism Spectrum Disorder in the ECHO Consortium.,0.3504,0.6496
PMID: 42595033,Prenatal PFAS exposure and early childhood sleep quality in the ECHO Cohort.,PMID: 42422320,"Maternal ambient air pollution exposure and risk of stillbirth in Georgia, USA.",0.2868,0.7132
PMID: 42595033,Prenatal PFAS exposure and early childhood sleep quality in the ECHO Cohort.,PMID: 42420937,Assessing the feasibility of indoor air quality monitoring in low-income housing among Black adults with uncontrolled asthma in New York City.,0.0233,0.9767
PMID: 42595033,Prenatal PFAS exposure and early childhood sleep quality in the ECHO Cohort.,PMID: 42420917,Effects of per- and polyfluoroalkyl substances on maternal thyroid function: a stratified analysis by maternal iodine status and thyroid autoantibody status.,0.5367,0.4633
PMID: 42595033,Prenatal PFAS exposure and early childhood sleep quality in the ECHO Cohort.,PMID: 42419777,Genetic susceptibility to respiratory health effects from outdoor air pollution: a structured narrative review.,0.0396,0.9604
PMID: 42595033,Prenatal PFAS exposure and early childhood sleep quality in the ECHO Cohort.,PMID: 42416905,Association between air pollution and incident cardiovascular diseases among a population with cardiovascular-kidney-metabolic syndrome stages 0-3: the first evidence from the China Health and Retirement Longitudinal Study.,0.0702,0.9298
PMID: 42595033,Prenatal PFAS exposure and early childhood sleep quality in the ECHO Cohort.,PMID: 42414291,Causal effects of wildfire PM on hospital costs and length of stay in Brazil. 2.5,0.0165,0.9835
PMID: 42595033,Prenatal PFAS exposure and early childhood sleep quality in the ECHO Cohort.,PMID: 42413509,Adaptations to Climate Change-Related Environmental Phenomena to Achieve Physical Activity Recommendations for Adults Aged 65 and Older.,0.018,0.982
PMID: 42595033,Prenatal PFAS exposure and early childhood sleep quality in the ECHO Cohort.,PMID: 42410409,Investigating environmental heat exposure and its effects on maternal and fetal health in rural Northern Ghana (Physio-HeMAB Study): a study protocol for a cluster randomized trial.,0.276,0.724
PMID: 42595033,Prenatal PFAS exposure and early childhood sleep quality in the ECHO Cohort.,PMID: 42406176,"Associations of short-, mid-, and long-term particulate matter exposure with elevated LDL-C levels in Korean adults: analysis of KNHANES 2016-2022.",0.0224,0.9776
PMID: 42595033,Prenatal PFAS exposure and early childhood sleep quality in the ECHO Cohort.,PMID: 42403579,Exposure to air and water pollution during pregnancy and risk of adverse perinatal outcomes in São Paulo State: protocol for a retrospective population-based cohort study.,0.2224,0.7776
PMID: 42595030,Association between long-term ambient PM. exposure and hypertension and metabolic syndrome among Ghanaian adults. 2 5,PMID: 42594972,Gestational inhalation of nanoparticles alters placental glucose transporter expression and increases glucose flux in rats.,0.0719,0.9281
PMID: 42595030,Association between long-term ambient PM. exposure and hypertension and metabolic syndrome among Ghanaian adults. 2 5,PMID: 42588124,Nutrition and Hydration Strategies for Heatwave Adaptation: A Narrative Review.,0.3172,0.6828
PMID: 42595030,Association between long-term ambient PM. exposure and hypertension and metabolic syndrome among Ghanaian adults. 2 5,PMID: 42551848,Critical Windows of Air Pollution Exposure During Spermatogenesis and Intrauterine Insemination Outcomes.,0.2643,0.7357
PMID: 42595030,Association between long-term ambient PM. exposure and hypertension and metabolic syndrome among Ghanaian adults. 2 5,PMID: 42570382,Heat-protective behavior in pregnancy: Extending Protection Motivation Theory with environmental and social factors.,0.0796,0.9204
PMID: 42595030,Association between long-term ambient PM. exposure and hypertension and metabolic syndrome among Ghanaian adults. 2 5,PMID: 42568331,Association between long-term exposure to air pollution and blood pressure in children: an updated systematic review and meta-analysis.,0.4998,0.5002
PMID: 42595030,Association between long-term ambient PM. exposure and hypertension and metabolic syndrome among Ghanaian adults. 2 5,PMID: 42565432,"Time series analysis of environmental factors and their association with emergency visits for asthma exacerbations in Petaling Jaya, Malaysia.",0.0584,0.9416
PMID: 42595030,Association between long-term ambient PM. exposure and hypertension and metabolic syndrome among Ghanaian adults. 2 5,PMID: 42551796,Association of PFAS exposure with maternal blood pressure and hypertension during pregnancy in the PROTECT cohort.,0.2403,0.7597
PMID: 42595030,Association between long-term ambient PM. exposure and hypertension and metabolic syndrome among Ghanaian adults. 2 5,PMID: 42557995,The Impact of Heat and Bushfire Smoke on Health System Utilisation in Australia.,0.3179,0.6821
PMID: 42595030,Association between long-term ambient PM. exposure and hypertension and metabolic syndrome among Ghanaian adults. 2 5,PMID: 42544117,Spatial analysis of environmental and socioeconomic factors impacting maternal and infant health outcomes in North Carolina.,0.0379,0.9621
PMID: 42595030,Association between long-term ambient PM. exposure and hypertension and metabolic syndrome among Ghanaian adults. 2 5,PMID: 42540534,Exposure to Airborne Particulate Matter in Regional Environments of Bangladesh and Its Effects on Respiratory Health: A Narrative Review.,0.1022,0.8978
PMID: 42595030,Association between long-term ambient PM. exposure and hypertension and metabolic syndrome among Ghanaian adults. 2 5,PMID: 42538170,Household incense burning and small for gestational age risk in newborn infants.,0.1422,0.8578
PMID: 42595030,Association between long-term ambient PM. exposure and hypertension and metabolic syndrome among Ghanaian adults. 2 5,PMID: 42534890,Prenatal PFAS exposure and offspring health: evidence review and implications for intergenerational risk assessment.,0.0211,0.9789
PMID: 42595030,Association between long-term ambient PM. exposure and hypertension and metabolic syndrome among Ghanaian adults. 2 5,PMID: 42529083,Environmental and socioeconomic influences on childhood asthma and pneumonia: burden and healthcare utilization in a population-based cohort study.,0.123,0.877
PMID: 42595030,Association between long-term ambient PM. exposure and hypertension and metabolic syndrome among Ghanaian adults. 2 5,PMID: 42529026,"Short-term associations between ambient air pollution and cardiovascular disease mortality: an 11-year time-series study in Nanning, China.",0.3105,0.6895
PMID: 42595030,Association between long-term ambient PM. exposure and hypertension and metabolic syndrome among Ghanaian adults. 2 5,PMID: 42528898,"Interpretable machine learning for identifying determinants of high hypertension burden under extreme heat vulnerability: evidence from Maryland, USA.",0.561,0.439
PMID: 42595030,Association between long-term ambient PM. exposure and hypertension and metabolic syndrome among Ghanaian adults. 2 5,PMID: 42524808,Compound Exposure to Extreme Heat and Substantial Landscape Fire-Sourced Air Pollution on Cardiovascular Mortality.,0.2515,0.7485
PMID: 42595030,Association between long-term ambient PM. exposure and hypertension and metabolic syndrome among Ghanaian adults. 2 5,PMID: 42524806,Heat Plus Fire: A Compound Hazard Threatening Cardiovascular Health.,0.1083,0.8917
PMID: 42595030,Association between long-term ambient PM. exposure and hypertension and metabolic syndrome among Ghanaian adults. 2 5,PMID: 42521043,Heat stress promotes myocardial injury and ventricular arrhythmia through DRP1-mediated mitochondrial dysfunction.,0.0777,0.9223
PMID: 42595030,Association between long-term ambient PM. exposure and hypertension and metabolic syndrome among Ghanaian adults. 2 5,PMID: 42520874,Long-term particulate matter exposure and coronary inflammation: A large-scale cohort study assessed by pericoronary fat attenuation index.,0.5642,0.4358
PMID: 42595030,Association between long-term ambient PM. exposure and hypertension and metabolic syndrome among Ghanaian adults. 2 5,PMID: 42520868,Maternal exposure to particulate matter during pregnancy and offspring liver function.,0.0968,0.9032
PMID: 42595030,Association between long-term ambient PM. exposure and hypertension and metabolic syndrome among Ghanaian adults. 2 5,PMID: 42520653,"Perfluoroalkyl/Polyfluoroalkyl Substances, Hemostatic/Inflammatory Biomarkers, and Incident Hypertension: The Study of Women's Health Across the Nation.",0.4805,0.5195
PMID: 42595030,Association between long-term ambient PM. exposure and hypertension and metabolic syndrome among Ghanaian adults. 2 5,PMID: 42512137,Weather Information Seeking and Heat-Health Protective Actions During Pregnancy: An Exploratory Study.,0.1316,0.8684
PMID: 42595030,Association between long-term ambient PM. exposure and hypertension and metabolic syndrome among Ghanaian adults. 2 5,PMID: 42508048,Air pollution and cardiovascular disease: A review of current scientific data.,0.3174,0.6826
PMID: 42595030,Association between long-term ambient PM. exposure and hypertension and metabolic syndrome among Ghanaian adults. 2 5,PMID: 42503941,[Advances on the effects and mechanisms of maternal exposure to particulate matter on offspring neurodevelopment].,0.02,0.98
PMID: 42595030,Association between long-term ambient PM. exposure and hypertension and metabolic syndrome among Ghanaian adults. 2 5,PMID: 42500877,Case-Crossover Analysis of Short-Term Particulate Matter and Health Outcomes in Patients With Atrial Fibrillation.,0.473,0.527
PMID: 42595030,Association between long-term ambient PM. exposure and hypertension and metabolic syndrome among Ghanaian adults. 2 5,PMID: 42496250,Mechanisms of Heat-Induced Sleep Disruption in Aging: A Narrative Review.,0.291,0.709
PMID: 42595030,Association between long-term ambient PM. exposure and hypertension and metabolic syndrome among Ghanaian adults. 2 5,PMID: 42492149,Prenatal air pollution exposure and placental biomarkers of oxidative stress and ageing: results from the BiSC cohort.,0.0865,0.9135
PMID: 42595030,Association between long-term ambient PM. exposure and hypertension and metabolic syndrome among Ghanaian adults. 2 5,PMID: 42488199,Changes in respiratory and cardiovascular morbidity air pollution risk and attributable burden in New York City.,0.2077,0.7923
PMID: 42595030,Association between long-term ambient PM. exposure and hypertension and metabolic syndrome among Ghanaian adults. 2 5,PMID: 42488198,A comprehensive study on the association of personal air pollution exposure with thyroid hormones in pregnant women.,0.0641,0.9359
PMID: 42595030,Association between long-term ambient PM. exposure and hypertension and metabolic syndrome among Ghanaian adults. 2 5,PMID: 42484582,Constituent-Specific PM and Cardiovascular Risk: From Mass to Mixture. 2.5,0.1083,0.8917
PMID: 42595030,Association between long-term ambient PM. exposure and hypertension and metabolic syndrome among Ghanaian adults. 2 5,PMID: 42483592,Quantifying the Health Benefits Linked to Reduced Traffic-Related PM Exposure on Acute Coronary Syndrome Incidence in China. 2.5,0.3753,0.6247
PMID: 42595030,Association between long-term ambient PM. exposure and hypertension and metabolic syndrome among Ghanaian adults. 2 5,PMID: 42483588,Transcriptomic Perturbations in Placental Gene Expression Following Developmental Exposure to Perfluorooctanoic Acid (PFOA) or Hexafluoropropylene Oxide-Dimer Acid (HFPO-DA or GenX) in CD‑1 Mice Are Consistent with Placental Insufficiency.,0.0196,0.9804
PMID: 42595030,Association between long-term ambient PM. exposure and hypertension and metabolic syndrome among Ghanaian adults. 2 5,PMID: 42483065,"Combined effects of apparent low temperature and PM pollution on circulatory emergency ambulance calls: a time-series analysis in Shijiazhuang, China. 2.5",0.4915,0.5085
PMID: 42595030,Association between long-term ambient PM. exposure and hypertension and metabolic syndrome among Ghanaian adults. 2 5,PMID: 42482688,"Size-specific health effects of particulate matter components on cardiovascular mortality: a weekly time-series study in Tianjin, China.",0.3652,0.6348
PMID: 42595030,Association between long-term ambient PM. exposure and hypertension and metabolic syndrome among Ghanaian adults. 2 5,PMID: 42476417,Thermophysiological response of adults to long-distance running in different ACSM environmental risk conditions: A systematic review and meta-analysis.,0.3535,0.6465
PMID: 42595030,Association between long-term ambient PM. exposure and hypertension and metabolic syndrome among Ghanaian adults. 2 5,PMID: 42474428,Individual and neighborhood factors influencing pediatric asthma exacerbations during urban heatwaves.,0.0725,0.9275
PMID: 42595030,Association between long-term ambient PM. exposure and hypertension and metabolic syndrome among Ghanaian adults. 2 5,PMID: 42472615,Targeted inhibition of JAK2 phosphorylation by GenX disrupts the JAK2-STAT3 pathway and induces cardiovascular toxicity in zebrafish: Insights from network toxicology and molecular dynamics.,0.3188,0.6812
PMID: 42595030,Association between long-term ambient PM. exposure and hypertension and metabolic syndrome among Ghanaian adults. 2 5,PMID: 42471626,Associations between wildland fire smoke PM and maternal blood pressure. 2.5,0.2949,0.7051
PMID: 42595030,Association between long-term ambient PM. exposure and hypertension and metabolic syndrome among Ghanaian adults. 2 5,PMID: 42466507,Joint Effects of Heat and Fine Particulate Matter on Out-of-Hospital Cardiac Arrest in Japan: A Nationwide Time-Stratified Case-Crossover Study.,0.2766,0.7234
PMID: 42595030,Association between long-term ambient PM. exposure and hypertension and metabolic syndrome among Ghanaian adults. 2 5,PMID: 42459959,Mechanistic insights into PM-induced cardiac fibrosis involving ERS/TXNIP/NLRP3-driven pyroptosis in multiple cell types. 2.5,0.5168,0.4832
PMID: 42595030,Association between long-term ambient PM. exposure and hypertension and metabolic syndrome among Ghanaian adults. 2 5,PMID: 42455550,"Modifiable Risk Factors and Attributable Ischemic Heart Disease Mortality in US States, 1990-2023: A Systematic Analysis for the Global Burden of Disease Study 2023.",0.066,0.934
PMID: 42595030,Association between long-term ambient PM. exposure and hypertension and metabolic syndrome among Ghanaian adults. 2 5,PMID: 42455100,Long-Term Exposure to PM Constituents and Coronary Heart Disease Risk in China. 2.5,0.3151,0.6849
PMID: 42595030,Association between long-term ambient PM. exposure and hypertension and metabolic syndrome among Ghanaian adults. 2 5,PMID: 42450330,Imaging and Molecular Biomarkers of PFAS-Related Vascular Aging: A Narrative Review.,0.2816,0.7184
PMID: 42595030,Association between long-term ambient PM. exposure and hypertension and metabolic syndrome among Ghanaian adults. 2 5,PMID: 42449303,Environmental exposome and its public health impact on COPD and asthma exacerbations in France.,0.0661,0.9339
PMID: 42595030,Association between long-term ambient PM. exposure and hypertension and metabolic syndrome among Ghanaian adults. 2 5,PMID: 42447841,Micro- and nano-plastics in the coronary circulation and air pollution exposure in ischaemic heart disease presentation.,0.5534,0.4466
PMID: 42595030,Association between long-term ambient PM. exposure and hypertension and metabolic syndrome among Ghanaian adults. 2 5,PMID: 42445923,"Ambient temperature, rainfall, and adverse maternal and child health outcomes in Nigeria: evidence from a national cross-sectional study.",0.0797,0.9203
PMID: 42595030,Association between long-term ambient PM. exposure and hypertension and metabolic syndrome among Ghanaian adults. 2 5,PMID: 42442744,"Fine Particulate Matter (PM2.5), the Exposome, and Cumulative Health Risk: A Life-course Perspective.",0.3385,0.6615
PMID: 42595030,Association between long-term ambient PM. exposure and hypertension and metabolic syndrome among Ghanaian adults. 2 5,PMID: 42440588,Maternal exposure to fine particulate matter and autism spectrum disorder in children: population based case-control study.,0.2985,0.7015
PMID: 42595030,Association between long-term ambient PM. exposure and hypertension and metabolic syndrome among Ghanaian adults. 2 5,PMID: 42437198,"Air Pollution Mixture and Folate Status Indicators among Pregnant Women in Canada: Maternal-Infant Research on Environmental Chemicals (MIREC) Study, 2008 to 2011.",0.2401,0.7599
PMID: 42595030,Association between long-term ambient PM. exposure and hypertension and metabolic syndrome among Ghanaian adults. 2 5,PMID: 42428257,Prenatal Air Pollution Exposure and Autism Spectrum Disorder in the ECHO Consortium.,0.2748,0.7252
PMID: 42595030,Association between long-term ambient PM. exposure and hypertension and metabolic syndrome among Ghanaian adults. 2 5,PMID: 42422320,"Maternal ambient air pollution exposure and risk of stillbirth in Georgia, USA.",0.0611,0.9389
PMID: 42595030,Association between long-term ambient PM. exposure and hypertension and metabolic syndrome among Ghanaian adults. 2 5,PMID: 42420937,Assessing the feasibility of indoor air quality monitoring in low-income housing among Black adults with uncontrolled asthma in New York City.,0.1369,0.8631
PMID: 42595030,Association between long-term ambient PM. exposure and hypertension and metabolic syndrome among Ghanaian adults. 2 5,PMID: 42420917,Effects of per- and polyfluoroalkyl substances on maternal thyroid function: a stratified analysis by maternal iodine status and thyroid autoantibody status.,0.0913,0.9087
PMID: 42595030,Association between long-term ambient PM. exposure and hypertension and metabolic syndrome among Ghanaian adults. 2 5,PMID: 42419777,Genetic susceptibility to respiratory health effects from outdoor air pollution: a structured narrative review.,0.0193,0.9807
PMID: 42595030,Association between long-term ambient PM. exposure and hypertension and metabolic syndrome among Ghanaian adults. 2 5,PMID: 42416905,Association between air pollution and incident cardiovascular diseases among a population with cardiovascular-kidney-metabolic syndrome stages 0-3: the first evidence from the China Health and Retirement Longitudinal Study.,0.3835,0.6165
PMID: 42595030,Association between long-term ambient PM. exposure and hypertension and metabolic syndrome among Ghanaian adults. 2 5,PMID: 42414291,Causal effects of wildfire PM on hospital costs and length of stay in Brazil. 2.5,0.457,0.543
PMID: 42595030,Association between long-term ambient PM. exposure and hypertension and metabolic syndrome among Ghanaian adults. 2 5,PMID: 42413509,Adaptations to Climate Change-Related Environmental Phenomena to Achieve Physical Activity Recommendations for Adults Aged 65 and Older.,0.2926,0.7074
PMID: 42595030,Association between long-term ambient PM. exposure and hypertension and metabolic syndrome among Ghanaian adults. 2 5,PMID: 42410409,Investigating environmental heat exposure and its effects on maternal and fetal health in rural Northern Ghana (Physio-HeMAB Study): a study protocol for a cluster randomized trial.,0.0227,0.9773
PMID: 42595030,Association between long-term ambient PM. exposure and hypertension and metabolic syndrome among Ghanaian adults. 2 5,PMID: 42406176,"Associations of short-, mid-, and long-term particulate matter exposure with elevated LDL-C levels in Korean adults: analysis of KNHANES 2016-2022.",0.238,0.762
PMID: 42595030,Association between long-term ambient PM. exposure and hypertension and metabolic syndrome among Ghanaian adults. 2 5,PMID: 42403579,Exposure to air and water pollution during pregnancy and risk of adverse perinatal outcomes in São Paulo State: protocol for a retrospective population-based cohort study.,0.0464,0.9536
PMID: 42594972,Gestational inhalation of nanoparticles alters placental glucose transporter expression and increases glucose flux in rats.,PMID: 42588124,Nutrition and Hydration Strategies for Heatwave Adaptation: A Narrative Review.,0.1189,0.8811
PMID: 42594972,Gestational inhalation of nanoparticles alters placental glucose transporter expression and increases glucose flux in rats.,PMID: 42551848,Critical Windows of Air Pollution Exposure During Spermatogenesis and Intrauterine Insemination Outcomes.,0.5857,0.4143
PMID: 42594972,Gestational inhalation of nanoparticles alters placental glucose transporter expression and increases glucose flux in rats.,PMID: 42570382,Heat-protective behavior in pregnancy: Extending Protection Motivation Theory with environmental and social factors.,0.5282,0.4718
PMID: 42594972,Gestational inhalation of nanoparticles alters placental glucose transporter expression and increases glucose flux in rats.,PMID: 42568331,Association between long-term exposure to air pollution and blood pressure in children: an updated systematic review and meta-analysis.,0.307,0.693
PMID: 42594972,Gestational inhalation of nanoparticles alters placental glucose transporter expression and increases glucose flux in rats.,PMID: 42565432,"Time series analysis of environmental factors and their association with emergency visits for asthma exacerbations in Petaling Jaya, Malaysia.",0.3639,0.6361
PMID: 42594972,Gestational inhalation of nanoparticles alters placental glucose transporter expression and increases glucose flux in rats.,PMID: 42551796,Association of PFAS exposure with maternal blood pressure and hypertension during pregnancy in the PROTECT cohort.,0.3379,0.6621
PMID: 42594972,Gestational inhalation of nanoparticles alters placental glucose transporter expression and increases glucose flux in rats.,PMID: 42557995,The Impact of Heat and Bushfire Smoke on Health System Utilisation in Australia.,0.3503,0.6497
PMID: 42594972,Gestational inhalation of nanoparticles alters placental glucose transporter expression and increases glucose flux in rats.,PMID: 42544117,Spatial analysis of environmental and socioeconomic factors impacting maternal and infant health outcomes in North Carolina.,0.7336,0.2664
PMID: 42594972,Gestational inhalation of nanoparticles alters placental glucose transporter expression and increases glucose flux in rats.,PMID: 42540534,Exposure to Airborne Particulate Matter in Regional Environments of Bangladesh and Its Effects on Respiratory Health: A Narrative Review.,0.3478,0.6522
PMID: 42594972,Gestational inhalation of nanoparticles alters placental glucose transporter expression and increases glucose flux in rats.,PMID: 42538170,Household incense burning and small for gestational age risk in newborn infants.,0.724,0.276
PMID: 42594972,Gestational inhalation of nanoparticles alters placental glucose transporter expression and increases glucose flux in rats.,PMID: 42534890,Prenatal PFAS exposure and offspring health: evidence review and implications for intergenerational risk assessment.,0.0487,0.9513
PMID: 42594972,Gestational inhalation of nanoparticles alters placental glucose transporter expression and increases glucose flux in rats.,PMID: 42529083,Environmental and socioeconomic influences on childhood asthma and pneumonia: burden and healthcare utilization in a population-based cohort study.,0.2926,0.7074
PMID: 42594972,Gestational inhalation of nanoparticles alters placental glucose transporter expression and increases glucose flux in rats.,PMID: 42529026,"Short-term associations between ambient air pollution and cardiovascular disease mortality: an 11-year time-series study in Nanning, China.",0.0663,0.9337
PMID: 42594972,Gestational inhalation of nanoparticles alters placental glucose transporter expression and increases glucose flux in rats.,PMID: 42528898,"Interpretable machine learning for identifying determinants of high hypertension burden under extreme heat vulnerability: evidence from Maryland, USA.",0.0616,0.9384
PMID: 42594972,Gestational inhalation of nanoparticles alters placental glucose transporter expression and increases glucose flux in rats.,PMID: 42524808,Compound Exposure to Extreme Heat and Substantial Landscape Fire-Sourced Air Pollution on Cardiovascular Mortality.,0.0846,0.9154
PMID: 42594972,Gestational inhalation of nanoparticles alters placental glucose transporter expression and increases glucose flux in rats.,PMID: 42524806,Heat Plus Fire: A Compound Hazard Threatening Cardiovascular Health.,0.2502,0.7498
PMID: 42594972,Gestational inhalation of nanoparticles alters placental glucose transporter expression and increases glucose flux in rats.,PMID: 42521043,Heat stress promotes myocardial injury and ventricular arrhythmia through DRP1-mediated mitochondrial dysfunction.,0.1261,0.8739
PMID: 42594972,Gestational inhalation of nanoparticles alters placental glucose transporter expression and increases glucose flux in rats.,PMID: 42520874,Long-term particulate matter exposure and coronary inflammation: A large-scale cohort study assessed by pericoronary fat attenuation index.,0.2409,0.7591
PMID: 42594972,Gestational inhalation of nanoparticles alters placental glucose transporter expression and increases glucose flux in rats.,PMID: 42520868,Maternal exposure to particulate matter during pregnancy and offspring liver function.,0.6782,0.3218
PMID: 42594972,Gestational inhalation of nanoparticles alters placental glucose transporter expression and increases glucose flux in rats.,PMID: 42520653,"Perfluoroalkyl/Polyfluoroalkyl Substances, Hemostatic/Inflammatory Biomarkers, and Incident Hypertension: The Study of Women's Health Across the Nation.",0.0268,0.9732
PMID: 42594972,Gestational inhalation of nanoparticles alters placental glucose transporter expression and increases glucose flux in rats.,PMID: 42512137,Weather Information Seeking and Heat-Health Protective Actions During Pregnancy: An Exploratory Study.,0.5631,0.4369
PMID: 42594972,Gestational inhalation of nanoparticles alters placental glucose transporter expression and increases glucose flux in rats.,PMID: 42508048,Air pollution and cardiovascular disease: A review of current scientific data.,0.2291,0.7709
PMID: 42594972,Gestational inhalation of nanoparticles alters placental glucose transporter expression and increases glucose flux in rats.,PMID: 42503941,[Advances on the effects and mechanisms of maternal exposure to particulate matter on offspring neurodevelopment].,0.6259,0.3741
PMID: 42594972,Gestational inhalation of nanoparticles alters placental glucose transporter expression and increases glucose flux in rats.,PMID: 42500877,Case-Crossover Analysis of Short-Term Particulate Matter and Health Outcomes in Patients With Atrial Fibrillation.,0.2921,0.7079
PMID: 42594972,Gestational inhalation of nanoparticles alters placental glucose transporter expression and increases glucose flux in rats.,PMID: 42496250,Mechanisms of Heat-Induced Sleep Disruption in Aging: A Narrative Review.,0.0836,0.9164
PMID: 42594972,Gestational inhalation of nanoparticles alters placental glucose transporter expression and increases glucose flux in rats.,PMID: 42492149,Prenatal air pollution exposure and placental biomarkers of oxidative stress and ageing: results from the BiSC cohort.,0.5875,0.4125
PMID: 42594972,Gestational inhalation of nanoparticles alters placental glucose transporter expression and increases glucose flux in rats.,PMID: 42488199,Changes in respiratory and cardiovascular morbidity air pollution risk and attributable burden in New York City.,0.0435,0.9565
PMID: 42594972,Gestational inhalation of nanoparticles alters placental glucose transporter expression and increases glucose flux in rats.,PMID: 42488198,A comprehensive study on the association of personal air pollution exposure with thyroid hormones in pregnant women.,0.689,0.311
PMID: 42594972,Gestational inhalation of nanoparticles alters placental glucose transporter expression and increases glucose flux in rats.,PMID: 42484582,Constituent-Specific PM and Cardiovascular Risk: From Mass to Mixture. 2.5,0.2502,0.7498
PMID: 42594972,Gestational inhalation of nanoparticles alters placental glucose transporter expression and increases glucose flux in rats.,PMID: 42483592,Quantifying the Health Benefits Linked to Reduced Traffic-Related PM Exposure on Acute Coronary Syndrome Incidence in China. 2.5,0.4525,0.5475
PMID: 42594972,Gestational inhalation of nanoparticles alters placental glucose transporter expression and increases glucose flux in rats.,PMID: 42483588,Transcriptomic Perturbations in Placental Gene Expression Following Developmental Exposure to Perfluorooctanoic Acid (PFOA) or Hexafluoropropylene Oxide-Dimer Acid (HFPO-DA or GenX) in CD‑1 Mice Are Consistent with Placental Insufficiency.,0.4319,0.5681
PMID: 42594972,Gestational inhalation of nanoparticles alters placental glucose transporter expression and increases glucose flux in rats.,PMID: 42483065,"Combined effects of apparent low temperature and PM pollution on circulatory emergency ambulance calls: a time-series analysis in Shijiazhuang, China. 2.5",0.3233,0.6767
PMID: 42594972,Gestational inhalation of nanoparticles alters placental glucose transporter expression and increases glucose flux in rats.,PMID: 42482688,"Size-specific health effects of particulate matter components on cardiovascular mortality: a weekly time-series study in Tianjin, China.",0.2635,0.7365
PMID: 42594972,Gestational inhalation of nanoparticles alters placental glucose transporter expression and increases glucose flux in rats.,PMID: 42476417,Thermophysiological response of adults to long-distance running in different ACSM environmental risk conditions: A systematic review and meta-analysis.,0.0738,0.9262
PMID: 42594972,Gestational inhalation of nanoparticles alters placental glucose transporter expression and increases glucose flux in rats.,PMID: 42474428,Individual and neighborhood factors influencing pediatric asthma exacerbations during urban heatwaves.,0.064,0.936
PMID: 42594972,Gestational inhalation of nanoparticles alters placental glucose transporter expression and increases glucose flux in rats.,PMID: 42472615,Targeted inhibition of JAK2 phosphorylation by GenX disrupts the JAK2-STAT3 pathway and induces cardiovascular toxicity in zebrafish: Insights from network toxicology and molecular dynamics.,0.1074,0.8926
PMID: 42594972,Gestational inhalation of nanoparticles alters placental glucose transporter expression and increases glucose flux in rats.,PMID: 42471626,Associations between wildland fire smoke PM and maternal blood pressure. 2.5,0.8475,0.1525
PMID: 42594972,Gestational inhalation of nanoparticles alters placental glucose transporter expression and increases glucose flux in rats.,PMID: 42466507,Joint Effects of Heat and Fine Particulate Matter on Out-of-Hospital Cardiac Arrest in Japan: A Nationwide Time-Stratified Case-Crossover Study.,0.3579,0.6421
PMID: 42594972,Gestational inhalation of nanoparticles alters placental glucose transporter expression and increases glucose flux in rats.,PMID: 42459959,Mechanistic insights into PM-induced cardiac fibrosis involving ERS/TXNIP/NLRP3-driven pyroptosis in multiple cell types. 2.5,0.373,0.627
PMID: 42594972,Gestational inhalation of nanoparticles alters placental glucose transporter expression and increases glucose flux in rats.,PMID: 42455550,"Modifiable Risk Factors and Attributable Ischemic Heart Disease Mortality in US States, 1990-2023: A Systematic Analysis for the Global Burden of Disease Study 2023.",0.4115,0.5885
PMID: 42594972,Gestational inhalation of nanoparticles alters placental glucose transporter expression and increases glucose flux in rats.,PMID: 42455100,Long-Term Exposure to PM Constituents and Coronary Heart Disease Risk in China. 2.5,0.2684,0.7316
PMID: 42594972,Gestational inhalation of nanoparticles alters placental glucose transporter expression and increases glucose flux in rats.,PMID: 42450330,Imaging and Molecular Biomarkers of PFAS-Related Vascular Aging: A Narrative Review.,0.0947,0.9053
PMID: 42594972,Gestational inhalation of nanoparticles alters placental glucose transporter expression and increases glucose flux in rats.,PMID: 42449303,Environmental exposome and its public health impact on COPD and asthma exacerbations in France.,0.0583,0.9417
PMID: 42594972,Gestational inhalation of nanoparticles alters placental glucose transporter expression and increases glucose flux in rats.,PMID: 42447841,Micro- and nano-plastics in the coronary circulation and air pollution exposure in ischaemic heart disease presentation.,0.0705,0.9295
PMID: 42594972,Gestational inhalation of nanoparticles alters placental glucose transporter expression and increases glucose flux in rats.,PMID: 42445923,"Ambient temperature, rainfall, and adverse maternal and child health outcomes in Nigeria: evidence from a national cross-sectional study.",0.2566,0.7434
PMID: 42594972,Gestational inhalation of nanoparticles alters placental glucose transporter expression and increases glucose flux in rats.,PMID: 42442744,"Fine Particulate Matter (PM2.5), the Exposome, and Cumulative Health Risk: A Life-course Perspective.",0.2317,0.7683
PMID: 42594972,Gestational inhalation of nanoparticles alters placental glucose transporter expression and increases glucose flux in rats.,PMID: 42440588,Maternal exposure to fine particulate matter and autism spectrum disorder in children: population based case-control study.,0.7063,0.2937
PMID: 42594972,Gestational inhalation of nanoparticles alters placental glucose transporter expression and increases glucose flux in rats.,PMID: 42437198,"Air Pollution Mixture and Folate Status Indicators among Pregnant Women in Canada: Maternal-Infant Research on Environmental Chemicals (MIREC) Study, 2008 to 2011.",0.6247,0.3753
PMID: 42594972,Gestational inhalation of nanoparticles alters placental glucose transporter expression and increases glucose flux in rats.,PMID: 42428257,Prenatal Air Pollution Exposure and Autism Spectrum Disorder in the ECHO Consortium.,0.4903,0.5097
PMID: 42594972,Gestational inhalation of nanoparticles alters placental glucose transporter expression and increases glucose flux in rats.,PMID: 42422320,"Maternal ambient air pollution exposure and risk of stillbirth in Georgia, USA.",0.7608,0.2392
PMID: 42594972,Gestational inhalation of nanoparticles alters placental glucose transporter expression and increases glucose flux in rats.,PMID: 42420937,Assessing the feasibility of indoor air quality monitoring in low-income housing among Black adults with uncontrolled asthma in New York City.,0.1213,0.8787
PMID: 42594972,Gestational inhalation of nanoparticles alters placental glucose transporter expression and increases glucose flux in rats.,PMID: 42420917,Effects of per- and polyfluoroalkyl substances on maternal thyroid function: a stratified analysis by maternal iodine status and thyroid autoantibody status.,0.3895,0.6105
PMID: 42594972,Gestational inhalation of nanoparticles alters placental glucose transporter expression and increases glucose flux in rats.,PMID: 42419777,Genetic susceptibility to respiratory health effects from outdoor air pollution: a structured narrative review.,0.2724,0.7276
PMID: 42594972,Gestational inhalation of nanoparticles alters placental glucose transporter expression and increases glucose flux in rats.,PMID: 42416905,Association between air pollution and incident cardiovascular diseases among a population with cardiovascular-kidney-metabolic syndrome stages 0-3: the first evidence from the China Health and Retirement Longitudinal Study.,0.0676,0.9324
PMID: 42594972,Gestational inhalation of nanoparticles alters placental glucose transporter expression and increases glucose flux in rats.,PMID: 42414291,Causal effects of wildfire PM on hospital costs and length of stay in Brazil. 2.5,0.3297,0.6703
PMID: 42594972,Gestational inhalation of nanoparticles alters placental glucose transporter expression and increases glucose flux in rats.,PMID: 42413509,Adaptations to Climate Change-Related Environmental Phenomena to Achieve Physical Activity Recommendations for Adults Aged 65 and Older.,0.0511,0.9489
PMID: 42594972,Gestational inhalation of nanoparticles alters placental glucose transporter expression and increases glucose flux in rats.,PMID: 42410409,Investigating environmental heat exposure and its effects on maternal and fetal health in rural Northern Ghana (Physio-HeMAB Study): a study protocol for a cluster randomized trial.,0.5011,0.4989
PMID: 42594972,Gestational inhalation of nanoparticles alters placental glucose transporter expression and increases glucose flux in rats.,PMID: 42406176,"Associations of short-, mid-, and long-term particulate matter exposure with elevated LDL-C levels in Korean adults: analysis of KNHANES 2016-2022.",0.4225,0.5775
PMID: 42594972,Gestational inhalation of nanoparticles alters placental glucose transporter expression and increases glucose flux in rats.,PMID: 42403579,Exposure to air and water pollution during pregnancy and risk of adverse perinatal outcomes in São Paulo State: protocol for a retrospective population-based cohort study.,0.4615,0.5385
PMID: 42588124,Nutrition and Hydration Strategies for Heatwave Adaptation: A Narrative Review.,PMID: 42551848,Critical Windows of Air Pollution Exposure During Spermatogenesis and Intrauterine Insemination Outcomes.,0.021,0.979
PMID: 42588124,Nutrition and Hydration Strategies for Heatwave Adaptation: A Narrative Review.,PMID: 42570382,Heat-protective behavior in pregnancy: Extending Protection Motivation Theory with environmental and social factors.,0.4621,0.5379
PMID: 42588124,Nutrition and Hydration Strategies for Heatwave Adaptation: A Narrative Review.,PMID: 42568331,Association between long-term exposure to air pollution and blood pressure in children: an updated systematic review and meta-analysis.,0.2809,0.7191
PMID: 42588124,Nutrition and Hydration Strategies for Heatwave Adaptation: A Narrative Review.,PMID: 42565432,"Time series analysis of environmental factors and their association with emergency visits for asthma exacerbations in Petaling Jaya, Malaysia.",0.0451,0.9549
PMID: 42588124,Nutrition and Hydration Strategies for Heatwave Adaptation: A Narrative Review.,PMID: 42551796,Association of PFAS exposure with maternal blood pressure and hypertension during pregnancy in the PROTECT cohort.,0.0614,0.9386
PMID: 42588124,Nutrition and Hydration Strategies for Heatwave Adaptation: A Narrative Review.,PMID: 42557995,The Impact of Heat and Bushfire Smoke on Health System Utilisation in Australia.,0.497,0.503
PMID: 42588124,Nutrition and Hydration Strategies for Heatwave Adaptation: A Narrative Review.,PMID: 42544117,Spatial analysis of environmental and socioeconomic factors impacting maternal and infant health outcomes in North Carolina.,0.0756,0.9244
PMID: 42588124,Nutrition and Hydration Strategies for Heatwave Adaptation: A Narrative Review.,PMID: 42540534,Exposure to Airborne Particulate Matter in Regional Environments of Bangladesh and Its Effects on Respiratory Health: A Narrative Review.,0.0922,0.9078
PMID: 42588124,Nutrition and Hydration Strategies for Heatwave Adaptation: A Narrative Review.,PMID: 42538170,Household incense burning and small for gestational age risk in newborn infants.,0.0238,0.9762
PMID: 42588124,Nutrition and Hydration Strategies for Heatwave Adaptation: A Narrative Review.,PMID: 42534890,Prenatal PFAS exposure and offspring health: evidence review and implications for intergenerational risk assessment.,0.0423,0.9577
PMID: 42588124,Nutrition and Hydration Strategies for Heatwave Adaptation: A Narrative Review.,PMID: 42529083,Environmental and socioeconomic influences on childhood asthma and pneumonia: burden and healthcare utilization in a population-based cohort study.,0.2677,0.7323
PMID: 42588124,Nutrition and Hydration Strategies for Heatwave Adaptation: A Narrative Review.,PMID: 42529026,"Short-term associations between ambient air pollution and cardiovascular disease mortality: an 11-year time-series study in Nanning, China.",0.5623,0.4377
PMID: 42588124,Nutrition and Hydration Strategies for Heatwave Adaptation: A Narrative Review.,PMID: 42528898,"Interpretable machine learning for identifying determinants of high hypertension burden under extreme heat vulnerability: evidence from Maryland, USA.",0.6179,0.3821
PMID: 42588124,Nutrition and Hydration Strategies for Heatwave Adaptation: A Narrative Review.,PMID: 42524808,Compound Exposure to Extreme Heat and Substantial Landscape Fire-Sourced Air Pollution on Cardiovascular Mortality.,0.4612,0.5388
PMID: 42588124,Nutrition and Hydration Strategies for Heatwave Adaptation: A Narrative Review.,PMID: 42524806,Heat Plus Fire: A Compound Hazard Threatening Cardiovascular Health.,0.2189,0.7811
PMID: 42588124,Nutrition and Hydration Strategies for Heatwave Adaptation: A Narrative Review.,PMID: 42521043,Heat stress promotes myocardial injury and ventricular arrhythmia through DRP1-mediated mitochondrial dysfunction.,0.3743,0.6257
PMID: 42588124,Nutrition and Hydration Strategies for Heatwave Adaptation: A Narrative Review.,PMID: 42520874,Long-term particulate matter exposure and coronary inflammation: A large-scale cohort study assessed by pericoronary fat attenuation index.,0.1838,0.8162
PMID: 42588124,Nutrition and Hydration Strategies for Heatwave Adaptation: A Narrative Review.,PMID: 42520868,Maternal exposure to particulate matter during pregnancy and offspring liver function.,0.0869,0.9131
PMID: 42588124,Nutrition and Hydration Strategies for Heatwave Adaptation: A Narrative Review.,PMID: 42520653,"Perfluoroalkyl/Polyfluoroalkyl Substances, Hemostatic/Inflammatory Biomarkers, and Incident Hypertension: The Study of Women's Health Across the Nation.",0.3055,0.6945
PMID: 42588124,Nutrition and Hydration Strategies for Heatwave Adaptation: A Narrative Review.,PMID: 42512137,Weather Information Seeking and Heat-Health Protective Actions During Pregnancy: An Exploratory Study.,0.3832,0.6168
PMID: 42588124,Nutrition and Hydration Strategies for Heatwave Adaptation: A Narrative Review.,PMID: 42508048,Air pollution and cardiovascular disease: A review of current scientific data.,0.2089,0.7911
PMID: 42588124,Nutrition and Hydration Strategies for Heatwave Adaptation: A Narrative Review.,PMID: 42503941,[Advances on the effects and mechanisms of maternal exposure to particulate matter on offspring neurodevelopment].,0.0399,0.9601
PMID: 42588124,Nutrition and Hydration Strategies for Heatwave Adaptation: A Narrative Review.,PMID: 42500877,Case-Crossover Analysis of Short-Term Particulate Matter and Health Outcomes in Patients With Atrial Fibrillation.,0.4146,0.5854
PMID: 42588124,Nutrition and Hydration Strategies for Heatwave Adaptation: A Narrative Review.,PMID: 42496250,Mechanisms of Heat-Induced Sleep Disruption in Aging: A Narrative Review.,0.6367,0.3633
PMID: 42588124,Nutrition and Hydration Strategies for Heatwave Adaptation: A Narrative Review.,PMID: 42492149,Prenatal air pollution exposure and placental biomarkers of oxidative stress and ageing: results from the BiSC cohort.,0.0194,0.9806
PMID: 42588124,Nutrition and Hydration Strategies for Heatwave Adaptation: A Narrative Review.,PMID: 42488199,Changes in respiratory and cardiovascular morbidity air pollution risk and attributable burden in New York City.,0.4361,0.5639
PMID: 42588124,Nutrition and Hydration Strategies for Heatwave Adaptation: A Narrative Review.,PMID: 42488198,A comprehensive study on the association of personal air pollution exposure with thyroid hormones in pregnant women.,0.179,0.821
PMID: 42588124,Nutrition and Hydration Strategies for Heatwave Adaptation: A Narrative Review.,PMID: 42484582,Constituent-Specific PM and Cardiovascular Risk: From Mass to Mixture. 2.5,0.2189,0.7811
PMID: 42588124,Nutrition and Hydration Strategies for Heatwave Adaptation: A Narrative Review.,PMID: 42483592,Quantifying the Health Benefits Linked to Reduced Traffic-Related PM Exposure on Acute Coronary Syndrome Incidence in China. 2.5,0.3456,0.6544
PMID: 42588124,Nutrition and Hydration Strategies for Heatwave Adaptation: A Narrative Review.,PMID: 42483588,Transcriptomic Perturbations in Placental Gene Expression Following Developmental Exposure to Perfluorooctanoic Acid (PFOA) or Hexafluoropropylene Oxide-Dimer Acid (HFPO-DA or GenX) in CD‑1 Mice Are Consistent with Placental Insufficiency.,0.0837,0.9163
PMID: 42588124,Nutrition and Hydration Strategies for Heatwave Adaptation: A Narrative Review.,PMID: 42483065,"Combined effects of apparent low temperature and PM pollution on circulatory emergency ambulance calls: a time-series analysis in Shijiazhuang, China. 2.5",0.5499,0.4501
PMID: 42588124,Nutrition and Hydration Strategies for Heatwave Adaptation: A Narrative Review.,PMID: 42482688,"Size-specific health effects of particulate matter components on cardiovascular mortality: a weekly time-series study in Tianjin, China.",0.2031,0.7969
PMID: 42588124,Nutrition and Hydration Strategies for Heatwave Adaptation: A Narrative Review.,PMID: 42476417,Thermophysiological response of adults to long-distance running in different ACSM environmental risk conditions: A systematic review and meta-analysis.,0.743,0.257
PMID: 42588124,Nutrition and Hydration Strategies for Heatwave Adaptation: A Narrative Review.,PMID: 42474428,Individual and neighborhood factors influencing pediatric asthma exacerbations during urban heatwaves.,0.4135,0.5865
PMID: 42588124,Nutrition and Hydration Strategies for Heatwave Adaptation: A Narrative Review.,PMID: 42472615,Targeted inhibition of JAK2 phosphorylation by GenX disrupts the JAK2-STAT3 pathway and induces cardiovascular toxicity in zebrafish: Insights from network toxicology and molecular dynamics.,0.3176,0.6824
PMID: 42588124,Nutrition and Hydration Strategies for Heatwave Adaptation: A Narrative Review.,PMID: 42471626,Associations between wildland fire smoke PM and maternal blood pressure. 2.5,0.1009,0.8991
PMID: 42588124,Nutrition and Hydration Strategies for Heatwave Adaptation: A Narrative Review.,PMID: 42466507,Joint Effects of Heat and Fine Particulate Matter on Out-of-Hospital Cardiac Arrest in Japan: A Nationwide Time-Stratified Case-Crossover Study.,0.5076,0.4924
PMID: 42588124,Nutrition and Hydration Strategies for Heatwave Adaptation: A Narrative Review.,PMID: 42459959,Mechanistic insights into PM-induced cardiac fibrosis involving ERS/TXNIP/NLRP3-driven pyroptosis in multiple cell types. 2.5,0.2875,0.7125
PMID: 42588124,Nutrition and Hydration Strategies for Heatwave Adaptation: A Narrative Review.,PMID: 42455550,"Modifiable Risk Factors and Attributable Ischemic Heart Disease Mortality in US States, 1990-2023: A Systematic Analysis for the Global Burden of Disease Study 2023.",0.0512,0.9488
PMID: 42588124,Nutrition and Hydration Strategies for Heatwave Adaptation: A Narrative Review.,PMID: 42455100,Long-Term Exposure to PM Constituents and Coronary Heart Disease Risk in China. 2.5,0.2455,0.7545
PMID: 42588124,Nutrition and Hydration Strategies for Heatwave Adaptation: A Narrative Review.,PMID: 42450330,Imaging and Molecular Biomarkers of PFAS-Related Vascular Aging: A Narrative Review.,0.3321,0.6679
PMID: 42588124,Nutrition and Hydration Strategies for Heatwave Adaptation: A Narrative Review.,PMID: 42449303,Environmental exposome and its public health impact on COPD and asthma exacerbations in France.,0.0513,0.9487
PMID: 42588124,Nutrition and Hydration Strategies for Heatwave Adaptation: A Narrative Review.,PMID: 42447841,Micro- and nano-plastics in the coronary circulation and air pollution exposure in ischaemic heart disease presentation.,0.2594,0.7406
PMID: 42588124,Nutrition and Hydration Strategies for Heatwave Adaptation: A Narrative Review.,PMID: 42445923,"Ambient temperature, rainfall, and adverse maternal and child health outcomes in Nigeria: evidence from a national cross-sectional study.",0.6357,0.3643
PMID: 42588124,Nutrition and Hydration Strategies for Heatwave Adaptation: A Narrative Review.,PMID: 42442744,"Fine Particulate Matter (PM2.5), the Exposome, and Cumulative Health Risk: A Life-course Perspective.",0.2028,0.7972
PMID: 42588124,Nutrition and Hydration Strategies for Heatwave Adaptation: A Narrative Review.,PMID: 42440588,Maternal exposure to fine particulate matter and autism spectrum disorder in children: population based case-control study.,0.0908,0.9092
PMID: 42588124,Nutrition and Hydration Strategies for Heatwave Adaptation: A Narrative Review.,PMID: 42437198,"Air Pollution Mixture and Folate Status Indicators among Pregnant Women in Canada: Maternal-Infant Research on Environmental Chemicals (MIREC) Study, 2008 to 2011.",0.1622,0.8378
PMID: 42588124,Nutrition and Hydration Strategies for Heatwave Adaptation: A Narrative Review.,PMID: 42428257,Prenatal Air Pollution Exposure and Autism Spectrum Disorder in the ECHO Consortium.,0.0591,0.9409
PMID: 42588124,Nutrition and Hydration Strategies for Heatwave Adaptation: A Narrative Review.,PMID: 42422320,"Maternal ambient air pollution exposure and risk of stillbirth in Georgia, USA.",0.025,0.975
PMID: 42588124,Nutrition and Hydration Strategies for Heatwave Adaptation: A Narrative Review.,PMID: 42420937,Assessing the feasibility of indoor air quality monitoring in low-income housing among Black adults with uncontrolled asthma in New York City.,0.1235,0.8765
PMID: 42588124,Nutrition and Hydration Strategies for Heatwave Adaptation: A Narrative Review.,PMID: 42420917,Effects of per- and polyfluoroalkyl substances on maternal thyroid function: a stratified analysis by maternal iodine status and thyroid autoantibody status.,0.1514,0.8486
PMID: 42588124,Nutrition and Hydration Strategies for Heatwave Adaptation: A Narrative Review.,PMID: 42419777,Genetic susceptibility to respiratory health effects from outdoor air pollution: a structured narrative review.,0.0383,0.9617
PMID: 42588124,Nutrition and Hydration Strategies for Heatwave Adaptation: A Narrative Review.,PMID: 42416905,Association between air pollution and incident cardiovascular diseases among a population with cardiovascular-kidney-metabolic syndrome stages 0-3: the first evidence from the China Health and Retirement Longitudinal Study.,0.2987,0.7013
PMID: 42588124,Nutrition and Hydration Strategies for Heatwave Adaptation: A Narrative Review.,PMID: 42414291,Causal effects of wildfire PM on hospital costs and length of stay in Brazil. 2.5,0.2542,0.7458
PMID: 42588124,Nutrition and Hydration Strategies for Heatwave Adaptation: A Narrative Review.,PMID: 42413509,Adaptations to Climate Change-Related Environmental Phenomena to Achieve Physical Activity Recommendations for Adults Aged 65 and Older.,0.6153,0.3847
PMID: 42588124,Nutrition and Hydration Strategies for Heatwave Adaptation: A Narrative Review.,PMID: 42410409,Investigating environmental heat exposure and its effects on maternal and fetal health in rural Northern Ghana (Physio-HeMAB Study): a study protocol for a cluster randomized trial.,0.4384,0.5616
PMID: 42588124,Nutrition and Hydration Strategies for Heatwave Adaptation: A Narrative Review.,PMID: 42406176,"Associations of short-, mid-, and long-term particulate matter exposure with elevated LDL-C levels in Korean adults: analysis of KNHANES 2016-2022.",0.0935,0.9065
PMID: 42588124,Nutrition and Hydration Strategies for Heatwave Adaptation: A Narrative Review.,PMID: 42403579,Exposure to air and water pollution during pregnancy and risk of adverse perinatal outcomes in São Paulo State: protocol for a retrospective population-based cohort study.,0.0295,0.9705
PMID: 42551848,Critical Windows of Air Pollution Exposure During Spermatogenesis and Intrauterine Insemination Outcomes.,PMID: 42570382,Heat-protective behavior in pregnancy: Extending Protection Motivation Theory with environmental and social factors.,0.2825,0.7175
PMID: 42551848,Critical Windows of Air Pollution Exposure During Spermatogenesis and Intrauterine Insemination Outcomes.,PMID: 42568331,Association between long-term exposure to air pollution and blood pressure in children: an updated systematic review and meta-analysis.,0.3917,0.6083
PMID: 42551848,Critical Windows of Air Pollution Exposure During Spermatogenesis and Intrauterine Insemination Outcomes.,PMID: 42565432,"Time series analysis of environmental factors and their association with emergency visits for asthma exacerbations in Petaling Jaya, Malaysia.",0.2421,0.7579
PMID: 42551848,Critical Windows of Air Pollution Exposure During Spermatogenesis and Intrauterine Insemination Outcomes.,PMID: 42551796,Association of PFAS exposure with maternal blood pressure and hypertension during pregnancy in the PROTECT cohort.,0.2313,0.7687
PMID: 42551848,Critical Windows of Air Pollution Exposure During Spermatogenesis and Intrauterine Insemination Outcomes.,PMID: 42557995,The Impact of Heat and Bushfire Smoke on Health System Utilisation in Australia.,0.2328,0.7672
PMID: 42551848,Critical Windows of Air Pollution Exposure During Spermatogenesis and Intrauterine Insemination Outcomes.,PMID: 42544117,Spatial analysis of environmental and socioeconomic factors impacting maternal and infant health outcomes in North Carolina.,0.4234,0.5766
PMID: 42551848,Critical Windows of Air Pollution Exposure During Spermatogenesis and Intrauterine Insemination Outcomes.,PMID: 42540534,Exposure to Airborne Particulate Matter in Regional Environments of Bangladesh and Its Effects on Respiratory Health: A Narrative Review.,0.2311,0.7689
PMID: 42551848,Critical Windows of Air Pollution Exposure During Spermatogenesis and Intrauterine Insemination Outcomes.,PMID: 42538170,Household incense burning and small for gestational age risk in newborn infants.,0.4735,0.5265
PMID: 42551848,Critical Windows of Air Pollution Exposure During Spermatogenesis and Intrauterine Insemination Outcomes.,PMID: 42534890,Prenatal PFAS exposure and offspring health: evidence review and implications for intergenerational risk assessment.,0.0183,0.9817
PMID: 42551848,Critical Windows of Air Pollution Exposure During Spermatogenesis and Intrauterine Insemination Outcomes.,PMID: 42529083,Environmental and socioeconomic influences on childhood asthma and pneumonia: burden and healthcare utilization in a population-based cohort study.,0.3734,0.6266
PMID: 42551848,Critical Windows of Air Pollution Exposure During Spermatogenesis and Intrauterine Insemination Outcomes.,PMID: 42529026,"Short-term associations between ambient air pollution and cardiovascular disease mortality: an 11-year time-series study in Nanning, China.",0.2276,0.7724
PMID: 42551848,Critical Windows of Air Pollution Exposure During Spermatogenesis and Intrauterine Insemination Outcomes.,PMID: 42528898,"Interpretable machine learning for identifying determinants of high hypertension burden under extreme heat vulnerability: evidence from Maryland, USA.",0.0234,0.9766
PMID: 42551848,Critical Windows of Air Pollution Exposure During Spermatogenesis and Intrauterine Insemination Outcomes.,PMID: 42524808,Compound Exposure to Extreme Heat and Substantial Landscape Fire-Sourced Air Pollution on Cardiovascular Mortality.,0.0448,0.9552
PMID: 42551848,Critical Windows of Air Pollution Exposure During Spermatogenesis and Intrauterine Insemination Outcomes.,PMID: 42524806,Heat Plus Fire: A Compound Hazard Threatening Cardiovascular Health.,0.093,0.907
PMID: 42551848,Critical Windows of Air Pollution Exposure During Spermatogenesis and Intrauterine Insemination Outcomes.,PMID: 42521043,Heat stress promotes myocardial injury and ventricular arrhythmia through DRP1-mediated mitochondrial dysfunction.,0.0666,0.9334
PMID: 42551848,Critical Windows of Air Pollution Exposure During Spermatogenesis and Intrauterine Insemination Outcomes.,PMID: 42520874,Long-term particulate matter exposure and coronary inflammation: A large-scale cohort study assessed by pericoronary fat attenuation index.,0.3192,0.6808
PMID: 42551848,Critical Windows of Air Pollution Exposure During Spermatogenesis and Intrauterine Insemination Outcomes.,PMID: 42520868,Maternal exposure to particulate matter during pregnancy and offspring liver function.,0.4293,0.5707
PMID: 42551848,Critical Windows of Air Pollution Exposure During Spermatogenesis and Intrauterine Insemination Outcomes.,PMID: 42520653,"Perfluoroalkyl/Polyfluoroalkyl Substances, Hemostatic/Inflammatory Biomarkers, and Incident Hypertension: The Study of Women's Health Across the Nation.",0.036,0.964
PMID: 42551848,Critical Windows of Air Pollution Exposure During Spermatogenesis and Intrauterine Insemination Outcomes.,PMID: 42512137,Weather Information Seeking and Heat-Health Protective Actions During Pregnancy: An Exploratory Study.,0.3497,0.6503
PMID: 42551848,Critical Windows of Air Pollution Exposure During Spermatogenesis and Intrauterine Insemination Outcomes.,PMID: 42508048,Air pollution and cardiovascular disease: A review of current scientific data.,0.5136,0.4864
PMID: 42551848,Critical Windows of Air Pollution Exposure During Spermatogenesis and Intrauterine Insemination Outcomes.,PMID: 42503941,[Advances on the effects and mechanisms of maternal exposure to particulate matter on offspring neurodevelopment].,0.393,0.607
PMID: 42551848,Critical Windows of Air Pollution Exposure During Spermatogenesis and Intrauterine Insemination Outcomes.,PMID: 42500877,Case-Crossover Analysis of Short-Term Particulate Matter and Health Outcomes in Patients With Atrial Fibrillation.,0.6558,0.3442
PMID: 42551848,Critical Windows of Air Pollution Exposure During Spermatogenesis and Intrauterine Insemination Outcomes.,PMID: 42496250,Mechanisms of Heat-Induced Sleep Disruption in Aging: A Narrative Review.,0.0809,0.9191
PMID: 42551848,Critical Windows of Air Pollution Exposure During Spermatogenesis and Intrauterine Insemination Outcomes.,PMID: 42492149,Prenatal air pollution exposure and placental biomarkers of oxidative stress and ageing: results from the BiSC cohort.,0.5388,0.4612
PMID: 42551848,Critical Windows of Air Pollution Exposure During Spermatogenesis and Intrauterine Insemination Outcomes.,PMID: 42488199,Changes in respiratory and cardiovascular morbidity air pollution risk and attributable burden in New York City.,0.3403,0.6597
PMID: 42551848,Critical Windows of Air Pollution Exposure During Spermatogenesis and Intrauterine Insemination Outcomes.,PMID: 42488198,A comprehensive study on the association of personal air pollution exposure with thyroid hormones in pregnant women.,0.5716,0.4284
PMID: 42551848,Critical Windows of Air Pollution Exposure During Spermatogenesis and Intrauterine Insemination Outcomes.,PMID: 42484582,Constituent-Specific PM and Cardiovascular Risk: From Mass to Mixture. 2.5,0.093,0.907
PMID: 42551848,Critical Windows of Air Pollution Exposure During Spermatogenesis and Intrauterine Insemination Outcomes.,PMID: 42483592,Quantifying the Health Benefits Linked to Reduced Traffic-Related PM Exposure on Acute Coronary Syndrome Incidence in China. 2.5,0.3223,0.6777
PMID: 42551848,Critical Windows of Air Pollution Exposure During Spermatogenesis and Intrauterine Insemination Outcomes.,PMID: 42483588,Transcriptomic Perturbations in Placental Gene Expression Following Developmental Exposure to Perfluorooctanoic Acid (PFOA) or Hexafluoropropylene Oxide-Dimer Acid (HFPO-DA or GenX) in CD‑1 Mice Are Consistent with Placental Insufficiency.,0.2196,0.7804
PMID: 42551848,Critical Windows of Air Pollution Exposure During Spermatogenesis and Intrauterine Insemination Outcomes.,PMID: 42483065,"Combined effects of apparent low temperature and PM pollution on circulatory emergency ambulance calls: a time-series analysis in Shijiazhuang, China. 2.5",0.215,0.785
PMID: 42551848,Critical Windows of Air Pollution Exposure During Spermatogenesis and Intrauterine Insemination Outcomes.,PMID: 42482688,"Size-specific health effects of particulate matter components on cardiovascular mortality: a weekly time-series study in Tianjin, China.",0.591,0.409
PMID: 42551848,Critical Windows of Air Pollution Exposure During Spermatogenesis and Intrauterine Insemination Outcomes.,PMID: 42476417,Thermophysiological response of adults to long-distance running in different ACSM environmental risk conditions: A systematic review and meta-analysis.,0.0281,0.9719
PMID: 42551848,Critical Windows of Air Pollution Exposure During Spermatogenesis and Intrauterine Insemination Outcomes.,PMID: 42474428,Individual and neighborhood factors influencing pediatric asthma exacerbations during urban heatwaves.,0.0243,0.9757
PMID: 42551848,Critical Windows of Air Pollution Exposure During Spermatogenesis and Intrauterine Insemination Outcomes.,PMID: 42472615,Targeted inhibition of JAK2 phosphorylation by GenX disrupts the JAK2-STAT3 pathway and induces cardiovascular toxicity in zebrafish: Insights from network toxicology and molecular dynamics.,0.0566,0.9434
PMID: 42551848,Critical Windows of Air Pollution Exposure During Spermatogenesis and Intrauterine Insemination Outcomes.,PMID: 42471626,Associations between wildland fire smoke PM and maternal blood pressure. 2.5,0.6985,0.3015
PMID: 42551848,Critical Windows of Air Pollution Exposure During Spermatogenesis and Intrauterine Insemination Outcomes.,PMID: 42466507,Joint Effects of Heat and Fine Particulate Matter on Out-of-Hospital Cardiac Arrest in Japan: A Nationwide Time-Stratified Case-Crossover Study.,0.2379,0.7621
PMID: 42551848,Critical Windows of Air Pollution Exposure During Spermatogenesis and Intrauterine Insemination Outcomes.,PMID: 42459959,Mechanistic insights into PM-induced cardiac fibrosis involving ERS/TXNIP/NLRP3-driven pyroptosis in multiple cell types. 2.5,0.4438,0.5562
PMID: 42551848,Critical Windows of Air Pollution Exposure During Spermatogenesis and Intrauterine Insemination Outcomes.,PMID: 42455550,"Modifiable Risk Factors and Attributable Ischemic Heart Disease Mortality in US States, 1990-2023: A Systematic Analysis for the Global Burden of Disease Study 2023.",0.2734,0.7266
PMID: 42551848,Critical Windows of Air Pollution Exposure During Spermatogenesis and Intrauterine Insemination Outcomes.,PMID: 42455100,Long-Term Exposure to PM Constituents and Coronary Heart Disease Risk in China. 2.5,0.2045,0.7955
PMID: 42551848,Critical Windows of Air Pollution Exposure During Spermatogenesis and Intrauterine Insemination Outcomes.,PMID: 42450330,Imaging and Molecular Biomarkers of PFAS-Related Vascular Aging: A Narrative Review.,0.05,0.95
PMID: 42551848,Critical Windows of Air Pollution Exposure During Spermatogenesis and Intrauterine Insemination Outcomes.,PMID: 42449303,Environmental exposome and its public health impact on COPD and asthma exacerbations in France.,0.0222,0.9778
PMID: 42551848,Critical Windows of Air Pollution Exposure During Spermatogenesis and Intrauterine Insemination Outcomes.,PMID: 42447841,Micro- and nano-plastics in the coronary circulation and air pollution exposure in ischaemic heart disease presentation.,0.2417,0.7583
PMID: 42551848,Critical Windows of Air Pollution Exposure During Spermatogenesis and Intrauterine Insemination Outcomes.,PMID: 42445923,"Ambient temperature, rainfall, and adverse maternal and child health outcomes in Nigeria: evidence from a national cross-sectional study.",0.0686,0.9314
PMID: 42551848,Critical Windows of Air Pollution Exposure During Spermatogenesis and Intrauterine Insemination Outcomes.,PMID: 42442744,"Fine Particulate Matter (PM2.5), the Exposome, and Cumulative Health Risk: A Life-course Perspective.",0.2909,0.7091
PMID: 42551848,Critical Windows of Air Pollution Exposure During Spermatogenesis and Intrauterine Insemination Outcomes.,PMID: 42440588,Maternal exposure to fine particulate matter and autism spectrum disorder in children: population based case-control study.,0.6273,0.3727
PMID: 42551848,Critical Windows of Air Pollution Exposure During Spermatogenesis and Intrauterine Insemination Outcomes.,PMID: 42437198,"Air Pollution Mixture and Folate Status Indicators among Pregnant Women in Canada: Maternal-Infant Research on Environmental Chemicals (MIREC) Study, 2008 to 2011.",0.8312,0.1688
PMID: 42551848,Critical Windows of Air Pollution Exposure During Spermatogenesis and Intrauterine Insemination Outcomes.,PMID: 42428257,Prenatal Air Pollution Exposure and Autism Spectrum Disorder in the ECHO Consortium.,0.8136,0.1864
PMID: 42551848,Critical Windows of Air Pollution Exposure During Spermatogenesis and Intrauterine Insemination Outcomes.,PMID: 42422320,"Maternal ambient air pollution exposure and risk of stillbirth in Georgia, USA.",0.4978,0.5022
PMID: 42551848,Critical Windows of Air Pollution Exposure During Spermatogenesis and Intrauterine Insemination Outcomes.,PMID: 42420937,Assessing the feasibility of indoor air quality monitoring in low-income housing among Black adults with uncontrolled asthma in New York City.,0.0645,0.9355
PMID: 42551848,Critical Windows of Air Pollution Exposure During Spermatogenesis and Intrauterine Insemination Outcomes.,PMID: 42420917,Effects of per- and polyfluoroalkyl substances on maternal thyroid function: a stratified analysis by maternal iodine status and thyroid autoantibody status.,0.2414,0.7586
PMID: 42551848,Critical Windows of Air Pollution Exposure During Spermatogenesis and Intrauterine Insemination Outcomes.,PMID: 42419777,Genetic susceptibility to respiratory health effects from outdoor air pollution: a structured narrative review.,0.3418,0.6582
PMID: 42551848,Critical Windows of Air Pollution Exposure During Spermatogenesis and Intrauterine Insemination Outcomes.,PMID: 42416905,Association between air pollution and incident cardiovascular diseases among a population with cardiovascular-kidney-metabolic syndrome stages 0-3: the first evidence from the China Health and Retirement Longitudinal Study.,0.0648,0.9352
PMID: 42551848,Critical Windows of Air Pollution Exposure During Spermatogenesis and Intrauterine Insemination Outcomes.,PMID: 42414291,Causal effects of wildfire PM on hospital costs and length of stay in Brazil. 2.5,0.3926,0.6074
PMID: 42551848,Critical Windows of Air Pollution Exposure During Spermatogenesis and Intrauterine Insemination Outcomes.,PMID: 42413509,Adaptations to Climate Change-Related Environmental Phenomena to Achieve Physical Activity Recommendations for Adults Aged 65 and Older.,0.0195,0.9805
PMID: 42551848,Critical Windows of Air Pollution Exposure During Spermatogenesis and Intrauterine Insemination Outcomes.,PMID: 42410409,Investigating environmental heat exposure and its effects on maternal and fetal health in rural Northern Ghana (Physio-HeMAB Study): a study protocol for a cluster randomized trial.,0.2549,0.7451
PMID: 42551848,Critical Windows of Air Pollution Exposure During Spermatogenesis and Intrauterine Insemination Outcomes.,PMID: 42406176,"Associations of short-, mid-, and long-term particulate matter exposure with elevated LDL-C levels in Korean adults: analysis of KNHANES 2016-2022.",0.3008,0.6992
PMID: 42551848,Critical Windows of Air Pollution Exposure During Spermatogenesis and Intrauterine Insemination Outcomes.,PMID: 42403579,Exposure to air and water pollution during pregnancy and risk of adverse perinatal outcomes in São Paulo State: protocol for a retrospective population-based cohort study.,0.5397,0.4603
PMID: 42570382,Heat-protective behavior in pregnancy: Extending Protection Motivation Theory with environmental and social factors.,PMID: 42568331,Association between long-term exposure to air pollution and blood pressure in children: an updated systematic review and meta-analysis.,0.0224,0.9776
PMID: 42570382,Heat-protective behavior in pregnancy: Extending Protection Motivation Theory with environmental and social factors.,PMID: 42565432,"Time series analysis of environmental factors and their association with emergency visits for asthma exacerbations in Petaling Jaya, Malaysia.",0.0248,0.9752
PMID: 42570382,Heat-protective behavior in pregnancy: Extending Protection Motivation Theory with environmental and social factors.,PMID: 42551796,Association of PFAS exposure with maternal blood pressure and hypertension during pregnancy in the PROTECT cohort.,0.3677,0.6323
PMID: 42570382,Heat-protective behavior in pregnancy: Extending Protection Motivation Theory with environmental and social factors.,PMID: 42557995,The Impact of Heat and Bushfire Smoke on Health System Utilisation in Australia.,0.3104,0.6896
PMID: 42570382,Heat-protective behavior in pregnancy: Extending Protection Motivation Theory with environmental and social factors.,PMID: 42544117,Spatial analysis of environmental and socioeconomic factors impacting maternal and infant health outcomes in North Carolina.,0.6285,0.3715
PMID: 42570382,Heat-protective behavior in pregnancy: Extending Protection Motivation Theory with environmental and social factors.,PMID: 42540534,Exposure to Airborne Particulate Matter in Regional Environments of Bangladesh and Its Effects on Respiratory Health: A Narrative Review.,0.0237,0.9763
PMID: 42570382,Heat-protective behavior in pregnancy: Extending Protection Motivation Theory with environmental and social factors.,PMID: 42538170,Household incense burning and small for gestational age risk in newborn infants.,0.374,0.626
PMID: 42570382,Heat-protective behavior in pregnancy: Extending Protection Motivation Theory with environmental and social factors.,PMID: 42534890,Prenatal PFAS exposure and offspring health: evidence review and implications for intergenerational risk assessment.,0.0233,0.9767
PMID: 42570382,Heat-protective behavior in pregnancy: Extending Protection Motivation Theory with environmental and social factors.,PMID: 42529083,Environmental and socioeconomic influences on childhood asthma and pneumonia: burden and healthcare utilization in a population-based cohort study.,0.2505,0.7495
PMID: 42570382,Heat-protective behavior in pregnancy: Extending Protection Motivation Theory with environmental and social factors.,PMID: 42529026,"Short-term associations between ambient air pollution and cardiovascular disease mortality: an 11-year time-series study in Nanning, China.",0.2531,0.7469
PMID: 42570382,Heat-protective behavior in pregnancy: Extending Protection Motivation Theory with environmental and social factors.,PMID: 42528898,"Interpretable machine learning for identifying determinants of high hypertension burden under extreme heat vulnerability: evidence from Maryland, USA.",0.322,0.678
PMID: 42570382,Heat-protective behavior in pregnancy: Extending Protection Motivation Theory with environmental and social factors.,PMID: 42524808,Compound Exposure to Extreme Heat and Substantial Landscape Fire-Sourced Air Pollution on Cardiovascular Mortality.,0.2403,0.7597
PMID: 42570382,Heat-protective behavior in pregnancy: Extending Protection Motivation Theory with environmental and social factors.,PMID: 42524806,Heat Plus Fire: A Compound Hazard Threatening Cardiovascular Health.,0.1185,0.8815
PMID: 42570382,Heat-protective behavior in pregnancy: Extending Protection Motivation Theory with environmental and social factors.,PMID: 42521043,Heat stress promotes myocardial injury and ventricular arrhythmia through DRP1-mediated mitochondrial dysfunction.,0.3589,0.6411
PMID: 42570382,Heat-protective behavior in pregnancy: Extending Protection Motivation Theory with environmental and social factors.,PMID: 42520874,Long-term particulate matter exposure and coronary inflammation: A large-scale cohort study assessed by pericoronary fat attenuation index.,0.0175,0.9825
PMID: 42570382,Heat-protective behavior in pregnancy: Extending Protection Motivation Theory with environmental and social factors.,PMID: 42520868,Maternal exposure to particulate matter during pregnancy and offspring liver function.,0.3392,0.6608
PMID: 42570382,Heat-protective behavior in pregnancy: Extending Protection Motivation Theory with environmental and social factors.,PMID: 42520653,"Perfluoroalkyl/Polyfluoroalkyl Substances, Hemostatic/Inflammatory Biomarkers, and Incident Hypertension: The Study of Women's Health Across the Nation.",0.0766,0.9234
PMID: 42570382,Heat-protective behavior in pregnancy: Extending Protection Motivation Theory with environmental and social factors.,PMID: 42512137,Weather Information Seeking and Heat-Health Protective Actions During Pregnancy: An Exploratory Study.,0.8562,0.1438
PMID: 42570382,Heat-protective behavior in pregnancy: Extending Protection Motivation Theory with environmental and social factors.,PMID: 42508048,Air pollution and cardiovascular disease: A review of current scientific data.,0.0157,0.9843
PMID: 42570382,Heat-protective behavior in pregnancy: Extending Protection Motivation Theory with environmental and social factors.,PMID: 42503941,[Advances on the effects and mechanisms of maternal exposure to particulate matter on offspring neurodevelopment].,0.3319,0.6681
PMID: 42570382,Heat-protective behavior in pregnancy: Extending Protection Motivation Theory with environmental and social factors.,PMID: 42500877,Case-Crossover Analysis of Short-Term Particulate Matter and Health Outcomes in Patients With Atrial Fibrillation.,0.2159,0.7841
PMID: 42570382,Heat-protective behavior in pregnancy: Extending Protection Motivation Theory with environmental and social factors.,PMID: 42496250,Mechanisms of Heat-Induced Sleep Disruption in Aging: A Narrative Review.,0.2843,0.7157
PMID: 42570382,Heat-protective behavior in pregnancy: Extending Protection Motivation Theory with environmental and social factors.,PMID: 42492149,Prenatal air pollution exposure and placental biomarkers of oxidative stress and ageing: results from the BiSC cohort.,0.3209,0.6791
PMID: 42570382,Heat-protective behavior in pregnancy: Extending Protection Motivation Theory with environmental and social factors.,PMID: 42488199,Changes in respiratory and cardiovascular morbidity air pollution risk and attributable burden in New York City.,0.2273,0.7727
PMID: 42570382,Heat-protective behavior in pregnancy: Extending Protection Motivation Theory with environmental and social factors.,PMID: 42488198,A comprehensive study on the association of personal air pollution exposure with thyroid hormones in pregnant women.,0.4807,0.5193
PMID: 42570382,Heat-protective behavior in pregnancy: Extending Protection Motivation Theory with environmental and social factors.,PMID: 42484582,Constituent-Specific PM and Cardiovascular Risk: From Mass to Mixture. 2.5,0.1185,0.8815
PMID: 42570382,Heat-protective behavior in pregnancy: Extending Protection Motivation Theory with environmental and social factors.,PMID: 42483592,Quantifying the Health Benefits Linked to Reduced Traffic-Related PM Exposure on Acute Coronary Syndrome Incidence in China. 2.5,0.0331,0.9669
PMID: 42570382,Heat-protective behavior in pregnancy: Extending Protection Motivation Theory with environmental and social factors.,PMID: 42483588,Transcriptomic Perturbations in Placental Gene Expression Following Developmental Exposure to Perfluorooctanoic Acid (PFOA) or Hexafluoropropylene Oxide-Dimer Acid (HFPO-DA or GenX) in CD‑1 Mice Are Consistent with Placental Insufficiency.,0.3722,0.6278
PMID: 42570382,Heat-protective behavior in pregnancy: Extending Protection Motivation Theory with environmental and social factors.,PMID: 42483065,"Combined effects of apparent low temperature and PM pollution on circulatory emergency ambulance calls: a time-series analysis in Shijiazhuang, China. 2.5",0.2391,0.7609
PMID: 42570382,Heat-protective behavior in pregnancy: Extending Protection Motivation Theory with environmental and social factors.,PMID: 42482688,"Size-specific health effects of particulate matter components on cardiovascular mortality: a weekly time-series study in Tianjin, China.",0.018,0.982
PMID: 42570382,Heat-protective behavior in pregnancy: Extending Protection Motivation Theory with environmental and social factors.,PMID: 42476417,Thermophysiological response of adults to long-distance running in different ACSM environmental risk conditions: A systematic review and meta-analysis.,0.3871,0.6129
PMID: 42570382,Heat-protective behavior in pregnancy: Extending Protection Motivation Theory with environmental and social factors.,PMID: 42474428,Individual and neighborhood factors influencing pediatric asthma exacerbations during urban heatwaves.,0.3348,0.6652
PMID: 42570382,Heat-protective behavior in pregnancy: Extending Protection Motivation Theory with environmental and social factors.,PMID: 42472615,Targeted inhibition of JAK2 phosphorylation by GenX disrupts the JAK2-STAT3 pathway and induces cardiovascular toxicity in zebrafish: Insights from network toxicology and molecular dynamics.,0.028,0.972
PMID: 42570382,Heat-protective behavior in pregnancy: Extending Protection Motivation Theory with environmental and social factors.,PMID: 42471626,Associations between wildland fire smoke PM and maternal blood pressure. 2.5,0.4488,0.5512
PMID: 42570382,Heat-protective behavior in pregnancy: Extending Protection Motivation Theory with environmental and social factors.,PMID: 42466507,Joint Effects of Heat and Fine Particulate Matter on Out-of-Hospital Cardiac Arrest in Japan: A Nationwide Time-Stratified Case-Crossover Study.,0.2645,0.7355
PMID: 42570382,Heat-protective behavior in pregnancy: Extending Protection Motivation Theory with environmental and social factors.,PMID: 42459959,Mechanistic insights into PM-induced cardiac fibrosis involving ERS/TXNIP/NLRP3-driven pyroptosis in multiple cell types. 2.5,0.0253,0.9747
PMID: 42570382,Heat-protective behavior in pregnancy: Extending Protection Motivation Theory with environmental and social factors.,PMID: 42455550,"Modifiable Risk Factors and Attributable Ischemic Heart Disease Mortality in US States, 1990-2023: A Systematic Analysis for the Global Burden of Disease Study 2023.",0.0281,0.9719
PMID: 42570382,Heat-protective behavior in pregnancy: Extending Protection Motivation Theory with environmental and social factors.,PMID: 42455100,Long-Term Exposure to PM Constituents and Coronary Heart Disease Risk in China. 2.5,0.0196,0.9804
PMID: 42570382,Heat-protective behavior in pregnancy: Extending Protection Motivation Theory with environmental and social factors.,PMID: 42450330,Imaging and Molecular Biomarkers of PFAS-Related Vascular Aging: A Narrative Review.,0.0248,0.9752
PMID: 42570382,Heat-protective behavior in pregnancy: Extending Protection Motivation Theory with environmental and social factors.,PMID: 42449303,Environmental exposome and its public health impact on COPD and asthma exacerbations in France.,0.028,0.972
PMID: 42570382,Heat-protective behavior in pregnancy: Extending Protection Motivation Theory with environmental and social factors.,PMID: 42447841,Micro- and nano-plastics in the coronary circulation and air pollution exposure in ischaemic heart disease presentation.,0.0781,0.9219
PMID: 42570382,Heat-protective behavior in pregnancy: Extending Protection Motivation Theory with environmental and social factors.,PMID: 42445923,"Ambient temperature, rainfall, and adverse maternal and child health outcomes in Nigeria: evidence from a national cross-sectional study.",0.659,0.341
PMID: 42570382,Heat-protective behavior in pregnancy: Extending Protection Motivation Theory with environmental and social factors.,PMID: 42442744,"Fine Particulate Matter (PM2.5), the Exposome, and Cumulative Health Risk: A Life-course Perspective.",0.018,0.982
PMID: 42570382,Heat-protective behavior in pregnancy: Extending Protection Motivation Theory with environmental and social factors.,PMID: 42440588,Maternal exposure to fine particulate matter and autism spectrum disorder in children: population based case-control study.,0.3531,0.6469
PMID: 42570382,Heat-protective behavior in pregnancy: Extending Protection Motivation Theory with environmental and social factors.,PMID: 42437198,"Air Pollution Mixture and Folate Status Indicators among Pregnant Women in Canada: Maternal-Infant Research on Environmental Chemicals (MIREC) Study, 2008 to 2011.",0.4364,0.5636
PMID: 42570382,Heat-protective behavior in pregnancy: Extending Protection Motivation Theory with environmental and social factors.,PMID: 42428257,Prenatal Air Pollution Exposure and Autism Spectrum Disorder in the ECHO Consortium.,0.2835,0.7165
PMID: 42570382,Heat-protective behavior in pregnancy: Extending Protection Motivation Theory with environmental and social factors.,PMID: 42422320,"Maternal ambient air pollution exposure and risk of stillbirth in Georgia, USA.",0.3932,0.6068
PMID: 42570382,Heat-protective behavior in pregnancy: Extending Protection Motivation Theory with environmental and social factors.,PMID: 42420937,Assessing the feasibility of indoor air quality monitoring in low-income housing among Black adults with uncontrolled asthma in New York City.,0.0317,0.9683
PMID: 42570382,Heat-protective behavior in pregnancy: Extending Protection Motivation Theory with environmental and social factors.,PMID: 42420917,Effects of per- and polyfluoroalkyl substances on maternal thyroid function: a stratified analysis by maternal iodine status and thyroid autoantibody status.,0.429,0.571
PMID: 42570382,Heat-protective behavior in pregnancy: Extending Protection Motivation Theory with environmental and social factors.,PMID: 42419777,Genetic susceptibility to respiratory health effects from outdoor air pollution: a structured narrative review.,0.0542,0.9458
PMID: 42570382,Heat-protective behavior in pregnancy: Extending Protection Motivation Theory with environmental and social factors.,PMID: 42416905,Association between air pollution and incident cardiovascular diseases among a population with cardiovascular-kidney-metabolic syndrome stages 0-3: the first evidence from the China Health and Retirement Longitudinal Study.,0.0239,0.9761
PMID: 42570382,Heat-protective behavior in pregnancy: Extending Protection Motivation Theory with environmental and social factors.,PMID: 42414291,Causal effects of wildfire PM on hospital costs and length of stay in Brazil. 2.5,0.0225,0.9775
PMID: 42570382,Heat-protective behavior in pregnancy: Extending Protection Motivation Theory with environmental and social factors.,PMID: 42413509,Adaptations to Climate Change-Related Environmental Phenomena to Achieve Physical Activity Recommendations for Adults Aged 65 and Older.,0.2673,0.7327
PMID: 42570382,Heat-protective behavior in pregnancy: Extending Protection Motivation Theory with environmental and social factors.,PMID: 42410409,Investigating environmental heat exposure and its effects on maternal and fetal health in rural Northern Ghana (Physio-HeMAB Study): a study protocol for a cluster randomized trial.,0.7854,0.2146
PMID: 42570382,Heat-protective behavior in pregnancy: Extending Protection Motivation Theory with environmental and social factors.,PMID: 42406176,"Associations of short-, mid-, and long-term particulate matter exposure with elevated LDL-C levels in Korean adults: analysis of KNHANES 2016-2022.",0.0973,0.9027
PMID: 42570382,Heat-protective behavior in pregnancy: Extending Protection Motivation Theory with environmental and social factors.,PMID: 42403579,Exposure to air and water pollution during pregnancy and risk of adverse perinatal outcomes in São Paulo State: protocol for a retrospective population-based cohort study.,0.2702,0.7298
PMID: 42568331,Association between long-term exposure to air pollution and blood pressure in children: an updated systematic review and meta-analysis.,PMID: 42565432,"Time series analysis of environmental factors and their association with emergency visits for asthma exacerbations in Petaling Jaya, Malaysia.",0.2493,0.7507
PMID: 42568331,Association between long-term exposure to air pollution and blood pressure in children: an updated systematic review and meta-analysis.,PMID: 42551796,Association of PFAS exposure with maternal blood pressure and hypertension during pregnancy in the PROTECT cohort.,0.2125,0.7875
PMID: 42568331,Association between long-term exposure to air pollution and blood pressure in children: an updated systematic review and meta-analysis.,PMID: 42557995,The Impact of Heat and Bushfire Smoke on Health System Utilisation in Australia.,0.4299,0.5701
PMID: 42568331,Association between long-term exposure to air pollution and blood pressure in children: an updated systematic review and meta-analysis.,PMID: 42544117,Spatial analysis of environmental and socioeconomic factors impacting maternal and infant health outcomes in North Carolina.,0.0338,0.9662
PMID: 42568331,Association between long-term exposure to air pollution and blood pressure in children: an updated systematic review and meta-analysis.,PMID: 42540534,Exposure to Airborne Particulate Matter in Regional Environments of Bangladesh and Its Effects on Respiratory Health: A Narrative Review.,0.2794,0.7206
PMID: 42568331,Association between long-term exposure to air pollution and blood pressure in children: an updated systematic review and meta-analysis.,PMID: 42538170,Household incense burning and small for gestational age risk in newborn infants.,0.291,0.709
PMID: 42568331,Association between long-term exposure to air pollution and blood pressure in children: an updated systematic review and meta-analysis.,PMID: 42534890,Prenatal PFAS exposure and offspring health: evidence review and implications for intergenerational risk assessment.,0.0187,0.9813
PMID: 42568331,Association between long-term exposure to air pollution and blood pressure in children: an updated systematic review and meta-analysis.,PMID: 42529083,Environmental and socioeconomic influences on childhood asthma and pneumonia: burden and healthcare utilization in a population-based cohort study.,0.4588,0.5412
PMID: 42568331,Association between long-term exposure to air pollution and blood pressure in children: an updated systematic review and meta-analysis.,PMID: 42529026,"Short-term associations between ambient air pollution and cardiovascular disease mortality: an 11-year time-series study in Nanning, China.",0.4203,0.5797
PMID: 42568331,Association between long-term exposure to air pollution and blood pressure in children: an updated systematic review and meta-analysis.,PMID: 42528898,"Interpretable machine learning for identifying determinants of high hypertension burden under extreme heat vulnerability: evidence from Maryland, USA.",0.4964,0.5036
PMID: 42568331,Association between long-term exposure to air pollution and blood pressure in children: an updated systematic review and meta-analysis.,PMID: 42524808,Compound Exposure to Extreme Heat and Substantial Landscape Fire-Sourced Air Pollution on Cardiovascular Mortality.,0.2226,0.7774
PMID: 42568331,Association between long-term exposure to air pollution and blood pressure in children: an updated systematic review and meta-analysis.,PMID: 42524806,Heat Plus Fire: A Compound Hazard Threatening Cardiovascular Health.,0.0958,0.9042
PMID: 42568331,Association between long-term exposure to air pollution and blood pressure in children: an updated systematic review and meta-analysis.,PMID: 42521043,Heat stress promotes myocardial injury and ventricular arrhythmia through DRP1-mediated mitochondrial dysfunction.,0.0688,0.9312
PMID: 42568331,Association between long-term exposure to air pollution and blood pressure in children: an updated systematic review and meta-analysis.,PMID: 42520874,Long-term particulate matter exposure and coronary inflammation: A large-scale cohort study assessed by pericoronary fat attenuation index.,0.4869,0.5131
PMID: 42568331,Association between long-term exposure to air pollution and blood pressure in children: an updated systematic review and meta-analysis.,PMID: 42520868,Maternal exposure to particulate matter during pregnancy and offspring liver function.,0.3029,0.6971
PMID: 42568331,Association between long-term exposure to air pollution and blood pressure in children: an updated systematic review and meta-analysis.,PMID: 42520653,"Perfluoroalkyl/Polyfluoroalkyl Substances, Hemostatic/Inflammatory Biomarkers, and Incident Hypertension: The Study of Women's Health Across the Nation.",0.4077,0.5923
PMID: 42568331,Association between long-term exposure to air pollution and blood pressure in children: an updated systematic review and meta-analysis.,PMID: 42512137,Weather Information Seeking and Heat-Health Protective Actions During Pregnancy: An Exploratory Study.,0.0641,0.9359
PMID: 42568331,Association between long-term exposure to air pollution and blood pressure in children: an updated systematic review and meta-analysis.,PMID: 42508048,Air pollution and cardiovascular disease: A review of current scientific data.,0.4321,0.5679
PMID: 42568331,Association between long-term exposure to air pollution and blood pressure in children: an updated systematic review and meta-analysis.,PMID: 42503941,[Advances on the effects and mechanisms of maternal exposure to particulate matter on offspring neurodevelopment].,0.1924,0.8076
PMID: 42568331,Association between long-term exposure to air pollution and blood pressure in children: an updated systematic review and meta-analysis.,PMID: 42500877,Case-Crossover Analysis of Short-Term Particulate Matter and Health Outcomes in Patients With Atrial Fibrillation.,0.5517,0.4483
PMID: 42568331,Association between long-term exposure to air pollution and blood pressure in children: an updated systematic review and meta-analysis.,PMID: 42496250,Mechanisms of Heat-Induced Sleep Disruption in Aging: A Narrative Review.,0.2196,0.7804
PMID: 42568331,Association between long-term exposure to air pollution and blood pressure in children: an updated systematic review and meta-analysis.,PMID: 42492149,Prenatal air pollution exposure and placental biomarkers of oxidative stress and ageing: results from the BiSC cohort.,0.3957,0.6043
PMID: 42568331,Association between long-term exposure to air pollution and blood pressure in children: an updated systematic review and meta-analysis.,PMID: 42488199,Changes in respiratory and cardiovascular morbidity air pollution risk and attributable burden in New York City.,0.3505,0.6495
PMID: 42568331,Association between long-term exposure to air pollution and blood pressure in children: an updated systematic review and meta-analysis.,PMID: 42488198,A comprehensive study on the association of personal air pollution exposure with thyroid hormones in pregnant women.,0.4114,0.5886
PMID: 42568331,Association between long-term exposure to air pollution and blood pressure in children: an updated systematic review and meta-analysis.,PMID: 42484582,Constituent-Specific PM and Cardiovascular Risk: From Mass to Mixture. 2.5,0.0958,0.9042
PMID: 42568331,Association between long-term exposure to air pollution and blood pressure in children: an updated systematic review and meta-analysis.,PMID: 42483592,Quantifying the Health Benefits Linked to Reduced Traffic-Related PM Exposure on Acute Coronary Syndrome Incidence in China. 2.5,0.6191,0.3809
PMID: 42568331,Association between long-term exposure to air pollution and blood pressure in children: an updated systematic review and meta-analysis.,PMID: 42483588,Transcriptomic Perturbations in Placental Gene Expression Following Developmental Exposure to Perfluorooctanoic Acid (PFOA) or Hexafluoropropylene Oxide-Dimer Acid (HFPO-DA or GenX) in CD‑1 Mice Are Consistent with Placental Insufficiency.,0.0174,0.9826
PMID: 42568331,Association between long-term exposure to air pollution and blood pressure in children: an updated systematic review and meta-analysis.,PMID: 42483065,"Combined effects of apparent low temperature and PM pollution on circulatory emergency ambulance calls: a time-series analysis in Shijiazhuang, China. 2.5",0.5723,0.4277
PMID: 42568331,Association between long-term exposure to air pollution and blood pressure in children: an updated systematic review and meta-analysis.,PMID: 42482688,"Size-specific health effects of particulate matter components on cardiovascular mortality: a weekly time-series study in Tianjin, China.",0.4662,0.5338
PMID: 42568331,Association between long-term exposure to air pollution and blood pressure in children: an updated systematic review and meta-analysis.,PMID: 42476417,Thermophysiological response of adults to long-distance running in different ACSM environmental risk conditions: A systematic review and meta-analysis.,0.3131,0.6869
PMID: 42568331,Association between long-term exposure to air pollution and blood pressure in children: an updated systematic review and meta-analysis.,PMID: 42474428,Individual and neighborhood factors influencing pediatric asthma exacerbations during urban heatwaves.,0.0786,0.9214
PMID: 42568331,Association between long-term exposure to air pollution and blood pressure in children: an updated systematic review and meta-analysis.,PMID: 42472615,Targeted inhibition of JAK2 phosphorylation by GenX disrupts the JAK2-STAT3 pathway and induces cardiovascular toxicity in zebrafish: Insights from network toxicology and molecular dynamics.,0.2818,0.7182
PMID: 42568331,Association between long-term exposure to air pollution and blood pressure in children: an updated systematic review and meta-analysis.,PMID: 42471626,Associations between wildland fire smoke PM and maternal blood pressure. 2.5,0.261,0.739
PMID: 42568331,Association between long-term exposure to air pollution and blood pressure in children: an updated systematic review and meta-analysis.,PMID: 42466507,Joint Effects of Heat and Fine Particulate Matter on Out-of-Hospital Cardiac Arrest in Japan: A Nationwide Time-Stratified Case-Crossover Study.,0.4391,0.5609
PMID: 42568331,Association between long-term exposure to air pollution and blood pressure in children: an updated systematic review and meta-analysis.,PMID: 42459959,Mechanistic insights into PM-induced cardiac fibrosis involving ERS/TXNIP/NLRP3-driven pyroptosis in multiple cell types. 2.5,0.4573,0.5427
PMID: 42568331,Association between long-term exposure to air pollution and blood pressure in children: an updated systematic review and meta-analysis.,PMID: 42455550,"Modifiable Risk Factors and Attributable Ischemic Heart Disease Mortality in US States, 1990-2023: A Systematic Analysis for the Global Burden of Disease Study 2023.",0.2819,0.7181
PMID: 42568331,Association between long-term exposure to air pollution and blood pressure in children: an updated systematic review and meta-analysis.,PMID: 42455100,Long-Term Exposure to PM Constituents and Coronary Heart Disease Risk in China. 2.5,0.3867,0.6133
PMID: 42568331,Association between long-term exposure to air pollution and blood pressure in children: an updated systematic review and meta-analysis.,PMID: 42450330,Imaging and Molecular Biomarkers of PFAS-Related Vascular Aging: A Narrative Review.,0.2491,0.7509
PMID: 42568331,Association between long-term exposure to air pollution and blood pressure in children: an updated systematic review and meta-analysis.,PMID: 42449303,Environmental exposome and its public health impact on COPD and asthma exacerbations in France.,0.0229,0.9771
PMID: 42568331,Association between long-term exposure to air pollution and blood pressure in children: an updated systematic review and meta-analysis.,PMID: 42447841,Micro- and nano-plastics in the coronary circulation and air pollution exposure in ischaemic heart disease presentation.,0.2492,0.7508
PMID: 42568331,Association between long-term exposure to air pollution and blood pressure in children: an updated systematic review and meta-analysis.,PMID: 42445923,"Ambient temperature, rainfall, and adverse maternal and child health outcomes in Nigeria: evidence from a national cross-sectional study.",0.1295,0.8705
PMID: 42568331,Association between long-term exposure to air pollution and blood pressure in children: an updated systematic review and meta-analysis.,PMID: 42442744,"Fine Particulate Matter (PM2.5), the Exposome, and Cumulative Health Risk: A Life-course Perspective.",0.2997,0.7003
PMID: 42568331,Association between long-term exposure to air pollution and blood pressure in children: an updated systematic review and meta-analysis.,PMID: 42440588,Maternal exposure to fine particulate matter and autism spectrum disorder in children: population based case-control study.,0.275,0.725
PMID: 42568331,Association between long-term exposure to air pollution and blood pressure in children: an updated systematic review and meta-analysis.,PMID: 42437198,"Air Pollution Mixture and Folate Status Indicators among Pregnant Women in Canada: Maternal-Infant Research on Environmental Chemicals (MIREC) Study, 2008 to 2011.",0.3734,0.6266
PMID: 42568331,Association between long-term exposure to air pollution and blood pressure in children: an updated systematic review and meta-analysis.,PMID: 42428257,Prenatal Air Pollution Exposure and Autism Spectrum Disorder in the ECHO Consortium.,0.4518,0.5482
PMID: 42568331,Association between long-term exposure to air pollution and blood pressure in children: an updated systematic review and meta-analysis.,PMID: 42422320,"Maternal ambient air pollution exposure and risk of stillbirth in Georgia, USA.",0.261,0.739
PMID: 42568331,Association between long-term exposure to air pollution and blood pressure in children: an updated systematic review and meta-analysis.,PMID: 42420937,Assessing the feasibility of indoor air quality monitoring in low-income housing among Black adults with uncontrolled asthma in New York City.,0.0663,0.9337
PMID: 42568331,Association between long-term exposure to air pollution and blood pressure in children: an updated systematic review and meta-analysis.,PMID: 42420917,Effects of per- and polyfluoroalkyl substances on maternal thyroid function: a stratified analysis by maternal iodine status and thyroid autoantibody status.,0.0806,0.9194
PMID: 42568331,Association between long-term exposure to air pollution and blood pressure in children: an updated systematic review and meta-analysis.,PMID: 42419777,Genetic susceptibility to respiratory health effects from outdoor air pollution: a structured narrative review.,0.3521,0.6479
PMID: 42568331,Association between long-term exposure to air pollution and blood pressure in children: an updated systematic review and meta-analysis.,PMID: 42416905,Association between air pollution and incident cardiovascular diseases among a population with cardiovascular-kidney-metabolic syndrome stages 0-3: the first evidence from the China Health and Retirement Longitudinal Study.,0.2808,0.7192
PMID: 42568331,Association between long-term exposure to air pollution and blood pressure in children: an updated systematic review and meta-analysis.,PMID: 42414291,Causal effects of wildfire PM on hospital costs and length of stay in Brazil. 2.5,0.4045,0.5955
PMID: 42568331,Association between long-term exposure to air pollution and blood pressure in children: an updated systematic review and meta-analysis.,PMID: 42413509,Adaptations to Climate Change-Related Environmental Phenomena to Achieve Physical Activity Recommendations for Adults Aged 65 and Older.,0.216,0.784
PMID: 42568331,Association between long-term exposure to air pollution and blood pressure in children: an updated systematic review and meta-analysis.,PMID: 42410409,Investigating environmental heat exposure and its effects on maternal and fetal health in rural Northern Ghana (Physio-HeMAB Study): a study protocol for a cluster randomized trial.,0.0202,0.9798
PMID: 42568331,Association between long-term exposure to air pollution and blood pressure in children: an updated systematic review and meta-analysis.,PMID: 42406176,"Associations of short-, mid-, and long-term particulate matter exposure with elevated LDL-C levels in Korean adults: analysis of KNHANES 2016-2022.",0.3102,0.6898
PMID: 42568331,Association between long-term exposure to air pollution and blood pressure in children: an updated systematic review and meta-analysis.,PMID: 42403579,Exposure to air and water pollution during pregnancy and risk of adverse perinatal outcomes in São Paulo State: protocol for a retrospective population-based cohort study.,0.2986,0.7014
PMID: 42565432,"Time series analysis of environmental factors and their association with emergency visits for asthma exacerbations in Petaling Jaya, Malaysia.",PMID: 42551796,Association of PFAS exposure with maternal blood pressure and hypertension during pregnancy in the PROTECT cohort.,0.0181,0.9819
PMID: 42565432,"Time series analysis of environmental factors and their association with emergency visits for asthma exacerbations in Petaling Jaya, Malaysia.",PMID: 42557995,The Impact of Heat and Bushfire Smoke on Health System Utilisation in Australia.,0.4949,0.5051
PMID: 42565432,"Time series analysis of environmental factors and their association with emergency visits for asthma exacerbations in Petaling Jaya, Malaysia.",PMID: 42544117,Spatial analysis of environmental and socioeconomic factors impacting maternal and infant health outcomes in North Carolina.,0.0703,0.9297
PMID: 42565432,"Time series analysis of environmental factors and their association with emergency visits for asthma exacerbations in Petaling Jaya, Malaysia.",PMID: 42540534,Exposure to Airborne Particulate Matter in Regional Environments of Bangladesh and Its Effects on Respiratory Health: A Narrative Review.,0.909,0.091
PMID: 42565432,"Time series analysis of environmental factors and their association with emergency visits for asthma exacerbations in Petaling Jaya, Malaysia.",PMID: 42538170,Household incense burning and small for gestational age risk in newborn infants.,0.2748,0.7252
PMID: 42565432,"Time series analysis of environmental factors and their association with emergency visits for asthma exacerbations in Petaling Jaya, Malaysia.",PMID: 42534890,Prenatal PFAS exposure and offspring health: evidence review and implications for intergenerational risk assessment.,0.0393,0.9607
PMID: 42565432,"Time series analysis of environmental factors and their association with emergency visits for asthma exacerbations in Petaling Jaya, Malaysia.",PMID: 42529083,Environmental and socioeconomic influences on childhood asthma and pneumonia: burden and healthcare utilization in a population-based cohort study.,0.6553,0.3447
PMID: 42565432,"Time series analysis of environmental factors and their association with emergency visits for asthma exacerbations in Petaling Jaya, Malaysia.",PMID: 42529026,"Short-term associations between ambient air pollution and cardiovascular disease mortality: an 11-year time-series study in Nanning, China.",0.0541,0.9459
PMID: 42565432,"Time series analysis of environmental factors and their association with emergency visits for asthma exacerbations in Petaling Jaya, Malaysia.",PMID: 42528898,"Interpretable machine learning for identifying determinants of high hypertension burden under extreme heat vulnerability: evidence from Maryland, USA.",0.0501,0.9499
PMID: 42565432,"Time series analysis of environmental factors and their association with emergency visits for asthma exacerbations in Petaling Jaya, Malaysia.",PMID: 42524808,Compound Exposure to Extreme Heat and Substantial Landscape Fire-Sourced Air Pollution on Cardiovascular Mortality.,0.2638,0.7362
PMID: 42565432,"Time series analysis of environmental factors and their association with emergency visits for asthma exacerbations in Petaling Jaya, Malaysia.",PMID: 42524806,Heat Plus Fire: A Compound Hazard Threatening Cardiovascular Health.,0.2029,0.7971
PMID: 42565432,"Time series analysis of environmental factors and their association with emergency visits for asthma exacerbations in Petaling Jaya, Malaysia.",PMID: 42521043,Heat stress promotes myocardial injury and ventricular arrhythmia through DRP1-mediated mitochondrial dysfunction.,0.1024,0.8976
PMID: 42565432,"Time series analysis of environmental factors and their association with emergency visits for asthma exacerbations in Petaling Jaya, Malaysia.",PMID: 42520874,Long-term particulate matter exposure and coronary inflammation: A large-scale cohort study assessed by pericoronary fat attenuation index.,0.2292,0.7708
PMID: 42565432,"Time series analysis of environmental factors and their association with emergency visits for asthma exacerbations in Petaling Jaya, Malaysia.",PMID: 42520868,Maternal exposure to particulate matter during pregnancy and offspring liver function.,0.4642,0.5358
PMID: 42565432,"Time series analysis of environmental factors and their association with emergency visits for asthma exacerbations in Petaling Jaya, Malaysia.",PMID: 42520653,"Perfluoroalkyl/Polyfluoroalkyl Substances, Hemostatic/Inflammatory Biomarkers, and Incident Hypertension: The Study of Women's Health Across the Nation.",0.0218,0.9782
PMID: 42565432,"Time series analysis of environmental factors and their association with emergency visits for asthma exacerbations in Petaling Jaya, Malaysia.",PMID: 42512137,Weather Information Seeking and Heat-Health Protective Actions During Pregnancy: An Exploratory Study.,0.0711,0.9289
PMID: 42565432,"Time series analysis of environmental factors and their association with emergency visits for asthma exacerbations in Petaling Jaya, Malaysia.",PMID: 42508048,Air pollution and cardiovascular disease: A review of current scientific data.,0.3233,0.6767
PMID: 42565432,"Time series analysis of environmental factors and their association with emergency visits for asthma exacerbations in Petaling Jaya, Malaysia.",PMID: 42503941,[Advances on the effects and mechanisms of maternal exposure to particulate matter on offspring neurodevelopment].,0.2302,0.7698
PMID: 42565432,"Time series analysis of environmental factors and their association with emergency visits for asthma exacerbations in Petaling Jaya, Malaysia.",PMID: 42500877,Case-Crossover Analysis of Short-Term Particulate Matter and Health Outcomes in Patients With Atrial Fibrillation.,0.2376,0.7624
PMID: 42565432,"Time series analysis of environmental factors and their association with emergency visits for asthma exacerbations in Petaling Jaya, Malaysia.",PMID: 42496250,Mechanisms of Heat-Induced Sleep Disruption in Aging: A Narrative Review.,0.0677,0.9323
PMID: 42565432,"Time series analysis of environmental factors and their association with emergency visits for asthma exacerbations in Petaling Jaya, Malaysia.",PMID: 42492149,Prenatal air pollution exposure and placental biomarkers of oxidative stress and ageing: results from the BiSC cohort.,0.223,0.777
PMID: 42565432,"Time series analysis of environmental factors and their association with emergency visits for asthma exacerbations in Petaling Jaya, Malaysia.",PMID: 42488199,Changes in respiratory and cardiovascular morbidity air pollution risk and attributable burden in New York City.,0.4051,0.5949
PMID: 42565432,"Time series analysis of environmental factors and their association with emergency visits for asthma exacerbations in Petaling Jaya, Malaysia.",PMID: 42488198,A comprehensive study on the association of personal air pollution exposure with thyroid hormones in pregnant women.,0.2339,0.7661
PMID: 42565432,"Time series analysis of environmental factors and their association with emergency visits for asthma exacerbations in Petaling Jaya, Malaysia.",PMID: 42484582,Constituent-Specific PM and Cardiovascular Risk: From Mass to Mixture. 2.5,0.2029,0.7971
PMID: 42565432,"Time series analysis of environmental factors and their association with emergency visits for asthma exacerbations in Petaling Jaya, Malaysia.",PMID: 42483592,Quantifying the Health Benefits Linked to Reduced Traffic-Related PM Exposure on Acute Coronary Syndrome Incidence in China. 2.5,0.3675,0.6325
PMID: 42565432,"Time series analysis of environmental factors and their association with emergency visits for asthma exacerbations in Petaling Jaya, Malaysia.",PMID: 42483588,Transcriptomic Perturbations in Placental Gene Expression Following Developmental Exposure to Perfluorooctanoic Acid (PFOA) or Hexafluoropropylene Oxide-Dimer Acid (HFPO-DA or GenX) in CD‑1 Mice Are Consistent with Placental Insufficiency.,0.0362,0.9638
PMID: 42565432,"Time series analysis of environmental factors and their association with emergency visits for asthma exacerbations in Petaling Jaya, Malaysia.",PMID: 42483065,"Combined effects of apparent low temperature and PM pollution on circulatory emergency ambulance calls: a time-series analysis in Shijiazhuang, China. 2.5",0.4569,0.5431
PMID: 42565432,"Time series analysis of environmental factors and their association with emergency visits for asthma exacerbations in Petaling Jaya, Malaysia.",PMID: 42482688,"Size-specific health effects of particulate matter components on cardiovascular mortality: a weekly time-series study in Tianjin, China.",0.2139,0.7861
PMID: 42565432,"Time series analysis of environmental factors and their association with emergency visits for asthma exacerbations in Petaling Jaya, Malaysia.",PMID: 42476417,Thermophysiological response of adults to long-distance running in different ACSM environmental risk conditions: A systematic review and meta-analysis.,0.0601,0.9399
PMID: 42565432,"Time series analysis of environmental factors and their association with emergency visits for asthma exacerbations in Petaling Jaya, Malaysia.",PMID: 42474428,Individual and neighborhood factors influencing pediatric asthma exacerbations during urban heatwaves.,0.3247,0.6753
PMID: 42565432,"Time series analysis of environmental factors and their association with emergency visits for asthma exacerbations in Petaling Jaya, Malaysia.",PMID: 42472615,Targeted inhibition of JAK2 phosphorylation by GenX disrupts the JAK2-STAT3 pathway and induces cardiovascular toxicity in zebrafish: Insights from network toxicology and molecular dynamics.,0.0869,0.9131
PMID: 42565432,"Time series analysis of environmental factors and their association with emergency visits for asthma exacerbations in Petaling Jaya, Malaysia.",PMID: 42471626,Associations between wildland fire smoke PM and maternal blood pressure. 2.5,0.3096,0.6904
PMID: 42565432,"Time series analysis of environmental factors and their association with emergency visits for asthma exacerbations in Petaling Jaya, Malaysia.",PMID: 42466507,Joint Effects of Heat and Fine Particulate Matter on Out-of-Hospital Cardiac Arrest in Japan: A Nationwide Time-Stratified Case-Crossover Study.,0.5054,0.4946
PMID: 42565432,"Time series analysis of environmental factors and their association with emergency visits for asthma exacerbations in Petaling Jaya, Malaysia.",PMID: 42459959,Mechanistic insights into PM-induced cardiac fibrosis involving ERS/TXNIP/NLRP3-driven pyroptosis in multiple cell types. 2.5,0.3028,0.6972
PMID: 42565432,"Time series analysis of environmental factors and their association with emergency visits for asthma exacerbations in Petaling Jaya, Malaysia.",PMID: 42455550,"Modifiable Risk Factors and Attributable Ischemic Heart Disease Mortality in US States, 1990-2023: A Systematic Analysis for the Global Burden of Disease Study 2023.",0.3342,0.6658
PMID: 42565432,"Time series analysis of environmental factors and their association with emergency visits for asthma exacerbations in Petaling Jaya, Malaysia.",PMID: 42455100,Long-Term Exposure to PM Constituents and Coronary Heart Disease Risk in China. 2.5,0.3907,0.6093
PMID: 42565432,"Time series analysis of environmental factors and their association with emergency visits for asthma exacerbations in Petaling Jaya, Malaysia.",PMID: 42450330,Imaging and Molecular Biomarkers of PFAS-Related Vascular Aging: A Narrative Review.,0.0769,0.9231
PMID: 42565432,"Time series analysis of environmental factors and their association with emergency visits for asthma exacerbations in Petaling Jaya, Malaysia.",PMID: 42449303,Environmental exposome and its public health impact on COPD and asthma exacerbations in France.,0.5959,0.4041
PMID: 42565432,"Time series analysis of environmental factors and their association with emergency visits for asthma exacerbations in Petaling Jaya, Malaysia.",PMID: 42447841,Micro- and nano-plastics in the coronary circulation and air pollution exposure in ischaemic heart disease presentation.,0.0574,0.9426
PMID: 42565432,"Time series analysis of environmental factors and their association with emergency visits for asthma exacerbations in Petaling Jaya, Malaysia.",PMID: 42445923,"Ambient temperature, rainfall, and adverse maternal and child health outcomes in Nigeria: evidence from a national cross-sectional study.",0.0781,0.9219
PMID: 42565432,"Time series analysis of environmental factors and their association with emergency visits for asthma exacerbations in Petaling Jaya, Malaysia.",PMID: 42442744,"Fine Particulate Matter (PM2.5), the Exposome, and Cumulative Health Risk: A Life-course Perspective.",0.3459,0.6541
PMID: 42565432,"Time series analysis of environmental factors and their association with emergency visits for asthma exacerbations in Petaling Jaya, Malaysia.",PMID: 42440588,Maternal exposure to fine particulate matter and autism spectrum disorder in children: population based case-control study.,0.278,0.722
PMID: 42565432,"Time series analysis of environmental factors and their association with emergency visits for asthma exacerbations in Petaling Jaya, Malaysia.",PMID: 42437198,"Air Pollution Mixture and Folate Status Indicators among Pregnant Women in Canada: Maternal-Infant Research on Environmental Chemicals (MIREC) Study, 2008 to 2011.",0.2127,0.7873
PMID: 42565432,"Time series analysis of environmental factors and their association with emergency visits for asthma exacerbations in Petaling Jaya, Malaysia.",PMID: 42428257,Prenatal Air Pollution Exposure and Autism Spectrum Disorder in the ECHO Consortium.,0.1893,0.8107
PMID: 42565432,"Time series analysis of environmental factors and their association with emergency visits for asthma exacerbations in Petaling Jaya, Malaysia.",PMID: 42422320,"Maternal ambient air pollution exposure and risk of stillbirth in Georgia, USA.",0.518,0.482
PMID: 42565432,"Time series analysis of environmental factors and their association with emergency visits for asthma exacerbations in Petaling Jaya, Malaysia.",PMID: 42420937,Assessing the feasibility of indoor air quality monitoring in low-income housing among Black adults with uncontrolled asthma in New York City.,0.6584,0.3416
PMID: 42565432,"Time series analysis of environmental factors and their association with emergency visits for asthma exacerbations in Petaling Jaya, Malaysia.",PMID: 42420917,Effects of per- and polyfluoroalkyl substances on maternal thyroid function: a stratified analysis by maternal iodine status and thyroid autoantibody status.,0.0486,0.9514
PMID: 42565432,"Time series analysis of environmental factors and their association with emergency visits for asthma exacerbations in Petaling Jaya, Malaysia.",PMID: 42419777,Genetic susceptibility to respiratory health effects from outdoor air pollution: a structured narrative review.,0.592,0.408
PMID: 42565432,"Time series analysis of environmental factors and their association with emergency visits for asthma exacerbations in Petaling Jaya, Malaysia.",PMID: 42416905,Association between air pollution and incident cardiovascular diseases among a population with cardiovascular-kidney-metabolic syndrome stages 0-3: the first evidence from the China Health and Retirement Longitudinal Study.,0.2652,0.7348
PMID: 42565432,"Time series analysis of environmental factors and their association with emergency visits for asthma exacerbations in Petaling Jaya, Malaysia.",PMID: 42414291,Causal effects of wildfire PM on hospital costs and length of stay in Brazil. 2.5,0.6635,0.3365
PMID: 42565432,"Time series analysis of environmental factors and their association with emergency visits for asthma exacerbations in Petaling Jaya, Malaysia.",PMID: 42413509,Adaptations to Climate Change-Related Environmental Phenomena to Achieve Physical Activity Recommendations for Adults Aged 65 and Older.,0.4761,0.5239
PMID: 42565432,"Time series analysis of environmental factors and their association with emergency visits for asthma exacerbations in Petaling Jaya, Malaysia.",PMID: 42410409,Investigating environmental heat exposure and its effects on maternal and fetal health in rural Northern Ghana (Physio-HeMAB Study): a study protocol for a cluster randomized trial.,0.0421,0.9579
PMID: 42565432,"Time series analysis of environmental factors and their association with emergency visits for asthma exacerbations in Petaling Jaya, Malaysia.",PMID: 42406176,"Associations of short-, mid-, and long-term particulate matter exposure with elevated LDL-C levels in Korean adults: analysis of KNHANES 2016-2022.",0.6151,0.3849
PMID: 42565432,"Time series analysis of environmental factors and their association with emergency visits for asthma exacerbations in Petaling Jaya, Malaysia.",PMID: 42403579,Exposure to air and water pollution during pregnancy and risk of adverse perinatal outcomes in São Paulo State: protocol for a retrospective population-based cohort study.,0.2008,0.7992
PMID: 42551796,Association of PFAS exposure with maternal blood pressure and hypertension during pregnancy in the PROTECT cohort.,PMID: 42557995,The Impact of Heat and Bushfire Smoke on Health System Utilisation in Australia.,0.0173,0.9827
PMID: 42551796,Association of PFAS exposure with maternal blood pressure and hypertension during pregnancy in the PROTECT cohort.,PMID: 42544117,Spatial analysis of environmental and socioeconomic factors impacting maternal and infant health outcomes in North Carolina.,0.4589,0.5411
PMID: 42551796,Association of PFAS exposure with maternal blood pressure and hypertension during pregnancy in the PROTECT cohort.,PMID: 42540534,Exposure to Airborne Particulate Matter in Regional Environments of Bangladesh and Its Effects on Respiratory Health: A Narrative Review.,0.0172,0.9828
PMID: 42551796,Association of PFAS exposure with maternal blood pressure and hypertension during pregnancy in the PROTECT cohort.,PMID: 42538170,Household incense burning and small for gestational age risk in newborn infants.,0.3118,0.6882
PMID: 42551796,Association of PFAS exposure with maternal blood pressure and hypertension during pregnancy in the PROTECT cohort.,PMID: 42534890,Prenatal PFAS exposure and offspring health: evidence review and implications for intergenerational risk assessment.,0.5193,0.4807
PMID: 42551796,Association of PFAS exposure with maternal blood pressure and hypertension during pregnancy in the PROTECT cohort.,PMID: 42529083,Environmental and socioeconomic influences on childhood asthma and pneumonia: burden and healthcare utilization in a population-based cohort study.,0.0628,0.9372
PMID: 42551796,Association of PFAS exposure with maternal blood pressure and hypertension during pregnancy in the PROTECT cohort.,PMID: 42529026,"Short-term associations between ambient air pollution and cardiovascular disease mortality: an 11-year time-series study in Nanning, China.",0.0171,0.9829
PMID: 42551796,Association of PFAS exposure with maternal blood pressure and hypertension during pregnancy in the PROTECT cohort.,PMID: 42528898,"Interpretable machine learning for identifying determinants of high hypertension burden under extreme heat vulnerability: evidence from Maryland, USA.",0.2352,0.7648
PMID: 42551796,Association of PFAS exposure with maternal blood pressure and hypertension during pregnancy in the PROTECT cohort.,PMID: 42524808,Compound Exposure to Extreme Heat and Substantial Landscape Fire-Sourced Air Pollution on Cardiovascular Mortality.,0.0162,0.9838
PMID: 42551796,Association of PFAS exposure with maternal blood pressure and hypertension during pregnancy in the PROTECT cohort.,PMID: 42524806,Heat Plus Fire: A Compound Hazard Threatening Cardiovascular Health.,0.0866,0.9134
PMID: 42551796,Association of PFAS exposure with maternal blood pressure and hypertension during pregnancy in the PROTECT cohort.,PMID: 42521043,Heat stress promotes myocardial injury and ventricular arrhythmia through DRP1-mediated mitochondrial dysfunction.,0.0241,0.9759
PMID: 42551796,Association of PFAS exposure with maternal blood pressure and hypertension during pregnancy in the PROTECT cohort.,PMID: 42520874,Long-term particulate matter exposure and coronary inflammation: A large-scale cohort study assessed by pericoronary fat attenuation index.,0.1869,0.8131
PMID: 42551796,Association of PFAS exposure with maternal blood pressure and hypertension during pregnancy in the PROTECT cohort.,PMID: 42520868,Maternal exposure to particulate matter during pregnancy and offspring liver function.,0.2829,0.7171
PMID: 42551796,Association of PFAS exposure with maternal blood pressure and hypertension during pregnancy in the PROTECT cohort.,PMID: 42520653,"Perfluoroalkyl/Polyfluoroalkyl Substances, Hemostatic/Inflammatory Biomarkers, and Incident Hypertension: The Study of Women's Health Across the Nation.",0.4349,0.5651
PMID: 42551796,Association of PFAS exposure with maternal blood pressure and hypertension during pregnancy in the PROTECT cohort.,PMID: 42512137,Weather Information Seeking and Heat-Health Protective Actions During Pregnancy: An Exploratory Study.,0.3097,0.6903
PMID: 42551796,Association of PFAS exposure with maternal blood pressure and hypertension during pregnancy in the PROTECT cohort.,PMID: 42508048,Air pollution and cardiovascular disease: A review of current scientific data.,0.0113,0.9887
PMID: 42551796,Association of PFAS exposure with maternal blood pressure and hypertension during pregnancy in the PROTECT cohort.,PMID: 42503941,[Advances on the effects and mechanisms of maternal exposure to particulate matter on offspring neurodevelopment].,0.2424,0.7576
PMID: 42551796,Association of PFAS exposure with maternal blood pressure and hypertension during pregnancy in the PROTECT cohort.,PMID: 42500877,Case-Crossover Analysis of Short-Term Particulate Matter and Health Outcomes in Patients With Atrial Fibrillation.,0.0457,0.9543
PMID: 42551796,Association of PFAS exposure with maternal blood pressure and hypertension during pregnancy in the PROTECT cohort.,PMID: 42496250,Mechanisms of Heat-Induced Sleep Disruption in Aging: A Narrative Review.,0.0502,0.9498
PMID: 42551796,Association of PFAS exposure with maternal blood pressure and hypertension during pregnancy in the PROTECT cohort.,PMID: 42492149,Prenatal air pollution exposure and placental biomarkers of oxidative stress and ageing: results from the BiSC cohort.,0.2659,0.7341
PMID: 42551796,Association of PFAS exposure with maternal blood pressure and hypertension during pregnancy in the PROTECT cohort.,PMID: 42488199,Changes in respiratory and cardiovascular morbidity air pollution risk and attributable burden in New York City.,0.0153,0.9847
PMID: 42551796,Association of PFAS exposure with maternal blood pressure and hypertension during pregnancy in the PROTECT cohort.,PMID: 42488198,A comprehensive study on the association of personal air pollution exposure with thyroid hormones in pregnant women.,0.3162,0.6838
PMID: 42551796,Association of PFAS exposure with maternal blood pressure and hypertension during pregnancy in the PROTECT cohort.,PMID: 42484582,Constituent-Specific PM and Cardiovascular Risk: From Mass to Mixture. 2.5,0.0866,0.9134
PMID: 42551796,Association of PFAS exposure with maternal blood pressure and hypertension during pregnancy in the PROTECT cohort.,PMID: 42483592,Quantifying the Health Benefits Linked to Reduced Traffic-Related PM Exposure on Acute Coronary Syndrome Incidence in China. 2.5,0.024,0.976
PMID: 42551796,Association of PFAS exposure with maternal blood pressure and hypertension during pregnancy in the PROTECT cohort.,PMID: 42483588,Transcriptomic Perturbations in Placental Gene Expression Following Developmental Exposure to Perfluorooctanoic Acid (PFOA) or Hexafluoropropylene Oxide-Dimer Acid (HFPO-DA or GenX) in CD‑1 Mice Are Consistent with Placental Insufficiency.,0.5479,0.4521
PMID: 42551796,Association of PFAS exposure with maternal blood pressure and hypertension during pregnancy in the PROTECT cohort.,PMID: 42483065,"Combined effects of apparent low temperature and PM pollution on circulatory emergency ambulance calls: a time-series analysis in Shijiazhuang, China. 2.5",0.1746,0.8254
PMID: 42551796,Association of PFAS exposure with maternal blood pressure and hypertension during pregnancy in the PROTECT cohort.,PMID: 42482688,"Size-specific health effects of particulate matter components on cardiovascular mortality: a weekly time-series study in Tianjin, China.",0.0131,0.9869
PMID: 42551796,Association of PFAS exposure with maternal blood pressure and hypertension during pregnancy in the PROTECT cohort.,PMID: 42476417,Thermophysiological response of adults to long-distance running in different ACSM environmental risk conditions: A systematic review and meta-analysis.,0.0261,0.9739
PMID: 42551796,Association of PFAS exposure with maternal blood pressure and hypertension during pregnancy in the PROTECT cohort.,PMID: 42474428,Individual and neighborhood factors influencing pediatric asthma exacerbations during urban heatwaves.,0.0225,0.9775
PMID: 42551796,Association of PFAS exposure with maternal blood pressure and hypertension during pregnancy in the PROTECT cohort.,PMID: 42472615,Targeted inhibition of JAK2 phosphorylation by GenX disrupts the JAK2-STAT3 pathway and induces cardiovascular toxicity in zebrafish: Insights from network toxicology and molecular dynamics.,0.2223,0.7777
PMID: 42551796,Association of PFAS exposure with maternal blood pressure and hypertension during pregnancy in the PROTECT cohort.,PMID: 42471626,Associations between wildland fire smoke PM and maternal blood pressure. 2.5,0.2871,0.7129
PMID: 42551796,Association of PFAS exposure with maternal blood pressure and hypertension during pregnancy in the PROTECT cohort.,PMID: 42466507,Joint Effects of Heat and Fine Particulate Matter on Out-of-Hospital Cardiac Arrest in Japan: A Nationwide Time-Stratified Case-Crossover Study.,0.0178,0.9822
PMID: 42551796,Association of PFAS exposure with maternal blood pressure and hypertension during pregnancy in the PROTECT cohort.,PMID: 42459959,Mechanistic insights into PM-induced cardiac fibrosis involving ERS/TXNIP/NLRP3-driven pyroptosis in multiple cell types. 2.5,0.0186,0.9814
PMID: 42551796,Association of PFAS exposure with maternal blood pressure and hypertension during pregnancy in the PROTECT cohort.,PMID: 42455550,"Modifiable Risk Factors and Attributable Ischemic Heart Disease Mortality in US States, 1990-2023: A Systematic Analysis for the Global Burden of Disease Study 2023.",0.0206,0.9794
PMID: 42551796,Association of PFAS exposure with maternal blood pressure and hypertension during pregnancy in the PROTECT cohort.,PMID: 42455100,Long-Term Exposure to PM Constituents and Coronary Heart Disease Risk in China. 2.5,0.045,0.955
PMID: 42551796,Association of PFAS exposure with maternal blood pressure and hypertension during pregnancy in the PROTECT cohort.,PMID: 42450330,Imaging and Molecular Biomarkers of PFAS-Related Vascular Aging: A Narrative Review.,0.1964,0.8036
PMID: 42551796,Association of PFAS exposure with maternal blood pressure and hypertension during pregnancy in the PROTECT cohort.,PMID: 42449303,Environmental exposome and its public health impact on COPD and asthma exacerbations in France.,0.0205,0.9795
PMID: 42551796,Association of PFAS exposure with maternal blood pressure and hypertension during pregnancy in the PROTECT cohort.,PMID: 42447841,Micro- and nano-plastics in the coronary circulation and air pollution exposure in ischaemic heart disease presentation.,0.018,0.982
PMID: 42551796,Association of PFAS exposure with maternal blood pressure and hypertension during pregnancy in the PROTECT cohort.,PMID: 42445923,"Ambient temperature, rainfall, and adverse maternal and child health outcomes in Nigeria: evidence from a national cross-sectional study.",0.1312,0.8688
PMID: 42551796,Association of PFAS exposure with maternal blood pressure and hypertension during pregnancy in the PROTECT cohort.,PMID: 42442744,"Fine Particulate Matter (PM2.5), the Exposome, and Cumulative Health Risk: A Life-course Perspective.",0.013,0.987
PMID: 42551796,Association of PFAS exposure with maternal blood pressure and hypertension during pregnancy in the PROTECT cohort.,PMID: 42440588,Maternal exposure to fine particulate matter and autism spectrum disorder in children: population based case-control study.,0.2579,0.7421
PMID: 42551796,Association of PFAS exposure with maternal blood pressure and hypertension during pregnancy in the PROTECT cohort.,PMID: 42437198,"Air Pollution Mixture and Folate Status Indicators among Pregnant Women in Canada: Maternal-Infant Research on Environmental Chemicals (MIREC) Study, 2008 to 2011.",0.2869,0.7131
PMID: 42551796,Association of PFAS exposure with maternal blood pressure and hypertension during pregnancy in the PROTECT cohort.,PMID: 42428257,Prenatal Air Pollution Exposure and Autism Spectrum Disorder in the ECHO Consortium.,0.2151,0.7849
PMID: 42551796,Association of PFAS exposure with maternal blood pressure and hypertension during pregnancy in the PROTECT cohort.,PMID: 42422320,"Maternal ambient air pollution exposure and risk of stillbirth in Georgia, USA.",0.2871,0.7129
PMID: 42551796,Association of PFAS exposure with maternal blood pressure and hypertension during pregnancy in the PROTECT cohort.,PMID: 42420937,Assessing the feasibility of indoor air quality monitoring in low-income housing among Black adults with uncontrolled asthma in New York City.,0.0233,0.9767
PMID: 42551796,Association of PFAS exposure with maternal blood pressure and hypertension during pregnancy in the PROTECT cohort.,PMID: 42420917,Effects of per- and polyfluoroalkyl substances on maternal thyroid function: a stratified analysis by maternal iodine status and thyroid autoantibody status.,0.5843,0.4157
PMID: 42551796,Association of PFAS exposure with maternal blood pressure and hypertension during pregnancy in the PROTECT cohort.,PMID: 42419777,Genetic susceptibility to respiratory health effects from outdoor air pollution: a structured narrative review.,0.0154,0.9846
PMID: 42551796,Association of PFAS exposure with maternal blood pressure and hypertension during pregnancy in the PROTECT cohort.,PMID: 42416905,Association between air pollution and incident cardiovascular diseases among a population with cardiovascular-kidney-metabolic syndrome stages 0-3: the first evidence from the China Health and Retirement Longitudinal Study.,0.0547,0.9453
PMID: 42551796,Association of PFAS exposure with maternal blood pressure and hypertension during pregnancy in the PROTECT cohort.,PMID: 42414291,Causal effects of wildfire PM on hospital costs and length of stay in Brazil. 2.5,0.0164,0.9836
PMID: 42551796,Association of PFAS exposure with maternal blood pressure and hypertension during pregnancy in the PROTECT cohort.,PMID: 42413509,Adaptations to Climate Change-Related Environmental Phenomena to Achieve Physical Activity Recommendations for Adults Aged 65 and Older.,0.0179,0.9821
PMID: 42551796,Association of PFAS exposure with maternal blood pressure and hypertension during pregnancy in the PROTECT cohort.,PMID: 42410409,Investigating environmental heat exposure and its effects on maternal and fetal health in rural Northern Ghana (Physio-HeMAB Study): a study protocol for a cluster randomized trial.,0.3155,0.6845
PMID: 42551796,Association of PFAS exposure with maternal blood pressure and hypertension during pregnancy in the PROTECT cohort.,PMID: 42406176,"Associations of short-, mid-, and long-term particulate matter exposure with elevated LDL-C levels in Korean adults: analysis of KNHANES 2016-2022.",0.0224,0.9776
PMID: 42551796,Association of PFAS exposure with maternal blood pressure and hypertension during pregnancy in the PROTECT cohort.,PMID: 42403579,Exposure to air and water pollution during pregnancy and risk of adverse perinatal outcomes in São Paulo State: protocol for a retrospective population-based cohort study.,0.2041,0.7959
PMID: 42557995,The Impact of Heat and Bushfire Smoke on Health System Utilisation in Australia.,PMID: 42544117,Spatial analysis of environmental and socioeconomic factors impacting maternal and infant health outcomes in North Carolina.,0.0672,0.9328
PMID: 42557995,The Impact of Heat and Bushfire Smoke on Health System Utilisation in Australia.,PMID: 42540534,Exposure to Airborne Particulate Matter in Regional Environments of Bangladesh and Its Effects on Respiratory Health: A Narrative Review.,0.4731,0.5269
PMID: 42557995,The Impact of Heat and Bushfire Smoke on Health System Utilisation in Australia.,PMID: 42538170,Household incense burning and small for gestational age risk in newborn infants.,0.2645,0.7355
PMID: 42557995,The Impact of Heat and Bushfire Smoke on Health System Utilisation in Australia.,PMID: 42534890,Prenatal PFAS exposure and offspring health: evidence review and implications for intergenerational risk assessment.,0.0378,0.9622
PMID: 42557995,The Impact of Heat and Bushfire Smoke on Health System Utilisation in Australia.,PMID: 42529083,Environmental and socioeconomic influences on childhood asthma and pneumonia: burden and healthcare utilization in a population-based cohort study.,0.5908,0.4092
PMID: 42557995,The Impact of Heat and Bushfire Smoke on Health System Utilisation in Australia.,PMID: 42529026,"Short-term associations between ambient air pollution and cardiovascular disease mortality: an 11-year time-series study in Nanning, China.",0.4479,0.5521
PMID: 42557995,The Impact of Heat and Bushfire Smoke on Health System Utilisation in Australia.,PMID: 42528898,"Interpretable machine learning for identifying determinants of high hypertension burden under extreme heat vulnerability: evidence from Maryland, USA.",0.5518,0.4482
PMID: 42557995,The Impact of Heat and Bushfire Smoke on Health System Utilisation in Australia.,PMID: 42524808,Compound Exposure to Extreme Heat and Substantial Landscape Fire-Sourced Air Pollution on Cardiovascular Mortality.,0.442,0.558
PMID: 42557995,The Impact of Heat and Bushfire Smoke on Health System Utilisation in Australia.,PMID: 42524806,Heat Plus Fire: A Compound Hazard Threatening Cardiovascular Health.,0.1954,0.8046
PMID: 42557995,The Impact of Heat and Bushfire Smoke on Health System Utilisation in Australia.,PMID: 42521043,Heat stress promotes myocardial injury and ventricular arrhythmia through DRP1-mediated mitochondrial dysfunction.,0.3795,0.6205
PMID: 42557995,The Impact of Heat and Bushfire Smoke on Health System Utilisation in Australia.,PMID: 42520874,Long-term particulate matter exposure and coronary inflammation: A large-scale cohort study assessed by pericoronary fat attenuation index.,0.3372,0.6628
PMID: 42557995,The Impact of Heat and Bushfire Smoke on Health System Utilisation in Australia.,PMID: 42520868,Maternal exposure to particulate matter during pregnancy and offspring liver function.,0.257,0.743
PMID: 42557995,The Impact of Heat and Bushfire Smoke on Health System Utilisation in Australia.,PMID: 42520653,"Perfluoroalkyl/Polyfluoroalkyl Substances, Hemostatic/Inflammatory Biomarkers, and Incident Hypertension: The Study of Women's Health Across the Nation.",0.2279,0.7721
PMID: 42557995,The Impact of Heat and Bushfire Smoke on Health System Utilisation in Australia.,PMID: 42512137,Weather Information Seeking and Heat-Health Protective Actions During Pregnancy: An Exploratory Study.,0.3836,0.6164
PMID: 42557995,The Impact of Heat and Bushfire Smoke on Health System Utilisation in Australia.,PMID: 42508048,Air pollution and cardiovascular disease: A review of current scientific data.,0.4435,0.5565
PMID: 42557995,The Impact of Heat and Bushfire Smoke on Health System Utilisation in Australia.,PMID: 42503941,[Advances on the effects and mechanisms of maternal exposure to particulate matter on offspring neurodevelopment].,0.2218,0.7782
PMID: 42557995,The Impact of Heat and Bushfire Smoke on Health System Utilisation in Australia.,PMID: 42500877,Case-Crossover Analysis of Short-Term Particulate Matter and Health Outcomes in Patients With Atrial Fibrillation.,0.6272,0.3728
PMID: 42557995,The Impact of Heat and Bushfire Smoke on Health System Utilisation in Australia.,PMID: 42496250,Mechanisms of Heat-Induced Sleep Disruption in Aging: A Narrative Review.,0.4365,0.5635
PMID: 42557995,The Impact of Heat and Bushfire Smoke on Health System Utilisation in Australia.,PMID: 42492149,Prenatal air pollution exposure and placental biomarkers of oxidative stress and ageing: results from the BiSC cohort.,0.2145,0.7855
PMID: 42557995,The Impact of Heat and Bushfire Smoke on Health System Utilisation in Australia.,PMID: 42488199,Changes in respiratory and cardiovascular morbidity air pollution risk and attributable burden in New York City.,0.567,0.433
PMID: 42557995,The Impact of Heat and Bushfire Smoke on Health System Utilisation in Australia.,PMID: 42488198,A comprehensive study on the association of personal air pollution exposure with thyroid hormones in pregnant women.,0.2252,0.7748
PMID: 42557995,The Impact of Heat and Bushfire Smoke on Health System Utilisation in Australia.,PMID: 42484582,Constituent-Specific PM and Cardiovascular Risk: From Mass to Mixture. 2.5,0.1954,0.8046
PMID: 42557995,The Impact of Heat and Bushfire Smoke on Health System Utilisation in Australia.,PMID: 42483592,Quantifying the Health Benefits Linked to Reduced Traffic-Related PM Exposure on Acute Coronary Syndrome Incidence in China. 2.5,0.6341,0.3659
PMID: 42557995,The Impact of Heat and Bushfire Smoke on Health System Utilisation in Australia.,PMID: 42483588,Transcriptomic Perturbations in Placental Gene Expression Following Developmental Exposure to Perfluorooctanoic Acid (PFOA) or Hexafluoropropylene Oxide-Dimer Acid (HFPO-DA or GenX) in CD‑1 Mice Are Consistent with Placental Insufficiency.,0.0349,0.9651
PMID: 42557995,The Impact of Heat and Bushfire Smoke on Health System Utilisation in Australia.,PMID: 42483065,"Combined effects of apparent low temperature and PM pollution on circulatory emergency ambulance calls: a time-series analysis in Shijiazhuang, China. 2.5",0.6269,0.3731
PMID: 42557995,The Impact of Heat and Bushfire Smoke on Health System Utilisation in Australia.,PMID: 42482688,"Size-specific health effects of particulate matter components on cardiovascular mortality: a weekly time-series study in Tianjin, China.",0.3582,0.6418
PMID: 42557995,The Impact of Heat and Bushfire Smoke on Health System Utilisation in Australia.,PMID: 42476417,Thermophysiological response of adults to long-distance running in different ACSM environmental risk conditions: A systematic review and meta-analysis.,0.6638,0.3362
PMID: 42557995,The Impact of Heat and Bushfire Smoke on Health System Utilisation in Australia.,PMID: 42474428,Individual and neighborhood factors influencing pediatric asthma exacerbations during urban heatwaves.,0.312,0.688
PMID: 42557995,The Impact of Heat and Bushfire Smoke on Health System Utilisation in Australia.,PMID: 42472615,Targeted inhibition of JAK2 phosphorylation by GenX disrupts the JAK2-STAT3 pathway and induces cardiovascular toxicity in zebrafish: Insights from network toxicology and molecular dynamics.,0.3218,0.6782
PMID: 42557995,The Impact of Heat and Bushfire Smoke on Health System Utilisation in Australia.,PMID: 42471626,Associations between wildland fire smoke PM and maternal blood pressure. 2.5,0.2979,0.7021
PMID: 42557995,The Impact of Heat and Bushfire Smoke on Health System Utilisation in Australia.,PMID: 42466507,Joint Effects of Heat and Fine Particulate Matter on Out-of-Hospital Cardiac Arrest in Japan: A Nationwide Time-Stratified Case-Crossover Study.,0.6935,0.3065
PMID: 42557995,The Impact of Heat and Bushfire Smoke on Health System Utilisation in Australia.,PMID: 42459959,Mechanistic insights into PM-induced cardiac fibrosis involving ERS/TXNIP/NLRP3-driven pyroptosis in multiple cell types. 2.5,0.5075,0.4925
PMID: 42557995,The Impact of Heat and Bushfire Smoke on Health System Utilisation in Australia.,PMID: 42455550,"Modifiable Risk Factors and Attributable Ischemic Heart Disease Mortality in US States, 1990-2023: A Systematic Analysis for the Global Burden of Disease Study 2023.",0.3215,0.6785
PMID: 42557995,The Impact of Heat and Bushfire Smoke on Health System Utilisation in Australia.,PMID: 42455100,Long-Term Exposure to PM Constituents and Coronary Heart Disease Risk in China. 2.5,0.3759,0.6241
PMID: 42557995,The Impact of Heat and Bushfire Smoke on Health System Utilisation in Australia.,PMID: 42450330,Imaging and Molecular Biomarkers of PFAS-Related Vascular Aging: A Narrative Review.,0.2845,0.7155
PMID: 42557995,The Impact of Heat and Bushfire Smoke on Health System Utilisation in Australia.,PMID: 42449303,Environmental exposome and its public health impact on COPD and asthma exacerbations in France.,0.0454,0.9546
PMID: 42557995,The Impact of Heat and Bushfire Smoke on Health System Utilisation in Australia.,PMID: 42447841,Micro- and nano-plastics in the coronary circulation and air pollution exposure in ischaemic heart disease presentation.,0.3112,0.6888
PMID: 42557995,The Impact of Heat and Bushfire Smoke on Health System Utilisation in Australia.,PMID: 42445923,"Ambient temperature, rainfall, and adverse maternal and child health outcomes in Nigeria: evidence from a national cross-sectional study.",0.3631,0.6369
PMID: 42557995,The Impact of Heat and Bushfire Smoke on Health System Utilisation in Australia.,PMID: 42442744,"Fine Particulate Matter (PM2.5), the Exposome, and Cumulative Health Risk: A Life-course Perspective.",0.485,0.515
PMID: 42557995,The Impact of Heat and Bushfire Smoke on Health System Utilisation in Australia.,PMID: 42440588,Maternal exposure to fine particulate matter and autism spectrum disorder in children: population based case-control study.,0.2676,0.7324
PMID: 42557995,The Impact of Heat and Bushfire Smoke on Health System Utilisation in Australia.,PMID: 42437198,"Air Pollution Mixture and Folate Status Indicators among Pregnant Women in Canada: Maternal-Infant Research on Environmental Chemicals (MIREC) Study, 2008 to 2011.",0.2046,0.7954
PMID: 42557995,The Impact of Heat and Bushfire Smoke on Health System Utilisation in Australia.,PMID: 42428257,Prenatal Air Pollution Exposure and Autism Spectrum Disorder in the ECHO Consortium.,0.1818,0.8182
PMID: 42557995,The Impact of Heat and Bushfire Smoke on Health System Utilisation in Australia.,PMID: 42422320,"Maternal ambient air pollution exposure and risk of stillbirth in Georgia, USA.",0.2783,0.7217
PMID: 42557995,The Impact of Heat and Bushfire Smoke on Health System Utilisation in Australia.,PMID: 42420937,Assessing the feasibility of indoor air quality monitoring in low-income housing among Black adults with uncontrolled asthma in New York City.,0.3639,0.6361
PMID: 42557995,The Impact of Heat and Bushfire Smoke on Health System Utilisation in Australia.,PMID: 42420917,Effects of per- and polyfluoroalkyl substances on maternal thyroid function: a stratified analysis by maternal iodine status and thyroid autoantibody status.,0.0468,0.9532
PMID: 42557995,The Impact of Heat and Bushfire Smoke on Health System Utilisation in Australia.,PMID: 42419777,Genetic susceptibility to respiratory health effects from outdoor air pollution: a structured narrative review.,0.3915,0.6085
PMID: 42557995,The Impact of Heat and Bushfire Smoke on Health System Utilisation in Australia.,PMID: 42416905,Association between air pollution and incident cardiovascular diseases among a population with cardiovascular-kidney-metabolic syndrome stages 0-3: the first evidence from the China Health and Retirement Longitudinal Study.,0.2551,0.7449
PMID: 42557995,The Impact of Heat and Bushfire Smoke on Health System Utilisation in Australia.,PMID: 42414291,Causal effects of wildfire PM on hospital costs and length of stay in Brazil. 2.5,0.6385,0.3615
PMID: 42557995,The Impact of Heat and Bushfire Smoke on Health System Utilisation in Australia.,PMID: 42413509,Adaptations to Climate Change-Related Environmental Phenomena to Achieve Physical Activity Recommendations for Adults Aged 65 and Older.,0.6674,0.3326
PMID: 42557995,The Impact of Heat and Bushfire Smoke on Health System Utilisation in Australia.,PMID: 42410409,Investigating environmental heat exposure and its effects on maternal and fetal health in rural Northern Ghana (Physio-HeMAB Study): a study protocol for a cluster randomized trial.,0.2527,0.7473
PMID: 42557995,The Impact of Heat and Bushfire Smoke on Health System Utilisation in Australia.,PMID: 42406176,"Associations of short-, mid-, and long-term particulate matter exposure with elevated LDL-C levels in Korean adults: analysis of KNHANES 2016-2022.",0.3875,0.6125
PMID: 42557995,The Impact of Heat and Bushfire Smoke on Health System Utilisation in Australia.,PMID: 42403579,Exposure to air and water pollution during pregnancy and risk of adverse perinatal outcomes in São Paulo State: protocol for a retrospective population-based cohort study.,0.1635,0.8365
PMID: 42544117,Spatial analysis of environmental and socioeconomic factors impacting maternal and infant health outcomes in North Carolina.,PMID: 42540534,Exposure to Airborne Particulate Matter in Regional Environments of Bangladesh and Its Effects on Respiratory Health: A Narrative Review.,0.067,0.933
PMID: 42544117,Spatial analysis of environmental and socioeconomic factors impacting maternal and infant health outcomes in North Carolina.,PMID: 42538170,Household incense burning and small for gestational age risk in newborn infants.,0.5608,0.4392
PMID: 42544117,Spatial analysis of environmental and socioeconomic factors impacting maternal and infant health outcomes in North Carolina.,PMID: 42534890,Prenatal PFAS exposure and offspring health: evidence review and implications for intergenerational risk assessment.,0.0658,0.9342
PMID: 42544117,Spatial analysis of environmental and socioeconomic factors impacting maternal and infant health outcomes in North Carolina.,PMID: 42529083,Environmental and socioeconomic influences on childhood asthma and pneumonia: burden and healthcare utilization in a population-based cohort study.,0.0323,0.9677
PMID: 42544117,Spatial analysis of environmental and socioeconomic factors impacting maternal and infant health outcomes in North Carolina.,PMID: 42529026,"Short-term associations between ambient air pollution and cardiovascular disease mortality: an 11-year time-series study in Nanning, China.",0.035,0.965
PMID: 42544117,Spatial analysis of environmental and socioeconomic factors impacting maternal and infant health outcomes in North Carolina.,PMID: 42528898,"Interpretable machine learning for identifying determinants of high hypertension burden under extreme heat vulnerability: evidence from Maryland, USA.",0.0837,0.9163
PMID: 42544117,Spatial analysis of environmental and socioeconomic factors impacting maternal and infant health outcomes in North Carolina.,PMID: 42524808,Compound Exposure to Extreme Heat and Substantial Landscape Fire-Sourced Air Pollution on Cardiovascular Mortality.,0.0625,0.9375
PMID: 42544117,Spatial analysis of environmental and socioeconomic factors impacting maternal and infant health outcomes in North Carolina.,PMID: 42524806,Heat Plus Fire: A Compound Hazard Threatening Cardiovascular Health.,0.3398,0.6602
PMID: 42544117,Spatial analysis of environmental and socioeconomic factors impacting maternal and infant health outcomes in North Carolina.,PMID: 42521043,Heat stress promotes myocardial injury and ventricular arrhythmia through DRP1-mediated mitochondrial dysfunction.,0.0933,0.9067
PMID: 42544117,Spatial analysis of environmental and socioeconomic factors impacting maternal and infant health outcomes in North Carolina.,PMID: 42520874,Long-term particulate matter exposure and coronary inflammation: A large-scale cohort study assessed by pericoronary fat attenuation index.,0.0262,0.9738
PMID: 42544117,Spatial analysis of environmental and socioeconomic factors impacting maternal and infant health outcomes in North Carolina.,PMID: 42520868,Maternal exposure to particulate matter during pregnancy and offspring liver function.,0.5381,0.4619
PMID: 42544117,Spatial analysis of environmental and socioeconomic factors impacting maternal and infant health outcomes in North Carolina.,PMID: 42520653,"Perfluoroalkyl/Polyfluoroalkyl Substances, Hemostatic/Inflammatory Biomarkers, and Incident Hypertension: The Study of Women's Health Across the Nation.",0.0363,0.9637
PMID: 42544117,Spatial analysis of environmental and socioeconomic factors impacting maternal and infant health outcomes in North Carolina.,PMID: 42512137,Weather Information Seeking and Heat-Health Protective Actions During Pregnancy: An Exploratory Study.,0.5953,0.4047
PMID: 42544117,Spatial analysis of environmental and socioeconomic factors impacting maternal and infant health outcomes in North Carolina.,PMID: 42508048,Air pollution and cardiovascular disease: A review of current scientific data.,0.0441,0.9559
PMID: 42544117,Spatial analysis of environmental and socioeconomic factors impacting maternal and infant health outcomes in North Carolina.,PMID: 42503941,[Advances on the effects and mechanisms of maternal exposure to particulate matter on offspring neurodevelopment].,0.5267,0.4733
PMID: 42544117,Spatial analysis of environmental and socioeconomic factors impacting maternal and infant health outcomes in North Carolina.,PMID: 42500877,Case-Crossover Analysis of Short-Term Particulate Matter and Health Outcomes in Patients With Atrial Fibrillation.,0.0562,0.9438
PMID: 42544117,Spatial analysis of environmental and socioeconomic factors impacting maternal and infant health outcomes in North Carolina.,PMID: 42496250,Mechanisms of Heat-Induced Sleep Disruption in Aging: A Narrative Review.,0.062,0.938
PMID: 42544117,Spatial analysis of environmental and socioeconomic factors impacting maternal and infant health outcomes in North Carolina.,PMID: 42492149,Prenatal air pollution exposure and placental biomarkers of oxidative stress and ageing: results from the BiSC cohort.,0.4545,0.5455
PMID: 42544117,Spatial analysis of environmental and socioeconomic factors impacting maternal and infant health outcomes in North Carolina.,PMID: 42488199,Changes in respiratory and cardiovascular morbidity air pollution risk and attributable burden in New York City.,0.0592,0.9408
PMID: 42544117,Spatial analysis of environmental and socioeconomic factors impacting maternal and infant health outcomes in North Carolina.,PMID: 42488198,A comprehensive study on the association of personal air pollution exposure with thyroid hormones in pregnant women.,0.5349,0.4651
PMID: 42544117,Spatial analysis of environmental and socioeconomic factors impacting maternal and infant health outcomes in North Carolina.,PMID: 42484582,Constituent-Specific PM and Cardiovascular Risk: From Mass to Mixture. 2.5,0.3398,0.6602
PMID: 42544117,Spatial analysis of environmental and socioeconomic factors impacting maternal and infant health outcomes in North Carolina.,PMID: 42483592,Quantifying the Health Benefits Linked to Reduced Traffic-Related PM Exposure on Acute Coronary Syndrome Incidence in China. 2.5,0.0495,0.9505
PMID: 42544117,Spatial analysis of environmental and socioeconomic factors impacting maternal and infant health outcomes in North Carolina.,PMID: 42483588,Transcriptomic Perturbations in Placental Gene Expression Following Developmental Exposure to Perfluorooctanoic Acid (PFOA) or Hexafluoropropylene Oxide-Dimer Acid (HFPO-DA or GenX) in CD‑1 Mice Are Consistent with Placental Insufficiency.,0.5168,0.4832
PMID: 42544117,Spatial analysis of environmental and socioeconomic factors impacting maternal and infant health outcomes in North Carolina.,PMID: 42483065,"Combined effects of apparent low temperature and PM pollution on circulatory emergency ambulance calls: a time-series analysis in Shijiazhuang, China. 2.5",0.0621,0.9379
PMID: 42544117,Spatial analysis of environmental and socioeconomic factors impacting maternal and infant health outcomes in North Carolina.,PMID: 42482688,"Size-specific health effects of particulate matter components on cardiovascular mortality: a weekly time-series study in Tianjin, China.",0.0508,0.9492
PMID: 42544117,Spatial analysis of environmental and socioeconomic factors impacting maternal and infant health outcomes in North Carolina.,PMID: 42476417,Thermophysiological response of adults to long-distance running in different ACSM environmental risk conditions: A systematic review and meta-analysis.,0.1008,0.8992
PMID: 42544117,Spatial analysis of environmental and socioeconomic factors impacting maternal and infant health outcomes in North Carolina.,PMID: 42474428,Individual and neighborhood factors influencing pediatric asthma exacerbations during urban heatwaves.,0.0873,0.9127
PMID: 42544117,Spatial analysis of environmental and socioeconomic factors impacting maternal and infant health outcomes in North Carolina.,PMID: 42472615,Targeted inhibition of JAK2 phosphorylation by GenX disrupts the JAK2-STAT3 pathway and induces cardiovascular toxicity in zebrafish: Insights from network toxicology and molecular dynamics.,0.0789,0.9211
PMID: 42544117,Spatial analysis of environmental and socioeconomic factors impacting maternal and infant health outcomes in North Carolina.,PMID: 42471626,Associations between wildland fire smoke PM and maternal blood pressure. 2.5,0.6237,0.3763
PMID: 42544117,Spatial analysis of environmental and socioeconomic factors impacting maternal and infant health outcomes in North Carolina.,PMID: 42466507,Joint Effects of Heat and Fine Particulate Matter on Out-of-Hospital Cardiac Arrest in Japan: A Nationwide Time-Stratified Case-Crossover Study.,0.0689,0.9311
PMID: 42544117,Spatial analysis of environmental and socioeconomic factors impacting maternal and infant health outcomes in North Carolina.,PMID: 42459959,Mechanistic insights into PM-induced cardiac fibrosis involving ERS/TXNIP/NLRP3-driven pyroptosis in multiple cell types. 2.5,0.0716,0.9284
PMID: 42544117,Spatial analysis of environmental and socioeconomic factors impacting maternal and infant health outcomes in North Carolina.,PMID: 42455550,"Modifiable Risk Factors and Attributable Ischemic Heart Disease Mortality in US States, 1990-2023: A Systematic Analysis for the Global Burden of Disease Study 2023.",0.0793,0.9207
PMID: 42544117,Spatial analysis of environmental and socioeconomic factors impacting maternal and infant health outcomes in North Carolina.,PMID: 42455100,Long-Term Exposure to PM Constituents and Coronary Heart Disease Risk in China. 2.5,0.0294,0.9706
PMID: 42544117,Spatial analysis of environmental and socioeconomic factors impacting maternal and infant health outcomes in North Carolina.,PMID: 42450330,Imaging and Molecular Biomarkers of PFAS-Related Vascular Aging: A Narrative Review.,0.0701,0.9299
PMID: 42544117,Spatial analysis of environmental and socioeconomic factors impacting maternal and infant health outcomes in North Carolina.,PMID: 42449303,Environmental exposome and its public health impact on COPD and asthma exacerbations in France.,0.0796,0.9204
PMID: 42544117,Spatial analysis of environmental and socioeconomic factors impacting maternal and infant health outcomes in North Carolina.,PMID: 42447841,Micro- and nano-plastics in the coronary circulation and air pollution exposure in ischaemic heart disease presentation.,0.0372,0.9628
PMID: 42544117,Spatial analysis of environmental and socioeconomic factors impacting maternal and infant health outcomes in North Carolina.,PMID: 42445923,"Ambient temperature, rainfall, and adverse maternal and child health outcomes in Nigeria: evidence from a national cross-sectional study.",0.1604,0.8396
PMID: 42544117,Spatial analysis of environmental and socioeconomic factors impacting maternal and infant health outcomes in North Carolina.,PMID: 42442744,"Fine Particulate Matter (PM2.5), the Exposome, and Cumulative Health Risk: A Life-course Perspective.",0.0508,0.9492
PMID: 42544117,Spatial analysis of environmental and socioeconomic factors impacting maternal and infant health outcomes in North Carolina.,PMID: 42440588,Maternal exposure to fine particulate matter and autism spectrum disorder in children: population based case-control study.,0.5605,0.4395
PMID: 42544117,Spatial analysis of environmental and socioeconomic factors impacting maternal and infant health outcomes in North Carolina.,PMID: 42437198,"Air Pollution Mixture and Folate Status Indicators among Pregnant Women in Canada: Maternal-Infant Research on Environmental Chemicals (MIREC) Study, 2008 to 2011.",0.4855,0.5145
PMID: 42544117,Spatial analysis of environmental and socioeconomic factors impacting maternal and infant health outcomes in North Carolina.,PMID: 42428257,Prenatal Air Pollution Exposure and Autism Spectrum Disorder in the ECHO Consortium.,0.3787,0.6213
PMID: 42544117,Spatial analysis of environmental and socioeconomic factors impacting maternal and infant health outcomes in North Carolina.,PMID: 42422320,"Maternal ambient air pollution exposure and risk of stillbirth in Georgia, USA.",0.5892,0.4108
PMID: 42544117,Spatial analysis of environmental and socioeconomic factors impacting maternal and infant health outcomes in North Carolina.,PMID: 42420937,Assessing the feasibility of indoor air quality monitoring in low-income housing among Black adults with uncontrolled asthma in New York City.,0.0898,0.9102
PMID: 42544117,Spatial analysis of environmental and socioeconomic factors impacting maternal and infant health outcomes in North Carolina.,PMID: 42420917,Effects of per- and polyfluoroalkyl substances on maternal thyroid function: a stratified analysis by maternal iodine status and thyroid autoantibody status.,0.4113,0.5887
PMID: 42544117,Spatial analysis of environmental and socioeconomic factors impacting maternal and infant health outcomes in North Carolina.,PMID: 42419777,Genetic susceptibility to respiratory health effects from outdoor air pollution: a structured narrative review.,0.0594,0.9406
PMID: 42544117,Spatial analysis of environmental and socioeconomic factors impacting maternal and infant health outcomes in North Carolina.,PMID: 42416905,Association between air pollution and incident cardiovascular diseases among a population with cardiovascular-kidney-metabolic syndrome stages 0-3: the first evidence from the China Health and Retirement Longitudinal Study.,0.0357,0.9643
PMID: 42544117,Spatial analysis of environmental and socioeconomic factors impacting maternal and infant health outcomes in North Carolina.,PMID: 42414291,Causal effects of wildfire PM on hospital costs and length of stay in Brazil. 2.5,0.0638,0.9362
PMID: 42544117,Spatial analysis of environmental and socioeconomic factors impacting maternal and infant health outcomes in North Carolina.,PMID: 42413509,Adaptations to Climate Change-Related Environmental Phenomena to Achieve Physical Activity Recommendations for Adults Aged 65 and Older.,0.0698,0.9302
PMID: 42544117,Spatial analysis of environmental and socioeconomic factors impacting maternal and infant health outcomes in North Carolina.,PMID: 42410409,Investigating environmental heat exposure and its effects on maternal and fetal health in rural Northern Ghana (Physio-HeMAB Study): a study protocol for a cluster randomized trial.,0.6003,0.3997
PMID: 42544117,Spatial analysis of environmental and socioeconomic factors impacting maternal and infant health outcomes in North Carolina.,PMID: 42406176,"Associations of short-, mid-, and long-term particulate matter exposure with elevated LDL-C levels in Korean adults: analysis of KNHANES 2016-2022.",0.0465,0.9535
PMID: 42544117,Spatial analysis of environmental and socioeconomic factors impacting maternal and infant health outcomes in North Carolina.,PMID: 42403579,Exposure to air and water pollution during pregnancy and risk of adverse perinatal outcomes in São Paulo State: protocol for a retrospective population-based cohort study.,0.3884,0.6116
PMID: 42540534,Exposure to Airborne Particulate Matter in Regional Environments of Bangladesh and Its Effects on Respiratory Health: A Narrative Review.,PMID: 42538170,Household incense burning and small for gestational age risk in newborn infants.,0.2626,0.7374
PMID: 42540534,Exposure to Airborne Particulate Matter in Regional Environments of Bangladesh and Its Effects on Respiratory Health: A Narrative Review.,PMID: 42534890,Prenatal PFAS exposure and offspring health: evidence review and implications for intergenerational risk assessment.,0.0375,0.9625
PMID: 42540534,Exposure to Airborne Particulate Matter in Regional Environments of Bangladesh and Its Effects on Respiratory Health: A Narrative Review.,PMID: 42529083,Environmental and socioeconomic influences on childhood asthma and pneumonia: burden and healthcare utilization in a population-based cohort study.,0.6258,0.3742
PMID: 42540534,Exposure to Airborne Particulate Matter in Regional Environments of Bangladesh and Its Effects on Respiratory Health: A Narrative Review.,PMID: 42529026,"Short-term associations between ambient air pollution and cardiovascular disease mortality: an 11-year time-series study in Nanning, China.",0.0514,0.9486
PMID: 42540534,Exposure to Airborne Particulate Matter in Regional Environments of Bangladesh and Its Effects on Respiratory Health: A Narrative Review.,PMID: 42528898,"Interpretable machine learning for identifying determinants of high hypertension burden under extreme heat vulnerability: evidence from Maryland, USA.",0.0481,0.9519
PMID: 42540534,Exposure to Airborne Particulate Matter in Regional Environments of Bangladesh and Its Effects on Respiratory Health: A Narrative Review.,PMID: 42524808,Compound Exposure to Extreme Heat and Substantial Landscape Fire-Sourced Air Pollution on Cardiovascular Mortality.,0.2521,0.7479
PMID: 42540534,Exposure to Airborne Particulate Matter in Regional Environments of Bangladesh and Its Effects on Respiratory Health: A Narrative Review.,PMID: 42524806,Heat Plus Fire: A Compound Hazard Threatening Cardiovascular Health.,0.194,0.806
PMID: 42540534,Exposure to Airborne Particulate Matter in Regional Environments of Bangladesh and Its Effects on Respiratory Health: A Narrative Review.,PMID: 42521043,Heat stress promotes myocardial injury and ventricular arrhythmia through DRP1-mediated mitochondrial dysfunction.,0.0977,0.9023
PMID: 42540534,Exposure to Airborne Particulate Matter in Regional Environments of Bangladesh and Its Effects on Respiratory Health: A Narrative Review.,PMID: 42520874,Long-term particulate matter exposure and coronary inflammation: A large-scale cohort study assessed by pericoronary fat attenuation index.,0.1869,0.8131
PMID: 42540534,Exposure to Airborne Particulate Matter in Regional Environments of Bangladesh and Its Effects on Respiratory Health: A Narrative Review.,PMID: 42520868,Maternal exposure to particulate matter during pregnancy and offspring liver function.,0.4848,0.5152
PMID: 42540534,Exposure to Airborne Particulate Matter in Regional Environments of Bangladesh and Its Effects on Respiratory Health: A Narrative Review.,PMID: 42520653,"Perfluoroalkyl/Polyfluoroalkyl Substances, Hemostatic/Inflammatory Biomarkers, and Incident Hypertension: The Study of Women's Health Across the Nation.",0.0208,0.9792
PMID: 42540534,Exposure to Airborne Particulate Matter in Regional Environments of Bangladesh and Its Effects on Respiratory Health: A Narrative Review.,PMID: 42512137,Weather Information Seeking and Heat-Health Protective Actions During Pregnancy: An Exploratory Study.,0.0673,0.9327
PMID: 42540534,Exposure to Airborne Particulate Matter in Regional Environments of Bangladesh and Its Effects on Respiratory Health: A Narrative Review.,PMID: 42508048,Air pollution and cardiovascular disease: A review of current scientific data.,0.3376,0.6624
PMID: 42540534,Exposure to Airborne Particulate Matter in Regional Environments of Bangladesh and Its Effects on Respiratory Health: A Narrative Review.,PMID: 42503941,[Advances on the effects and mechanisms of maternal exposure to particulate matter on offspring neurodevelopment].,0.2202,0.7798
PMID: 42540534,Exposure to Airborne Particulate Matter in Regional Environments of Bangladesh and Its Effects on Respiratory Health: A Narrative Review.,PMID: 42500877,Case-Crossover Analysis of Short-Term Particulate Matter and Health Outcomes in Patients With Atrial Fibrillation.,0.2268,0.7732
PMID: 42540534,Exposure to Airborne Particulate Matter in Regional Environments of Bangladesh and Its Effects on Respiratory Health: A Narrative Review.,PMID: 42496250,Mechanisms of Heat-Induced Sleep Disruption in Aging: A Narrative Review.,0.1048,0.8952
PMID: 42540534,Exposure to Airborne Particulate Matter in Regional Environments of Bangladesh and Its Effects on Respiratory Health: A Narrative Review.,PMID: 42492149,Prenatal air pollution exposure and placental biomarkers of oxidative stress and ageing: results from the BiSC cohort.,0.213,0.787
PMID: 42540534,Exposure to Airborne Particulate Matter in Regional Environments of Bangladesh and Its Effects on Respiratory Health: A Narrative Review.,PMID: 42488199,Changes in respiratory and cardiovascular morbidity air pollution risk and attributable burden in New York City.,0.3866,0.6134
PMID: 42540534,Exposure to Airborne Particulate Matter in Regional Environments of Bangladesh and Its Effects on Respiratory Health: A Narrative Review.,PMID: 42488198,A comprehensive study on the association of personal air pollution exposure with thyroid hormones in pregnant women.,0.2237,0.7763
PMID: 42540534,Exposure to Airborne Particulate Matter in Regional Environments of Bangladesh and Its Effects on Respiratory Health: A Narrative Review.,PMID: 42484582,Constituent-Specific PM and Cardiovascular Risk: From Mass to Mixture. 2.5,0.194,0.806
PMID: 42540534,Exposure to Airborne Particulate Matter in Regional Environments of Bangladesh and Its Effects on Respiratory Health: A Narrative Review.,PMID: 42483592,Quantifying the Health Benefits Linked to Reduced Traffic-Related PM Exposure on Acute Coronary Syndrome Incidence in China. 2.5,0.3513,0.6487
PMID: 42540534,Exposure to Airborne Particulate Matter in Regional Environments of Bangladesh and Its Effects on Respiratory Health: A Narrative Review.,PMID: 42483588,Transcriptomic Perturbations in Placental Gene Expression Following Developmental Exposure to Perfluorooctanoic Acid (PFOA) or Hexafluoropropylene Oxide-Dimer Acid (HFPO-DA or GenX) in CD‑1 Mice Are Consistent with Placental Insufficiency.,0.0347,0.9653
PMID: 42540534,Exposure to Airborne Particulate Matter in Regional Environments of Bangladesh and Its Effects on Respiratory Health: A Narrative Review.,PMID: 42483065,"Combined effects of apparent low temperature and PM pollution on circulatory emergency ambulance calls: a time-series analysis in Shijiazhuang, China. 2.5",0.4366,0.5634
PMID: 42540534,Exposure to Airborne Particulate Matter in Regional Environments of Bangladesh and Its Effects on Respiratory Health: A Narrative Review.,PMID: 42482688,"Size-specific health effects of particulate matter components on cardiovascular mortality: a weekly time-series study in Tianjin, China.",0.2045,0.7955
PMID: 42540534,Exposure to Airborne Particulate Matter in Regional Environments of Bangladesh and Its Effects on Respiratory Health: A Narrative Review.,PMID: 42476417,Thermophysiological response of adults to long-distance running in different ACSM environmental risk conditions: A systematic review and meta-analysis.,0.0574,0.9426
PMID: 42540534,Exposure to Airborne Particulate Matter in Regional Environments of Bangladesh and Its Effects on Respiratory Health: A Narrative Review.,PMID: 42474428,Individual and neighborhood factors influencing pediatric asthma exacerbations during urban heatwaves.,0.3664,0.6336
PMID: 42540534,Exposure to Airborne Particulate Matter in Regional Environments of Bangladesh and Its Effects on Respiratory Health: A Narrative Review.,PMID: 42472615,Targeted inhibition of JAK2 phosphorylation by GenX disrupts the JAK2-STAT3 pathway and induces cardiovascular toxicity in zebrafish: Insights from network toxicology and molecular dynamics.,0.083,0.917
PMID: 42540534,Exposure to Airborne Particulate Matter in Regional Environments of Bangladesh and Its Effects on Respiratory Health: A Narrative Review.,PMID: 42471626,Associations between wildland fire smoke PM and maternal blood pressure. 2.5,0.2958,0.7042
PMID: 42540534,Exposure to Airborne Particulate Matter in Regional Environments of Bangladesh and Its Effects on Respiratory Health: A Narrative Review.,PMID: 42466507,Joint Effects of Heat and Fine Particulate Matter on Out-of-Hospital Cardiac Arrest in Japan: A Nationwide Time-Stratified Case-Crossover Study.,0.4829,0.5171
PMID: 42540534,Exposure to Airborne Particulate Matter in Regional Environments of Bangladesh and Its Effects on Respiratory Health: A Narrative Review.,PMID: 42459959,Mechanistic insights into PM-induced cardiac fibrosis involving ERS/TXNIP/NLRP3-driven pyroptosis in multiple cell types. 2.5,0.2896,0.7104
PMID: 42540534,Exposure to Airborne Particulate Matter in Regional Environments of Bangladesh and Its Effects on Respiratory Health: A Narrative Review.,PMID: 42455550,"Modifiable Risk Factors and Attributable Ischemic Heart Disease Mortality in US States, 1990-2023: A Systematic Analysis for the Global Burden of Disease Study 2023.",0.3193,0.6807
PMID: 42540534,Exposure to Airborne Particulate Matter in Regional Environments of Bangladesh and Its Effects on Respiratory Health: A Narrative Review.,PMID: 42455100,Long-Term Exposure to PM Constituents and Coronary Heart Disease Risk in China. 2.5,0.3732,0.6268
PMID: 42540534,Exposure to Airborne Particulate Matter in Regional Environments of Bangladesh and Its Effects on Respiratory Health: A Narrative Review.,PMID: 42450330,Imaging and Molecular Biomarkers of PFAS-Related Vascular Aging: A Narrative Review.,0.0735,0.9265
PMID: 42540534,Exposure to Airborne Particulate Matter in Regional Environments of Bangladesh and Its Effects on Respiratory Health: A Narrative Review.,PMID: 42449303,Environmental exposome and its public health impact on COPD and asthma exacerbations in France.,0.5177,0.4823
PMID: 42540534,Exposure to Airborne Particulate Matter in Regional Environments of Bangladesh and Its Effects on Respiratory Health: A Narrative Review.,PMID: 42447841,Micro- and nano-plastics in the coronary circulation and air pollution exposure in ischaemic heart disease presentation.,0.0548,0.9452
PMID: 42540534,Exposure to Airborne Particulate Matter in Regional Environments of Bangladesh and Its Effects on Respiratory Health: A Narrative Review.,PMID: 42445923,"Ambient temperature, rainfall, and adverse maternal and child health outcomes in Nigeria: evidence from a national cross-sectional study.",0.1371,0.8629
PMID: 42540534,Exposure to Airborne Particulate Matter in Regional Environments of Bangladesh and Its Effects on Respiratory Health: A Narrative Review.,PMID: 42442744,"Fine Particulate Matter (PM2.5), the Exposome, and Cumulative Health Risk: A Life-course Perspective.",0.3636,0.6364
PMID: 42540534,Exposure to Airborne Particulate Matter in Regional Environments of Bangladesh and Its Effects on Respiratory Health: A Narrative Review.,PMID: 42440588,Maternal exposure to fine particulate matter and autism spectrum disorder in children: population based case-control study.,0.3085,0.6915
PMID: 42540534,Exposure to Airborne Particulate Matter in Regional Environments of Bangladesh and Its Effects on Respiratory Health: A Narrative Review.,PMID: 42437198,"Air Pollution Mixture and Folate Status Indicators among Pregnant Women in Canada: Maternal-Infant Research on Environmental Chemicals (MIREC) Study, 2008 to 2011.",0.2031,0.7969
PMID: 42540534,Exposure to Airborne Particulate Matter in Regional Environments of Bangladesh and Its Effects on Respiratory Health: A Narrative Review.,PMID: 42428257,Prenatal Air Pollution Exposure and Autism Spectrum Disorder in the ECHO Consortium.,0.2164,0.7836
PMID: 42540534,Exposure to Airborne Particulate Matter in Regional Environments of Bangladesh and Its Effects on Respiratory Health: A Narrative Review.,PMID: 42422320,"Maternal ambient air pollution exposure and risk of stillbirth in Georgia, USA.",0.4948,0.5052
PMID: 42540534,Exposure to Airborne Particulate Matter in Regional Environments of Bangladesh and Its Effects on Respiratory Health: A Narrative Review.,PMID: 42420937,Assessing the feasibility of indoor air quality monitoring in low-income housing among Black adults with uncontrolled asthma in New York City.,0.6287,0.3713
PMID: 42540534,Exposure to Airborne Particulate Matter in Regional Environments of Bangladesh and Its Effects on Respiratory Health: A Narrative Review.,PMID: 42420917,Effects of per- and polyfluoroalkyl substances on maternal thyroid function: a stratified analysis by maternal iodine status and thyroid autoantibody status.,0.0464,0.9536
PMID: 42540534,Exposure to Airborne Particulate Matter in Regional Environments of Bangladesh and Its Effects on Respiratory Health: A Narrative Review.,PMID: 42419777,Genetic susceptibility to respiratory health effects from outdoor air pollution: a structured narrative review.,0.5657,0.4343
PMID: 42540534,Exposure to Airborne Particulate Matter in Regional Environments of Bangladesh and Its Effects on Respiratory Health: A Narrative Review.,PMID: 42416905,Association between air pollution and incident cardiovascular diseases among a population with cardiovascular-kidney-metabolic syndrome stages 0-3: the first evidence from the China Health and Retirement Longitudinal Study.,0.2531,0.7469
PMID: 42540534,Exposure to Airborne Particulate Matter in Regional Environments of Bangladesh and Its Effects on Respiratory Health: A Narrative Review.,PMID: 42414291,Causal effects of wildfire PM on hospital costs and length of stay in Brazil. 2.5,0.6341,0.3659
PMID: 42540534,Exposure to Airborne Particulate Matter in Regional Environments of Bangladesh and Its Effects on Respiratory Health: A Narrative Review.,PMID: 42413509,Adaptations to Climate Change-Related Environmental Phenomena to Achieve Physical Activity Recommendations for Adults Aged 65 and Older.,0.4549,0.5451
PMID: 42540534,Exposure to Airborne Particulate Matter in Regional Environments of Bangladesh and Its Effects on Respiratory Health: A Narrative Review.,PMID: 42410409,Investigating environmental heat exposure and its effects on maternal and fetal health in rural Northern Ghana (Physio-HeMAB Study): a study protocol for a cluster randomized trial.,0.0403,0.9597
PMID: 42540534,Exposure to Airborne Particulate Matter in Regional Environments of Bangladesh and Its Effects on Respiratory Health: A Narrative Review.,PMID: 42406176,"Associations of short-, mid-, and long-term particulate matter exposure with elevated LDL-C levels in Korean adults: analysis of KNHANES 2016-2022.",0.5879,0.4121
PMID: 42540534,Exposure to Airborne Particulate Matter in Regional Environments of Bangladesh and Its Effects on Respiratory Health: A Narrative Review.,PMID: 42403579,Exposure to air and water pollution during pregnancy and risk of adverse perinatal outcomes in São Paulo State: protocol for a retrospective population-based cohort study.,0.1623,0.8377
PMID: 42538170,Household incense burning and small for gestational age risk in newborn infants.,PMID: 42534890,Prenatal PFAS exposure and offspring health: evidence review and implications for intergenerational risk assessment.,0.0206,0.9794
PMID: 42538170,Household incense burning and small for gestational age risk in newborn infants.,PMID: 42529083,Environmental and socioeconomic influences on childhood asthma and pneumonia: burden and healthcare utilization in a population-based cohort study.,0.3073,0.6927
PMID: 42538170,Household incense burning and small for gestational age risk in newborn infants.,PMID: 42529026,"Short-term associations between ambient air pollution and cardiovascular disease mortality: an 11-year time-series study in Nanning, China.",0.0722,0.9278
PMID: 42538170,Household incense burning and small for gestational age risk in newborn infants.,PMID: 42528898,"Interpretable machine learning for identifying determinants of high hypertension burden under extreme heat vulnerability: evidence from Maryland, USA.",0.0264,0.9736
PMID: 42538170,Household incense burning and small for gestational age risk in newborn infants.,PMID: 42524808,Compound Exposure to Extreme Heat and Substantial Landscape Fire-Sourced Air Pollution on Cardiovascular Mortality.,0.0508,0.9492
PMID: 42538170,Household incense burning and small for gestational age risk in newborn infants.,PMID: 42524806,Heat Plus Fire: A Compound Hazard Threatening Cardiovascular Health.,0.1057,0.8943
PMID: 42538170,Household incense burning and small for gestational age risk in newborn infants.,PMID: 42521043,Heat stress promotes myocardial injury and ventricular arrhythmia through DRP1-mediated mitochondrial dysfunction.,0.0759,0.9241
PMID: 42538170,Household incense burning and small for gestational age risk in newborn infants.,PMID: 42520874,Long-term particulate matter exposure and coronary inflammation: A large-scale cohort study assessed by pericoronary fat attenuation index.,0.2284,0.7716
PMID: 42538170,Household incense burning and small for gestational age risk in newborn infants.,PMID: 42520868,Maternal exposure to particulate matter during pregnancy and offspring liver function.,0.6164,0.3836
PMID: 42538170,Household incense burning and small for gestational age risk in newborn infants.,PMID: 42520653,"Perfluoroalkyl/Polyfluoroalkyl Substances, Hemostatic/Inflammatory Biomarkers, and Incident Hypertension: The Study of Women's Health Across the Nation.",0.0217,0.9783
PMID: 42538170,Household incense burning and small for gestational age risk in newborn infants.,PMID: 42512137,Weather Information Seeking and Heat-Health Protective Actions During Pregnancy: An Exploratory Study.,0.3974,0.6026
PMID: 42538170,Household incense burning and small for gestational age risk in newborn infants.,PMID: 42508048,Air pollution and cardiovascular disease: A review of current scientific data.,0.1728,0.8272
PMID: 42538170,Household incense burning and small for gestational age risk in newborn infants.,PMID: 42503941,[Advances on the effects and mechanisms of maternal exposure to particulate matter on offspring neurodevelopment].,0.4884,0.5116
PMID: 42538170,Household incense burning and small for gestational age risk in newborn infants.,PMID: 42500877,Case-Crossover Analysis of Short-Term Particulate Matter and Health Outcomes in Patients With Atrial Fibrillation.,0.2868,0.7132
PMID: 42538170,Household incense burning and small for gestational age risk in newborn infants.,PMID: 42496250,Mechanisms of Heat-Induced Sleep Disruption in Aging: A Narrative Review.,0.0502,0.9498
PMID: 42538170,Household incense burning and small for gestational age risk in newborn infants.,PMID: 42492149,Prenatal air pollution exposure and placental biomarkers of oxidative stress and ageing: results from the BiSC cohort.,0.513,0.487
PMID: 42538170,Household incense burning and small for gestational age risk in newborn infants.,PMID: 42488199,Changes in respiratory and cardiovascular morbidity air pollution risk and attributable burden in New York City.,0.0187,0.9813
PMID: 42538170,Household incense burning and small for gestational age risk in newborn infants.,PMID: 42488198,A comprehensive study on the association of personal air pollution exposure with thyroid hormones in pregnant women.,0.5389,0.4611
PMID: 42538170,Household incense burning and small for gestational age risk in newborn infants.,PMID: 42484582,Constituent-Specific PM and Cardiovascular Risk: From Mass to Mixture. 2.5,0.1057,0.8943
PMID: 42538170,Household incense burning and small for gestational age risk in newborn infants.,PMID: 42483592,Quantifying the Health Benefits Linked to Reduced Traffic-Related PM Exposure on Acute Coronary Syndrome Incidence in China. 2.5,0.3658,0.6342
PMID: 42538170,Household incense burning and small for gestational age risk in newborn infants.,PMID: 42483588,Transcriptomic Perturbations in Placental Gene Expression Following Developmental Exposure to Perfluorooctanoic Acid (PFOA) or Hexafluoropropylene Oxide-Dimer Acid (HFPO-DA or GenX) in CD‑1 Mice Are Consistent with Placental Insufficiency.,0.2907,0.7093
PMID: 42538170,Household incense burning and small for gestational age risk in newborn infants.,PMID: 42483065,"Combined effects of apparent low temperature and PM pollution on circulatory emergency ambulance calls: a time-series analysis in Shijiazhuang, China. 2.5",0.244,0.756
PMID: 42538170,Household incense burning and small for gestational age risk in newborn infants.,PMID: 42482688,"Size-specific health effects of particulate matter components on cardiovascular mortality: a weekly time-series study in Tianjin, China.",0.1988,0.8012
PMID: 42538170,Household incense burning and small for gestational age risk in newborn infants.,PMID: 42476417,Thermophysiological response of adults to long-distance running in different ACSM environmental risk conditions: A systematic review and meta-analysis.,0.0314,0.9686
PMID: 42538170,Household incense burning and small for gestational age risk in newborn infants.,PMID: 42474428,Individual and neighborhood factors influencing pediatric asthma exacerbations during urban heatwaves.,0.0708,0.9292
PMID: 42538170,Household incense burning and small for gestational age risk in newborn infants.,PMID: 42472615,Targeted inhibition of JAK2 phosphorylation by GenX disrupts the JAK2-STAT3 pathway and induces cardiovascular toxicity in zebrafish: Insights from network toxicology and molecular dynamics.,0.0644,0.9356
PMID: 42538170,Household incense burning and small for gestational age risk in newborn infants.,PMID: 42471626,Associations between wildland fire smoke PM and maternal blood pressure. 2.5,0.6152,0.3848
PMID: 42538170,Household incense burning and small for gestational age risk in newborn infants.,PMID: 42466507,Joint Effects of Heat and Fine Particulate Matter on Out-of-Hospital Cardiac Arrest in Japan: A Nationwide Time-Stratified Case-Crossover Study.,0.2702,0.7298
PMID: 42538170,Household incense burning and small for gestational age risk in newborn infants.,PMID: 42459959,Mechanistic insights into PM-induced cardiac fibrosis involving ERS/TXNIP/NLRP3-driven pyroptosis in multiple cell types. 2.5,0.2817,0.7183
PMID: 42538170,Household incense burning and small for gestational age risk in newborn infants.,PMID: 42455550,"Modifiable Risk Factors and Attributable Ischemic Heart Disease Mortality in US States, 1990-2023: A Systematic Analysis for the Global Burden of Disease Study 2023.",0.3104,0.6896
PMID: 42538170,Household incense burning and small for gestational age risk in newborn infants.,PMID: 42455100,Long-Term Exposure to PM Constituents and Coronary Heart Disease Risk in China. 2.5,0.2545,0.7455
PMID: 42538170,Household incense burning and small for gestational age risk in newborn infants.,PMID: 42450330,Imaging and Molecular Biomarkers of PFAS-Related Vascular Aging: A Narrative Review.,0.057,0.943
PMID: 42538170,Household incense burning and small for gestational age risk in newborn infants.,PMID: 42449303,Environmental exposome and its public health impact on COPD and asthma exacerbations in France.,0.0647,0.9353
PMID: 42538170,Household incense burning and small for gestational age risk in newborn infants.,PMID: 42447841,Micro- and nano-plastics in the coronary circulation and air pollution exposure in ischaemic heart disease presentation.,0.0573,0.9427
PMID: 42538170,Household incense burning and small for gestational age risk in newborn infants.,PMID: 42445923,"Ambient temperature, rainfall, and adverse maternal and child health outcomes in Nigeria: evidence from a national cross-sectional study.",0.1698,0.8302
PMID: 42538170,Household incense burning and small for gestational age risk in newborn infants.,PMID: 42442744,"Fine Particulate Matter (PM2.5), the Exposome, and Cumulative Health Risk: A Life-course Perspective.",0.1733,0.8267
PMID: 42538170,Household incense burning and small for gestational age risk in newborn infants.,PMID: 42440588,Maternal exposure to fine particulate matter and autism spectrum disorder in children: population based case-control study.,0.5855,0.4145
PMID: 42538170,Household incense burning and small for gestational age risk in newborn infants.,PMID: 42437198,"Air Pollution Mixture and Folate Status Indicators among Pregnant Women in Canada: Maternal-Infant Research on Environmental Chemicals (MIREC) Study, 2008 to 2011.",0.4892,0.5108
PMID: 42538170,Household incense burning and small for gestational age risk in newborn infants.,PMID: 42428257,Prenatal Air Pollution Exposure and Autism Spectrum Disorder in the ECHO Consortium.,0.4609,0.5391
PMID: 42538170,Household incense burning and small for gestational age risk in newborn infants.,PMID: 42422320,"Maternal ambient air pollution exposure and risk of stillbirth in Georgia, USA.",0.6153,0.3847
PMID: 42538170,Household incense burning and small for gestational age risk in newborn infants.,PMID: 42420937,Assessing the feasibility of indoor air quality monitoring in low-income housing among Black adults with uncontrolled asthma in New York City.,0.0729,0.9271
PMID: 42538170,Household incense burning and small for gestational age risk in newborn infants.,PMID: 42420917,Effects of per- and polyfluoroalkyl substances on maternal thyroid function: a stratified analysis by maternal iodine status and thyroid autoantibody status.,0.355,0.645
PMID: 42538170,Household incense burning and small for gestational age risk in newborn infants.,PMID: 42419777,Genetic susceptibility to respiratory health effects from outdoor air pollution: a structured narrative review.,0.2036,0.7964
PMID: 42538170,Household incense burning and small for gestational age risk in newborn infants.,PMID: 42416905,Association between air pollution and incident cardiovascular diseases among a population with cardiovascular-kidney-metabolic syndrome stages 0-3: the first evidence from the China Health and Retirement Longitudinal Study.,0.1001,0.8999
PMID: 42538170,Household incense burning and small for gestational age risk in newborn infants.,PMID: 42414291,Causal effects of wildfire PM on hospital costs and length of stay in Brazil. 2.5,0.249,0.751
PMID: 42538170,Household incense burning and small for gestational age risk in newborn infants.,PMID: 42413509,Adaptations to Climate Change-Related Environmental Phenomena to Achieve Physical Activity Recommendations for Adults Aged 65 and Older.,0.022,0.978
PMID: 42538170,Household incense burning and small for gestational age risk in newborn infants.,PMID: 42410409,Investigating environmental heat exposure and its effects on maternal and fetal health in rural Northern Ghana (Physio-HeMAB Study): a study protocol for a cluster randomized trial.,0.557,0.443
PMID: 42538170,Household incense burning and small for gestational age risk in newborn infants.,PMID: 42406176,"Associations of short-, mid-, and long-term particulate matter exposure with elevated LDL-C levels in Korean adults: analysis of KNHANES 2016-2022.",0.4097,0.5903
PMID: 42538170,Household incense burning and small for gestational age risk in newborn infants.,PMID: 42403579,Exposure to air and water pollution during pregnancy and risk of adverse perinatal outcomes in São Paulo State: protocol for a retrospective population-based cohort study.,0.3914,0.6086
PMID: 42534890,Prenatal PFAS exposure and offspring health: evidence review and implications for intergenerational risk assessment.,PMID: 42529083,Environmental and socioeconomic influences on childhood asthma and pneumonia: burden and healthcare utilization in a population-based cohort study.,0.018,0.982
PMID: 42534890,Prenatal PFAS exposure and offspring health: evidence review and implications for intergenerational risk assessment.,PMID: 42529026,"Short-term associations between ambient air pollution and cardiovascular disease mortality: an 11-year time-series study in Nanning, China.",0.0196,0.9804
PMID: 42534890,Prenatal PFAS exposure and offspring health: evidence review and implications for intergenerational risk assessment.,PMID: 42528898,"Interpretable machine learning for identifying determinants of high hypertension burden under extreme heat vulnerability: evidence from Maryland, USA.",0.047,0.953
PMID: 42534890,Prenatal PFAS exposure and offspring health: evidence review and implications for intergenerational risk assessment.,PMID: 42524808,Compound Exposure to Extreme Heat and Substantial Landscape Fire-Sourced Air Pollution on Cardiovascular Mortality.,0.0351,0.9649
PMID: 42534890,Prenatal PFAS exposure and offspring health: evidence review and implications for intergenerational risk assessment.,PMID: 42524806,Heat Plus Fire: A Compound Hazard Threatening Cardiovascular Health.,0.1905,0.8095
PMID: 42534890,Prenatal PFAS exposure and offspring health: evidence review and implications for intergenerational risk assessment.,PMID: 42521043,Heat stress promotes myocardial injury and ventricular arrhythmia through DRP1-mediated mitochondrial dysfunction.,0.0524,0.9476
PMID: 42534890,Prenatal PFAS exposure and offspring health: evidence review and implications for intergenerational risk assessment.,PMID: 42520874,Long-term particulate matter exposure and coronary inflammation: A large-scale cohort study assessed by pericoronary fat attenuation index.,0.0147,0.9853
PMID: 42534890,Prenatal PFAS exposure and offspring health: evidence review and implications for intergenerational risk assessment.,PMID: 42520868,Maternal exposure to particulate matter during pregnancy and offspring liver function.,0.0354,0.9646
PMID: 42534890,Prenatal PFAS exposure and offspring health: evidence review and implications for intergenerational risk assessment.,PMID: 42520653,"Perfluoroalkyl/Polyfluoroalkyl Substances, Hemostatic/Inflammatory Biomarkers, and Incident Hypertension: The Study of Women's Health Across the Nation.",0.2223,0.7777
PMID: 42534890,Prenatal PFAS exposure and offspring health: evidence review and implications for intergenerational risk assessment.,PMID: 42512137,Weather Information Seeking and Heat-Health Protective Actions During Pregnancy: An Exploratory Study.,0.0254,0.9746
PMID: 42534890,Prenatal PFAS exposure and offspring health: evidence review and implications for intergenerational risk assessment.,PMID: 42508048,Air pollution and cardiovascular disease: A review of current scientific data.,0.0247,0.9753
PMID: 42534890,Prenatal PFAS exposure and offspring health: evidence review and implications for intergenerational risk assessment.,PMID: 42503941,[Advances on the effects and mechanisms of maternal exposure to particulate matter on offspring neurodevelopment].,0.0349,0.9651
PMID: 42534890,Prenatal PFAS exposure and offspring health: evidence review and implications for intergenerational risk assessment.,PMID: 42500877,Case-Crossover Analysis of Short-Term Particulate Matter and Health Outcomes in Patients With Atrial Fibrillation.,0.0315,0.9685
PMID: 42534890,Prenatal PFAS exposure and offspring health: evidence review and implications for intergenerational risk assessment.,PMID: 42496250,Mechanisms of Heat-Induced Sleep Disruption in Aging: A Narrative Review.,0.2157,0.7843
PMID: 42534890,Prenatal PFAS exposure and offspring health: evidence review and implications for intergenerational risk assessment.,PMID: 42492149,Prenatal air pollution exposure and placental biomarkers of oxidative stress and ageing: results from the BiSC cohort.,0.0169,0.9831
PMID: 42534890,Prenatal PFAS exposure and offspring health: evidence review and implications for intergenerational risk assessment.,PMID: 42488199,Changes in respiratory and cardiovascular morbidity air pollution risk and attributable burden in New York City.,0.0332,0.9668
PMID: 42534890,Prenatal PFAS exposure and offspring health: evidence review and implications for intergenerational risk assessment.,PMID: 42488198,A comprehensive study on the association of personal air pollution exposure with thyroid hormones in pregnant women.,0.2197,0.7803
PMID: 42534890,Prenatal PFAS exposure and offspring health: evidence review and implications for intergenerational risk assessment.,PMID: 42484582,Constituent-Specific PM and Cardiovascular Risk: From Mass to Mixture. 2.5,0.1905,0.8095
PMID: 42534890,Prenatal PFAS exposure and offspring health: evidence review and implications for intergenerational risk assessment.,PMID: 42483592,Quantifying the Health Benefits Linked to Reduced Traffic-Related PM Exposure on Acute Coronary Syndrome Incidence in China. 2.5,0.0278,0.9722
PMID: 42534890,Prenatal PFAS exposure and offspring health: evidence review and implications for intergenerational risk assessment.,PMID: 42483588,Transcriptomic Perturbations in Placental Gene Expression Following Developmental Exposure to Perfluorooctanoic Acid (PFOA) or Hexafluoropropylene Oxide-Dimer Acid (HFPO-DA or GenX) in CD‑1 Mice Are Consistent with Placental Insufficiency.,0.5685,0.4315
PMID: 42534890,Prenatal PFAS exposure and offspring health: evidence review and implications for intergenerational risk assessment.,PMID: 42483065,"Combined effects of apparent low temperature and PM pollution on circulatory emergency ambulance calls: a time-series analysis in Shijiazhuang, China. 2.5",0.0349,0.9651
PMID: 42534890,Prenatal PFAS exposure and offspring health: evidence review and implications for intergenerational risk assessment.,PMID: 42482688,"Size-specific health effects of particulate matter components on cardiovascular mortality: a weekly time-series study in Tianjin, China.",0.0285,0.9715
PMID: 42534890,Prenatal PFAS exposure and offspring health: evidence review and implications for intergenerational risk assessment.,PMID: 42476417,Thermophysiological response of adults to long-distance running in different ACSM environmental risk conditions: A systematic review and meta-analysis.,0.057,0.943
PMID: 42534890,Prenatal PFAS exposure and offspring health: evidence review and implications for intergenerational risk assessment.,PMID: 42474428,Individual and neighborhood factors influencing pediatric asthma exacerbations during urban heatwaves.,0.0489,0.9511
PMID: 42534890,Prenatal PFAS exposure and offspring health: evidence review and implications for intergenerational risk assessment.,PMID: 42472615,Targeted inhibition of JAK2 phosphorylation by GenX disrupts the JAK2-STAT3 pathway and induces cardiovascular toxicity in zebrafish: Insights from network toxicology and molecular dynamics.,0.2765,0.7235
PMID: 42534890,Prenatal PFAS exposure and offspring health: evidence review and implications for intergenerational risk assessment.,PMID: 42471626,Associations between wildland fire smoke PM and maternal blood pressure. 2.5,0.0412,0.9588
PMID: 42534890,Prenatal PFAS exposure and offspring health: evidence review and implications for intergenerational risk assessment.,PMID: 42466507,Joint Effects of Heat and Fine Particulate Matter on Out-of-Hospital Cardiac Arrest in Japan: A Nationwide Time-Stratified Case-Crossover Study.,0.0386,0.9614
PMID: 42534890,Prenatal PFAS exposure and offspring health: evidence review and implications for intergenerational risk assessment.,PMID: 42459959,Mechanistic insights into PM-induced cardiac fibrosis involving ERS/TXNIP/NLRP3-driven pyroptosis in multiple cell types. 2.5,0.0402,0.9598
PMID: 42534890,Prenatal PFAS exposure and offspring health: evidence review and implications for intergenerational risk assessment.,PMID: 42455550,"Modifiable Risk Factors and Attributable Ischemic Heart Disease Mortality in US States, 1990-2023: A Systematic Analysis for the Global Burden of Disease Study 2023.",0.0444,0.9556
PMID: 42534890,Prenatal PFAS exposure and offspring health: evidence review and implications for intergenerational risk assessment.,PMID: 42455100,Long-Term Exposure to PM Constituents and Coronary Heart Disease Risk in China. 2.5,0.0164,0.9836
PMID: 42534890,Prenatal PFAS exposure and offspring health: evidence review and implications for intergenerational risk assessment.,PMID: 42450330,Imaging and Molecular Biomarkers of PFAS-Related Vascular Aging: A Narrative Review.,0.2445,0.7555
PMID: 42534890,Prenatal PFAS exposure and offspring health: evidence review and implications for intergenerational risk assessment.,PMID: 42449303,Environmental exposome and its public health impact on COPD and asthma exacerbations in France.,0.0444,0.9556
PMID: 42534890,Prenatal PFAS exposure and offspring health: evidence review and implications for intergenerational risk assessment.,PMID: 42447841,Micro- and nano-plastics in the coronary circulation and air pollution exposure in ischaemic heart disease presentation.,0.0207,0.9793
PMID: 42534890,Prenatal PFAS exposure and offspring health: evidence review and implications for intergenerational risk assessment.,PMID: 42445923,"Ambient temperature, rainfall, and adverse maternal and child health outcomes in Nigeria: evidence from a national cross-sectional study.",0.0285,0.9715
PMID: 42534890,Prenatal PFAS exposure and offspring health: evidence review and implications for intergenerational risk assessment.,PMID: 42442744,"Fine Particulate Matter (PM2.5), the Exposome, and Cumulative Health Risk: A Life-course Perspective.",0.0284,0.9716
PMID: 42534890,Prenatal PFAS exposure and offspring health: evidence review and implications for intergenerational risk assessment.,PMID: 42440588,Maternal exposure to fine particulate matter and autism spectrum disorder in children: population based case-control study.,0.0369,0.9631
PMID: 42534890,Prenatal PFAS exposure and offspring health: evidence review and implications for intergenerational risk assessment.,PMID: 42437198,"Air Pollution Mixture and Folate Status Indicators among Pregnant Women in Canada: Maternal-Infant Research on Environmental Chemicals (MIREC) Study, 2008 to 2011.",0.0319,0.9681
PMID: 42534890,Prenatal PFAS exposure and offspring health: evidence review and implications for intergenerational risk assessment.,PMID: 42428257,Prenatal Air Pollution Exposure and Autism Spectrum Disorder in the ECHO Consortium.,0.0163,0.9837
PMID: 42534890,Prenatal PFAS exposure and offspring health: evidence review and implications for intergenerational risk assessment.,PMID: 42422320,"Maternal ambient air pollution exposure and risk of stillbirth in Georgia, USA.",0.0216,0.9784
PMID: 42534890,Prenatal PFAS exposure and offspring health: evidence review and implications for intergenerational risk assessment.,PMID: 42420937,Assessing the feasibility of indoor air quality monitoring in low-income housing among Black adults with uncontrolled asthma in New York City.,0.0504,0.9496
PMID: 42534890,Prenatal PFAS exposure and offspring health: evidence review and implications for intergenerational risk assessment.,PMID: 42420917,Effects of per- and polyfluoroalkyl substances on maternal thyroid function: a stratified analysis by maternal iodine status and thyroid autoantibody status.,0.5421,0.4579
PMID: 42534890,Prenatal PFAS exposure and offspring health: evidence review and implications for intergenerational risk assessment.,PMID: 42419777,Genetic susceptibility to respiratory health effects from outdoor air pollution: a structured narrative review.,0.0334,0.9666
PMID: 42534890,Prenatal PFAS exposure and offspring health: evidence review and implications for intergenerational risk assessment.,PMID: 42416905,Association between air pollution and incident cardiovascular diseases among a population with cardiovascular-kidney-metabolic syndrome stages 0-3: the first evidence from the China Health and Retirement Longitudinal Study.,0.0199,0.9801
PMID: 42534890,Prenatal PFAS exposure and offspring health: evidence review and implications for intergenerational risk assessment.,PMID: 42414291,Causal effects of wildfire PM on hospital costs and length of stay in Brazil. 2.5,0.0356,0.9644
PMID: 42534890,Prenatal PFAS exposure and offspring health: evidence review and implications for intergenerational risk assessment.,PMID: 42413509,Adaptations to Climate Change-Related Environmental Phenomena to Achieve Physical Activity Recommendations for Adults Aged 65 and Older.,0.0389,0.9611
PMID: 42534890,Prenatal PFAS exposure and offspring health: evidence review and implications for intergenerational risk assessment.,PMID: 42410409,Investigating environmental heat exposure and its effects on maternal and fetal health in rural Northern Ghana (Physio-HeMAB Study): a study protocol for a cluster randomized trial.,0.0396,0.9604
PMID: 42534890,Prenatal PFAS exposure and offspring health: evidence review and implications for intergenerational risk assessment.,PMID: 42406176,"Associations of short-, mid-, and long-term particulate matter exposure with elevated LDL-C levels in Korean adults: analysis of KNHANES 2016-2022.",0.0257,0.9743
PMID: 42534890,Prenatal PFAS exposure and offspring health: evidence review and implications for intergenerational risk assessment.,PMID: 42403579,Exposure to air and water pollution during pregnancy and risk of adverse perinatal outcomes in São Paulo State: protocol for a retrospective population-based cohort study.,0.0256,0.9744
PMID: 42529083,Environmental and socioeconomic influences on childhood asthma and pneumonia: burden and healthcare utilization in a population-based cohort study.,PMID: 42529026,"Short-term associations between ambient air pollution and cardiovascular disease mortality: an 11-year time-series study in Nanning, China.",0.4006,0.5994
PMID: 42529083,Environmental and socioeconomic influences on childhood asthma and pneumonia: burden and healthcare utilization in a population-based cohort study.,PMID: 42528898,"Interpretable machine learning for identifying determinants of high hypertension burden under extreme heat vulnerability: evidence from Maryland, USA.",0.2481,0.7519
PMID: 42529083,Environmental and socioeconomic influences on childhood asthma and pneumonia: burden and healthcare utilization in a population-based cohort study.,PMID: 42524808,Compound Exposure to Extreme Heat and Substantial Landscape Fire-Sourced Air Pollution on Cardiovascular Mortality.,0.212,0.788
PMID: 42529083,Environmental and socioeconomic influences on childhood asthma and pneumonia: burden and healthcare utilization in a population-based cohort study.,PMID: 42524806,Heat Plus Fire: A Compound Hazard Threatening Cardiovascular Health.,0.0913,0.9087
PMID: 42529083,Environmental and socioeconomic influences on childhood asthma and pneumonia: burden and healthcare utilization in a population-based cohort study.,PMID: 42521043,Heat stress promotes myocardial injury and ventricular arrhythmia through DRP1-mediated mitochondrial dysfunction.,0.3163,0.6837
PMID: 42529083,Environmental and socioeconomic influences on childhood asthma and pneumonia: burden and healthcare utilization in a population-based cohort study.,PMID: 42520874,Long-term particulate matter exposure and coronary inflammation: A large-scale cohort study assessed by pericoronary fat attenuation index.,0.2263,0.7737
PMID: 42529083,Environmental and socioeconomic influences on childhood asthma and pneumonia: burden and healthcare utilization in a population-based cohort study.,PMID: 42520868,Maternal exposure to particulate matter during pregnancy and offspring liver function.,0.2885,0.7115
PMID: 42529083,Environmental and socioeconomic influences on childhood asthma and pneumonia: burden and healthcare utilization in a population-based cohort study.,PMID: 42520653,"Perfluoroalkyl/Polyfluoroalkyl Substances, Hemostatic/Inflammatory Biomarkers, and Incident Hypertension: The Study of Women's Health Across the Nation.",0.0187,0.9813
PMID: 42529083,Environmental and socioeconomic influences on childhood asthma and pneumonia: burden and healthcare utilization in a population-based cohort study.,PMID: 42512137,Weather Information Seeking and Heat-Health Protective Actions During Pregnancy: An Exploratory Study.,0.3139,0.6861
PMID: 42529083,Environmental and socioeconomic influences on childhood asthma and pneumonia: burden and healthcare utilization in a population-based cohort study.,PMID: 42508048,Air pollution and cardiovascular disease: A review of current scientific data.,0.4118,0.5882
PMID: 42529083,Environmental and socioeconomic influences on childhood asthma and pneumonia: burden and healthcare utilization in a population-based cohort study.,PMID: 42503941,[Advances on the effects and mechanisms of maternal exposure to particulate matter on offspring neurodevelopment].,0.1832,0.8168
PMID: 42529083,Environmental and socioeconomic influences on childhood asthma and pneumonia: burden and healthcare utilization in a population-based cohort study.,PMID: 42500877,Case-Crossover Analysis of Short-Term Particulate Matter and Health Outcomes in Patients With Atrial Fibrillation.,0.5501,0.4499
PMID: 42529083,Environmental and socioeconomic influences on childhood asthma and pneumonia: burden and healthcare utilization in a population-based cohort study.,PMID: 42496250,Mechanisms of Heat-Induced Sleep Disruption in Aging: A Narrative Review.,0.2093,0.7907
PMID: 42529083,Environmental and socioeconomic influences on childhood asthma and pneumonia: burden and healthcare utilization in a population-based cohort study.,PMID: 42492149,Prenatal air pollution exposure and placental biomarkers of oxidative stress and ageing: results from the BiSC cohort.,0.3908,0.6092
PMID: 42529083,Environmental and socioeconomic influences on childhood asthma and pneumonia: burden and healthcare utilization in a population-based cohort study.,PMID: 42488199,Changes in respiratory and cardiovascular morbidity air pollution risk and attributable burden in New York City.,0.6522,0.3478
PMID: 42529083,Environmental and socioeconomic influences on childhood asthma and pneumonia: burden and healthcare utilization in a population-based cohort study.,PMID: 42488198,A comprehensive study on the association of personal air pollution exposure with thyroid hormones in pregnant women.,0.3922,0.6078
PMID: 42529083,Environmental and socioeconomic influences on childhood asthma and pneumonia: burden and healthcare utilization in a population-based cohort study.,PMID: 42484582,Constituent-Specific PM and Cardiovascular Risk: From Mass to Mixture. 2.5,0.0913,0.9087
PMID: 42529083,Environmental and socioeconomic influences on childhood asthma and pneumonia: burden and healthcare utilization in a population-based cohort study.,PMID: 42483592,Quantifying the Health Benefits Linked to Reduced Traffic-Related PM Exposure on Acute Coronary Syndrome Incidence in China. 2.5,0.3164,0.6836
PMID: 42529083,Environmental and socioeconomic influences on childhood asthma and pneumonia: burden and healthcare utilization in a population-based cohort study.,PMID: 42483588,Transcriptomic Perturbations in Placental Gene Expression Following Developmental Exposure to Perfluorooctanoic Acid (PFOA) or Hexafluoropropylene Oxide-Dimer Acid (HFPO-DA or GenX) in CD‑1 Mice Are Consistent with Placental Insufficiency.,0.0165,0.9835
PMID: 42529083,Environmental and socioeconomic influences on childhood asthma and pneumonia: burden and healthcare utilization in a population-based cohort study.,PMID: 42483065,"Combined effects of apparent low temperature and PM pollution on circulatory emergency ambulance calls: a time-series analysis in Shijiazhuang, China. 2.5",0.3782,0.6218
PMID: 42529083,Environmental and socioeconomic influences on childhood asthma and pneumonia: burden and healthcare utilization in a population-based cohort study.,PMID: 42482688,"Size-specific health effects of particulate matter components on cardiovascular mortality: a weekly time-series study in Tianjin, China.",0.3079,0.6921
PMID: 42529083,Environmental and socioeconomic influences on childhood asthma and pneumonia: burden and healthcare utilization in a population-based cohort study.,PMID: 42476417,Thermophysiological response of adults to long-distance running in different ACSM environmental risk conditions: A systematic review and meta-analysis.,0.2981,0.7019
PMID: 42529083,Environmental and socioeconomic influences on childhood asthma and pneumonia: burden and healthcare utilization in a population-based cohort study.,PMID: 42474428,Individual and neighborhood factors influencing pediatric asthma exacerbations during urban heatwaves.,0.5811,0.4189
PMID: 42529083,Environmental and socioeconomic influences on childhood asthma and pneumonia: burden and healthcare utilization in a population-based cohort study.,PMID: 42472615,Targeted inhibition of JAK2 phosphorylation by GenX disrupts the JAK2-STAT3 pathway and induces cardiovascular toxicity in zebrafish: Insights from network toxicology and molecular dynamics.,0.0557,0.9443
PMID: 42529083,Environmental and socioeconomic influences on childhood asthma and pneumonia: burden and healthcare utilization in a population-based cohort study.,PMID: 42471626,Associations between wildland fire smoke PM and maternal blood pressure. 2.5,0.2489,0.7511
PMID: 42529083,Environmental and socioeconomic influences on childhood asthma and pneumonia: burden and healthcare utilization in a population-based cohort study.,PMID: 42466507,Joint Effects of Heat and Fine Particulate Matter on Out-of-Hospital Cardiac Arrest in Japan: A Nationwide Time-Stratified Case-Crossover Study.,0.4184,0.5816
PMID: 42529083,Environmental and socioeconomic influences on childhood asthma and pneumonia: burden and healthcare utilization in a population-based cohort study.,PMID: 42459959,Mechanistic insights into PM-induced cardiac fibrosis involving ERS/TXNIP/NLRP3-driven pyroptosis in multiple cell types. 2.5,0.2432,0.7568
PMID: 42529083,Environmental and socioeconomic influences on childhood asthma and pneumonia: burden and healthcare utilization in a population-based cohort study.,PMID: 42455550,"Modifiable Risk Factors and Attributable Ischemic Heart Disease Mortality in US States, 1990-2023: A Systematic Analysis for the Global Burden of Disease Study 2023.",0.2688,0.7312
PMID: 42529083,Environmental and socioeconomic influences on childhood asthma and pneumonia: burden and healthcare utilization in a population-based cohort study.,PMID: 42455100,Long-Term Exposure to PM Constituents and Coronary Heart Disease Risk in China. 2.5,0.2199,0.7801
PMID: 42529083,Environmental and socioeconomic influences on childhood asthma and pneumonia: burden and healthcare utilization in a population-based cohort study.,PMID: 42450330,Imaging and Molecular Biomarkers of PFAS-Related Vascular Aging: A Narrative Review.,0.0493,0.9507
PMID: 42529083,Environmental and socioeconomic influences on childhood asthma and pneumonia: burden and healthcare utilization in a population-based cohort study.,PMID: 42449303,Environmental exposome and its public health impact on COPD and asthma exacerbations in France.,0.3154,0.6846
PMID: 42529083,Environmental and socioeconomic influences on childhood asthma and pneumonia: burden and healthcare utilization in a population-based cohort study.,PMID: 42447841,Micro- and nano-plastics in the coronary circulation and air pollution exposure in ischaemic heart disease presentation.,0.0494,0.9506
PMID: 42529083,Environmental and socioeconomic influences on childhood asthma and pneumonia: burden and healthcare utilization in a population-based cohort study.,PMID: 42445923,"Ambient temperature, rainfall, and adverse maternal and child health outcomes in Nigeria: evidence from a national cross-sectional study.",0.3806,0.6194
PMID: 42529083,Environmental and socioeconomic influences on childhood asthma and pneumonia: burden and healthcare utilization in a population-based cohort study.,PMID: 42442744,"Fine Particulate Matter (PM2.5), the Exposome, and Cumulative Health Risk: A Life-course Perspective.",0.2856,0.7144
PMID: 42529083,Environmental and socioeconomic influences on childhood asthma and pneumonia: burden and healthcare utilization in a population-based cohort study.,PMID: 42440588,Maternal exposure to fine particulate matter and autism spectrum disorder in children: population based case-control study.,0.2904,0.7096
PMID: 42529083,Environmental and socioeconomic influences on childhood asthma and pneumonia: burden and healthcare utilization in a population-based cohort study.,PMID: 42437198,"Air Pollution Mixture and Folate Status Indicators among Pregnant Women in Canada: Maternal-Infant Research on Environmental Chemicals (MIREC) Study, 2008 to 2011.",0.356,0.644
PMID: 42529083,Environmental and socioeconomic influences on childhood asthma and pneumonia: burden and healthcare utilization in a population-based cohort study.,PMID: 42428257,Prenatal Air Pollution Exposure and Autism Spectrum Disorder in the ECHO Consortium.,0.3986,0.6014
PMID: 42529083,Environmental and socioeconomic influences on childhood asthma and pneumonia: burden and healthcare utilization in a population-based cohort study.,PMID: 42422320,"Maternal ambient air pollution exposure and risk of stillbirth in Georgia, USA.",0.249,0.751
PMID: 42529083,Environmental and socioeconomic influences on childhood asthma and pneumonia: burden and healthcare utilization in a population-based cohort study.,PMID: 42420937,Assessing the feasibility of indoor air quality monitoring in low-income housing among Black adults with uncontrolled asthma in New York City.,0.5452,0.4548
PMID: 42529083,Environmental and socioeconomic influences on childhood asthma and pneumonia: burden and healthcare utilization in a population-based cohort study.,PMID: 42420917,Effects of per- and polyfluoroalkyl substances on maternal thyroid function: a stratified analysis by maternal iodine status and thyroid autoantibody status.,0.0913,0.9087
PMID: 42529083,Environmental and socioeconomic influences on childhood asthma and pneumonia: burden and healthcare utilization in a population-based cohort study.,PMID: 42419777,Genetic susceptibility to respiratory health effects from outdoor air pollution: a structured narrative review.,0.6548,0.3452
PMID: 42529083,Environmental and socioeconomic influences on childhood asthma and pneumonia: burden and healthcare utilization in a population-based cohort study.,PMID: 42416905,Association between air pollution and incident cardiovascular diseases among a population with cardiovascular-kidney-metabolic syndrome stages 0-3: the first evidence from the China Health and Retirement Longitudinal Study.,0.0869,0.9131
PMID: 42529083,Environmental and socioeconomic influences on childhood asthma and pneumonia: burden and healthcare utilization in a population-based cohort study.,PMID: 42414291,Causal effects of wildfire PM on hospital costs and length of stay in Brazil. 2.5,0.5563,0.4437
PMID: 42529083,Environmental and socioeconomic influences on childhood asthma and pneumonia: burden and healthcare utilization in a population-based cohort study.,PMID: 42413509,Adaptations to Climate Change-Related Environmental Phenomena to Achieve Physical Activity Recommendations for Adults Aged 65 and Older.,0.3932,0.6068
PMID: 42529083,Environmental and socioeconomic influences on childhood asthma and pneumonia: burden and healthcare utilization in a population-based cohort study.,PMID: 42410409,Investigating environmental heat exposure and its effects on maternal and fetal health in rural Northern Ghana (Physio-HeMAB Study): a study protocol for a cluster randomized trial.,0.2089,0.7911
PMID: 42529083,Environmental and socioeconomic influences on childhood asthma and pneumonia: burden and healthcare utilization in a population-based cohort study.,PMID: 42406176,"Associations of short-, mid-, and long-term particulate matter exposure with elevated LDL-C levels in Korean adults: analysis of KNHANES 2016-2022.",0.3331,0.6669
PMID: 42529083,Environmental and socioeconomic influences on childhood asthma and pneumonia: burden and healthcare utilization in a population-based cohort study.,PMID: 42403579,Exposure to air and water pollution during pregnancy and risk of adverse perinatal outcomes in São Paulo State: protocol for a retrospective population-based cohort study.,0.3113,0.6887
PMID: 42529026,"Short-term associations between ambient air pollution and cardiovascular disease mortality: an 11-year time-series study in Nanning, China.",PMID: 42528898,"Interpretable machine learning for identifying determinants of high hypertension burden under extreme heat vulnerability: evidence from Maryland, USA.",0.5169,0.4831
PMID: 42529026,"Short-term associations between ambient air pollution and cardiovascular disease mortality: an 11-year time-series study in Nanning, China.",PMID: 42524808,Compound Exposure to Extreme Heat and Substantial Landscape Fire-Sourced Air Pollution on Cardiovascular Mortality.,0.6392,0.3608
PMID: 42529026,"Short-term associations between ambient air pollution and cardiovascular disease mortality: an 11-year time-series study in Nanning, China.",PMID: 42524806,Heat Plus Fire: A Compound Hazard Threatening Cardiovascular Health.,0.0998,0.9002
PMID: 42529026,"Short-term associations between ambient air pollution and cardiovascular disease mortality: an 11-year time-series study in Nanning, China.",PMID: 42521043,Heat stress promotes myocardial injury and ventricular arrhythmia through DRP1-mediated mitochondrial dysfunction.,0.6198,0.3802
PMID: 42529026,"Short-term associations between ambient air pollution and cardiovascular disease mortality: an 11-year time-series study in Nanning, China.",PMID: 42520874,Long-term particulate matter exposure and coronary inflammation: A large-scale cohort study assessed by pericoronary fat attenuation index.,0.1838,0.8162
PMID: 42529026,"Short-term associations between ambient air pollution and cardiovascular disease mortality: an 11-year time-series study in Nanning, China.",PMID: 42520868,Maternal exposure to particulate matter during pregnancy and offspring liver function.,0.0488,0.9512
PMID: 42529026,"Short-term associations between ambient air pollution and cardiovascular disease mortality: an 11-year time-series study in Nanning, China.",PMID: 42520653,"Perfluoroalkyl/Polyfluoroalkyl Substances, Hemostatic/Inflammatory Biomarkers, and Incident Hypertension: The Study of Women's Health Across the Nation.",0.2225,0.7775
PMID: 42529026,"Short-term associations between ambient air pollution and cardiovascular disease mortality: an 11-year time-series study in Nanning, China.",PMID: 42512137,Weather Information Seeking and Heat-Health Protective Actions During Pregnancy: An Exploratory Study.,0.3197,0.6803
PMID: 42529026,"Short-term associations between ambient air pollution and cardiovascular disease mortality: an 11-year time-series study in Nanning, China.",PMID: 42508048,Air pollution and cardiovascular disease: A review of current scientific data.,0.4218,0.5782
PMID: 42529026,"Short-term associations between ambient air pollution and cardiovascular disease mortality: an 11-year time-series study in Nanning, China.",PMID: 42503941,[Advances on the effects and mechanisms of maternal exposure to particulate matter on offspring neurodevelopment].,0.0184,0.9816
PMID: 42529026,"Short-term associations between ambient air pollution and cardiovascular disease mortality: an 11-year time-series study in Nanning, China.",PMID: 42500877,Case-Crossover Analysis of Short-Term Particulate Matter and Health Outcomes in Patients With Atrial Fibrillation.,0.5385,0.4615
PMID: 42529026,"Short-term associations between ambient air pollution and cardiovascular disease mortality: an 11-year time-series study in Nanning, China.",PMID: 42496250,Mechanisms of Heat-Induced Sleep Disruption in Aging: A Narrative Review.,0.4891,0.5109
PMID: 42529026,"Short-term associations between ambient air pollution and cardiovascular disease mortality: an 11-year time-series study in Nanning, China.",PMID: 42492149,Prenatal air pollution exposure and placental biomarkers of oxidative stress and ageing: results from the BiSC cohort.,0.2097,0.7903
PMID: 42529026,"Short-term associations between ambient air pollution and cardiovascular disease mortality: an 11-year time-series study in Nanning, China.",PMID: 42488199,Changes in respiratory and cardiovascular morbidity air pollution risk and attributable burden in New York City.,0.5766,0.4234
PMID: 42529026,"Short-term associations between ambient air pollution and cardiovascular disease mortality: an 11-year time-series study in Nanning, China.",PMID: 42488198,A comprehensive study on the association of personal air pollution exposure with thyroid hormones in pregnant women.,0.2036,0.7964
PMID: 42529026,"Short-term associations between ambient air pollution and cardiovascular disease mortality: an 11-year time-series study in Nanning, China.",PMID: 42484582,Constituent-Specific PM and Cardiovascular Risk: From Mass to Mixture. 2.5,0.0998,0.9002
PMID: 42529026,"Short-term associations between ambient air pollution and cardiovascular disease mortality: an 11-year time-series study in Nanning, China.",PMID: 42483592,Quantifying the Health Benefits Linked to Reduced Traffic-Related PM Exposure on Acute Coronary Syndrome Incidence in China. 2.5,0.346,0.654
PMID: 42529026,"Short-term associations between ambient air pollution and cardiovascular disease mortality: an 11-year time-series study in Nanning, China.",PMID: 42483588,Transcriptomic Perturbations in Placental Gene Expression Following Developmental Exposure to Perfluorooctanoic Acid (PFOA) or Hexafluoropropylene Oxide-Dimer Acid (HFPO-DA or GenX) in CD‑1 Mice Are Consistent with Placental Insufficiency.,0.018,0.982
PMID: 42529026,"Short-term associations between ambient air pollution and cardiovascular disease mortality: an 11-year time-series study in Nanning, China.",PMID: 42483065,"Combined effects of apparent low temperature and PM pollution on circulatory emergency ambulance calls: a time-series analysis in Shijiazhuang, China. 2.5",0.493,0.507
PMID: 42529026,"Short-term associations between ambient air pollution and cardiovascular disease mortality: an 11-year time-series study in Nanning, China.",PMID: 42482688,"Size-specific health effects of particulate matter components on cardiovascular mortality: a weekly time-series study in Tianjin, China.",0.5178,0.4822
PMID: 42529026,"Short-term associations between ambient air pollution and cardiovascular disease mortality: an 11-year time-series study in Nanning, China.",PMID: 42476417,Thermophysiological response of adults to long-distance running in different ACSM environmental risk conditions: A systematic review and meta-analysis.,0.6215,0.3785
PMID: 42529026,"Short-term associations between ambient air pollution and cardiovascular disease mortality: an 11-year time-series study in Nanning, China.",PMID: 42474428,Individual and neighborhood factors influencing pediatric asthma exacerbations during urban heatwaves.,0.282,0.718
PMID: 42529026,"Short-term associations between ambient air pollution and cardiovascular disease mortality: an 11-year time-series study in Nanning, China.",PMID: 42472615,Targeted inhibition of JAK2 phosphorylation by GenX disrupts the JAK2-STAT3 pathway and induces cardiovascular toxicity in zebrafish: Insights from network toxicology and molecular dynamics.,0.2935,0.7065
PMID: 42529026,"Short-term associations between ambient air pollution and cardiovascular disease mortality: an 11-year time-series study in Nanning, China.",PMID: 42471626,Associations between wildland fire smoke PM and maternal blood pressure. 2.5,0.0565,0.9435
PMID: 42529026,"Short-term associations between ambient air pollution and cardiovascular disease mortality: an 11-year time-series study in Nanning, China.",PMID: 42466507,Joint Effects of Heat and Fine Particulate Matter on Out-of-Hospital Cardiac Arrest in Japan: A Nationwide Time-Stratified Case-Crossover Study.,0.4895,0.5105
PMID: 42529026,"Short-term associations between ambient air pollution and cardiovascular disease mortality: an 11-year time-series study in Nanning, China.",PMID: 42459959,Mechanistic insights into PM-induced cardiac fibrosis involving ERS/TXNIP/NLRP3-driven pyroptosis in multiple cell types. 2.5,0.2659,0.7341
PMID: 42529026,"Short-term associations between ambient air pollution and cardiovascular disease mortality: an 11-year time-series study in Nanning, China.",PMID: 42455550,"Modifiable Risk Factors and Attributable Ischemic Heart Disease Mortality in US States, 1990-2023: A Systematic Analysis for the Global Burden of Disease Study 2023.",0.2933,0.7067
PMID: 42529026,"Short-term associations between ambient air pollution and cardiovascular disease mortality: an 11-year time-series study in Nanning, China.",PMID: 42455100,Long-Term Exposure to PM Constituents and Coronary Heart Disease Risk in China. 2.5,0.4028,0.5972
PMID: 42529026,"Short-term associations between ambient air pollution and cardiovascular disease mortality: an 11-year time-series study in Nanning, China.",PMID: 42450330,Imaging and Molecular Biomarkers of PFAS-Related Vascular Aging: A Narrative Review.,0.2594,0.7406
PMID: 42529026,"Short-term associations between ambient air pollution and cardiovascular disease mortality: an 11-year time-series study in Nanning, China.",PMID: 42449303,Environmental exposome and its public health impact on COPD and asthma exacerbations in France.,0.2564,0.7436
PMID: 42529026,"Short-term associations between ambient air pollution and cardiovascular disease mortality: an 11-year time-series study in Nanning, China.",PMID: 42447841,Micro- and nano-plastics in the coronary circulation and air pollution exposure in ischaemic heart disease presentation.,0.2593,0.7407
PMID: 42529026,"Short-term associations between ambient air pollution and cardiovascular disease mortality: an 11-year time-series study in Nanning, China.",PMID: 42445923,"Ambient temperature, rainfall, and adverse maternal and child health outcomes in Nigeria: evidence from a national cross-sectional study.",0.3802,0.6198
PMID: 42529026,"Short-term associations between ambient air pollution and cardiovascular disease mortality: an 11-year time-series study in Nanning, China.",PMID: 42442744,"Fine Particulate Matter (PM2.5), the Exposome, and Cumulative Health Risk: A Life-course Perspective.",0.312,0.688
PMID: 42529026,"Short-term associations between ambient air pollution and cardiovascular disease mortality: an 11-year time-series study in Nanning, China.",PMID: 42440588,Maternal exposure to fine particulate matter and autism spectrum disorder in children: population based case-control study.,0.0507,0.9493
PMID: 42529026,"Short-term associations between ambient air pollution and cardiovascular disease mortality: an 11-year time-series study in Nanning, China.",PMID: 42437198,"Air Pollution Mixture and Folate Status Indicators among Pregnant Women in Canada: Maternal-Infant Research on Environmental Chemicals (MIREC) Study, 2008 to 2011.",0.1849,0.8151
PMID: 42529026,"Short-term associations between ambient air pollution and cardiovascular disease mortality: an 11-year time-series study in Nanning, China.",PMID: 42428257,Prenatal Air Pollution Exposure and Autism Spectrum Disorder in the ECHO Consortium.,0.1781,0.8219
PMID: 42529026,"Short-term associations between ambient air pollution and cardiovascular disease mortality: an 11-year time-series study in Nanning, China.",PMID: 42422320,"Maternal ambient air pollution exposure and risk of stillbirth in Georgia, USA.",0.0566,0.9434
PMID: 42529026,"Short-term associations between ambient air pollution and cardiovascular disease mortality: an 11-year time-series study in Nanning, China.",PMID: 42420937,Assessing the feasibility of indoor air quality monitoring in low-income housing among Black adults with uncontrolled asthma in New York City.,0.1265,0.8735
PMID: 42529026,"Short-term associations between ambient air pollution and cardiovascular disease mortality: an 11-year time-series study in Nanning, China.",PMID: 42420917,Effects of per- and polyfluoroalkyl substances on maternal thyroid function: a stratified analysis by maternal iodine status and thyroid autoantibody status.,0.0459,0.9541
PMID: 42529026,"Short-term associations between ambient air pollution and cardiovascular disease mortality: an 11-year time-series study in Nanning, China.",PMID: 42419777,Genetic susceptibility to respiratory health effects from outdoor air pollution: a structured narrative review.,0.1924,0.8076
PMID: 42529026,"Short-term associations between ambient air pollution and cardiovascular disease mortality: an 11-year time-series study in Nanning, China.",PMID: 42416905,Association between air pollution and incident cardiovascular diseases among a population with cardiovascular-kidney-metabolic syndrome stages 0-3: the first evidence from the China Health and Retirement Longitudinal Study.,0.2926,0.7074
PMID: 42529026,"Short-term associations between ambient air pollution and cardiovascular disease mortality: an 11-year time-series study in Nanning, China.",PMID: 42414291,Causal effects of wildfire PM on hospital costs and length of stay in Brazil. 2.5,0.2352,0.7648
PMID: 42529026,"Short-term associations between ambient air pollution and cardiovascular disease mortality: an 11-year time-series study in Nanning, China.",PMID: 42413509,Adaptations to Climate Change-Related Environmental Phenomena to Achieve Physical Activity Recommendations for Adults Aged 65 and Older.,0.5184,0.4816
PMID: 42529026,"Short-term associations between ambient air pollution and cardiovascular disease mortality: an 11-year time-series study in Nanning, China.",PMID: 42410409,Investigating environmental heat exposure and its effects on maternal and fetal health in rural Northern Ghana (Physio-HeMAB Study): a study protocol for a cluster randomized trial.,0.2282,0.7718
PMID: 42529026,"Short-term associations between ambient air pollution and cardiovascular disease mortality: an 11-year time-series study in Nanning, China.",PMID: 42406176,"Associations of short-, mid-, and long-term particulate matter exposure with elevated LDL-C levels in Korean adults: analysis of KNHANES 2016-2022.",0.1459,0.8541
PMID: 42529026,"Short-term associations between ambient air pollution and cardiovascular disease mortality: an 11-year time-series study in Nanning, China.",PMID: 42403579,Exposure to air and water pollution during pregnancy and risk of adverse perinatal outcomes in São Paulo State: protocol for a retrospective population-based cohort study.,0.2819,0.7181
PMID: 42528898,"Interpretable machine learning for identifying determinants of high hypertension burden under extreme heat vulnerability: evidence from Maryland, USA.",PMID: 42524808,Compound Exposure to Extreme Heat and Substantial Landscape Fire-Sourced Air Pollution on Cardiovascular Mortality.,0.5119,0.4881
PMID: 42528898,"Interpretable machine learning for identifying determinants of high hypertension burden under extreme heat vulnerability: evidence from Maryland, USA.",PMID: 42524806,Heat Plus Fire: A Compound Hazard Threatening Cardiovascular Health.,0.2429,0.7571
PMID: 42528898,"Interpretable machine learning for identifying determinants of high hypertension burden under extreme heat vulnerability: evidence from Maryland, USA.",PMID: 42521043,Heat stress promotes myocardial injury and ventricular arrhythmia through DRP1-mediated mitochondrial dysfunction.,0.4155,0.5845
PMID: 42528898,"Interpretable machine learning for identifying determinants of high hypertension burden under extreme heat vulnerability: evidence from Maryland, USA.",PMID: 42520874,Long-term particulate matter exposure and coronary inflammation: A large-scale cohort study assessed by pericoronary fat attenuation index.,0.3894,0.6106
PMID: 42528898,"Interpretable machine learning for identifying determinants of high hypertension burden under extreme heat vulnerability: evidence from Maryland, USA.",PMID: 42520868,Maternal exposure to particulate matter during pregnancy and offspring liver function.,0.0451,0.9549
PMID: 42528898,"Interpretable machine learning for identifying determinants of high hypertension burden under extreme heat vulnerability: evidence from Maryland, USA.",PMID: 42520653,"Perfluoroalkyl/Polyfluoroalkyl Substances, Hemostatic/Inflammatory Biomarkers, and Incident Hypertension: The Study of Women's Health Across the Nation.",0.54,0.46
PMID: 42528898,"Interpretable machine learning for identifying determinants of high hypertension burden under extreme heat vulnerability: evidence from Maryland, USA.",PMID: 42512137,Weather Information Seeking and Heat-Health Protective Actions During Pregnancy: An Exploratory Study.,0.355,0.645
PMID: 42528898,"Interpretable machine learning for identifying determinants of high hypertension burden under extreme heat vulnerability: evidence from Maryland, USA.",PMID: 42508048,Air pollution and cardiovascular disease: A review of current scientific data.,0.1959,0.8041
PMID: 42528898,"Interpretable machine learning for identifying determinants of high hypertension burden under extreme heat vulnerability: evidence from Maryland, USA.",PMID: 42503941,[Advances on the effects and mechanisms of maternal exposure to particulate matter on offspring neurodevelopment].,0.0443,0.9557
PMID: 42528898,"Interpretable machine learning for identifying determinants of high hypertension burden under extreme heat vulnerability: evidence from Maryland, USA.",PMID: 42500877,Case-Crossover Analysis of Short-Term Particulate Matter and Health Outcomes in Patients With Atrial Fibrillation.,0.4604,0.5396
PMID: 42528898,"Interpretable machine learning for identifying determinants of high hypertension burden under extreme heat vulnerability: evidence from Maryland, USA.",PMID: 42496250,Mechanisms of Heat-Induced Sleep Disruption in Aging: A Narrative Review.,0.5056,0.4944
PMID: 42528898,"Interpretable machine learning for identifying determinants of high hypertension burden under extreme heat vulnerability: evidence from Maryland, USA.",PMID: 42492149,Prenatal air pollution exposure and placental biomarkers of oxidative stress and ageing: results from the BiSC cohort.,0.0216,0.9784
PMID: 42528898,"Interpretable machine learning for identifying determinants of high hypertension burden under extreme heat vulnerability: evidence from Maryland, USA.",PMID: 42488199,Changes in respiratory and cardiovascular morbidity air pollution risk and attributable burden in New York City.,0.484,0.516
PMID: 42528898,"Interpretable machine learning for identifying determinants of high hypertension burden under extreme heat vulnerability: evidence from Maryland, USA.",PMID: 42488198,A comprehensive study on the association of personal air pollution exposure with thyroid hormones in pregnant women.,0.0449,0.9551
PMID: 42528898,"Interpretable machine learning for identifying determinants of high hypertension burden under extreme heat vulnerability: evidence from Maryland, USA.",PMID: 42484582,Constituent-Specific PM and Cardiovascular Risk: From Mass to Mixture. 2.5,0.2429,0.7571
PMID: 42528898,"Interpretable machine learning for identifying determinants of high hypertension burden under extreme heat vulnerability: evidence from Maryland, USA.",PMID: 42483592,Quantifying the Health Benefits Linked to Reduced Traffic-Related PM Exposure on Acute Coronary Syndrome Incidence in China. 2.5,0.3838,0.6162
PMID: 42528898,"Interpretable machine learning for identifying determinants of high hypertension burden under extreme heat vulnerability: evidence from Maryland, USA.",PMID: 42483588,Transcriptomic Perturbations in Placental Gene Expression Following Developmental Exposure to Perfluorooctanoic Acid (PFOA) or Hexafluoropropylene Oxide-Dimer Acid (HFPO-DA or GenX) in CD‑1 Mice Are Consistent with Placental Insufficiency.,0.0435,0.9565
PMID: 42528898,"Interpretable machine learning for identifying determinants of high hypertension burden under extreme heat vulnerability: evidence from Maryland, USA.",PMID: 42483065,"Combined effects of apparent low temperature and PM pollution on circulatory emergency ambulance calls: a time-series analysis in Shijiazhuang, China. 2.5",0.7418,0.2582
PMID: 42528898,"Interpretable machine learning for identifying determinants of high hypertension burden under extreme heat vulnerability: evidence from Maryland, USA.",PMID: 42482688,"Size-specific health effects of particulate matter components on cardiovascular mortality: a weekly time-series study in Tianjin, China.",0.2254,0.7746
PMID: 42528898,"Interpretable machine learning for identifying determinants of high hypertension burden under extreme heat vulnerability: evidence from Maryland, USA.",PMID: 42476417,Thermophysiological response of adults to long-distance running in different ACSM environmental risk conditions: A systematic review and meta-analysis.,0.8248,0.1752
PMID: 42528898,"Interpretable machine learning for identifying determinants of high hypertension burden under extreme heat vulnerability: evidence from Maryland, USA.",PMID: 42474428,Individual and neighborhood factors influencing pediatric asthma exacerbations during urban heatwaves.,0.388,0.612
PMID: 42528898,"Interpretable machine learning for identifying determinants of high hypertension burden under extreme heat vulnerability: evidence from Maryland, USA.",PMID: 42472615,Targeted inhibition of JAK2 phosphorylation by GenX disrupts the JAK2-STAT3 pathway and induces cardiovascular toxicity in zebrafish: Insights from network toxicology and molecular dynamics.,0.3527,0.6473
PMID: 42528898,"Interpretable machine learning for identifying determinants of high hypertension burden under extreme heat vulnerability: evidence from Maryland, USA.",PMID: 42471626,Associations between wildland fire smoke PM and maternal blood pressure. 2.5,0.0525,0.9475
PMID: 42528898,"Interpretable machine learning for identifying determinants of high hypertension burden under extreme heat vulnerability: evidence from Maryland, USA.",PMID: 42466507,Joint Effects of Heat and Fine Particulate Matter on Out-of-Hospital Cardiac Arrest in Japan: A Nationwide Time-Stratified Case-Crossover Study.,0.5636,0.4364
PMID: 42528898,"Interpretable machine learning for identifying determinants of high hypertension burden under extreme heat vulnerability: evidence from Maryland, USA.",PMID: 42459959,Mechanistic insights into PM-induced cardiac fibrosis involving ERS/TXNIP/NLRP3-driven pyroptosis in multiple cell types. 2.5,0.3192,0.6808
PMID: 42528898,"Interpretable machine learning for identifying determinants of high hypertension burden under extreme heat vulnerability: evidence from Maryland, USA.",PMID: 42455550,"Modifiable Risk Factors and Attributable Ischemic Heart Disease Mortality in US States, 1990-2023: A Systematic Analysis for the Global Burden of Disease Study 2023.",0.0568,0.9432
PMID: 42528898,"Interpretable machine learning for identifying determinants of high hypertension burden under extreme heat vulnerability: evidence from Maryland, USA.",PMID: 42455100,Long-Term Exposure to PM Constituents and Coronary Heart Disease Risk in China. 2.5,0.2275,0.7725
PMID: 42528898,"Interpretable machine learning for identifying determinants of high hypertension burden under extreme heat vulnerability: evidence from Maryland, USA.",PMID: 42450330,Imaging and Molecular Biomarkers of PFAS-Related Vascular Aging: A Narrative Review.,0.3115,0.6885
PMID: 42528898,"Interpretable machine learning for identifying determinants of high hypertension burden under extreme heat vulnerability: evidence from Maryland, USA.",PMID: 42449303,Environmental exposome and its public health impact on COPD and asthma exacerbations in France.,0.0568,0.9432
PMID: 42528898,"Interpretable machine learning for identifying determinants of high hypertension burden under extreme heat vulnerability: evidence from Maryland, USA.",PMID: 42447841,Micro- and nano-plastics in the coronary circulation and air pollution exposure in ischaemic heart disease presentation.,0.2881,0.7119
PMID: 42528898,"Interpretable machine learning for identifying determinants of high hypertension burden under extreme heat vulnerability: evidence from Maryland, USA.",PMID: 42445923,"Ambient temperature, rainfall, and adverse maternal and child health outcomes in Nigeria: evidence from a national cross-sectional study.",0.3941,0.6059
PMID: 42528898,"Interpretable machine learning for identifying determinants of high hypertension burden under extreme heat vulnerability: evidence from Maryland, USA.",PMID: 42442744,"Fine Particulate Matter (PM2.5), the Exposome, and Cumulative Health Risk: A Life-course Perspective.",0.225,0.775
PMID: 42528898,"Interpretable machine learning for identifying determinants of high hypertension burden under extreme heat vulnerability: evidence from Maryland, USA.",PMID: 42440588,Maternal exposure to fine particulate matter and autism spectrum disorder in children: population based case-control study.,0.0472,0.9528
PMID: 42528898,"Interpretable machine learning for identifying determinants of high hypertension burden under extreme heat vulnerability: evidence from Maryland, USA.",PMID: 42437198,"Air Pollution Mixture and Folate Status Indicators among Pregnant Women in Canada: Maternal-Infant Research on Environmental Chemicals (MIREC) Study, 2008 to 2011.",0.0408,0.9592
PMID: 42528898,"Interpretable machine learning for identifying determinants of high hypertension burden under extreme heat vulnerability: evidence from Maryland, USA.",PMID: 42428257,Prenatal Air Pollution Exposure and Autism Spectrum Disorder in the ECHO Consortium.,0.0208,0.9792
PMID: 42528898,"Interpretable machine learning for identifying determinants of high hypertension burden under extreme heat vulnerability: evidence from Maryland, USA.",PMID: 42422320,"Maternal ambient air pollution exposure and risk of stillbirth in Georgia, USA.",0.0277,0.9723
PMID: 42528898,"Interpretable machine learning for identifying determinants of high hypertension burden under extreme heat vulnerability: evidence from Maryland, USA.",PMID: 42420937,Assessing the feasibility of indoor air quality monitoring in low-income housing among Black adults with uncontrolled asthma in New York City.,0.0641,0.9359
PMID: 42528898,"Interpretable machine learning for identifying determinants of high hypertension burden under extreme heat vulnerability: evidence from Maryland, USA.",PMID: 42420917,Effects of per- and polyfluoroalkyl substances on maternal thyroid function: a stratified analysis by maternal iodine status and thyroid autoantibody status.,0.0225,0.9775
PMID: 42528898,"Interpretable machine learning for identifying determinants of high hypertension burden under extreme heat vulnerability: evidence from Maryland, USA.",PMID: 42419777,Genetic susceptibility to respiratory health effects from outdoor air pollution: a structured narrative review.,0.0425,0.9575
PMID: 42528898,"Interpretable machine learning for identifying determinants of high hypertension burden under extreme heat vulnerability: evidence from Maryland, USA.",PMID: 42416905,Association between air pollution and incident cardiovascular diseases among a population with cardiovascular-kidney-metabolic syndrome stages 0-3: the first evidence from the China Health and Retirement Longitudinal Study.,0.2768,0.7232
PMID: 42528898,"Interpretable machine learning for identifying determinants of high hypertension burden under extreme heat vulnerability: evidence from Maryland, USA.",PMID: 42414291,Causal effects of wildfire PM on hospital costs and length of stay in Brazil. 2.5,0.2823,0.7177
PMID: 42528898,"Interpretable machine learning for identifying determinants of high hypertension burden under extreme heat vulnerability: evidence from Maryland, USA.",PMID: 42413509,Adaptations to Climate Change-Related Environmental Phenomena to Achieve Physical Activity Recommendations for Adults Aged 65 and Older.,0.5695,0.4305
PMID: 42528898,"Interpretable machine learning for identifying determinants of high hypertension burden under extreme heat vulnerability: evidence from Maryland, USA.",PMID: 42410409,Investigating environmental heat exposure and its effects on maternal and fetal health in rural Northern Ghana (Physio-HeMAB Study): a study protocol for a cluster randomized trial.,0.3143,0.6857
PMID: 42528898,"Interpretable machine learning for identifying determinants of high hypertension burden under extreme heat vulnerability: evidence from Maryland, USA.",PMID: 42406176,"Associations of short-, mid-, and long-term particulate matter exposure with elevated LDL-C levels in Korean adults: analysis of KNHANES 2016-2022.",0.0331,0.9669
PMID: 42528898,"Interpretable machine learning for identifying determinants of high hypertension burden under extreme heat vulnerability: evidence from Maryland, USA.",PMID: 42403579,Exposure to air and water pollution during pregnancy and risk of adverse perinatal outcomes in São Paulo State: protocol for a retrospective population-based cohort study.,0.0327,0.9673
PMID: 42524808,Compound Exposure to Extreme Heat and Substantial Landscape Fire-Sourced Air Pollution on Cardiovascular Mortality.,PMID: 42524806,Heat Plus Fire: A Compound Hazard Threatening Cardiovascular Health.,0.1813,0.8187
PMID: 42524808,Compound Exposure to Extreme Heat and Substantial Landscape Fire-Sourced Air Pollution on Cardiovascular Mortality.,PMID: 42521043,Heat stress promotes myocardial injury and ventricular arrhythmia through DRP1-mediated mitochondrial dysfunction.,0.6119,0.3881
PMID: 42524808,Compound Exposure to Extreme Heat and Substantial Landscape Fire-Sourced Air Pollution on Cardiovascular Mortality.,PMID: 42520874,Long-term particulate matter exposure and coronary inflammation: A large-scale cohort study assessed by pericoronary fat attenuation index.,0.1746,0.8254
PMID: 42524808,Compound Exposure to Extreme Heat and Substantial Landscape Fire-Sourced Air Pollution on Cardiovascular Mortality.,PMID: 42520868,Maternal exposure to particulate matter during pregnancy and offspring liver function.,0.2383,0.7617
PMID: 42524808,Compound Exposure to Extreme Heat and Substantial Landscape Fire-Sourced Air Pollution on Cardiovascular Mortality.,PMID: 42520653,"Perfluoroalkyl/Polyfluoroalkyl Substances, Hemostatic/Inflammatory Biomarkers, and Incident Hypertension: The Study of Women's Health Across the Nation.",0.2112,0.7888
PMID: 42524808,Compound Exposure to Extreme Heat and Substantial Landscape Fire-Sourced Air Pollution on Cardiovascular Mortality.,PMID: 42512137,Weather Information Seeking and Heat-Health Protective Actions During Pregnancy: An Exploratory Study.,0.3037,0.6963
PMID: 42524808,Compound Exposure to Extreme Heat and Substantial Landscape Fire-Sourced Air Pollution on Cardiovascular Mortality.,PMID: 42508048,Air pollution and cardiovascular disease: A review of current scientific data.,0.4115,0.5885
PMID: 42524808,Compound Exposure to Extreme Heat and Substantial Landscape Fire-Sourced Air Pollution on Cardiovascular Mortality.,PMID: 42503941,[Advances on the effects and mechanisms of maternal exposure to particulate matter on offspring neurodevelopment].,0.0329,0.9671
PMID: 42524808,Compound Exposure to Extreme Heat and Substantial Landscape Fire-Sourced Air Pollution on Cardiovascular Mortality.,PMID: 42500877,Case-Crossover Analysis of Short-Term Particulate Matter and Health Outcomes in Patients With Atrial Fibrillation.,0.3687,0.6313
PMID: 42524808,Compound Exposure to Extreme Heat and Substantial Landscape Fire-Sourced Air Pollution on Cardiovascular Mortality.,PMID: 42496250,Mechanisms of Heat-Induced Sleep Disruption in Aging: A Narrative Review.,0.4049,0.5951
PMID: 42524808,Compound Exposure to Extreme Heat and Substantial Landscape Fire-Sourced Air Pollution on Cardiovascular Mortality.,PMID: 42492149,Prenatal air pollution exposure and placental biomarkers of oxidative stress and ageing: results from the BiSC cohort.,0.0412,0.9588
PMID: 42524808,Compound Exposure to Extreme Heat and Substantial Landscape Fire-Sourced Air Pollution on Cardiovascular Mortality.,PMID: 42488199,Changes in respiratory and cardiovascular morbidity air pollution risk and attributable burden in New York City.,0.3973,0.6027
PMID: 42524808,Compound Exposure to Extreme Heat and Substantial Landscape Fire-Sourced Air Pollution on Cardiovascular Mortality.,PMID: 42488198,A comprehensive study on the association of personal air pollution exposure with thyroid hormones in pregnant women.,0.0336,0.9664
PMID: 42524808,Compound Exposure to Extreme Heat and Substantial Landscape Fire-Sourced Air Pollution on Cardiovascular Mortality.,PMID: 42484582,Constituent-Specific PM and Cardiovascular Risk: From Mass to Mixture. 2.5,0.1813,0.8187
PMID: 42524808,Compound Exposure to Extreme Heat and Substantial Landscape Fire-Sourced Air Pollution on Cardiovascular Mortality.,PMID: 42483592,Quantifying the Health Benefits Linked to Reduced Traffic-Related PM Exposure on Acute Coronary Syndrome Incidence in China. 2.5,0.3283,0.6717
PMID: 42524808,Compound Exposure to Extreme Heat and Substantial Landscape Fire-Sourced Air Pollution on Cardiovascular Mortality.,PMID: 42483588,Transcriptomic Perturbations in Placental Gene Expression Following Developmental Exposure to Perfluorooctanoic Acid (PFOA) or Hexafluoropropylene Oxide-Dimer Acid (HFPO-DA or GenX) in CD‑1 Mice Are Consistent with Placental Insufficiency.,0.0325,0.9675
PMID: 42524808,Compound Exposure to Extreme Heat and Substantial Landscape Fire-Sourced Air Pollution on Cardiovascular Mortality.,PMID: 42483065,"Combined effects of apparent low temperature and PM pollution on circulatory emergency ambulance calls: a time-series analysis in Shijiazhuang, China. 2.5",0.5814,0.4186
PMID: 42524808,Compound Exposure to Extreme Heat and Substantial Landscape Fire-Sourced Air Pollution on Cardiovascular Mortality.,PMID: 42482688,"Size-specific health effects of particulate matter components on cardiovascular mortality: a weekly time-series study in Tianjin, China.",0.5043,0.4957
PMID: 42524808,Compound Exposure to Extreme Heat and Substantial Landscape Fire-Sourced Air Pollution on Cardiovascular Mortality.,PMID: 42476417,Thermophysiological response of adults to long-distance running in different ACSM environmental risk conditions: A systematic review and meta-analysis.,0.6156,0.3844
PMID: 42524808,Compound Exposure to Extreme Heat and Substantial Landscape Fire-Sourced Air Pollution on Cardiovascular Mortality.,PMID: 42474428,Individual and neighborhood factors influencing pediatric asthma exacerbations during urban heatwaves.,0.2895,0.7105
PMID: 42524808,Compound Exposure to Extreme Heat and Substantial Landscape Fire-Sourced Air Pollution on Cardiovascular Mortality.,PMID: 42472615,Targeted inhibition of JAK2 phosphorylation by GenX disrupts the JAK2-STAT3 pathway and induces cardiovascular toxicity in zebrafish: Insights from network toxicology and molecular dynamics.,0.5195,0.4805
PMID: 42524808,Compound Exposure to Extreme Heat and Substantial Landscape Fire-Sourced Air Pollution on Cardiovascular Mortality.,PMID: 42471626,Associations between wildland fire smoke PM and maternal blood pressure. 2.5,0.072,0.928
PMID: 42524808,Compound Exposure to Extreme Heat and Substantial Landscape Fire-Sourced Air Pollution on Cardiovascular Mortality.,PMID: 42466507,Joint Effects of Heat and Fine Particulate Matter on Out-of-Hospital Cardiac Arrest in Japan: A Nationwide Time-Stratified Case-Crossover Study.,0.6434,0.3566
PMID: 42524808,Compound Exposure to Extreme Heat and Substantial Landscape Fire-Sourced Air Pollution on Cardiovascular Mortality.,PMID: 42459959,Mechanistic insights into PM-induced cardiac fibrosis involving ERS/TXNIP/NLRP3-driven pyroptosis in multiple cell types. 2.5,0.2702,0.7298
PMID: 42524808,Compound Exposure to Extreme Heat and Substantial Landscape Fire-Sourced Air Pollution on Cardiovascular Mortality.,PMID: 42455550,"Modifiable Risk Factors and Attributable Ischemic Heart Disease Mortality in US States, 1990-2023: A Systematic Analysis for the Global Burden of Disease Study 2023.",0.5192,0.4808
PMID: 42524808,Compound Exposure to Extreme Heat and Substantial Landscape Fire-Sourced Air Pollution on Cardiovascular Mortality.,PMID: 42455100,Long-Term Exposure to PM Constituents and Coronary Heart Disease Risk in China. 2.5,0.6574,0.3426
PMID: 42524808,Compound Exposure to Extreme Heat and Substantial Landscape Fire-Sourced Air Pollution on Cardiovascular Mortality.,PMID: 42450330,Imaging and Molecular Biomarkers of PFAS-Related Vascular Aging: A Narrative Review.,0.2639,0.7361
PMID: 42524808,Compound Exposure to Extreme Heat and Substantial Landscape Fire-Sourced Air Pollution on Cardiovascular Mortality.,PMID: 42449303,Environmental exposome and its public health impact on COPD and asthma exacerbations in France.,0.4838,0.5162
PMID: 42524808,Compound Exposure to Extreme Heat and Substantial Landscape Fire-Sourced Air Pollution on Cardiovascular Mortality.,PMID: 42447841,Micro- and nano-plastics in the coronary circulation and air pollution exposure in ischaemic heart disease presentation.,0.2463,0.7537
PMID: 42524808,Compound Exposure to Extreme Heat and Substantial Landscape Fire-Sourced Air Pollution on Cardiovascular Mortality.,PMID: 42445923,"Ambient temperature, rainfall, and adverse maternal and child health outcomes in Nigeria: evidence from a national cross-sectional study.",0.3367,0.6633
PMID: 42524808,Compound Exposure to Extreme Heat and Substantial Landscape Fire-Sourced Air Pollution on Cardiovascular Mortality.,PMID: 42442744,"Fine Particulate Matter (PM2.5), the Exposome, and Cumulative Health Risk: A Life-course Perspective.",0.3089,0.6911
PMID: 42524808,Compound Exposure to Extreme Heat and Substantial Landscape Fire-Sourced Air Pollution on Cardiovascular Mortality.,PMID: 42440588,Maternal exposure to fine particulate matter and autism spectrum disorder in children: population based case-control study.,0.0645,0.9355
PMID: 42524808,Compound Exposure to Extreme Heat and Substantial Landscape Fire-Sourced Air Pollution on Cardiovascular Mortality.,PMID: 42437198,"Air Pollution Mixture and Folate Status Indicators among Pregnant Women in Canada: Maternal-Infant Research on Environmental Chemicals (MIREC) Study, 2008 to 2011.",0.0304,0.9696
PMID: 42524808,Compound Exposure to Extreme Heat and Substantial Landscape Fire-Sourced Air Pollution on Cardiovascular Mortality.,PMID: 42428257,Prenatal Air Pollution Exposure and Autism Spectrum Disorder in the ECHO Consortium.,0.0158,0.9842
PMID: 42524808,Compound Exposure to Extreme Heat and Substantial Landscape Fire-Sourced Air Pollution on Cardiovascular Mortality.,PMID: 42422320,"Maternal ambient air pollution exposure and risk of stillbirth in Georgia, USA.",0.2579,0.7421
PMID: 42524808,Compound Exposure to Extreme Heat and Substantial Landscape Fire-Sourced Air Pollution on Cardiovascular Mortality.,PMID: 42420937,Assessing the feasibility of indoor air quality monitoring in low-income housing among Black adults with uncontrolled asthma in New York City.,0.0879,0.9121
PMID: 42524808,Compound Exposure to Extreme Heat and Substantial Landscape Fire-Sourced Air Pollution on Cardiovascular Mortality.,PMID: 42420917,Effects of per- and polyfluoroalkyl substances on maternal thyroid function: a stratified analysis by maternal iodine status and thyroid autoantibody status.,0.0434,0.9566
PMID: 42524808,Compound Exposure to Extreme Heat and Substantial Landscape Fire-Sourced Air Pollution on Cardiovascular Mortality.,PMID: 42419777,Genetic susceptibility to respiratory health effects from outdoor air pollution: a structured narrative review.,0.0318,0.9682
PMID: 42524808,Compound Exposure to Extreme Heat and Substantial Landscape Fire-Sourced Air Pollution on Cardiovascular Mortality.,PMID: 42416905,Association between air pollution and incident cardiovascular diseases among a population with cardiovascular-kidney-metabolic syndrome stages 0-3: the first evidence from the China Health and Retirement Longitudinal Study.,0.6119,0.3881
PMID: 42524808,Compound Exposure to Extreme Heat and Substantial Landscape Fire-Sourced Air Pollution on Cardiovascular Mortality.,PMID: 42414291,Causal effects of wildfire PM on hospital costs and length of stay in Brazil. 2.5,0.2388,0.7612
PMID: 42524808,Compound Exposure to Extreme Heat and Substantial Landscape Fire-Sourced Air Pollution on Cardiovascular Mortality.,PMID: 42413509,Adaptations to Climate Change-Related Environmental Phenomena to Achieve Physical Activity Recommendations for Adults Aged 65 and Older.,0.6192,0.3808
PMID: 42524808,Compound Exposure to Extreme Heat and Substantial Landscape Fire-Sourced Air Pollution on Cardiovascular Mortality.,PMID: 42410409,Investigating environmental heat exposure and its effects on maternal and fetal health in rural Northern Ghana (Physio-HeMAB Study): a study protocol for a cluster randomized trial.,0.2346,0.7654
PMID: 42524808,Compound Exposure to Extreme Heat and Substantial Landscape Fire-Sourced Air Pollution on Cardiovascular Mortality.,PMID: 42406176,"Associations of short-, mid-, and long-term particulate matter exposure with elevated LDL-C levels in Korean adults: analysis of KNHANES 2016-2022.",0.3063,0.6937
PMID: 42524808,Compound Exposure to Extreme Heat and Substantial Landscape Fire-Sourced Air Pollution on Cardiovascular Mortality.,PMID: 42403579,Exposure to air and water pollution during pregnancy and risk of adverse perinatal outcomes in São Paulo State: protocol for a retrospective population-based cohort study.,0.1516,0.8484
PMID: 42524806,Heat Plus Fire: A Compound Hazard Threatening Cardiovascular Health.,PMID: 42521043,Heat stress promotes myocardial injury and ventricular arrhythmia through DRP1-mediated mitochondrial dysfunction.,0.2706,0.7294
PMID: 42524806,Heat Plus Fire: A Compound Hazard Threatening Cardiovascular Health.,PMID: 42520874,Long-term particulate matter exposure and coronary inflammation: A large-scale cohort study assessed by pericoronary fat attenuation index.,0.0752,0.9248
PMID: 42524806,Heat Plus Fire: A Compound Hazard Threatening Cardiovascular Health.,PMID: 42520868,Maternal exposure to particulate matter during pregnancy and offspring liver function.,0.1834,0.8166
PMID: 42524806,Heat Plus Fire: A Compound Hazard Threatening Cardiovascular Health.,PMID: 42520653,"Perfluoroalkyl/Polyfluoroalkyl Substances, Hemostatic/Inflammatory Biomarkers, and Incident Hypertension: The Study of Women's Health Across the Nation.",0.1043,0.8957
PMID: 42524806,Heat Plus Fire: A Compound Hazard Threatening Cardiovascular Health.,PMID: 42512137,Weather Information Seeking and Heat-Health Protective Actions During Pregnancy: An Exploratory Study.,0.1307,0.8693
PMID: 42524806,Heat Plus Fire: A Compound Hazard Threatening Cardiovascular Health.,PMID: 42508048,Air pollution and cardiovascular disease: A review of current scientific data.,0.1276,0.8724
PMID: 42524806,Heat Plus Fire: A Compound Hazard Threatening Cardiovascular Health.,PMID: 42503941,[Advances on the effects and mechanisms of maternal exposure to particulate matter on offspring neurodevelopment].,0.1795,0.8205
PMID: 42524806,Heat Plus Fire: A Compound Hazard Threatening Cardiovascular Health.,PMID: 42500877,Case-Crossover Analysis of Short-Term Particulate Matter and Health Outcomes in Patients With Atrial Fibrillation.,0.163,0.837
PMID: 42524806,Heat Plus Fire: A Compound Hazard Threatening Cardiovascular Health.,PMID: 42496250,Mechanisms of Heat-Induced Sleep Disruption in Aging: A Narrative Review.,0.1791,0.8209
PMID: 42524806,Heat Plus Fire: A Compound Hazard Threatening Cardiovascular Health.,PMID: 42492149,Prenatal air pollution exposure and placental biomarkers of oxidative stress and ageing: results from the BiSC cohort.,0.0857,0.9143
PMID: 42524806,Heat Plus Fire: A Compound Hazard Threatening Cardiovascular Health.,PMID: 42488199,Changes in respiratory and cardiovascular morbidity air pollution risk and attributable burden in New York City.,0.1714,0.8286
PMID: 42524806,Heat Plus Fire: A Compound Hazard Threatening Cardiovascular Health.,PMID: 42488198,A comprehensive study on the association of personal air pollution exposure with thyroid hormones in pregnant women.,0.1824,0.8176
PMID: 42524806,Heat Plus Fire: A Compound Hazard Threatening Cardiovascular Health.,PMID: 42484582,Constituent-Specific PM and Cardiovascular Risk: From Mass to Mixture. 2.5,1.0,0.0
PMID: 42524806,Heat Plus Fire: A Compound Hazard Threatening Cardiovascular Health.,PMID: 42483592,Quantifying the Health Benefits Linked to Reduced Traffic-Related PM Exposure on Acute Coronary Syndrome Incidence in China. 2.5,0.1414,0.8586
PMID: 42524806,Heat Plus Fire: A Compound Hazard Threatening Cardiovascular Health.,PMID: 42483588,Transcriptomic Perturbations in Placental Gene Expression Following Developmental Exposure to Perfluorooctanoic Acid (PFOA) or Hexafluoropropylene Oxide-Dimer Acid (HFPO-DA or GenX) in CD‑1 Mice Are Consistent with Placental Insufficiency.,0.1763,0.8237
PMID: 42524806,Heat Plus Fire: A Compound Hazard Threatening Cardiovascular Health.,PMID: 42483065,"Combined effects of apparent low temperature and PM pollution on circulatory emergency ambulance calls: a time-series analysis in Shijiazhuang, China. 2.5",0.1804,0.8196
PMID: 42524806,Heat Plus Fire: A Compound Hazard Threatening Cardiovascular Health.,PMID: 42482688,"Size-specific health effects of particulate matter components on cardiovascular mortality: a weekly time-series study in Tianjin, China.",0.1469,0.8531
PMID: 42524806,Heat Plus Fire: A Compound Hazard Threatening Cardiovascular Health.,PMID: 42476417,Thermophysiological response of adults to long-distance running in different ACSM environmental risk conditions: A systematic review and meta-analysis.,0.2921,0.7079
PMID: 42524806,Heat Plus Fire: A Compound Hazard Threatening Cardiovascular Health.,PMID: 42474428,Individual and neighborhood factors influencing pediatric asthma exacerbations during urban heatwaves.,0.2526,0.7474
PMID: 42524806,Heat Plus Fire: A Compound Hazard Threatening Cardiovascular Health.,PMID: 42472615,Targeted inhibition of JAK2 phosphorylation by GenX disrupts the JAK2-STAT3 pathway and induces cardiovascular toxicity in zebrafish: Insights from network toxicology and molecular dynamics.,0.2297,0.7703
PMID: 42524806,Heat Plus Fire: A Compound Hazard Threatening Cardiovascular Health.,PMID: 42471626,Associations between wildland fire smoke PM and maternal blood pressure. 2.5,0.2126,0.7874
PMID: 42524806,Heat Plus Fire: A Compound Hazard Threatening Cardiovascular Health.,PMID: 42466507,Joint Effects of Heat and Fine Particulate Matter on Out-of-Hospital Cardiac Arrest in Japan: A Nationwide Time-Stratified Case-Crossover Study.,0.1995,0.8005
PMID: 42524806,Heat Plus Fire: A Compound Hazard Threatening Cardiovascular Health.,PMID: 42459959,Mechanistic insights into PM-induced cardiac fibrosis involving ERS/TXNIP/NLRP3-driven pyroptosis in multiple cell types. 2.5,0.208,0.792
PMID: 42524806,Heat Plus Fire: A Compound Hazard Threatening Cardiovascular Health.,PMID: 42455550,"Modifiable Risk Factors and Attributable Ischemic Heart Disease Mortality in US States, 1990-2023: A Systematic Analysis for the Global Burden of Disease Study 2023.",0.2296,0.7704
PMID: 42524806,Heat Plus Fire: A Compound Hazard Threatening Cardiovascular Health.,PMID: 42455100,Long-Term Exposure to PM Constituents and Coronary Heart Disease Risk in China. 2.5,0.0838,0.9162
PMID: 42524806,Heat Plus Fire: A Compound Hazard Threatening Cardiovascular Health.,PMID: 42450330,Imaging and Molecular Biomarkers of PFAS-Related Vascular Aging: A Narrative Review.,0.203,0.797
PMID: 42524806,Heat Plus Fire: A Compound Hazard Threatening Cardiovascular Health.,PMID: 42449303,Environmental exposome and its public health impact on COPD and asthma exacerbations in France.,0.2295,0.7705
PMID: 42524806,Heat Plus Fire: A Compound Hazard Threatening Cardiovascular Health.,PMID: 42447841,Micro- and nano-plastics in the coronary circulation and air pollution exposure in ischaemic heart disease presentation.,0.1061,0.8939
PMID: 42524806,Heat Plus Fire: A Compound Hazard Threatening Cardiovascular Health.,PMID: 42445923,"Ambient temperature, rainfall, and adverse maternal and child health outcomes in Nigeria: evidence from a national cross-sectional study.",0.1451,0.8549
PMID: 42524806,Heat Plus Fire: A Compound Hazard Threatening Cardiovascular Health.,PMID: 42442744,"Fine Particulate Matter (PM2.5), the Exposome, and Cumulative Health Risk: A Life-course Perspective.",0.1466,0.8534
PMID: 42524806,Heat Plus Fire: A Compound Hazard Threatening Cardiovascular Health.,PMID: 42440588,Maternal exposure to fine particulate matter and autism spectrum disorder in children: population based case-control study.,0.191,0.809
PMID: 42524806,Heat Plus Fire: A Compound Hazard Threatening Cardiovascular Health.,PMID: 42437198,"Air Pollution Mixture and Folate Status Indicators among Pregnant Women in Canada: Maternal-Infant Research on Environmental Chemicals (MIREC) Study, 2008 to 2011.",0.1655,0.8345
PMID: 42524806,Heat Plus Fire: A Compound Hazard Threatening Cardiovascular Health.,PMID: 42428257,Prenatal Air Pollution Exposure and Autism Spectrum Disorder in the ECHO Consortium.,0.0832,0.9168
PMID: 42524806,Heat Plus Fire: A Compound Hazard Threatening Cardiovascular Health.,PMID: 42422320,"Maternal ambient air pollution exposure and risk of stillbirth in Georgia, USA.",0.1111,0.8889
PMID: 42524806,Heat Plus Fire: A Compound Hazard Threatening Cardiovascular Health.,PMID: 42420937,Assessing the feasibility of indoor air quality monitoring in low-income housing among Black adults with uncontrolled asthma in New York City.,0.2598,0.7402
PMID: 42524806,Heat Plus Fire: A Compound Hazard Threatening Cardiovascular Health.,PMID: 42420917,Effects of per- and polyfluoroalkyl substances on maternal thyroid function: a stratified analysis by maternal iodine status and thyroid autoantibody status.,0.0904,0.9096
PMID: 42524806,Heat Plus Fire: A Compound Hazard Threatening Cardiovascular Health.,PMID: 42419777,Genetic susceptibility to respiratory health effects from outdoor air pollution: a structured narrative review.,0.1722,0.8278
PMID: 42524806,Heat Plus Fire: A Compound Hazard Threatening Cardiovascular Health.,PMID: 42416905,Association between air pollution and incident cardiovascular diseases among a population with cardiovascular-kidney-metabolic syndrome stages 0-3: the first evidence from the China Health and Retirement Longitudinal Study.,0.1019,0.8981
PMID: 42524806,Heat Plus Fire: A Compound Hazard Threatening Cardiovascular Health.,PMID: 42414291,Causal effects of wildfire PM on hospital costs and length of stay in Brazil. 2.5,0.1838,0.8162
PMID: 42524806,Heat Plus Fire: A Compound Hazard Threatening Cardiovascular Health.,PMID: 42413509,Adaptations to Climate Change-Related Environmental Phenomena to Achieve Physical Activity Recommendations for Adults Aged 65 and Older.,0.2018,0.7982
PMID: 42524806,Heat Plus Fire: A Compound Hazard Threatening Cardiovascular Health.,PMID: 42410409,Investigating environmental heat exposure and its effects on maternal and fetal health in rural Northern Ghana (Physio-HeMAB Study): a study protocol for a cluster randomized trial.,0.2046,0.7954
PMID: 42524806,Heat Plus Fire: A Compound Hazard Threatening Cardiovascular Health.,PMID: 42406176,"Associations of short-, mid-, and long-term particulate matter exposure with elevated LDL-C levels in Korean adults: analysis of KNHANES 2016-2022.",0.132,0.868
PMID: 42524806,Heat Plus Fire: A Compound Hazard Threatening Cardiovascular Health.,PMID: 42403579,Exposure to air and water pollution during pregnancy and risk of adverse perinatal outcomes in São Paulo State: protocol for a retrospective population-based cohort study.,0.1323,0.8677
PMID: 42521043,Heat stress promotes myocardial injury and ventricular arrhythmia through DRP1-mediated mitochondrial dysfunction.,PMID: 42520874,Long-term particulate matter exposure and coronary inflammation: A large-scale cohort study assessed by pericoronary fat attenuation index.,0.0539,0.9461
PMID: 42521043,Heat stress promotes myocardial injury and ventricular arrhythmia through DRP1-mediated mitochondrial dysfunction.,PMID: 42520868,Maternal exposure to particulate matter during pregnancy and offspring liver function.,0.0926,0.9074
PMID: 42521043,Heat stress promotes myocardial injury and ventricular arrhythmia through DRP1-mediated mitochondrial dysfunction.,PMID: 42520653,"Perfluoroalkyl/Polyfluoroalkyl Substances, Hemostatic/Inflammatory Biomarkers, and Incident Hypertension: The Study of Women's Health Across the Nation.",0.0293,0.9707
PMID: 42521043,Heat stress promotes myocardial injury and ventricular arrhythmia through DRP1-mediated mitochondrial dysfunction.,PMID: 42512137,Weather Information Seeking and Heat-Health Protective Actions During Pregnancy: An Exploratory Study.,0.4529,0.5471
PMID: 42521043,Heat stress promotes myocardial injury and ventricular arrhythmia through DRP1-mediated mitochondrial dysfunction.,PMID: 42508048,Air pollution and cardiovascular disease: A review of current scientific data.,0.2476,0.7524
PMID: 42521043,Heat stress promotes myocardial injury and ventricular arrhythmia through DRP1-mediated mitochondrial dysfunction.,PMID: 42503941,[Advances on the effects and mechanisms of maternal exposure to particulate matter on offspring neurodevelopment].,0.0493,0.9507
PMID: 42521043,Heat stress promotes myocardial injury and ventricular arrhythmia through DRP1-mediated mitochondrial dysfunction.,PMID: 42500877,Case-Crossover Analysis of Short-Term Particulate Matter and Health Outcomes in Patients With Atrial Fibrillation.,0.3163,0.6837
PMID: 42521043,Heat stress promotes myocardial injury and ventricular arrhythmia through DRP1-mediated mitochondrial dysfunction.,PMID: 42496250,Mechanisms of Heat-Induced Sleep Disruption in Aging: A Narrative Review.,0.3474,0.6526
PMID: 42521043,Heat stress promotes myocardial injury and ventricular arrhythmia through DRP1-mediated mitochondrial dysfunction.,PMID: 42492149,Prenatal air pollution exposure and placental biomarkers of oxidative stress and ageing: results from the BiSC cohort.,0.0615,0.9385
PMID: 42521043,Heat stress promotes myocardial injury and ventricular arrhythmia through DRP1-mediated mitochondrial dysfunction.,PMID: 42488199,Changes in respiratory and cardiovascular morbidity air pollution risk and attributable burden in New York City.,0.2932,0.7068
PMID: 42521043,Heat stress promotes myocardial injury and ventricular arrhythmia through DRP1-mediated mitochondrial dysfunction.,PMID: 42488198,A comprehensive study on the association of personal air pollution exposure with thyroid hormones in pregnant women.,0.0502,0.9498
PMID: 42521043,Heat stress promotes myocardial injury and ventricular arrhythmia through DRP1-mediated mitochondrial dysfunction.,PMID: 42484582,Constituent-Specific PM and Cardiovascular Risk: From Mass to Mixture. 2.5,0.2706,0.7294
PMID: 42521043,Heat stress promotes myocardial injury and ventricular arrhythmia through DRP1-mediated mitochondrial dysfunction.,PMID: 42483592,Quantifying the Health Benefits Linked to Reduced Traffic-Related PM Exposure on Acute Coronary Syndrome Incidence in China. 2.5,0.1018,0.8982
PMID: 42521043,Heat stress promotes myocardial injury and ventricular arrhythmia through DRP1-mediated mitochondrial dysfunction.,PMID: 42483588,Transcriptomic Perturbations in Placental Gene Expression Following Developmental Exposure to Perfluorooctanoic Acid (PFOA) or Hexafluoropropylene Oxide-Dimer Acid (HFPO-DA or GenX) in CD‑1 Mice Are Consistent with Placental Insufficiency.,0.0486,0.9514
PMID: 42521043,Heat stress promotes myocardial injury and ventricular arrhythmia through DRP1-mediated mitochondrial dysfunction.,PMID: 42483065,"Combined effects of apparent low temperature and PM pollution on circulatory emergency ambulance calls: a time-series analysis in Shijiazhuang, China. 2.5",0.3499,0.6501
PMID: 42521043,Heat stress promotes myocardial injury and ventricular arrhythmia through DRP1-mediated mitochondrial dysfunction.,PMID: 42482688,"Size-specific health effects of particulate matter components on cardiovascular mortality: a weekly time-series study in Tianjin, China.",0.285,0.715
PMID: 42521043,Heat stress promotes myocardial injury and ventricular arrhythmia through DRP1-mediated mitochondrial dysfunction.,PMID: 42476417,Thermophysiological response of adults to long-distance running in different ACSM environmental risk conditions: A systematic review and meta-analysis.,0.4999,0.5001
PMID: 42521043,Heat stress promotes myocardial injury and ventricular arrhythmia through DRP1-mediated mitochondrial dysfunction.,PMID: 42474428,Individual and neighborhood factors influencing pediatric asthma exacerbations during urban heatwaves.,0.4324,0.5676
PMID: 42521043,Heat stress promotes myocardial injury and ventricular arrhythmia through DRP1-mediated mitochondrial dysfunction.,PMID: 42472615,Targeted inhibition of JAK2 phosphorylation by GenX disrupts the JAK2-STAT3 pathway and induces cardiovascular toxicity in zebrafish: Insights from network toxicology and molecular dynamics.,0.1878,0.8122
PMID: 42521043,Heat stress promotes myocardial injury and ventricular arrhythmia through DRP1-mediated mitochondrial dysfunction.,PMID: 42471626,Associations between wildland fire smoke PM and maternal blood pressure. 2.5,0.1072,0.8928
PMID: 42521043,Heat stress promotes myocardial injury and ventricular arrhythmia through DRP1-mediated mitochondrial dysfunction.,PMID: 42466507,Joint Effects of Heat and Fine Particulate Matter on Out-of-Hospital Cardiac Arrest in Japan: A Nationwide Time-Stratified Case-Crossover Study.,0.3872,0.6128
PMID: 42521043,Heat stress promotes myocardial injury and ventricular arrhythmia through DRP1-mediated mitochondrial dysfunction.,PMID: 42459959,Mechanistic insights into PM-induced cardiac fibrosis involving ERS/TXNIP/NLRP3-driven pyroptosis in multiple cell types. 2.5,0.105,0.895
PMID: 42521043,Heat stress promotes myocardial injury and ventricular arrhythmia through DRP1-mediated mitochondrial dysfunction.,PMID: 42455550,"Modifiable Risk Factors and Attributable Ischemic Heart Disease Mortality in US States, 1990-2023: A Systematic Analysis for the Global Burden of Disease Study 2023.",0.4451,0.5549
PMID: 42521043,Heat stress promotes myocardial injury and ventricular arrhythmia through DRP1-mediated mitochondrial dysfunction.,PMID: 42455100,Long-Term Exposure to PM Constituents and Coronary Heart Disease Risk in China. 2.5,0.2903,0.7097
PMID: 42521043,Heat stress promotes myocardial injury and ventricular arrhythmia through DRP1-mediated mitochondrial dysfunction.,PMID: 42450330,Imaging and Molecular Biomarkers of PFAS-Related Vascular Aging: A Narrative Review.,0.1023,0.8977
PMID: 42521043,Heat stress promotes myocardial injury and ventricular arrhythmia through DRP1-mediated mitochondrial dysfunction.,PMID: 42449303,Environmental exposome and its public health impact on COPD and asthma exacerbations in France.,0.3923,0.6077
PMID: 42521043,Heat stress promotes myocardial injury and ventricular arrhythmia through DRP1-mediated mitochondrial dysfunction.,PMID: 42447841,Micro- and nano-plastics in the coronary circulation and air pollution exposure in ischaemic heart disease presentation.,0.076,0.924
PMID: 42521043,Heat stress promotes myocardial injury and ventricular arrhythmia through DRP1-mediated mitochondrial dysfunction.,PMID: 42445923,"Ambient temperature, rainfall, and adverse maternal and child health outcomes in Nigeria: evidence from a national cross-sectional study.",0.5027,0.4973
PMID: 42521043,Heat stress promotes myocardial injury and ventricular arrhythmia through DRP1-mediated mitochondrial dysfunction.,PMID: 42442744,"Fine Particulate Matter (PM2.5), the Exposome, and Cumulative Health Risk: A Life-course Perspective.",0.2507,0.7493
PMID: 42521043,Heat stress promotes myocardial injury and ventricular arrhythmia through DRP1-mediated mitochondrial dysfunction.,PMID: 42440588,Maternal exposure to fine particulate matter and autism spectrum disorder in children: population based case-control study.,0.0962,0.9038
PMID: 42521043,Heat stress promotes myocardial injury and ventricular arrhythmia through DRP1-mediated mitochondrial dysfunction.,PMID: 42437198,"Air Pollution Mixture and Folate Status Indicators among Pregnant Women in Canada: Maternal-Infant Research on Environmental Chemicals (MIREC) Study, 2008 to 2011.",0.0455,0.9545
PMID: 42521043,Heat stress promotes myocardial injury and ventricular arrhythmia through DRP1-mediated mitochondrial dysfunction.,PMID: 42428257,Prenatal Air Pollution Exposure and Autism Spectrum Disorder in the ECHO Consortium.,0.0231,0.9769
PMID: 42521043,Heat stress promotes myocardial injury and ventricular arrhythmia through DRP1-mediated mitochondrial dysfunction.,PMID: 42422320,"Maternal ambient air pollution exposure and risk of stillbirth in Georgia, USA.",0.0796,0.9204
PMID: 42521043,Heat stress promotes myocardial injury and ventricular arrhythmia through DRP1-mediated mitochondrial dysfunction.,PMID: 42420937,Assessing the feasibility of indoor air quality monitoring in low-income housing among Black adults with uncontrolled asthma in New York City.,0.1309,0.8691
PMID: 42521043,Heat stress promotes myocardial injury and ventricular arrhythmia through DRP1-mediated mitochondrial dysfunction.,PMID: 42420917,Effects of per- and polyfluoroalkyl substances on maternal thyroid function: a stratified analysis by maternal iodine status and thyroid autoantibody status.,0.065,0.935
PMID: 42521043,Heat stress promotes myocardial injury and ventricular arrhythmia through DRP1-mediated mitochondrial dysfunction.,PMID: 42419777,Genetic susceptibility to respiratory health effects from outdoor air pollution: a structured narrative review.,0.0473,0.9527
PMID: 42521043,Heat stress promotes myocardial injury and ventricular arrhythmia through DRP1-mediated mitochondrial dysfunction.,PMID: 42416905,Association between air pollution and incident cardiovascular diseases among a population with cardiovascular-kidney-metabolic syndrome stages 0-3: the first evidence from the China Health and Retirement Longitudinal Study.,0.0732,0.9268
PMID: 42521043,Heat stress promotes myocardial injury and ventricular arrhythmia through DRP1-mediated mitochondrial dysfunction.,PMID: 42414291,Causal effects of wildfire PM on hospital costs and length of stay in Brazil. 2.5,0.0925,0.9075
PMID: 42521043,Heat stress promotes myocardial injury and ventricular arrhythmia through DRP1-mediated mitochondrial dysfunction.,PMID: 42413509,Adaptations to Climate Change-Related Environmental Phenomena to Achieve Physical Activity Recommendations for Adults Aged 65 and Older.,0.3448,0.6552
PMID: 42521043,Heat stress promotes myocardial injury and ventricular arrhythmia through DRP1-mediated mitochondrial dysfunction.,PMID: 42410409,Investigating environmental heat exposure and its effects on maternal and fetal health in rural Northern Ghana (Physio-HeMAB Study): a study protocol for a cluster randomized trial.,0.35,0.65
PMID: 42521043,Heat stress promotes myocardial injury and ventricular arrhythmia through DRP1-mediated mitochondrial dysfunction.,PMID: 42406176,"Associations of short-, mid-, and long-term particulate matter exposure with elevated LDL-C levels in Korean adults: analysis of KNHANES 2016-2022.",0.095,0.905
PMID: 42521043,Heat stress promotes myocardial injury and ventricular arrhythmia through DRP1-mediated mitochondrial dysfunction.,PMID: 42403579,Exposure to air and water pollution during pregnancy and risk of adverse perinatal outcomes in São Paulo State: protocol for a retrospective population-based cohort study.,0.2262,0.7738
PMID: 42520874,Long-term particulate matter exposure and coronary inflammation: A large-scale cohort study assessed by pericoronary fat attenuation index.,PMID: 42520868,Maternal exposure to particulate matter during pregnancy and offspring liver function.,0.207,0.793
PMID: 42520874,Long-term particulate matter exposure and coronary inflammation: A large-scale cohort study assessed by pericoronary fat attenuation index.,PMID: 42520653,"Perfluoroalkyl/Polyfluoroalkyl Substances, Hemostatic/Inflammatory Biomarkers, and Incident Hypertension: The Study of Women's Health Across the Nation.",0.5101,0.4899
PMID: 42520874,Long-term particulate matter exposure and coronary inflammation: A large-scale cohort study assessed by pericoronary fat attenuation index.,PMID: 42512137,Weather Information Seeking and Heat-Health Protective Actions During Pregnancy: An Exploratory Study.,0.0499,0.9501
PMID: 42520874,Long-term particulate matter exposure and coronary inflammation: A large-scale cohort study assessed by pericoronary fat attenuation index.,PMID: 42508048,Air pollution and cardiovascular disease: A review of current scientific data.,0.5124,0.4876
PMID: 42520874,Long-term particulate matter exposure and coronary inflammation: A large-scale cohort study assessed by pericoronary fat attenuation index.,PMID: 42503941,[Advances on the effects and mechanisms of maternal exposure to particulate matter on offspring neurodevelopment].,0.2879,0.7121
PMID: 42520874,Long-term particulate matter exposure and coronary inflammation: A large-scale cohort study assessed by pericoronary fat attenuation index.,PMID: 42500877,Case-Crossover Analysis of Short-Term Particulate Matter and Health Outcomes in Patients With Atrial Fibrillation.,0.4328,0.5672
PMID: 42520874,Long-term particulate matter exposure and coronary inflammation: A large-scale cohort study assessed by pericoronary fat attenuation index.,PMID: 42496250,Mechanisms of Heat-Induced Sleep Disruption in Aging: A Narrative Review.,0.3089,0.6911
PMID: 42520874,Long-term particulate matter exposure and coronary inflammation: A large-scale cohort study assessed by pericoronary fat attenuation index.,PMID: 42492149,Prenatal air pollution exposure and placental biomarkers of oxidative stress and ageing: results from the BiSC cohort.,0.3101,0.6899
PMID: 42520874,Long-term particulate matter exposure and coronary inflammation: A large-scale cohort study assessed by pericoronary fat attenuation index.,PMID: 42488199,Changes in respiratory and cardiovascular morbidity air pollution risk and attributable burden in New York City.,0.1441,0.8559
PMID: 42520874,Long-term particulate matter exposure and coronary inflammation: A large-scale cohort study assessed by pericoronary fat attenuation index.,PMID: 42488198,A comprehensive study on the association of personal air pollution exposure with thyroid hormones in pregnant women.,0.1836,0.8164
PMID: 42520874,Long-term particulate matter exposure and coronary inflammation: A large-scale cohort study assessed by pericoronary fat attenuation index.,PMID: 42484582,Constituent-Specific PM and Cardiovascular Risk: From Mass to Mixture. 2.5,0.0752,0.9248
PMID: 42520874,Long-term particulate matter exposure and coronary inflammation: A large-scale cohort study assessed by pericoronary fat attenuation index.,PMID: 42483592,Quantifying the Health Benefits Linked to Reduced Traffic-Related PM Exposure on Acute Coronary Syndrome Incidence in China. 2.5,0.4667,0.5333
PMID: 42520874,Long-term particulate matter exposure and coronary inflammation: A large-scale cohort study assessed by pericoronary fat attenuation index.,PMID: 42483588,Transcriptomic Perturbations in Placental Gene Expression Following Developmental Exposure to Perfluorooctanoic Acid (PFOA) or Hexafluoropropylene Oxide-Dimer Acid (HFPO-DA or GenX) in CD‑1 Mice Are Consistent with Placental Insufficiency.,0.0135,0.9865
PMID: 42520874,Long-term particulate matter exposure and coronary inflammation: A large-scale cohort study assessed by pericoronary fat attenuation index.,PMID: 42483065,"Combined effects of apparent low temperature and PM pollution on circulatory emergency ambulance calls: a time-series analysis in Shijiazhuang, China. 2.5",0.4488,0.5512
PMID: 42520874,Long-term particulate matter exposure and coronary inflammation: A large-scale cohort study assessed by pericoronary fat attenuation index.,PMID: 42482688,"Size-specific health effects of particulate matter components on cardiovascular mortality: a weekly time-series study in Tianjin, China.",0.3656,0.6344
PMID: 42520874,Long-term particulate matter exposure and coronary inflammation: A large-scale cohort study assessed by pericoronary fat attenuation index.,PMID: 42476417,Thermophysiological response of adults to long-distance running in different ACSM environmental risk conditions: A systematic review and meta-analysis.,0.2453,0.7547
PMID: 42520874,Long-term particulate matter exposure and coronary inflammation: A large-scale cohort study assessed by pericoronary fat attenuation index.,PMID: 42474428,Individual and neighborhood factors influencing pediatric asthma exacerbations during urban heatwaves.,0.0195,0.9805
PMID: 42520874,Long-term particulate matter exposure and coronary inflammation: A large-scale cohort study assessed by pericoronary fat attenuation index.,PMID: 42472615,Targeted inhibition of JAK2 phosphorylation by GenX disrupts the JAK2-STAT3 pathway and induces cardiovascular toxicity in zebrafish: Insights from network toxicology and molecular dynamics.,0.2211,0.7789
PMID: 42520874,Long-term particulate matter exposure and coronary inflammation: A large-scale cohort study assessed by pericoronary fat attenuation index.,PMID: 42471626,Associations between wildland fire smoke PM and maternal blood pressure. 2.5,0.3669,0.6331
PMID: 42520874,Long-term particulate matter exposure and coronary inflammation: A large-scale cohort study assessed by pericoronary fat attenuation index.,PMID: 42466507,Joint Effects of Heat and Fine Particulate Matter on Out-of-Hospital Cardiac Arrest in Japan: A Nationwide Time-Stratified Case-Crossover Study.,0.3443,0.6557
PMID: 42520874,Long-term particulate matter exposure and coronary inflammation: A large-scale cohort study assessed by pericoronary fat attenuation index.,PMID: 42459959,Mechanistic insights into PM-induced cardiac fibrosis involving ERS/TXNIP/NLRP3-driven pyroptosis in multiple cell types. 2.5,0.5176,0.4824
PMID: 42520874,Long-term particulate matter exposure and coronary inflammation: A large-scale cohort study assessed by pericoronary fat attenuation index.,PMID: 42455550,"Modifiable Risk Factors and Attributable Ischemic Heart Disease Mortality in US States, 1990-2023: A Systematic Analysis for the Global Burden of Disease Study 2023.",0.2209,0.7791
PMID: 42520874,Long-term particulate matter exposure and coronary inflammation: A large-scale cohort study assessed by pericoronary fat attenuation index.,PMID: 42455100,Long-Term Exposure to PM Constituents and Coronary Heart Disease Risk in China. 2.5,0.3145,0.6855
PMID: 42520874,Long-term particulate matter exposure and coronary inflammation: A large-scale cohort study assessed by pericoronary fat attenuation index.,PMID: 42450330,Imaging and Molecular Biomarkers of PFAS-Related Vascular Aging: A Narrative Review.,0.3503,0.6497
PMID: 42520874,Long-term particulate matter exposure and coronary inflammation: A large-scale cohort study assessed by pericoronary fat attenuation index.,PMID: 42449303,Environmental exposome and its public health impact on COPD and asthma exacerbations in France.,0.0558,0.9442
PMID: 42520874,Long-term particulate matter exposure and coronary inflammation: A large-scale cohort study assessed by pericoronary fat attenuation index.,PMID: 42447841,Micro- and nano-plastics in the coronary circulation and air pollution exposure in ischaemic heart disease presentation.,0.5052,0.4948
PMID: 42520874,Long-term particulate matter exposure and coronary inflammation: A large-scale cohort study assessed by pericoronary fat attenuation index.,PMID: 42445923,"Ambient temperature, rainfall, and adverse maternal and child health outcomes in Nigeria: evidence from a national cross-sectional study.",0.0554,0.9446
PMID: 42520874,Long-term particulate matter exposure and coronary inflammation: A large-scale cohort study assessed by pericoronary fat attenuation index.,PMID: 42442744,"Fine Particulate Matter (PM2.5), the Exposome, and Cumulative Health Risk: A Life-course Perspective.",0.4588,0.5412
PMID: 42520874,Long-term particulate matter exposure and coronary inflammation: A large-scale cohort study assessed by pericoronary fat attenuation index.,PMID: 42440588,Maternal exposure to fine particulate matter and autism spectrum disorder in children: population based case-control study.,0.4752,0.5248
PMID: 42520874,Long-term particulate matter exposure and coronary inflammation: A large-scale cohort study assessed by pericoronary fat attenuation index.,PMID: 42437198,"Air Pollution Mixture and Folate Status Indicators among Pregnant Women in Canada: Maternal-Infant Research on Environmental Chemicals (MIREC) Study, 2008 to 2011.",0.2928,0.7072
PMID: 42520874,Long-term particulate matter exposure and coronary inflammation: A large-scale cohort study assessed by pericoronary fat attenuation index.,PMID: 42428257,Prenatal Air Pollution Exposure and Autism Spectrum Disorder in the ECHO Consortium.,0.2928,0.7072
PMID: 42520874,Long-term particulate matter exposure and coronary inflammation: A large-scale cohort study assessed by pericoronary fat attenuation index.,PMID: 42422320,"Maternal ambient air pollution exposure and risk of stillbirth in Georgia, USA.",0.2047,0.7953
PMID: 42520874,Long-term particulate matter exposure and coronary inflammation: A large-scale cohort study assessed by pericoronary fat attenuation index.,PMID: 42420937,Assessing the feasibility of indoor air quality monitoring in low-income housing among Black adults with uncontrolled asthma in New York City.,0.0519,0.9481
PMID: 42520874,Long-term particulate matter exposure and coronary inflammation: A large-scale cohort study assessed by pericoronary fat attenuation index.,PMID: 42420917,Effects of per- and polyfluoroalkyl substances on maternal thyroid function: a stratified analysis by maternal iodine status and thyroid autoantibody status.,0.0631,0.9369
PMID: 42520874,Long-term particulate matter exposure and coronary inflammation: A large-scale cohort study assessed by pericoronary fat attenuation index.,PMID: 42419777,Genetic susceptibility to respiratory health effects from outdoor air pollution: a structured narrative review.,0.2762,0.7238
PMID: 42520874,Long-term particulate matter exposure and coronary inflammation: A large-scale cohort study assessed by pericoronary fat attenuation index.,PMID: 42416905,Association between air pollution and incident cardiovascular diseases among a population with cardiovascular-kidney-metabolic syndrome stages 0-3: the first evidence from the China Health and Retirement Longitudinal Study.,0.2334,0.7666
PMID: 42520874,Long-term particulate matter exposure and coronary inflammation: A large-scale cohort study assessed by pericoronary fat attenuation index.,PMID: 42414291,Causal effects of wildfire PM on hospital costs and length of stay in Brazil. 2.5,0.4575,0.5425
PMID: 42520874,Long-term particulate matter exposure and coronary inflammation: A large-scale cohort study assessed by pericoronary fat attenuation index.,PMID: 42413509,Adaptations to Climate Change-Related Environmental Phenomena to Achieve Physical Activity Recommendations for Adults Aged 65 and Older.,0.1695,0.8305
PMID: 42520874,Long-term particulate matter exposure and coronary inflammation: A large-scale cohort study assessed by pericoronary fat attenuation index.,PMID: 42410409,Investigating environmental heat exposure and its effects on maternal and fetal health in rural Northern Ghana (Physio-HeMAB Study): a study protocol for a cluster randomized trial.,0.0158,0.9842
PMID: 42520874,Long-term particulate matter exposure and coronary inflammation: A large-scale cohort study assessed by pericoronary fat attenuation index.,PMID: 42406176,"Associations of short-, mid-, and long-term particulate matter exposure with elevated LDL-C levels in Korean adults: analysis of KNHANES 2016-2022.",0.2432,0.7568
PMID: 42520874,Long-term particulate matter exposure and coronary inflammation: A large-scale cohort study assessed by pericoronary fat attenuation index.,PMID: 42403579,Exposure to air and water pollution during pregnancy and risk of adverse perinatal outcomes in São Paulo State: protocol for a retrospective population-based cohort study.,0.1552,0.8448
PMID: 42520868,Maternal exposure to particulate matter during pregnancy and offspring liver function.,PMID: 42520653,"Perfluoroalkyl/Polyfluoroalkyl Substances, Hemostatic/Inflammatory Biomarkers, and Incident Hypertension: The Study of Women's Health Across the Nation.",0.0197,0.9803
PMID: 42520868,Maternal exposure to particulate matter during pregnancy and offspring liver function.,PMID: 42512137,Weather Information Seeking and Heat-Health Protective Actions During Pregnancy: An Exploratory Study.,0.3602,0.6398
PMID: 42520868,Maternal exposure to particulate matter during pregnancy and offspring liver function.,PMID: 42508048,Air pollution and cardiovascular disease: A review of current scientific data.,0.1948,0.8052
PMID: 42520868,Maternal exposure to particulate matter during pregnancy and offspring liver function.,PMID: 42503941,[Advances on the effects and mechanisms of maternal exposure to particulate matter on offspring neurodevelopment].,0.459,0.541
PMID: 42520868,Maternal exposure to particulate matter during pregnancy and offspring liver function.,PMID: 42500877,Case-Crossover Analysis of Short-Term Particulate Matter and Health Outcomes in Patients With Atrial Fibrillation.,0.2488,0.7512
PMID: 42520868,Maternal exposure to particulate matter during pregnancy and offspring liver function.,PMID: 42496250,Mechanisms of Heat-Induced Sleep Disruption in Aging: A Narrative Review.,0.0612,0.9388
PMID: 42520868,Maternal exposure to particulate matter during pregnancy and offspring liver function.,PMID: 42492149,Prenatal air pollution exposure and placental biomarkers of oxidative stress and ageing: results from the BiSC cohort.,0.465,0.535
PMID: 42520868,Maternal exposure to particulate matter during pregnancy and offspring liver function.,PMID: 42488199,Changes in respiratory and cardiovascular morbidity air pollution risk and attributable burden in New York City.,0.032,0.968
PMID: 42520868,Maternal exposure to particulate matter during pregnancy and offspring liver function.,PMID: 42488198,A comprehensive study on the association of personal air pollution exposure with thyroid hormones in pregnant women.,0.5047,0.4953
PMID: 42520868,Maternal exposure to particulate matter during pregnancy and offspring liver function.,PMID: 42484582,Constituent-Specific PM and Cardiovascular Risk: From Mass to Mixture. 2.5,0.1834,0.8166
PMID: 42520868,Maternal exposure to particulate matter during pregnancy and offspring liver function.,PMID: 42483592,Quantifying the Health Benefits Linked to Reduced Traffic-Related PM Exposure on Acute Coronary Syndrome Incidence in China. 2.5,0.3321,0.6679
PMID: 42520868,Maternal exposure to particulate matter during pregnancy and offspring liver function.,PMID: 42483588,Transcriptomic Perturbations in Placental Gene Expression Following Developmental Exposure to Perfluorooctanoic Acid (PFOA) or Hexafluoropropylene Oxide-Dimer Acid (HFPO-DA or GenX) in CD‑1 Mice Are Consistent with Placental Insufficiency.,0.2789,0.7211
PMID: 42520868,Maternal exposure to particulate matter during pregnancy and offspring liver function.,PMID: 42483065,"Combined effects of apparent low temperature and PM pollution on circulatory emergency ambulance calls: a time-series analysis in Shijiazhuang, China. 2.5",0.4125,0.5875
PMID: 42520868,Maternal exposure to particulate matter during pregnancy and offspring liver function.,PMID: 42482688,"Size-specific health effects of particulate matter components on cardiovascular mortality: a weekly time-series study in Tianjin, China.",0.1934,0.8066
PMID: 42520868,Maternal exposure to particulate matter during pregnancy and offspring liver function.,PMID: 42476417,Thermophysiological response of adults to long-distance running in different ACSM environmental risk conditions: A systematic review and meta-analysis.,0.0544,0.9456
PMID: 42520868,Maternal exposure to particulate matter during pregnancy and offspring liver function.,PMID: 42474428,Individual and neighborhood factors influencing pediatric asthma exacerbations during urban heatwaves.,0.1005,0.8995
PMID: 42520868,Maternal exposure to particulate matter during pregnancy and offspring liver function.,PMID: 42472615,Targeted inhibition of JAK2 phosphorylation by GenX disrupts the JAK2-STAT3 pathway and induces cardiovascular toxicity in zebrafish: Insights from network toxicology and molecular dynamics.,0.0785,0.9215
PMID: 42520868,Maternal exposure to particulate matter during pregnancy and offspring liver function.,PMID: 42471626,Associations between wildland fire smoke PM and maternal blood pressure. 2.5,0.6095,0.3905
PMID: 42520868,Maternal exposure to particulate matter during pregnancy and offspring liver function.,PMID: 42466507,Joint Effects of Heat and Fine Particulate Matter on Out-of-Hospital Cardiac Arrest in Japan: A Nationwide Time-Stratified Case-Crossover Study.,0.4564,0.5436
PMID: 42520868,Maternal exposure to particulate matter during pregnancy and offspring liver function.,PMID: 42459959,Mechanistic insights into PM-induced cardiac fibrosis involving ERS/TXNIP/NLRP3-driven pyroptosis in multiple cell types. 2.5,0.2735,0.7265
PMID: 42520868,Maternal exposure to particulate matter during pregnancy and offspring liver function.,PMID: 42455550,"Modifiable Risk Factors and Attributable Ischemic Heart Disease Mortality in US States, 1990-2023: A Systematic Analysis for the Global Burden of Disease Study 2023.",0.3018,0.6982
PMID: 42520868,Maternal exposure to particulate matter during pregnancy and offspring liver function.,PMID: 42455100,Long-Term Exposure to PM Constituents and Coronary Heart Disease Risk in China. 2.5,0.3868,0.6132
PMID: 42520868,Maternal exposure to particulate matter during pregnancy and offspring liver function.,PMID: 42450330,Imaging and Molecular Biomarkers of PFAS-Related Vascular Aging: A Narrative Review.,0.0694,0.9306
PMID: 42520868,Maternal exposure to particulate matter during pregnancy and offspring liver function.,PMID: 42449303,Environmental exposome and its public health impact on COPD and asthma exacerbations in France.,0.2659,0.7341
PMID: 42520868,Maternal exposure to particulate matter during pregnancy and offspring liver function.,PMID: 42447841,Micro- and nano-plastics in the coronary circulation and air pollution exposure in ischaemic heart disease presentation.,0.0516,0.9484
PMID: 42520868,Maternal exposure to particulate matter during pregnancy and offspring liver function.,PMID: 42445923,"Ambient temperature, rainfall, and adverse maternal and child health outcomes in Nigeria: evidence from a national cross-sectional study.",0.1885,0.8115
PMID: 42520868,Maternal exposure to particulate matter during pregnancy and offspring liver function.,PMID: 42442744,"Fine Particulate Matter (PM2.5), the Exposome, and Cumulative Health Risk: A Life-course Perspective.",0.1699,0.8301
PMID: 42520868,Maternal exposure to particulate matter during pregnancy and offspring liver function.,PMID: 42440588,Maternal exposure to fine particulate matter and autism spectrum disorder in children: population based case-control study.,0.5582,0.4418
PMID: 42520868,Maternal exposure to particulate matter during pregnancy and offspring liver function.,PMID: 42437198,"Air Pollution Mixture and Folate Status Indicators among Pregnant Women in Canada: Maternal-Infant Research on Environmental Chemicals (MIREC) Study, 2008 to 2011.",0.458,0.542
PMID: 42520868,Maternal exposure to particulate matter during pregnancy and offspring liver function.,PMID: 42428257,Prenatal Air Pollution Exposure and Autism Spectrum Disorder in the ECHO Consortium.,0.4267,0.5733
PMID: 42520868,Maternal exposure to particulate matter during pregnancy and offspring liver function.,PMID: 42422320,"Maternal ambient air pollution exposure and risk of stillbirth in Georgia, USA.",0.765,0.235
PMID: 42520868,Maternal exposure to particulate matter during pregnancy and offspring liver function.,PMID: 42420937,Assessing the feasibility of indoor air quality monitoring in low-income housing among Black adults with uncontrolled asthma in New York City.,0.0887,0.9113
PMID: 42520868,Maternal exposure to particulate matter during pregnancy and offspring liver function.,PMID: 42420917,Effects of per- and polyfluoroalkyl substances on maternal thyroid function: a stratified analysis by maternal iodine status and thyroid autoantibody status.,0.3491,0.6509
PMID: 42520868,Maternal exposure to particulate matter during pregnancy and offspring liver function.,PMID: 42419777,Genetic susceptibility to respiratory health effects from outdoor air pollution: a structured narrative review.,0.1996,0.8004
PMID: 42520868,Maternal exposure to particulate matter during pregnancy and offspring liver function.,PMID: 42416905,Association between air pollution and incident cardiovascular diseases among a population with cardiovascular-kidney-metabolic syndrome stages 0-3: the first evidence from the China Health and Retirement Longitudinal Study.,0.2806,0.7194
PMID: 42520868,Maternal exposure to particulate matter during pregnancy and offspring liver function.,PMID: 42414291,Causal effects of wildfire PM on hospital costs and length of stay in Brazil. 2.5,0.2418,0.7582
PMID: 42520868,Maternal exposure to particulate matter during pregnancy and offspring liver function.,PMID: 42413509,Adaptations to Climate Change-Related Environmental Phenomena to Achieve Physical Activity Recommendations for Adults Aged 65 and Older.,0.2337,0.7663
PMID: 42520868,Maternal exposure to particulate matter during pregnancy and offspring liver function.,PMID: 42410409,Investigating environmental heat exposure and its effects on maternal and fetal health in rural Northern Ghana (Physio-HeMAB Study): a study protocol for a cluster randomized trial.,0.3238,0.6762
PMID: 42520868,Maternal exposure to particulate matter during pregnancy and offspring liver function.,PMID: 42406176,"Associations of short-, mid-, and long-term particulate matter exposure with elevated LDL-C levels in Korean adults: analysis of KNHANES 2016-2022.",0.5558,0.4442
PMID: 42520868,Maternal exposure to particulate matter during pregnancy and offspring liver function.,PMID: 42403579,Exposure to air and water pollution during pregnancy and risk of adverse perinatal outcomes in São Paulo State: protocol for a retrospective population-based cohort study.,0.3662,0.6338
PMID: 42520653,"Perfluoroalkyl/Polyfluoroalkyl Substances, Hemostatic/Inflammatory Biomarkers, and Incident Hypertension: The Study of Women's Health Across the Nation.",PMID: 42512137,Weather Information Seeking and Heat-Health Protective Actions During Pregnancy: An Exploratory Study.,0.0268,0.9732
PMID: 42520653,"Perfluoroalkyl/Polyfluoroalkyl Substances, Hemostatic/Inflammatory Biomarkers, and Incident Hypertension: The Study of Women's Health Across the Nation.",PMID: 42508048,Air pollution and cardiovascular disease: A review of current scientific data.,0.2837,0.7163
PMID: 42520653,"Perfluoroalkyl/Polyfluoroalkyl Substances, Hemostatic/Inflammatory Biomarkers, and Incident Hypertension: The Study of Women's Health Across the Nation.",PMID: 42503941,[Advances on the effects and mechanisms of maternal exposure to particulate matter on offspring neurodevelopment].,0.2093,0.7907
PMID: 42520653,"Perfluoroalkyl/Polyfluoroalkyl Substances, Hemostatic/Inflammatory Biomarkers, and Incident Hypertension: The Study of Women's Health Across the Nation.",PMID: 42500877,Case-Crossover Analysis of Short-Term Particulate Matter and Health Outcomes in Patients With Atrial Fibrillation.,0.1899,0.8101
PMID: 42520653,"Perfluoroalkyl/Polyfluoroalkyl Substances, Hemostatic/Inflammatory Biomarkers, and Incident Hypertension: The Study of Women's Health Across the Nation.",PMID: 42496250,Mechanisms of Heat-Induced Sleep Disruption in Aging: A Narrative Review.,0.4394,0.5606
PMID: 42520653,"Perfluoroalkyl/Polyfluoroalkyl Substances, Hemostatic/Inflammatory Biomarkers, and Incident Hypertension: The Study of Women's Health Across the Nation.",PMID: 42492149,Prenatal air pollution exposure and placental biomarkers of oxidative stress and ageing: results from the BiSC cohort.,0.0177,0.9823
PMID: 42520653,"Perfluoroalkyl/Polyfluoroalkyl Substances, Hemostatic/Inflammatory Biomarkers, and Incident Hypertension: The Study of Women's Health Across the Nation.",PMID: 42488199,Changes in respiratory and cardiovascular morbidity air pollution risk and attributable burden in New York City.,0.1997,0.8003
PMID: 42520653,"Perfluoroalkyl/Polyfluoroalkyl Substances, Hemostatic/Inflammatory Biomarkers, and Incident Hypertension: The Study of Women's Health Across the Nation.",PMID: 42488198,A comprehensive study on the association of personal air pollution exposure with thyroid hormones in pregnant women.,0.0617,0.9383
PMID: 42520653,"Perfluoroalkyl/Polyfluoroalkyl Substances, Hemostatic/Inflammatory Biomarkers, and Incident Hypertension: The Study of Women's Health Across the Nation.",PMID: 42484582,Constituent-Specific PM and Cardiovascular Risk: From Mass to Mixture. 2.5,0.1043,0.8957
PMID: 42520653,"Perfluoroalkyl/Polyfluoroalkyl Substances, Hemostatic/Inflammatory Biomarkers, and Incident Hypertension: The Study of Women's Health Across the Nation.",PMID: 42483592,Quantifying the Health Benefits Linked to Reduced Traffic-Related PM Exposure on Acute Coronary Syndrome Incidence in China. 2.5,0.3152,0.6848
PMID: 42520653,"Perfluoroalkyl/Polyfluoroalkyl Substances, Hemostatic/Inflammatory Biomarkers, and Incident Hypertension: The Study of Women's Health Across the Nation.",PMID: 42483588,Transcriptomic Perturbations in Placental Gene Expression Following Developmental Exposure to Perfluorooctanoic Acid (PFOA) or Hexafluoropropylene Oxide-Dimer Acid (HFPO-DA or GenX) in CD‑1 Mice Are Consistent with Placental Insufficiency.,0.2056,0.7944
PMID: 42520653,"Perfluoroalkyl/Polyfluoroalkyl Substances, Hemostatic/Inflammatory Biomarkers, and Incident Hypertension: The Study of Women's Health Across the Nation.",PMID: 42483065,"Combined effects of apparent low temperature and PM pollution on circulatory emergency ambulance calls: a time-series analysis in Shijiazhuang, China. 2.5",0.401,0.599
PMID: 42520653,"Perfluoroalkyl/Polyfluoroalkyl Substances, Hemostatic/Inflammatory Biomarkers, and Incident Hypertension: The Study of Women's Health Across the Nation.",PMID: 42482688,"Size-specific health effects of particulate matter components on cardiovascular mortality: a weekly time-series study in Tianjin, China.",0.1713,0.8287
PMID: 42520653,"Perfluoroalkyl/Polyfluoroalkyl Substances, Hemostatic/Inflammatory Biomarkers, and Incident Hypertension: The Study of Women's Health Across the Nation.",PMID: 42476417,Thermophysiological response of adults to long-distance running in different ACSM environmental risk conditions: A systematic review and meta-analysis.,0.3403,0.6597
PMID: 42520653,"Perfluoroalkyl/Polyfluoroalkyl Substances, Hemostatic/Inflammatory Biomarkers, and Incident Hypertension: The Study of Women's Health Across the Nation.",PMID: 42474428,Individual and neighborhood factors influencing pediatric asthma exacerbations during urban heatwaves.,0.0268,0.9732
PMID: 42520653,"Perfluoroalkyl/Polyfluoroalkyl Substances, Hemostatic/Inflammatory Biomarkers, and Incident Hypertension: The Study of Women's Health Across the Nation.",PMID: 42472615,Targeted inhibition of JAK2 phosphorylation by GenX disrupts the JAK2-STAT3 pathway and induces cardiovascular toxicity in zebrafish: Insights from network toxicology and molecular dynamics.,0.5107,0.4893
PMID: 42520653,"Perfluoroalkyl/Polyfluoroalkyl Substances, Hemostatic/Inflammatory Biomarkers, and Incident Hypertension: The Study of Women's Health Across the Nation.",PMID: 42471626,Associations between wildland fire smoke PM and maternal blood pressure. 2.5,0.0229,0.9771
PMID: 42520653,"Perfluoroalkyl/Polyfluoroalkyl Substances, Hemostatic/Inflammatory Biomarkers, and Incident Hypertension: The Study of Women's Health Across the Nation.",PMID: 42466507,Joint Effects of Heat and Fine Particulate Matter on Out-of-Hospital Cardiac Arrest in Japan: A Nationwide Time-Stratified Case-Crossover Study.,0.2325,0.7675
PMID: 42520653,"Perfluoroalkyl/Polyfluoroalkyl Substances, Hemostatic/Inflammatory Biomarkers, and Incident Hypertension: The Study of Women's Health Across the Nation.",PMID: 42459959,Mechanistic insights into PM-induced cardiac fibrosis involving ERS/TXNIP/NLRP3-driven pyroptosis in multiple cell types. 2.5,0.2425,0.7575
PMID: 42520653,"Perfluoroalkyl/Polyfluoroalkyl Substances, Hemostatic/Inflammatory Biomarkers, and Incident Hypertension: The Study of Women's Health Across the Nation.",PMID: 42455550,"Modifiable Risk Factors and Attributable Ischemic Heart Disease Mortality in US States, 1990-2023: A Systematic Analysis for the Global Burden of Disease Study 2023.",0.0246,0.9754
PMID: 42520653,"Perfluoroalkyl/Polyfluoroalkyl Substances, Hemostatic/Inflammatory Biomarkers, and Incident Hypertension: The Study of Women's Health Across the Nation.",PMID: 42455100,Long-Term Exposure to PM Constituents and Coronary Heart Disease Risk in China. 2.5,0.2023,0.7977
PMID: 42520653,"Perfluoroalkyl/Polyfluoroalkyl Substances, Hemostatic/Inflammatory Biomarkers, and Incident Hypertension: The Study of Women's Health Across the Nation.",PMID: 42450330,Imaging and Molecular Biomarkers of PFAS-Related Vascular Aging: A Narrative Review.,0.6663,0.3337
PMID: 42520653,"Perfluoroalkyl/Polyfluoroalkyl Substances, Hemostatic/Inflammatory Biomarkers, and Incident Hypertension: The Study of Women's Health Across the Nation.",PMID: 42449303,Environmental exposome and its public health impact on COPD and asthma exacerbations in France.,0.0246,0.9754
PMID: 42520653,"Perfluoroalkyl/Polyfluoroalkyl Substances, Hemostatic/Inflammatory Biomarkers, and Incident Hypertension: The Study of Women's Health Across the Nation.",PMID: 42447841,Micro- and nano-plastics in the coronary circulation and air pollution exposure in ischaemic heart disease presentation.,0.4514,0.5486
PMID: 42520653,"Perfluoroalkyl/Polyfluoroalkyl Substances, Hemostatic/Inflammatory Biomarkers, and Incident Hypertension: The Study of Women's Health Across the Nation.",PMID: 42445923,"Ambient temperature, rainfall, and adverse maternal and child health outcomes in Nigeria: evidence from a national cross-sectional study.",0.094,0.906
PMID: 42520653,"Perfluoroalkyl/Polyfluoroalkyl Substances, Hemostatic/Inflammatory Biomarkers, and Incident Hypertension: The Study of Women's Health Across the Nation.",PMID: 42442744,"Fine Particulate Matter (PM2.5), the Exposome, and Cumulative Health Risk: A Life-course Perspective.",0.3258,0.6742
PMID: 42520653,"Perfluoroalkyl/Polyfluoroalkyl Substances, Hemostatic/Inflammatory Biomarkers, and Incident Hypertension: The Study of Women's Health Across the Nation.",PMID: 42440588,Maternal exposure to fine particulate matter and autism spectrum disorder in children: population based case-control study.,0.0205,0.9795
PMID: 42520653,"Perfluoroalkyl/Polyfluoroalkyl Substances, Hemostatic/Inflammatory Biomarkers, and Incident Hypertension: The Study of Women's Health Across the Nation.",PMID: 42437198,"Air Pollution Mixture and Folate Status Indicators among Pregnant Women in Canada: Maternal-Infant Research on Environmental Chemicals (MIREC) Study, 2008 to 2011.",0.056,0.944
PMID: 42520653,"Perfluoroalkyl/Polyfluoroalkyl Substances, Hemostatic/Inflammatory Biomarkers, and Incident Hypertension: The Study of Women's Health Across the Nation.",PMID: 42428257,Prenatal Air Pollution Exposure and Autism Spectrum Disorder in the ECHO Consortium.,0.0322,0.9678
PMID: 42520653,"Perfluoroalkyl/Polyfluoroalkyl Substances, Hemostatic/Inflammatory Biomarkers, and Incident Hypertension: The Study of Women's Health Across the Nation.",PMID: 42422320,"Maternal ambient air pollution exposure and risk of stillbirth in Georgia, USA.",0.0227,0.9773
PMID: 42520653,"Perfluoroalkyl/Polyfluoroalkyl Substances, Hemostatic/Inflammatory Biomarkers, and Incident Hypertension: The Study of Women's Health Across the Nation.",PMID: 42420937,Assessing the feasibility of indoor air quality monitoring in low-income housing among Black adults with uncontrolled asthma in New York City.,0.0278,0.9722
PMID: 42520653,"Perfluoroalkyl/Polyfluoroalkyl Substances, Hemostatic/Inflammatory Biomarkers, and Incident Hypertension: The Study of Women's Health Across the Nation.",PMID: 42420917,Effects of per- and polyfluoroalkyl substances on maternal thyroid function: a stratified analysis by maternal iodine status and thyroid autoantibody status.,0.2416,0.7584
PMID: 42520653,"Perfluoroalkyl/Polyfluoroalkyl Substances, Hemostatic/Inflammatory Biomarkers, and Incident Hypertension: The Study of Women's Health Across the Nation.",PMID: 42419777,Genetic susceptibility to respiratory health effects from outdoor air pollution: a structured narrative review.,0.2008,0.7992
PMID: 42520653,"Perfluoroalkyl/Polyfluoroalkyl Substances, Hemostatic/Inflammatory Biomarkers, and Incident Hypertension: The Study of Women's Health Across the Nation.",PMID: 42416905,Association between air pollution and incident cardiovascular diseases among a population with cardiovascular-kidney-metabolic syndrome stages 0-3: the first evidence from the China Health and Retirement Longitudinal Study.,0.2459,0.7541
PMID: 42520653,"Perfluoroalkyl/Polyfluoroalkyl Substances, Hemostatic/Inflammatory Biomarkers, and Incident Hypertension: The Study of Women's Health Across the Nation.",PMID: 42414291,Causal effects of wildfire PM on hospital costs and length of stay in Brazil. 2.5,0.2142,0.7858
PMID: 42520653,"Perfluoroalkyl/Polyfluoroalkyl Substances, Hemostatic/Inflammatory Biomarkers, and Incident Hypertension: The Study of Women's Health Across the Nation.",PMID: 42413509,Adaptations to Climate Change-Related Environmental Phenomena to Achieve Physical Activity Recommendations for Adults Aged 65 and Older.,0.2352,0.7648
PMID: 42520653,"Perfluoroalkyl/Polyfluoroalkyl Substances, Hemostatic/Inflammatory Biomarkers, and Incident Hypertension: The Study of Women's Health Across the Nation.",PMID: 42410409,Investigating environmental heat exposure and its effects on maternal and fetal health in rural Northern Ghana (Physio-HeMAB Study): a study protocol for a cluster randomized trial.,0.069,0.931
PMID: 42520653,"Perfluoroalkyl/Polyfluoroalkyl Substances, Hemostatic/Inflammatory Biomarkers, and Incident Hypertension: The Study of Women's Health Across the Nation.",PMID: 42406176,"Associations of short-, mid-, and long-term particulate matter exposure with elevated LDL-C levels in Korean adults: analysis of KNHANES 2016-2022.",0.0269,0.9731
PMID: 42520653,"Perfluoroalkyl/Polyfluoroalkyl Substances, Hemostatic/Inflammatory Biomarkers, and Incident Hypertension: The Study of Women's Health Across the Nation.",PMID: 42403579,Exposure to air and water pollution during pregnancy and risk of adverse perinatal outcomes in São Paulo State: protocol for a retrospective population-based cohort study.,0.0141,0.9859
PMID: 42512137,Weather Information Seeking and Heat-Health Protective Actions During Pregnancy: An Exploratory Study.,PMID: 42508048,Air pollution and cardiovascular disease: A review of current scientific data.,0.0445,0.9555
PMID: 42512137,Weather Information Seeking and Heat-Health Protective Actions During Pregnancy: An Exploratory Study.,PMID: 42503941,[Advances on the effects and mechanisms of maternal exposure to particulate matter on offspring neurodevelopment].,0.3139,0.6861
PMID: 42512137,Weather Information Seeking and Heat-Health Protective Actions During Pregnancy: An Exploratory Study.,PMID: 42500877,Case-Crossover Analysis of Short-Term Particulate Matter and Health Outcomes in Patients With Atrial Fibrillation.,0.2731,0.7269
PMID: 42512137,Weather Information Seeking and Heat-Health Protective Actions During Pregnancy: An Exploratory Study.,PMID: 42496250,Mechanisms of Heat-Induced Sleep Disruption in Aging: A Narrative Review.,0.2996,0.7004
PMID: 42512137,Weather Information Seeking and Heat-Health Protective Actions During Pregnancy: An Exploratory Study.,PMID: 42492149,Prenatal air pollution exposure and placental biomarkers of oxidative stress and ageing: results from the BiSC cohort.,0.3418,0.6582
PMID: 42512137,Weather Information Seeking and Heat-Health Protective Actions During Pregnancy: An Exploratory Study.,PMID: 42488199,Changes in respiratory and cardiovascular morbidity air pollution risk and attributable burden in New York City.,0.251,0.749
PMID: 42512137,Weather Information Seeking and Heat-Health Protective Actions During Pregnancy: An Exploratory Study.,PMID: 42488198,A comprehensive study on the association of personal air pollution exposure with thyroid hormones in pregnant women.,0.3719,0.6281
PMID: 42512137,Weather Information Seeking and Heat-Health Protective Actions During Pregnancy: An Exploratory Study.,PMID: 42484582,Constituent-Specific PM and Cardiovascular Risk: From Mass to Mixture. 2.5,0.1307,0.8693
PMID: 42512137,Weather Information Seeking and Heat-Health Protective Actions During Pregnancy: An Exploratory Study.,PMID: 42483592,Quantifying the Health Benefits Linked to Reduced Traffic-Related PM Exposure on Acute Coronary Syndrome Incidence in China. 2.5,0.0938,0.9062
PMID: 42512137,Weather Information Seeking and Heat-Health Protective Actions During Pregnancy: An Exploratory Study.,PMID: 42483588,Transcriptomic Perturbations in Placental Gene Expression Following Developmental Exposure to Perfluorooctanoic Acid (PFOA) or Hexafluoropropylene Oxide-Dimer Acid (HFPO-DA or GenX) in CD‑1 Mice Are Consistent with Placental Insufficiency.,0.3594,0.6406
PMID: 42512137,Weather Information Seeking and Heat-Health Protective Actions During Pregnancy: An Exploratory Study.,PMID: 42483065,"Combined effects of apparent low temperature and PM pollution on circulatory emergency ambulance calls: a time-series analysis in Shijiazhuang, China. 2.5",0.302,0.698
PMID: 42512137,Weather Information Seeking and Heat-Health Protective Actions During Pregnancy: An Exploratory Study.,PMID: 42482688,"Size-specific health effects of particulate matter components on cardiovascular mortality: a weekly time-series study in Tianjin, China.",0.051,0.949
PMID: 42512137,Weather Information Seeking and Heat-Health Protective Actions During Pregnancy: An Exploratory Study.,PMID: 42476417,Thermophysiological response of adults to long-distance running in different ACSM environmental risk conditions: A systematic review and meta-analysis.,0.427,0.573
PMID: 42512137,Weather Information Seeking and Heat-Health Protective Actions During Pregnancy: An Exploratory Study.,PMID: 42474428,Individual and neighborhood factors influencing pediatric asthma exacerbations during urban heatwaves.,0.3699,0.6301
PMID: 42512137,Weather Information Seeking and Heat-Health Protective Actions During Pregnancy: An Exploratory Study.,PMID: 42472615,Targeted inhibition of JAK2 phosphorylation by GenX disrupts the JAK2-STAT3 pathway and induces cardiovascular toxicity in zebrafish: Insights from network toxicology and molecular dynamics.,0.0796,0.9204
PMID: 42512137,Weather Information Seeking and Heat-Health Protective Actions During Pregnancy: An Exploratory Study.,PMID: 42471626,Associations between wildland fire smoke PM and maternal blood pressure. 2.5,0.479,0.521
PMID: 42512137,Weather Information Seeking and Heat-Health Protective Actions During Pregnancy: An Exploratory Study.,PMID: 42466507,Joint Effects of Heat and Fine Particulate Matter on Out-of-Hospital Cardiac Arrest in Japan: A Nationwide Time-Stratified Case-Crossover Study.,0.3344,0.6656
PMID: 42512137,Weather Information Seeking and Heat-Health Protective Actions During Pregnancy: An Exploratory Study.,PMID: 42459959,Mechanistic insights into PM-induced cardiac fibrosis involving ERS/TXNIP/NLRP3-driven pyroptosis in multiple cell types. 2.5,0.072,0.928
PMID: 42512137,Weather Information Seeking and Heat-Health Protective Actions During Pregnancy: An Exploratory Study.,PMID: 42455550,"Modifiable Risk Factors and Attributable Ischemic Heart Disease Mortality in US States, 1990-2023: A Systematic Analysis for the Global Burden of Disease Study 2023.",0.0799,0.9201
PMID: 42512137,Weather Information Seeking and Heat-Health Protective Actions During Pregnancy: An Exploratory Study.,PMID: 42455100,Long-Term Exposure to PM Constituents and Coronary Heart Disease Risk in China. 2.5,0.0559,0.9441
PMID: 42512137,Weather Information Seeking and Heat-Health Protective Actions During Pregnancy: An Exploratory Study.,PMID: 42450330,Imaging and Molecular Biomarkers of PFAS-Related Vascular Aging: A Narrative Review.,0.0702,0.9298
PMID: 42512137,Weather Information Seeking and Heat-Health Protective Actions During Pregnancy: An Exploratory Study.,PMID: 42449303,Environmental exposome and its public health impact on COPD and asthma exacerbations in France.,0.0313,0.9687
PMID: 42512137,Weather Information Seeking and Heat-Health Protective Actions During Pregnancy: An Exploratory Study.,PMID: 42447841,Micro- and nano-plastics in the coronary circulation and air pollution exposure in ischaemic heart disease presentation.,0.1292,0.8708
PMID: 42512137,Weather Information Seeking and Heat-Health Protective Actions During Pregnancy: An Exploratory Study.,PMID: 42445923,"Ambient temperature, rainfall, and adverse maternal and child health outcomes in Nigeria: evidence from a national cross-sectional study.",0.545,0.455
PMID: 42512137,Weather Information Seeking and Heat-Health Protective Actions During Pregnancy: An Exploratory Study.,PMID: 42442744,"Fine Particulate Matter (PM2.5), the Exposome, and Cumulative Health Risk: A Life-course Perspective.",0.0198,0.9802
PMID: 42512137,Weather Information Seeking and Heat-Health Protective Actions During Pregnancy: An Exploratory Study.,PMID: 42440588,Maternal exposure to fine particulate matter and autism spectrum disorder in children: population based case-control study.,0.375,0.625
PMID: 42512137,Weather Information Seeking and Heat-Health Protective Actions During Pregnancy: An Exploratory Study.,PMID: 42437198,"Air Pollution Mixture and Folate Status Indicators among Pregnant Women in Canada: Maternal-Infant Research on Environmental Chemicals (MIREC) Study, 2008 to 2011.",0.338,0.662
PMID: 42512137,Weather Information Seeking and Heat-Health Protective Actions During Pregnancy: An Exploratory Study.,PMID: 42428257,Prenatal Air Pollution Exposure and Autism Spectrum Disorder in the ECHO Consortium.,0.2791,0.7209
PMID: 42512137,Weather Information Seeking and Heat-Health Protective Actions During Pregnancy: An Exploratory Study.,PMID: 42422320,"Maternal ambient air pollution exposure and risk of stillbirth in Georgia, USA.",0.4178,0.5822
PMID: 42512137,Weather Information Seeking and Heat-Health Protective Actions During Pregnancy: An Exploratory Study.,PMID: 42420937,Assessing the feasibility of indoor air quality monitoring in low-income housing among Black adults with uncontrolled asthma in New York City.,0.0906,0.9094
PMID: 42512137,Weather Information Seeking and Heat-Health Protective Actions During Pregnancy: An Exploratory Study.,PMID: 42420917,Effects of per- and polyfluoroalkyl substances on maternal thyroid function: a stratified analysis by maternal iodine status and thyroid autoantibody status.,0.4098,0.5902
PMID: 42512137,Weather Information Seeking and Heat-Health Protective Actions During Pregnancy: An Exploratory Study.,PMID: 42419777,Genetic susceptibility to respiratory health effects from outdoor air pollution: a structured narrative review.,0.0233,0.9767
PMID: 42512137,Weather Information Seeking and Heat-Health Protective Actions During Pregnancy: An Exploratory Study.,PMID: 42416905,Association between air pollution and incident cardiovascular diseases among a population with cardiovascular-kidney-metabolic syndrome stages 0-3: the first evidence from the China Health and Retirement Longitudinal Study.,0.0679,0.9321
PMID: 42512137,Weather Information Seeking and Heat-Health Protective Actions During Pregnancy: An Exploratory Study.,PMID: 42414291,Causal effects of wildfire PM on hospital costs and length of stay in Brazil. 2.5,0.064,0.936
PMID: 42512137,Weather Information Seeking and Heat-Health Protective Actions During Pregnancy: An Exploratory Study.,PMID: 42413509,Adaptations to Climate Change-Related Environmental Phenomena to Achieve Physical Activity Recommendations for Adults Aged 65 and Older.,0.2949,0.7051
PMID: 42512137,Weather Information Seeking and Heat-Health Protective Actions During Pregnancy: An Exploratory Study.,PMID: 42410409,Investigating environmental heat exposure and its effects on maternal and fetal health in rural Northern Ghana (Physio-HeMAB Study): a study protocol for a cluster randomized trial.,0.6889,0.3111
PMID: 42512137,Weather Information Seeking and Heat-Health Protective Actions During Pregnancy: An Exploratory Study.,PMID: 42406176,"Associations of short-, mid-, and long-term particulate matter exposure with elevated LDL-C levels in Korean adults: analysis of KNHANES 2016-2022.",0.1606,0.8394
PMID: 42512137,Weather Information Seeking and Heat-Health Protective Actions During Pregnancy: An Exploratory Study.,PMID: 42403579,Exposure to air and water pollution during pregnancy and risk of adverse perinatal outcomes in São Paulo State: protocol for a retrospective population-based cohort study.,0.2319,0.7681
PMID: 42508048,Air pollution and cardiovascular disease: A review of current scientific data.,PMID: 42503941,[Advances on the effects and mechanisms of maternal exposure to particulate matter on offspring neurodevelopment].,0.3878,0.6122
PMID: 42508048,Air pollution and cardiovascular disease: A review of current scientific data.,PMID: 42500877,Case-Crossover Analysis of Short-Term Particulate Matter and Health Outcomes in Patients With Atrial Fibrillation.,0.5906,0.4094
PMID: 42508048,Air pollution and cardiovascular disease: A review of current scientific data.,PMID: 42496250,Mechanisms of Heat-Induced Sleep Disruption in Aging: A Narrative Review.,0.2849,0.7151
PMID: 42508048,Air pollution and cardiovascular disease: A review of current scientific data.,PMID: 42492149,Prenatal air pollution exposure and placental biomarkers of oxidative stress and ageing: results from the BiSC cohort.,0.3622,0.6378
PMID: 42508048,Air pollution and cardiovascular disease: A review of current scientific data.,PMID: 42488199,Changes in respiratory and cardiovascular morbidity air pollution risk and attributable burden in New York City.,0.4866,0.5134
PMID: 42508048,Air pollution and cardiovascular disease: A review of current scientific data.,PMID: 42488198,A comprehensive study on the association of personal air pollution exposure with thyroid hormones in pregnant women.,0.2708,0.7292
PMID: 42508048,Air pollution and cardiovascular disease: A review of current scientific data.,PMID: 42484582,Constituent-Specific PM and Cardiovascular Risk: From Mass to Mixture. 2.5,0.1276,0.8724
PMID: 42508048,Air pollution and cardiovascular disease: A review of current scientific data.,PMID: 42483592,Quantifying the Health Benefits Linked to Reduced Traffic-Related PM Exposure on Acute Coronary Syndrome Incidence in China. 2.5,0.4142,0.5858
PMID: 42508048,Air pollution and cardiovascular disease: A review of current scientific data.,PMID: 42483588,Transcriptomic Perturbations in Placental Gene Expression Following Developmental Exposure to Perfluorooctanoic Acid (PFOA) or Hexafluoropropylene Oxide-Dimer Acid (HFPO-DA or GenX) in CD‑1 Mice Are Consistent with Placental Insufficiency.,0.0228,0.9772
PMID: 42508048,Air pollution and cardiovascular disease: A review of current scientific data.,PMID: 42483065,"Combined effects of apparent low temperature and PM pollution on circulatory emergency ambulance calls: a time-series analysis in Shijiazhuang, China. 2.5",0.2872,0.7128
PMID: 42508048,Air pollution and cardiovascular disease: A review of current scientific data.,PMID: 42482688,"Size-specific health effects of particulate matter components on cardiovascular mortality: a weekly time-series study in Tianjin, China.",0.7312,0.2688
PMID: 42508048,Air pollution and cardiovascular disease: A review of current scientific data.,PMID: 42476417,Thermophysiological response of adults to long-distance running in different ACSM environmental risk conditions: A systematic review and meta-analysis.,0.2356,0.7644
PMID: 42508048,Air pollution and cardiovascular disease: A review of current scientific data.,PMID: 42474428,Individual and neighborhood factors influencing pediatric asthma exacerbations during urban heatwaves.,0.0701,0.9299
PMID: 42508048,Air pollution and cardiovascular disease: A review of current scientific data.,PMID: 42472615,Targeted inhibition of JAK2 phosphorylation by GenX disrupts the JAK2-STAT3 pathway and induces cardiovascular toxicity in zebrafish: Insights from network toxicology and molecular dynamics.,0.3657,0.6343
PMID: 42508048,Air pollution and cardiovascular disease: A review of current scientific data.,PMID: 42471626,Associations between wildland fire smoke PM and maternal blood pressure. 2.5,0.3386,0.6614
PMID: 42508048,Air pollution and cardiovascular disease: A review of current scientific data.,PMID: 42466507,Joint Effects of Heat and Fine Particulate Matter on Out-of-Hospital Cardiac Arrest in Japan: A Nationwide Time-Stratified Case-Crossover Study.,0.3178,0.6822
PMID: 42508048,Air pollution and cardiovascular disease: A review of current scientific data.,PMID: 42459959,Mechanistic insights into PM-induced cardiac fibrosis involving ERS/TXNIP/NLRP3-driven pyroptosis in multiple cell types. 2.5,0.6126,0.3874
PMID: 42508048,Air pollution and cardiovascular disease: A review of current scientific data.,PMID: 42455550,"Modifiable Risk Factors and Attributable Ischemic Heart Disease Mortality in US States, 1990-2023: A Systematic Analysis for the Global Burden of Disease Study 2023.",0.5208,0.4792
PMID: 42508048,Air pollution and cardiovascular disease: A review of current scientific data.,PMID: 42455100,Long-Term Exposure to PM Constituents and Coronary Heart Disease Risk in China. 2.5,0.4628,0.5372
PMID: 42508048,Air pollution and cardiovascular disease: A review of current scientific data.,PMID: 42450330,Imaging and Molecular Biomarkers of PFAS-Related Vascular Aging: A Narrative Review.,0.4607,0.5393
PMID: 42508048,Air pollution and cardiovascular disease: A review of current scientific data.,PMID: 42449303,Environmental exposome and its public health impact on COPD and asthma exacerbations in France.,0.1854,0.8146
PMID: 42508048,Air pollution and cardiovascular disease: A review of current scientific data.,PMID: 42447841,Micro- and nano-plastics in the coronary circulation and air pollution exposure in ischaemic heart disease presentation.,0.4483,0.5517
PMID: 42508048,Air pollution and cardiovascular disease: A review of current scientific data.,PMID: 42445923,"Ambient temperature, rainfall, and adverse maternal and child health outcomes in Nigeria: evidence from a national cross-sectional study.",0.0901,0.9099
PMID: 42508048,Air pollution and cardiovascular disease: A review of current scientific data.,PMID: 42442744,"Fine Particulate Matter (PM2.5), the Exposome, and Cumulative Health Risk: A Life-course Perspective.",0.7137,0.2863
PMID: 42508048,Air pollution and cardiovascular disease: A review of current scientific data.,PMID: 42440588,Maternal exposure to fine particulate matter and autism spectrum disorder in children: population based case-control study.,0.3323,0.6677
PMID: 42508048,Air pollution and cardiovascular disease: A review of current scientific data.,PMID: 42437198,"Air Pollution Mixture and Folate Status Indicators among Pregnant Women in Canada: Maternal-Infant Research on Environmental Chemicals (MIREC) Study, 2008 to 2011.",0.4697,0.5303
PMID: 42508048,Air pollution and cardiovascular disease: A review of current scientific data.,PMID: 42428257,Prenatal Air Pollution Exposure and Autism Spectrum Disorder in the ECHO Consortium.,0.4661,0.5339
PMID: 42508048,Air pollution and cardiovascular disease: A review of current scientific data.,PMID: 42422320,"Maternal ambient air pollution exposure and risk of stillbirth in Georgia, USA.",0.1816,0.8184
PMID: 42508048,Air pollution and cardiovascular disease: A review of current scientific data.,PMID: 42420937,Assessing the feasibility of indoor air quality monitoring in low-income housing among Black adults with uncontrolled asthma in New York City.,0.2379,0.7621
PMID: 42508048,Air pollution and cardiovascular disease: A review of current scientific data.,PMID: 42420917,Effects of per- and polyfluoroalkyl substances on maternal thyroid function: a stratified analysis by maternal iodine status and thyroid autoantibody status.,0.0306,0.9694
PMID: 42508048,Air pollution and cardiovascular disease: A review of current scientific data.,PMID: 42419777,Genetic susceptibility to respiratory health effects from outdoor air pollution: a structured narrative review.,0.6053,0.3947
PMID: 42508048,Air pollution and cardiovascular disease: A review of current scientific data.,PMID: 42416905,Association between air pollution and incident cardiovascular diseases among a population with cardiovascular-kidney-metabolic syndrome stages 0-3: the first evidence from the China Health and Retirement Longitudinal Study.,0.2989,0.7011
PMID: 42508048,Air pollution and cardiovascular disease: A review of current scientific data.,PMID: 42414291,Causal effects of wildfire PM on hospital costs and length of stay in Brazil. 2.5,0.5415,0.4585
PMID: 42508048,Air pollution and cardiovascular disease: A review of current scientific data.,PMID: 42413509,Adaptations to Climate Change-Related Environmental Phenomena to Achieve Physical Activity Recommendations for Adults Aged 65 and Older.,0.2993,0.7007
PMID: 42508048,Air pollution and cardiovascular disease: A review of current scientific data.,PMID: 42410409,Investigating environmental heat exposure and its effects on maternal and fetal health in rural Northern Ghana (Physio-HeMAB Study): a study protocol for a cluster randomized trial.,0.0266,0.9734
PMID: 42508048,Air pollution and cardiovascular disease: A review of current scientific data.,PMID: 42406176,"Associations of short-, mid-, and long-term particulate matter exposure with elevated LDL-C levels in Korean adults: analysis of KNHANES 2016-2022.",0.2157,0.7843
PMID: 42508048,Air pollution and cardiovascular disease: A review of current scientific data.,PMID: 42403579,Exposure to air and water pollution during pregnancy and risk of adverse perinatal outcomes in São Paulo State: protocol for a retrospective population-based cohort study.,0.3756,0.6244
PMID: 42503941,[Advances on the effects and mechanisms of maternal exposure to particulate matter on offspring neurodevelopment].,PMID: 42500877,Case-Crossover Analysis of Short-Term Particulate Matter and Health Outcomes in Patients With Atrial Fibrillation.,0.1849,0.8151
PMID: 42503941,[Advances on the effects and mechanisms of maternal exposure to particulate matter on offspring neurodevelopment].,PMID: 42496250,Mechanisms of Heat-Induced Sleep Disruption in Aging: A Narrative Review.,0.2403,0.7597
PMID: 42503941,[Advances on the effects and mechanisms of maternal exposure to particulate matter on offspring neurodevelopment].,PMID: 42492149,Prenatal air pollution exposure and placental biomarkers of oxidative stress and ageing: results from the BiSC cohort.,0.5523,0.4477
PMID: 42503941,[Advances on the effects and mechanisms of maternal exposure to particulate matter on offspring neurodevelopment].,PMID: 42488199,Changes in respiratory and cardiovascular morbidity air pollution risk and attributable burden in New York City.,0.0311,0.9689
PMID: 42503941,[Advances on the effects and mechanisms of maternal exposure to particulate matter on offspring neurodevelopment].,PMID: 42488198,A comprehensive study on the association of personal air pollution exposure with thyroid hormones in pregnant women.,0.4562,0.5438
PMID: 42503941,[Advances on the effects and mechanisms of maternal exposure to particulate matter on offspring neurodevelopment].,PMID: 42484582,Constituent-Specific PM and Cardiovascular Risk: From Mass to Mixture. 2.5,0.1795,0.8205
PMID: 42503941,[Advances on the effects and mechanisms of maternal exposure to particulate matter on offspring neurodevelopment].,PMID: 42483592,Quantifying the Health Benefits Linked to Reduced Traffic-Related PM Exposure on Acute Coronary Syndrome Incidence in China. 2.5,0.2839,0.7161
PMID: 42503941,[Advances on the effects and mechanisms of maternal exposure to particulate matter on offspring neurodevelopment].,PMID: 42483588,Transcriptomic Perturbations in Placental Gene Expression Following Developmental Exposure to Perfluorooctanoic Acid (PFOA) or Hexafluoropropylene Oxide-Dimer Acid (HFPO-DA or GenX) in CD‑1 Mice Are Consistent with Placental Insufficiency.,0.3096,0.6904
PMID: 42503941,[Advances on the effects and mechanisms of maternal exposure to particulate matter on offspring neurodevelopment].,PMID: 42483065,"Combined effects of apparent low temperature and PM pollution on circulatory emergency ambulance calls: a time-series analysis in Shijiazhuang, China. 2.5",0.2047,0.7953
PMID: 42503941,[Advances on the effects and mechanisms of maternal exposure to particulate matter on offspring neurodevelopment].,PMID: 42482688,"Size-specific health effects of particulate matter components on cardiovascular mortality: a weekly time-series study in Tianjin, China.",0.1668,0.8332
PMID: 42503941,[Advances on the effects and mechanisms of maternal exposure to particulate matter on offspring neurodevelopment].,PMID: 42476417,Thermophysiological response of adults to long-distance running in different ACSM environmental risk conditions: A systematic review and meta-analysis.,0.0532,0.9468
PMID: 42503941,[Advances on the effects and mechanisms of maternal exposure to particulate matter on offspring neurodevelopment].,PMID: 42474428,Individual and neighborhood factors influencing pediatric asthma exacerbations during urban heatwaves.,0.046,0.954
PMID: 42503941,[Advances on the effects and mechanisms of maternal exposure to particulate matter on offspring neurodevelopment].,PMID: 42472615,Targeted inhibition of JAK2 phosphorylation by GenX disrupts the JAK2-STAT3 pathway and induces cardiovascular toxicity in zebrafish: Insights from network toxicology and molecular dynamics.,0.0417,0.9583
PMID: 42503941,[Advances on the effects and mechanisms of maternal exposure to particulate matter on offspring neurodevelopment].,PMID: 42471626,Associations between wildland fire smoke PM and maternal blood pressure. 2.5,0.5317,0.4683
PMID: 42503941,[Advances on the effects and mechanisms of maternal exposure to particulate matter on offspring neurodevelopment].,PMID: 42466507,Joint Effects of Heat and Fine Particulate Matter on Out-of-Hospital Cardiac Arrest in Japan: A Nationwide Time-Stratified Case-Crossover Study.,0.2263,0.7737
PMID: 42503941,[Advances on the effects and mechanisms of maternal exposure to particulate matter on offspring neurodevelopment].,PMID: 42459959,Mechanistic insights into PM-induced cardiac fibrosis involving ERS/TXNIP/NLRP3-driven pyroptosis in multiple cell types. 2.5,0.434,0.566
PMID: 42503941,[Advances on the effects and mechanisms of maternal exposure to particulate matter on offspring neurodevelopment].,PMID: 42455550,"Modifiable Risk Factors and Attributable Ischemic Heart Disease Mortality in US States, 1990-2023: A Systematic Analysis for the Global Burden of Disease Study 2023.",0.2603,0.7397
PMID: 42503941,[Advances on the effects and mechanisms of maternal exposure to particulate matter on offspring neurodevelopment].,PMID: 42455100,Long-Term Exposure to PM Constituents and Coronary Heart Disease Risk in China. 2.5,0.168,0.832
PMID: 42503941,[Advances on the effects and mechanisms of maternal exposure to particulate matter on offspring neurodevelopment].,PMID: 42450330,Imaging and Molecular Biomarkers of PFAS-Related Vascular Aging: A Narrative Review.,0.4236,0.5764
PMID: 42503941,[Advances on the effects and mechanisms of maternal exposure to particulate matter on offspring neurodevelopment].,PMID: 42449303,Environmental exposome and its public health impact on COPD and asthma exacerbations in France.,0.0416,0.9584
PMID: 42503941,[Advances on the effects and mechanisms of maternal exposure to particulate matter on offspring neurodevelopment].,PMID: 42447841,Micro- and nano-plastics in the coronary circulation and air pollution exposure in ischaemic heart disease presentation.,0.2128,0.7872
PMID: 42503941,[Advances on the effects and mechanisms of maternal exposure to particulate matter on offspring neurodevelopment].,PMID: 42445923,"Ambient temperature, rainfall, and adverse maternal and child health outcomes in Nigeria: evidence from a national cross-sectional study.",0.0844,0.9156
PMID: 42503941,[Advances on the effects and mechanisms of maternal exposure to particulate matter on offspring neurodevelopment].,PMID: 42442744,"Fine Particulate Matter (PM2.5), the Exposome, and Cumulative Health Risk: A Life-course Perspective.",0.4455,0.5545
PMID: 42503941,[Advances on the effects and mechanisms of maternal exposure to particulate matter on offspring neurodevelopment].,PMID: 42440588,Maternal exposure to fine particulate matter and autism spectrum disorder in children: population based case-control study.,0.4777,0.5223
PMID: 42503941,[Advances on the effects and mechanisms of maternal exposure to particulate matter on offspring neurodevelopment].,PMID: 42437198,"Air Pollution Mixture and Folate Status Indicators among Pregnant Women in Canada: Maternal-Infant Research on Environmental Chemicals (MIREC) Study, 2008 to 2011.",0.4138,0.5862
PMID: 42503941,[Advances on the effects and mechanisms of maternal exposure to particulate matter on offspring neurodevelopment].,PMID: 42428257,Prenatal Air Pollution Exposure and Autism Spectrum Disorder in the ECHO Consortium.,0.3516,0.6484
PMID: 42503941,[Advances on the effects and mechanisms of maternal exposure to particulate matter on offspring neurodevelopment].,PMID: 42422320,"Maternal ambient air pollution exposure and risk of stillbirth in Georgia, USA.",0.5135,0.4865
PMID: 42503941,[Advances on the effects and mechanisms of maternal exposure to particulate matter on offspring neurodevelopment].,PMID: 42420937,Assessing the feasibility of indoor air quality monitoring in low-income housing among Black adults with uncontrolled asthma in New York City.,0.0473,0.9527
PMID: 42503941,[Advances on the effects and mechanisms of maternal exposure to particulate matter on offspring neurodevelopment].,PMID: 42420917,Effects of per- and polyfluoroalkyl substances on maternal thyroid function: a stratified analysis by maternal iodine status and thyroid autoantibody status.,0.2173,0.7827
PMID: 42503941,[Advances on the effects and mechanisms of maternal exposure to particulate matter on offspring neurodevelopment].,PMID: 42419777,Genetic susceptibility to respiratory health effects from outdoor air pollution: a structured narrative review.,0.5235,0.4765
PMID: 42503941,[Advances on the effects and mechanisms of maternal exposure to particulate matter on offspring neurodevelopment].,PMID: 42416905,Association between air pollution and incident cardiovascular diseases among a population with cardiovascular-kidney-metabolic syndrome stages 0-3: the first evidence from the China Health and Retirement Longitudinal Study.,0.0186,0.9814
PMID: 42503941,[Advances on the effects and mechanisms of maternal exposure to particulate matter on offspring neurodevelopment].,PMID: 42414291,Causal effects of wildfire PM on hospital costs and length of stay in Brazil. 2.5,0.2086,0.7914
PMID: 42503941,[Advances on the effects and mechanisms of maternal exposure to particulate matter on offspring neurodevelopment].,PMID: 42413509,Adaptations to Climate Change-Related Environmental Phenomena to Achieve Physical Activity Recommendations for Adults Aged 65 and Older.,0.0367,0.9633
PMID: 42503941,[Advances on the effects and mechanisms of maternal exposure to particulate matter on offspring neurodevelopment].,PMID: 42410409,Investigating environmental heat exposure and its effects on maternal and fetal health in rural Northern Ghana (Physio-HeMAB Study): a study protocol for a cluster randomized trial.,0.3169,0.6831
PMID: 42503941,[Advances on the effects and mechanisms of maternal exposure to particulate matter on offspring neurodevelopment].,PMID: 42406176,"Associations of short-, mid-, and long-term particulate matter exposure with elevated LDL-C levels in Korean adults: analysis of KNHANES 2016-2022.",0.2649,0.7351
PMID: 42503941,[Advances on the effects and mechanisms of maternal exposure to particulate matter on offspring neurodevelopment].,PMID: 42403579,Exposure to air and water pollution during pregnancy and risk of adverse perinatal outcomes in São Paulo State: protocol for a retrospective population-based cohort study.,0.331,0.669
PMID: 42500877,Case-Crossover Analysis of Short-Term Particulate Matter and Health Outcomes in Patients With Atrial Fibrillation.,PMID: 42496250,Mechanisms of Heat-Induced Sleep Disruption in Aging: A Narrative Review.,0.3639,0.6361
PMID: 42500877,Case-Crossover Analysis of Short-Term Particulate Matter and Health Outcomes in Patients With Atrial Fibrillation.,PMID: 42492149,Prenatal air pollution exposure and placental biomarkers of oxidative stress and ageing: results from the BiSC cohort.,0.3515,0.6485
PMID: 42500877,Case-Crossover Analysis of Short-Term Particulate Matter and Health Outcomes in Patients With Atrial Fibrillation.,PMID: 42488199,Changes in respiratory and cardiovascular morbidity air pollution risk and attributable burden in New York City.,0.6213,0.3787
PMID: 42500877,Case-Crossover Analysis of Short-Term Particulate Matter and Health Outcomes in Patients With Atrial Fibrillation.,PMID: 42488198,A comprehensive study on the association of personal air pollution exposure with thyroid hormones in pregnant women.,0.3797,0.6203
PMID: 42500877,Case-Crossover Analysis of Short-Term Particulate Matter and Health Outcomes in Patients With Atrial Fibrillation.,PMID: 42484582,Constituent-Specific PM and Cardiovascular Risk: From Mass to Mixture. 2.5,0.163,0.837
PMID: 42500877,Case-Crossover Analysis of Short-Term Particulate Matter and Health Outcomes in Patients With Atrial Fibrillation.,PMID: 42483592,Quantifying the Health Benefits Linked to Reduced Traffic-Related PM Exposure on Acute Coronary Syndrome Incidence in China. 2.5,0.5289,0.4711
PMID: 42500877,Case-Crossover Analysis of Short-Term Particulate Matter and Health Outcomes in Patients With Atrial Fibrillation.,PMID: 42483588,Transcriptomic Perturbations in Placental Gene Expression Following Developmental Exposure to Perfluorooctanoic Acid (PFOA) or Hexafluoropropylene Oxide-Dimer Acid (HFPO-DA or GenX) in CD‑1 Mice Are Consistent with Placental Insufficiency.,0.0292,0.9708
PMID: 42500877,Case-Crossover Analysis of Short-Term Particulate Matter and Health Outcomes in Patients With Atrial Fibrillation.,PMID: 42483065,"Combined effects of apparent low temperature and PM pollution on circulatory emergency ambulance calls: a time-series analysis in Shijiazhuang, China. 2.5",0.5228,0.4772
PMID: 42500877,Case-Crossover Analysis of Short-Term Particulate Matter and Health Outcomes in Patients With Atrial Fibrillation.,PMID: 42482688,"Size-specific health effects of particulate matter components on cardiovascular mortality: a weekly time-series study in Tianjin, China.",0.6797,0.3203
PMID: 42500877,Case-Crossover Analysis of Short-Term Particulate Matter and Health Outcomes in Patients With Atrial Fibrillation.,PMID: 42476417,Thermophysiological response of adults to long-distance running in different ACSM environmental risk conditions: A systematic review and meta-analysis.,0.5538,0.4462
PMID: 42500877,Case-Crossover Analysis of Short-Term Particulate Matter and Health Outcomes in Patients With Atrial Fibrillation.,PMID: 42474428,Individual and neighborhood factors influencing pediatric asthma exacerbations during urban heatwaves.,0.2953,0.7047
PMID: 42500877,Case-Crossover Analysis of Short-Term Particulate Matter and Health Outcomes in Patients With Atrial Fibrillation.,PMID: 42472615,Targeted inhibition of JAK2 phosphorylation by GenX disrupts the JAK2-STAT3 pathway and induces cardiovascular toxicity in zebrafish: Insights from network toxicology and molecular dynamics.,0.2686,0.7314
PMID: 42500877,Case-Crossover Analysis of Short-Term Particulate Matter and Health Outcomes in Patients With Atrial Fibrillation.,PMID: 42471626,Associations between wildland fire smoke PM and maternal blood pressure. 2.5,0.4323,0.5677
PMID: 42500877,Case-Crossover Analysis of Short-Term Particulate Matter and Health Outcomes in Patients With Atrial Fibrillation.,PMID: 42466507,Joint Effects of Heat and Fine Particulate Matter on Out-of-Hospital Cardiac Arrest in Japan: A Nationwide Time-Stratified Case-Crossover Study.,0.5782,0.4218
PMID: 42500877,Case-Crossover Analysis of Short-Term Particulate Matter and Health Outcomes in Patients With Atrial Fibrillation.,PMID: 42459959,Mechanistic insights into PM-induced cardiac fibrosis involving ERS/TXNIP/NLRP3-driven pyroptosis in multiple cell types. 2.5,0.6025,0.3975
PMID: 42500877,Case-Crossover Analysis of Short-Term Particulate Matter and Health Outcomes in Patients With Atrial Fibrillation.,PMID: 42455550,"Modifiable Risk Factors and Attributable Ischemic Heart Disease Mortality in US States, 1990-2023: A Systematic Analysis for the Global Burden of Disease Study 2023.",0.2682,0.7318
PMID: 42500877,Case-Crossover Analysis of Short-Term Particulate Matter and Health Outcomes in Patients With Atrial Fibrillation.,PMID: 42455100,Long-Term Exposure to PM Constituents and Coronary Heart Disease Risk in China. 2.5,0.344,0.656
PMID: 42500877,Case-Crossover Analysis of Short-Term Particulate Matter and Health Outcomes in Patients With Atrial Fibrillation.,PMID: 42450330,Imaging and Molecular Biomarkers of PFAS-Related Vascular Aging: A Narrative Review.,0.2373,0.7627
PMID: 42500877,Case-Crossover Analysis of Short-Term Particulate Matter and Health Outcomes in Patients With Atrial Fibrillation.,PMID: 42449303,Environmental exposome and its public health impact on COPD and asthma exacerbations in France.,0.0701,0.9299
PMID: 42500877,Case-Crossover Analysis of Short-Term Particulate Matter and Health Outcomes in Patients With Atrial Fibrillation.,PMID: 42447841,Micro- and nano-plastics in the coronary circulation and air pollution exposure in ischaemic heart disease presentation.,0.3972,0.6028
PMID: 42500877,Case-Crossover Analysis of Short-Term Particulate Matter and Health Outcomes in Patients With Atrial Fibrillation.,PMID: 42445923,"Ambient temperature, rainfall, and adverse maternal and child health outcomes in Nigeria: evidence from a national cross-sectional study.",0.3028,0.6972
PMID: 42500877,Case-Crossover Analysis of Short-Term Particulate Matter and Health Outcomes in Patients With Atrial Fibrillation.,PMID: 42442744,"Fine Particulate Matter (PM2.5), the Exposome, and Cumulative Health Risk: A Life-course Perspective.",0.4045,0.5955
PMID: 42500877,Case-Crossover Analysis of Short-Term Particulate Matter and Health Outcomes in Patients With Atrial Fibrillation.,PMID: 42440588,Maternal exposure to fine particulate matter and autism spectrum disorder in children: population based case-control study.,0.4146,0.5854
PMID: 42500877,Case-Crossover Analysis of Short-Term Particulate Matter and Health Outcomes in Patients With Atrial Fibrillation.,PMID: 42437198,"Air Pollution Mixture and Folate Status Indicators among Pregnant Women in Canada: Maternal-Infant Research on Environmental Chemicals (MIREC) Study, 2008 to 2011.",0.6308,0.3692
PMID: 42500877,Case-Crossover Analysis of Short-Term Particulate Matter and Health Outcomes in Patients With Atrial Fibrillation.,PMID: 42428257,Prenatal Air Pollution Exposure and Autism Spectrum Disorder in the ECHO Consortium.,0.617,0.383
PMID: 42500877,Case-Crossover Analysis of Short-Term Particulate Matter and Health Outcomes in Patients With Atrial Fibrillation.,PMID: 42422320,"Maternal ambient air pollution exposure and risk of stillbirth in Georgia, USA.",0.232,0.768
PMID: 42500877,Case-Crossover Analysis of Short-Term Particulate Matter and Health Outcomes in Patients With Atrial Fibrillation.,PMID: 42420937,Assessing the feasibility of indoor air quality monitoring in low-income housing among Black adults with uncontrolled asthma in New York City.,0.0791,0.9209
PMID: 42500877,Case-Crossover Analysis of Short-Term Particulate Matter and Health Outcomes in Patients With Atrial Fibrillation.,PMID: 42420917,Effects of per- and polyfluoroalkyl substances on maternal thyroid function: a stratified analysis by maternal iodine status and thyroid autoantibody status.,0.0715,0.9285
PMID: 42500877,Case-Crossover Analysis of Short-Term Particulate Matter and Health Outcomes in Patients With Atrial Fibrillation.,PMID: 42419777,Genetic susceptibility to respiratory health effects from outdoor air pollution: a structured narrative review.,0.3264,0.6736
PMID: 42500877,Case-Crossover Analysis of Short-Term Particulate Matter and Health Outcomes in Patients With Atrial Fibrillation.,PMID: 42416905,Association between air pollution and incident cardiovascular diseases among a population with cardiovascular-kidney-metabolic syndrome stages 0-3: the first evidence from the China Health and Retirement Longitudinal Study.,0.2495,0.7505
PMID: 42500877,Case-Crossover Analysis of Short-Term Particulate Matter and Health Outcomes in Patients With Atrial Fibrillation.,PMID: 42414291,Causal effects of wildfire PM on hospital costs and length of stay in Brazil. 2.5,0.5328,0.4672
PMID: 42500877,Case-Crossover Analysis of Short-Term Particulate Matter and Health Outcomes in Patients With Atrial Fibrillation.,PMID: 42413509,Adaptations to Climate Change-Related Environmental Phenomena to Achieve Physical Activity Recommendations for Adults Aged 65 and Older.,0.3823,0.6177
PMID: 42500877,Case-Crossover Analysis of Short-Term Particulate Matter and Health Outcomes in Patients With Atrial Fibrillation.,PMID: 42410409,Investigating environmental heat exposure and its effects on maternal and fetal health in rural Northern Ghana (Physio-HeMAB Study): a study protocol for a cluster randomized trial.,0.2108,0.7892
PMID: 42500877,Case-Crossover Analysis of Short-Term Particulate Matter and Health Outcomes in Patients With Atrial Fibrillation.,PMID: 42406176,"Associations of short-, mid-, and long-term particulate matter exposure with elevated LDL-C levels in Korean adults: analysis of KNHANES 2016-2022.",0.3105,0.6895
PMID: 42500877,Case-Crossover Analysis of Short-Term Particulate Matter and Health Outcomes in Patients With Atrial Fibrillation.,PMID: 42403579,Exposure to air and water pollution during pregnancy and risk of adverse perinatal outcomes in São Paulo State: protocol for a retrospective population-based cohort study.,0.39,0.61
PMID: 42496250,Mechanisms of Heat-Induced Sleep Disruption in Aging: A Narrative Review.,PMID: 42492149,Prenatal air pollution exposure and placental biomarkers of oxidative stress and ageing: results from the BiSC cohort.,0.0406,0.9594
PMID: 42496250,Mechanisms of Heat-Induced Sleep Disruption in Aging: A Narrative Review.,PMID: 42488199,Changes in respiratory and cardiovascular morbidity air pollution risk and attributable burden in New York City.,0.3568,0.6432
PMID: 42496250,Mechanisms of Heat-Induced Sleep Disruption in Aging: A Narrative Review.,PMID: 42488198,A comprehensive study on the association of personal air pollution exposure with thyroid hormones in pregnant women.,0.0709,0.9291
PMID: 42496250,Mechanisms of Heat-Induced Sleep Disruption in Aging: A Narrative Review.,PMID: 42484582,Constituent-Specific PM and Cardiovascular Risk: From Mass to Mixture. 2.5,0.1791,0.8209
PMID: 42496250,Mechanisms of Heat-Induced Sleep Disruption in Aging: A Narrative Review.,PMID: 42483592,Quantifying the Health Benefits Linked to Reduced Traffic-Related PM Exposure on Acute Coronary Syndrome Incidence in China. 2.5,0.324,0.676
PMID: 42496250,Mechanisms of Heat-Induced Sleep Disruption in Aging: A Narrative Review.,PMID: 42483588,Transcriptomic Perturbations in Placental Gene Expression Following Developmental Exposure to Perfluorooctanoic Acid (PFOA) or Hexafluoropropylene Oxide-Dimer Acid (HFPO-DA or GenX) in CD‑1 Mice Are Consistent with Placental Insufficiency.,0.236,0.764
PMID: 42496250,Mechanisms of Heat-Induced Sleep Disruption in Aging: A Narrative Review.,PMID: 42483065,"Combined effects of apparent low temperature and PM pollution on circulatory emergency ambulance calls: a time-series analysis in Shijiazhuang, China. 2.5",0.4774,0.5226
PMID: 42496250,Mechanisms of Heat-Induced Sleep Disruption in Aging: A Narrative Review.,PMID: 42482688,"Size-specific health effects of particulate matter components on cardiovascular mortality: a weekly time-series study in Tianjin, China.",0.1885,0.8115
PMID: 42496250,Mechanisms of Heat-Induced Sleep Disruption in Aging: A Narrative Review.,PMID: 42476417,Thermophysiological response of adults to long-distance running in different ACSM environmental risk conditions: A systematic review and meta-analysis.,0.6083,0.3917
PMID: 42496250,Mechanisms of Heat-Induced Sleep Disruption in Aging: A Narrative Review.,PMID: 42474428,Individual and neighborhood factors influencing pediatric asthma exacerbations during urban heatwaves.,0.2861,0.7139
PMID: 42496250,Mechanisms of Heat-Induced Sleep Disruption in Aging: A Narrative Review.,PMID: 42472615,Targeted inhibition of JAK2 phosphorylation by GenX disrupts the JAK2-STAT3 pathway and induces cardiovascular toxicity in zebrafish: Insights from network toxicology and molecular dynamics.,0.2947,0.7053
PMID: 42496250,Mechanisms of Heat-Induced Sleep Disruption in Aging: A Narrative Review.,PMID: 42471626,Associations between wildland fire smoke PM and maternal blood pressure. 2.5,0.071,0.929
PMID: 42496250,Mechanisms of Heat-Induced Sleep Disruption in Aging: A Narrative Review.,PMID: 42466507,Joint Effects of Heat and Fine Particulate Matter on Out-of-Hospital Cardiac Arrest in Japan: A Nationwide Time-Stratified Case-Crossover Study.,0.4457,0.5543
PMID: 42496250,Mechanisms of Heat-Induced Sleep Disruption in Aging: A Narrative Review.,PMID: 42459959,Mechanistic insights into PM-induced cardiac fibrosis involving ERS/TXNIP/NLRP3-driven pyroptosis in multiple cell types. 2.5,0.2669,0.7331
PMID: 42496250,Mechanisms of Heat-Induced Sleep Disruption in Aging: A Narrative Review.,PMID: 42455550,"Modifiable Risk Factors and Attributable Ischemic Heart Disease Mortality in US States, 1990-2023: A Systematic Analysis for the Global Burden of Disease Study 2023.",0.0764,0.9236
PMID: 42496250,Mechanisms of Heat-Induced Sleep Disruption in Aging: A Narrative Review.,PMID: 42455100,Long-Term Exposure to PM Constituents and Coronary Heart Disease Risk in China. 2.5,0.2252,0.7748
PMID: 42496250,Mechanisms of Heat-Induced Sleep Disruption in Aging: A Narrative Review.,PMID: 42450330,Imaging and Molecular Biomarkers of PFAS-Related Vascular Aging: A Narrative Review.,0.4954,0.5046
PMID: 42496250,Mechanisms of Heat-Induced Sleep Disruption in Aging: A Narrative Review.,PMID: 42449303,Environmental exposome and its public health impact on COPD and asthma exacerbations in France.,0.0419,0.9581
PMID: 42496250,Mechanisms of Heat-Induced Sleep Disruption in Aging: A Narrative Review.,PMID: 42447841,Micro- and nano-plastics in the coronary circulation and air pollution exposure in ischaemic heart disease presentation.,0.4358,0.5642
PMID: 42496250,Mechanisms of Heat-Induced Sleep Disruption in Aging: A Narrative Review.,PMID: 42445923,"Ambient temperature, rainfall, and adverse maternal and child health outcomes in Nigeria: evidence from a national cross-sectional study.",0.39,0.61
PMID: 42496250,Mechanisms of Heat-Induced Sleep Disruption in Aging: A Narrative Review.,PMID: 42442744,"Fine Particulate Matter (PM2.5), the Exposome, and Cumulative Health Risk: A Life-course Perspective.",0.3355,0.6645
PMID: 42496250,Mechanisms of Heat-Induced Sleep Disruption in Aging: A Narrative Review.,PMID: 42440588,Maternal exposure to fine particulate matter and autism spectrum disorder in children: population based case-control study.,0.0638,0.9362
PMID: 42496250,Mechanisms of Heat-Induced Sleep Disruption in Aging: A Narrative Review.,PMID: 42437198,"Air Pollution Mixture and Folate Status Indicators among Pregnant Women in Canada: Maternal-Infant Research on Environmental Chemicals (MIREC) Study, 2008 to 2011.",0.0642,0.9358
PMID: 42496250,Mechanisms of Heat-Induced Sleep Disruption in Aging: A Narrative Review.,PMID: 42428257,Prenatal Air Pollution Exposure and Autism Spectrum Disorder in the ECHO Consortium.,0.0152,0.9848
PMID: 42496250,Mechanisms of Heat-Induced Sleep Disruption in Aging: A Narrative Review.,PMID: 42422320,"Maternal ambient air pollution exposure and risk of stillbirth in Georgia, USA.",0.0528,0.9472
PMID: 42496250,Mechanisms of Heat-Induced Sleep Disruption in Aging: A Narrative Review.,PMID: 42420937,Assessing the feasibility of indoor air quality monitoring in low-income housing among Black adults with uncontrolled asthma in New York City.,0.1405,0.8595
PMID: 42496250,Mechanisms of Heat-Induced Sleep Disruption in Aging: A Narrative Review.,PMID: 42420917,Effects of per- and polyfluoroalkyl substances on maternal thyroid function: a stratified analysis by maternal iodine status and thyroid autoantibody status.,0.0788,0.9212
PMID: 42496250,Mechanisms of Heat-Induced Sleep Disruption in Aging: A Narrative Review.,PMID: 42419777,Genetic susceptibility to respiratory health effects from outdoor air pollution: a structured narrative review.,0.195,0.805
PMID: 42496250,Mechanisms of Heat-Induced Sleep Disruption in Aging: A Narrative Review.,PMID: 42416905,Association between air pollution and incident cardiovascular diseases among a population with cardiovascular-kidney-metabolic syndrome stages 0-3: the first evidence from the China Health and Retirement Longitudinal Study.,0.274,0.726
PMID: 42496250,Mechanisms of Heat-Induced Sleep Disruption in Aging: A Narrative Review.,PMID: 42414291,Causal effects of wildfire PM on hospital costs and length of stay in Brazil. 2.5,0.236,0.764
PMID: 42496250,Mechanisms of Heat-Induced Sleep Disruption in Aging: A Narrative Review.,PMID: 42413509,Adaptations to Climate Change-Related Environmental Phenomena to Achieve Physical Activity Recommendations for Adults Aged 65 and Older.,0.5035,0.4965
PMID: 42496250,Mechanisms of Heat-Induced Sleep Disruption in Aging: A Narrative Review.,PMID: 42410409,Investigating environmental heat exposure and its effects on maternal and fetal health in rural Northern Ghana (Physio-HeMAB Study): a study protocol for a cluster randomized trial.,0.2741,0.7259
PMID: 42496250,Mechanisms of Heat-Induced Sleep Disruption in Aging: A Narrative Review.,PMID: 42406176,"Associations of short-, mid-, and long-term particulate matter exposure with elevated LDL-C levels in Korean adults: analysis of KNHANES 2016-2022.",0.115,0.885
PMID: 42496250,Mechanisms of Heat-Induced Sleep Disruption in Aging: A Narrative Review.,PMID: 42403579,Exposure to air and water pollution during pregnancy and risk of adverse perinatal outcomes in São Paulo State: protocol for a retrospective population-based cohort study.,0.0241,0.9759
PMID: 42492149,Prenatal air pollution exposure and placental biomarkers of oxidative stress and ageing: results from the BiSC cohort.,PMID: 42488199,Changes in respiratory and cardiovascular morbidity air pollution risk and attributable burden in New York City.,0.1644,0.8356
PMID: 42492149,Prenatal air pollution exposure and placental biomarkers of oxidative stress and ageing: results from the BiSC cohort.,PMID: 42488198,A comprehensive study on the association of personal air pollution exposure with thyroid hormones in pregnant women.,0.5958,0.4042
PMID: 42492149,Prenatal air pollution exposure and placental biomarkers of oxidative stress and ageing: results from the BiSC cohort.,PMID: 42484582,Constituent-Specific PM and Cardiovascular Risk: From Mass to Mixture. 2.5,0.0857,0.9143
PMID: 42492149,Prenatal air pollution exposure and placental biomarkers of oxidative stress and ageing: results from the BiSC cohort.,PMID: 42483592,Quantifying the Health Benefits Linked to Reduced Traffic-Related PM Exposure on Acute Coronary Syndrome Incidence in China. 2.5,0.2971,0.7029
PMID: 42492149,Prenatal air pollution exposure and placental biomarkers of oxidative stress and ageing: results from the BiSC cohort.,PMID: 42483588,Transcriptomic Perturbations in Placental Gene Expression Following Developmental Exposure to Perfluorooctanoic Acid (PFOA) or Hexafluoropropylene Oxide-Dimer Acid (HFPO-DA or GenX) in CD‑1 Mice Are Consistent with Placental Insufficiency.,0.3891,0.6109
PMID: 42492149,Prenatal air pollution exposure and placental biomarkers of oxidative stress and ageing: results from the BiSC cohort.,PMID: 42483065,"Combined effects of apparent low temperature and PM pollution on circulatory emergency ambulance calls: a time-series analysis in Shijiazhuang, China. 2.5",0.1981,0.8019
PMID: 42492149,Prenatal air pollution exposure and placental biomarkers of oxidative stress and ageing: results from the BiSC cohort.,PMID: 42482688,"Size-specific health effects of particulate matter components on cardiovascular mortality: a weekly time-series study in Tianjin, China.",0.289,0.711
PMID: 42492149,Prenatal air pollution exposure and placental biomarkers of oxidative stress and ageing: results from the BiSC cohort.,PMID: 42476417,Thermophysiological response of adults to long-distance running in different ACSM environmental risk conditions: A systematic review and meta-analysis.,0.026,0.974
PMID: 42492149,Prenatal air pollution exposure and placental biomarkers of oxidative stress and ageing: results from the BiSC cohort.,PMID: 42474428,Individual and neighborhood factors influencing pediatric asthma exacerbations during urban heatwaves.,0.0225,0.9775
PMID: 42492149,Prenatal air pollution exposure and placental biomarkers of oxidative stress and ageing: results from the BiSC cohort.,PMID: 42472615,Targeted inhibition of JAK2 phosphorylation by GenX disrupts the JAK2-STAT3 pathway and induces cardiovascular toxicity in zebrafish: Insights from network toxicology and molecular dynamics.,0.0523,0.9477
PMID: 42492149,Prenatal air pollution exposure and placental biomarkers of oxidative stress and ageing: results from the BiSC cohort.,PMID: 42471626,Associations between wildland fire smoke PM and maternal blood pressure. 2.5,0.4988,0.5012
PMID: 42492149,Prenatal air pollution exposure and placental biomarkers of oxidative stress and ageing: results from the BiSC cohort.,PMID: 42466507,Joint Effects of Heat and Fine Particulate Matter on Out-of-Hospital Cardiac Arrest in Japan: A Nationwide Time-Stratified Case-Crossover Study.,0.2193,0.7807
PMID: 42492149,Prenatal air pollution exposure and placental biomarkers of oxidative stress and ageing: results from the BiSC cohort.,PMID: 42459959,Mechanistic insights into PM-induced cardiac fibrosis involving ERS/TXNIP/NLRP3-driven pyroptosis in multiple cell types. 2.5,0.4089,0.5911
PMID: 42492149,Prenatal air pollution exposure and placental biomarkers of oxidative stress and ageing: results from the BiSC cohort.,PMID: 42455550,"Modifiable Risk Factors and Attributable Ischemic Heart Disease Mortality in US States, 1990-2023: A Systematic Analysis for the Global Burden of Disease Study 2023.",0.252,0.748
PMID: 42492149,Prenatal air pollution exposure and placental biomarkers of oxidative stress and ageing: results from the BiSC cohort.,PMID: 42455100,Long-Term Exposure to PM Constituents and Coronary Heart Disease Risk in China. 2.5,0.2064,0.7936
PMID: 42492149,Prenatal air pollution exposure and placental biomarkers of oxidative stress and ageing: results from the BiSC cohort.,PMID: 42450330,Imaging and Molecular Biomarkers of PFAS-Related Vascular Aging: A Narrative Review.,0.2228,0.7772
PMID: 42492149,Prenatal air pollution exposure and placental biomarkers of oxidative stress and ageing: results from the BiSC cohort.,PMID: 42449303,Environmental exposome and its public health impact on COPD and asthma exacerbations in France.,0.0206,0.9794
PMID: 42492149,Prenatal air pollution exposure and placental biomarkers of oxidative stress and ageing: results from the BiSC cohort.,PMID: 42447841,Micro- and nano-plastics in the coronary circulation and air pollution exposure in ischaemic heart disease presentation.,0.0463,0.9537
PMID: 42492149,Prenatal air pollution exposure and placental biomarkers of oxidative stress and ageing: results from the BiSC cohort.,PMID: 42445923,"Ambient temperature, rainfall, and adverse maternal and child health outcomes in Nigeria: evidence from a national cross-sectional study.",0.116,0.884
PMID: 42492149,Prenatal air pollution exposure and placental biomarkers of oxidative stress and ageing: results from the BiSC cohort.,PMID: 42442744,"Fine Particulate Matter (PM2.5), the Exposome, and Cumulative Health Risk: A Life-course Perspective.",0.2679,0.7321
PMID: 42492149,Prenatal air pollution exposure and placental biomarkers of oxidative stress and ageing: results from the BiSC cohort.,PMID: 42440588,Maternal exposure to fine particulate matter and autism spectrum disorder in children: population based case-control study.,0.6143,0.3857
PMID: 42492149,Prenatal air pollution exposure and placental biomarkers of oxidative stress and ageing: results from the BiSC cohort.,PMID: 42437198,"Air Pollution Mixture and Folate Status Indicators among Pregnant Women in Canada: Maternal-Infant Research on Environmental Chemicals (MIREC) Study, 2008 to 2011.",0.5407,0.4593
PMID: 42492149,Prenatal air pollution exposure and placental biomarkers of oxidative stress and ageing: results from the BiSC cohort.,PMID: 42428257,Prenatal Air Pollution Exposure and Autism Spectrum Disorder in the ECHO Consortium.,0.4903,0.5097
PMID: 42492149,Prenatal air pollution exposure and placental biomarkers of oxidative stress and ageing: results from the BiSC cohort.,PMID: 42422320,"Maternal ambient air pollution exposure and risk of stillbirth in Georgia, USA.",0.4989,0.5011
PMID: 42492149,Prenatal air pollution exposure and placental biomarkers of oxidative stress and ageing: results from the BiSC cohort.,PMID: 42420937,Assessing the feasibility of indoor air quality monitoring in low-income housing among Black adults with uncontrolled asthma in New York City.,0.0595,0.9405
PMID: 42492149,Prenatal air pollution exposure and placental biomarkers of oxidative stress and ageing: results from the BiSC cohort.,PMID: 42420917,Effects of per- and polyfluoroalkyl substances on maternal thyroid function: a stratified analysis by maternal iodine status and thyroid autoantibody status.,0.2688,0.7312
PMID: 42492149,Prenatal air pollution exposure and placental biomarkers of oxidative stress and ageing: results from the BiSC cohort.,PMID: 42419777,Genetic susceptibility to respiratory health effects from outdoor air pollution: a structured narrative review.,0.4647,0.5353
PMID: 42492149,Prenatal air pollution exposure and placental biomarkers of oxidative stress and ageing: results from the BiSC cohort.,PMID: 42416905,Association between air pollution and incident cardiovascular diseases among a population with cardiovascular-kidney-metabolic syndrome stages 0-3: the first evidence from the China Health and Retirement Longitudinal Study.,0.0816,0.9184
PMID: 42492149,Prenatal air pollution exposure and placental biomarkers of oxidative stress and ageing: results from the BiSC cohort.,PMID: 42414291,Causal effects of wildfire PM on hospital costs and length of stay in Brazil. 2.5,0.2017,0.7983
PMID: 42492149,Prenatal air pollution exposure and placental biomarkers of oxidative stress and ageing: results from the BiSC cohort.,PMID: 42413509,Adaptations to Climate Change-Related Environmental Phenomena to Achieve Physical Activity Recommendations for Adults Aged 65 and Older.,0.0179,0.9821
PMID: 42492149,Prenatal air pollution exposure and placental biomarkers of oxidative stress and ageing: results from the BiSC cohort.,PMID: 42410409,Investigating environmental heat exposure and its effects on maternal and fetal health in rural Northern Ghana (Physio-HeMAB Study): a study protocol for a cluster randomized trial.,0.2737,0.7263
PMID: 42492149,Prenatal air pollution exposure and placental biomarkers of oxidative stress and ageing: results from the BiSC cohort.,PMID: 42406176,"Associations of short-, mid-, and long-term particulate matter exposure with elevated LDL-C levels in Korean adults: analysis of KNHANES 2016-2022.",0.2771,0.7229
PMID: 42492149,Prenatal air pollution exposure and placental biomarkers of oxidative stress and ageing: results from the BiSC cohort.,PMID: 42403579,Exposure to air and water pollution during pregnancy and risk of adverse perinatal outcomes in São Paulo State: protocol for a retrospective population-based cohort study.,0.5475,0.4525
PMID: 42488199,Changes in respiratory and cardiovascular morbidity air pollution risk and attributable burden in New York City.,PMID: 42488198,A comprehensive study on the association of personal air pollution exposure with thyroid hormones in pregnant women.,0.1977,0.8023
PMID: 42488199,Changes in respiratory and cardiovascular morbidity air pollution risk and attributable burden in New York City.,PMID: 42484582,Constituent-Specific PM and Cardiovascular Risk: From Mass to Mixture. 2.5,0.1714,0.8286
PMID: 42488199,Changes in respiratory and cardiovascular morbidity air pollution risk and attributable burden in New York City.,PMID: 42483592,Quantifying the Health Benefits Linked to Reduced Traffic-Related PM Exposure on Acute Coronary Syndrome Incidence in China. 2.5,0.2711,0.7289
PMID: 42488199,Changes in respiratory and cardiovascular morbidity air pollution risk and attributable burden in New York City.,PMID: 42483588,Transcriptomic Perturbations in Placental Gene Expression Following Developmental Exposure to Perfluorooctanoic Acid (PFOA) or Hexafluoropropylene Oxide-Dimer Acid (HFPO-DA or GenX) in CD‑1 Mice Are Consistent with Placental Insufficiency.,0.0306,0.9694
PMID: 42488199,Changes in respiratory and cardiovascular morbidity air pollution risk and attributable burden in New York City.,PMID: 42483065,"Combined effects of apparent low temperature and PM pollution on circulatory emergency ambulance calls: a time-series analysis in Shijiazhuang, China. 2.5",0.3595,0.6405
PMID: 42488199,Changes in respiratory and cardiovascular morbidity air pollution risk and attributable burden in New York City.,PMID: 42482688,"Size-specific health effects of particulate matter components on cardiovascular mortality: a weekly time-series study in Tianjin, China.",0.4555,0.5445
PMID: 42488199,Changes in respiratory and cardiovascular morbidity air pollution risk and attributable burden in New York City.,PMID: 42476417,Thermophysiological response of adults to long-distance running in different ACSM environmental risk conditions: A systematic review and meta-analysis.,0.582,0.418
PMID: 42488199,Changes in respiratory and cardiovascular morbidity air pollution risk and attributable burden in New York City.,PMID: 42474428,Individual and neighborhood factors influencing pediatric asthma exacerbations during urban heatwaves.,0.5038,0.4962
PMID: 42488199,Changes in respiratory and cardiovascular morbidity air pollution risk and attributable burden in New York City.,PMID: 42472615,Targeted inhibition of JAK2 phosphorylation by GenX disrupts the JAK2-STAT3 pathway and induces cardiovascular toxicity in zebrafish: Insights from network toxicology and molecular dynamics.,0.2488,0.7512
PMID: 42488199,Changes in respiratory and cardiovascular morbidity air pollution risk and attributable burden in New York City.,PMID: 42471626,Associations between wildland fire smoke PM and maternal blood pressure. 2.5,0.0373,0.9627
PMID: 42488199,Changes in respiratory and cardiovascular morbidity air pollution risk and attributable burden in New York City.,PMID: 42466507,Joint Effects of Heat and Fine Particulate Matter on Out-of-Hospital Cardiac Arrest in Japan: A Nationwide Time-Stratified Case-Crossover Study.,0.3978,0.6022
PMID: 42488199,Changes in respiratory and cardiovascular morbidity air pollution risk and attributable burden in New York City.,PMID: 42459959,Mechanistic insights into PM-induced cardiac fibrosis involving ERS/TXNIP/NLRP3-driven pyroptosis in multiple cell types. 2.5,0.2253,0.7747
PMID: 42488199,Changes in respiratory and cardiovascular morbidity air pollution risk and attributable burden in New York City.,PMID: 42455550,"Modifiable Risk Factors and Attributable Ischemic Heart Disease Mortality in US States, 1990-2023: A Systematic Analysis for the Global Burden of Disease Study 2023.",0.0403,0.9597
PMID: 42488199,Changes in respiratory and cardiovascular morbidity air pollution risk and attributable burden in New York City.,PMID: 42455100,Long-Term Exposure to PM Constituents and Coronary Heart Disease Risk in China. 2.5,0.1608,0.8392
PMID: 42488199,Changes in respiratory and cardiovascular morbidity air pollution risk and attributable burden in New York City.,PMID: 42450330,Imaging and Molecular Biomarkers of PFAS-Related Vascular Aging: A Narrative Review.,0.2199,0.7801
PMID: 42488199,Changes in respiratory and cardiovascular morbidity air pollution risk and attributable burden in New York City.,PMID: 42449303,Environmental exposome and its public health impact on COPD and asthma exacerbations in France.,0.2494,0.7506
PMID: 42488199,Changes in respiratory and cardiovascular morbidity air pollution risk and attributable burden in New York City.,PMID: 42447841,Micro- and nano-plastics in the coronary circulation and air pollution exposure in ischaemic heart disease presentation.,0.2034,0.7966
PMID: 42488199,Changes in respiratory and cardiovascular morbidity air pollution risk and attributable burden in New York City.,PMID: 42445923,"Ambient temperature, rainfall, and adverse maternal and child health outcomes in Nigeria: evidence from a national cross-sectional study.",0.278,0.722
PMID: 42488199,Changes in respiratory and cardiovascular morbidity air pollution risk and attributable burden in New York City.,PMID: 42442744,"Fine Particulate Matter (PM2.5), the Exposome, and Cumulative Health Risk: A Life-course Perspective.",0.2921,0.7079
PMID: 42488199,Changes in respiratory and cardiovascular morbidity air pollution risk and attributable burden in New York City.,PMID: 42440588,Maternal exposure to fine particulate matter and autism spectrum disorder in children: population based case-control study.,0.0334,0.9666
PMID: 42488199,Changes in respiratory and cardiovascular morbidity air pollution risk and attributable burden in New York City.,PMID: 42437198,"Air Pollution Mixture and Folate Status Indicators among Pregnant Women in Canada: Maternal-Infant Research on Environmental Chemicals (MIREC) Study, 2008 to 2011.",0.3301,0.6699
PMID: 42488199,Changes in respiratory and cardiovascular morbidity air pollution risk and attributable burden in New York City.,PMID: 42428257,Prenatal Air Pollution Exposure and Autism Spectrum Disorder in the ECHO Consortium.,0.3048,0.6952
PMID: 42488199,Changes in respiratory and cardiovascular morbidity air pollution risk and attributable burden in New York City.,PMID: 42422320,"Maternal ambient air pollution exposure and risk of stillbirth in Georgia, USA.",0.0198,0.9802
PMID: 42488199,Changes in respiratory and cardiovascular morbidity air pollution risk and attributable burden in New York City.,PMID: 42420937,Assessing the feasibility of indoor air quality monitoring in low-income housing among Black adults with uncontrolled asthma in New York City.,0.518,0.482
PMID: 42488199,Changes in respiratory and cardiovascular morbidity air pollution risk and attributable burden in New York City.,PMID: 42420917,Effects of per- and polyfluoroalkyl substances on maternal thyroid function: a stratified analysis by maternal iodine status and thyroid autoantibody status.,0.0158,0.9842
PMID: 42488199,Changes in respiratory and cardiovascular morbidity air pollution risk and attributable burden in New York City.,PMID: 42419777,Genetic susceptibility to respiratory health effects from outdoor air pollution: a structured narrative review.,0.4999,0.5001
PMID: 42488199,Changes in respiratory and cardiovascular morbidity air pollution risk and attributable burden in New York City.,PMID: 42416905,Association between air pollution and incident cardiovascular diseases among a population with cardiovascular-kidney-metabolic syndrome stages 0-3: the first evidence from the China Health and Retirement Longitudinal Study.,0.1956,0.8044
PMID: 42488199,Changes in respiratory and cardiovascular morbidity air pollution risk and attributable burden in New York City.,PMID: 42414291,Causal effects of wildfire PM on hospital costs and length of stay in Brazil. 2.5,0.5336,0.4664
PMID: 42488199,Changes in respiratory and cardiovascular morbidity air pollution risk and attributable burden in New York City.,PMID: 42413509,Adaptations to Climate Change-Related Environmental Phenomena to Achieve Physical Activity Recommendations for Adults Aged 65 and Older.,0.5856,0.4144
PMID: 42488199,Changes in respiratory and cardiovascular morbidity air pollution risk and attributable burden in New York City.,PMID: 42410409,Investigating environmental heat exposure and its effects on maternal and fetal health in rural Northern Ghana (Physio-HeMAB Study): a study protocol for a cluster randomized trial.,0.2216,0.7784
PMID: 42488199,Changes in respiratory and cardiovascular morbidity air pollution risk and attributable burden in New York City.,PMID: 42406176,"Associations of short-, mid-, and long-term particulate matter exposure with elevated LDL-C levels in Korean adults: analysis of KNHANES 2016-2022.",0.0232,0.9768
PMID: 42488199,Changes in respiratory and cardiovascular morbidity air pollution risk and attributable burden in New York City.,PMID: 42403579,Exposure to air and water pollution during pregnancy and risk of adverse perinatal outcomes in São Paulo State: protocol for a retrospective population-based cohort study.,0.2637,0.7363
PMID: 42488198,A comprehensive study on the association of personal air pollution exposure with thyroid hormones in pregnant women.,PMID: 42484582,Constituent-Specific PM and Cardiovascular Risk: From Mass to Mixture. 2.5,0.1824,0.8176
PMID: 42488198,A comprehensive study on the association of personal air pollution exposure with thyroid hormones in pregnant women.,PMID: 42483592,Quantifying the Health Benefits Linked to Reduced Traffic-Related PM Exposure on Acute Coronary Syndrome Incidence in China. 2.5,0.2882,0.7118
PMID: 42488198,A comprehensive study on the association of personal air pollution exposure with thyroid hormones in pregnant women.,PMID: 42483588,Transcriptomic Perturbations in Placental Gene Expression Following Developmental Exposure to Perfluorooctanoic Acid (PFOA) or Hexafluoropropylene Oxide-Dimer Acid (HFPO-DA or GenX) in CD‑1 Mice Are Consistent with Placental Insufficiency.,0.3145,0.6855
PMID: 42488198,A comprehensive study on the association of personal air pollution exposure with thyroid hormones in pregnant women.,PMID: 42483065,"Combined effects of apparent low temperature and PM pollution on circulatory emergency ambulance calls: a time-series analysis in Shijiazhuang, China. 2.5",0.2079,0.7921
PMID: 42488198,A comprehensive study on the association of personal air pollution exposure with thyroid hormones in pregnant women.,PMID: 42482688,"Size-specific health effects of particulate matter components on cardiovascular mortality: a weekly time-series study in Tianjin, China.",0.3115,0.6885
PMID: 42488198,A comprehensive study on the association of personal air pollution exposure with thyroid hormones in pregnant women.,PMID: 42476417,Thermophysiological response of adults to long-distance running in different ACSM environmental risk conditions: A systematic review and meta-analysis.,0.054,0.946
PMID: 42488198,A comprehensive study on the association of personal air pollution exposure with thyroid hormones in pregnant women.,PMID: 42474428,Individual and neighborhood factors influencing pediatric asthma exacerbations during urban heatwaves.,0.0858,0.9142
PMID: 42488198,A comprehensive study on the association of personal air pollution exposure with thyroid hormones in pregnant women.,PMID: 42472615,Targeted inhibition of JAK2 phosphorylation by GenX disrupts the JAK2-STAT3 pathway and induces cardiovascular toxicity in zebrafish: Insights from network toxicology and molecular dynamics.,0.0425,0.9575
PMID: 42488198,A comprehensive study on the association of personal air pollution exposure with thyroid hormones in pregnant women.,PMID: 42471626,Associations between wildland fire smoke PM and maternal blood pressure. 2.5,0.5851,0.4149
PMID: 42488198,A comprehensive study on the association of personal air pollution exposure with thyroid hormones in pregnant women.,PMID: 42466507,Joint Effects of Heat and Fine Particulate Matter on Out-of-Hospital Cardiac Arrest in Japan: A Nationwide Time-Stratified Case-Crossover Study.,0.23,0.77
PMID: 42488198,A comprehensive study on the association of personal air pollution exposure with thyroid hormones in pregnant women.,PMID: 42459959,Mechanistic insights into PM-induced cardiac fibrosis involving ERS/TXNIP/NLRP3-driven pyroptosis in multiple cell types. 2.5,0.2395,0.7605
PMID: 42488198,A comprehensive study on the association of personal air pollution exposure with thyroid hormones in pregnant women.,PMID: 42455550,"Modifiable Risk Factors and Attributable Ischemic Heart Disease Mortality in US States, 1990-2023: A Systematic Analysis for the Global Burden of Disease Study 2023.",0.2644,0.7356
PMID: 42488198,A comprehensive study on the association of personal air pollution exposure with thyroid hormones in pregnant women.,PMID: 42455100,Long-Term Exposure to PM Constituents and Coronary Heart Disease Risk in China. 2.5,0.2047,0.7953
PMID: 42488198,A comprehensive study on the association of personal air pollution exposure with thyroid hormones in pregnant women.,PMID: 42450330,Imaging and Molecular Biomarkers of PFAS-Related Vascular Aging: A Narrative Review.,0.0375,0.9625
PMID: 42488198,A comprehensive study on the association of personal air pollution exposure with thyroid hormones in pregnant women.,PMID: 42449303,Environmental exposome and its public health impact on COPD and asthma exacerbations in France.,0.0426,0.9574
PMID: 42488198,A comprehensive study on the association of personal air pollution exposure with thyroid hormones in pregnant women.,PMID: 42447841,Micro- and nano-plastics in the coronary circulation and air pollution exposure in ischaemic heart disease presentation.,0.02,0.98
PMID: 42488198,A comprehensive study on the association of personal air pollution exposure with thyroid hormones in pregnant women.,PMID: 42445923,"Ambient temperature, rainfall, and adverse maternal and child health outcomes in Nigeria: evidence from a national cross-sectional study.",0.2614,0.7386
PMID: 42488198,A comprehensive study on the association of personal air pollution exposure with thyroid hormones in pregnant women.,PMID: 42442744,"Fine Particulate Matter (PM2.5), the Exposome, and Cumulative Health Risk: A Life-course Perspective.",0.1691,0.8309
PMID: 42488198,A comprehensive study on the association of personal air pollution exposure with thyroid hormones in pregnant women.,PMID: 42440588,Maternal exposure to fine particulate matter and autism spectrum disorder in children: population based case-control study.,0.4854,0.5146
PMID: 42488198,A comprehensive study on the association of personal air pollution exposure with thyroid hormones in pregnant women.,PMID: 42437198,"Air Pollution Mixture and Folate Status Indicators among Pregnant Women in Canada: Maternal-Infant Research on Environmental Chemicals (MIREC) Study, 2008 to 2011.",0.7203,0.2797
PMID: 42488198,A comprehensive study on the association of personal air pollution exposure with thyroid hormones in pregnant women.,PMID: 42428257,Prenatal Air Pollution Exposure and Autism Spectrum Disorder in the ECHO Consortium.,0.5454,0.4546
PMID: 42488198,A comprehensive study on the association of personal air pollution exposure with thyroid hormones in pregnant women.,PMID: 42422320,"Maternal ambient air pollution exposure and risk of stillbirth in Georgia, USA.",0.5221,0.4779
PMID: 42488198,A comprehensive study on the association of personal air pollution exposure with thyroid hormones in pregnant women.,PMID: 42420937,Assessing the feasibility of indoor air quality monitoring in low-income housing among Black adults with uncontrolled asthma in New York City.,0.0484,0.9516
PMID: 42488198,A comprehensive study on the association of personal air pollution exposure with thyroid hormones in pregnant women.,PMID: 42420917,Effects of per- and polyfluoroalkyl substances on maternal thyroid function: a stratified analysis by maternal iodine status and thyroid autoantibody status.,0.5339,0.4661
PMID: 42488198,A comprehensive study on the association of personal air pollution exposure with thyroid hormones in pregnant women.,PMID: 42419777,Genetic susceptibility to respiratory health effects from outdoor air pollution: a structured narrative review.,0.3652,0.6348
PMID: 42488198,A comprehensive study on the association of personal air pollution exposure with thyroid hormones in pregnant women.,PMID: 42416905,Association between air pollution and incident cardiovascular diseases among a population with cardiovascular-kidney-metabolic syndrome stages 0-3: the first evidence from the China Health and Retirement Longitudinal Study.,0.0603,0.9397
PMID: 42488198,A comprehensive study on the association of personal air pollution exposure with thyroid hormones in pregnant women.,PMID: 42414291,Causal effects of wildfire PM on hospital costs and length of stay in Brazil. 2.5,0.2119,0.7881
PMID: 42488198,A comprehensive study on the association of personal air pollution exposure with thyroid hormones in pregnant women.,PMID: 42413509,Adaptations to Climate Change-Related Environmental Phenomena to Achieve Physical Activity Recommendations for Adults Aged 65 and Older.,0.0372,0.9628
PMID: 42488198,A comprehensive study on the association of personal air pollution exposure with thyroid hormones in pregnant women.,PMID: 42410409,Investigating environmental heat exposure and its effects on maternal and fetal health in rural Northern Ghana (Physio-HeMAB Study): a study protocol for a cluster randomized trial.,0.4514,0.5486
PMID: 42488198,A comprehensive study on the association of personal air pollution exposure with thyroid hormones in pregnant women.,PMID: 42406176,"Associations of short-, mid-, and long-term particulate matter exposure with elevated LDL-C levels in Korean adults: analysis of KNHANES 2016-2022.",0.2692,0.7308
PMID: 42488198,A comprehensive study on the association of personal air pollution exposure with thyroid hormones in pregnant women.,PMID: 42403579,Exposure to air and water pollution during pregnancy and risk of adverse perinatal outcomes in São Paulo State: protocol for a retrospective population-based cohort study.,0.4925,0.5075
PMID: 42484582,Constituent-Specific PM and Cardiovascular Risk: From Mass to Mixture. 2.5,PMID: 42483592,Quantifying the Health Benefits Linked to Reduced Traffic-Related PM Exposure on Acute Coronary Syndrome Incidence in China. 2.5,0.1414,0.8586
PMID: 42484582,Constituent-Specific PM and Cardiovascular Risk: From Mass to Mixture. 2.5,PMID: 42483588,Transcriptomic Perturbations in Placental Gene Expression Following Developmental Exposure to Perfluorooctanoic Acid (PFOA) or Hexafluoropropylene Oxide-Dimer Acid (HFPO-DA or GenX) in CD‑1 Mice Are Consistent with Placental Insufficiency.,0.1763,0.8237
PMID: 42484582,Constituent-Specific PM and Cardiovascular Risk: From Mass to Mixture. 2.5,PMID: 42483065,"Combined effects of apparent low temperature and PM pollution on circulatory emergency ambulance calls: a time-series analysis in Shijiazhuang, China. 2.5",0.1804,0.8196
PMID: 42484582,Constituent-Specific PM and Cardiovascular Risk: From Mass to Mixture. 2.5,PMID: 42482688,"Size-specific health effects of particulate matter components on cardiovascular mortality: a weekly time-series study in Tianjin, China.",0.1469,0.8531
PMID: 42484582,Constituent-Specific PM and Cardiovascular Risk: From Mass to Mixture. 2.5,PMID: 42476417,Thermophysiological response of adults to long-distance running in different ACSM environmental risk conditions: A systematic review and meta-analysis.,0.2921,0.7079
PMID: 42484582,Constituent-Specific PM and Cardiovascular Risk: From Mass to Mixture. 2.5,PMID: 42474428,Individual and neighborhood factors influencing pediatric asthma exacerbations during urban heatwaves.,0.2526,0.7474
PMID: 42484582,Constituent-Specific PM and Cardiovascular Risk: From Mass to Mixture. 2.5,PMID: 42472615,Targeted inhibition of JAK2 phosphorylation by GenX disrupts the JAK2-STAT3 pathway and induces cardiovascular toxicity in zebrafish: Insights from network toxicology and molecular dynamics.,0.2297,0.7703
PMID: 42484582,Constituent-Specific PM and Cardiovascular Risk: From Mass to Mixture. 2.5,PMID: 42471626,Associations between wildland fire smoke PM and maternal blood pressure. 2.5,0.2126,0.7874
PMID: 42484582,Constituent-Specific PM and Cardiovascular Risk: From Mass to Mixture. 2.5,PMID: 42466507,Joint Effects of Heat and Fine Particulate Matter on Out-of-Hospital Cardiac Arrest in Japan: A Nationwide Time-Stratified Case-Crossover Study.,0.1995,0.8005
PMID: 42484582,Constituent-Specific PM and Cardiovascular Risk: From Mass to Mixture. 2.5,PMID: 42459959,Mechanistic insights into PM-induced cardiac fibrosis involving ERS/TXNIP/NLRP3-driven pyroptosis in multiple cell types. 2.5,0.208,0.792
PMID: 42484582,Constituent-Specific PM and Cardiovascular Risk: From Mass to Mixture. 2.5,PMID: 42455550,"Modifiable Risk Factors and Attributable Ischemic Heart Disease Mortality in US States, 1990-2023: A Systematic Analysis for the Global Burden of Disease Study 2023.",0.2296,0.7704
PMID: 42484582,Constituent-Specific PM and Cardiovascular Risk: From Mass to Mixture. 2.5,PMID: 42455100,Long-Term Exposure to PM Constituents and Coronary Heart Disease Risk in China. 2.5,0.0838,0.9162
PMID: 42484582,Constituent-Specific PM and Cardiovascular Risk: From Mass to Mixture. 2.5,PMID: 42450330,Imaging and Molecular Biomarkers of PFAS-Related Vascular Aging: A Narrative Review.,0.203,0.797
PMID: 42484582,Constituent-Specific PM and Cardiovascular Risk: From Mass to Mixture. 2.5,PMID: 42449303,Environmental exposome and its public health impact on COPD and asthma exacerbations in France.,0.2295,0.7705
PMID: 42484582,Constituent-Specific PM and Cardiovascular Risk: From Mass to Mixture. 2.5,PMID: 42447841,Micro- and nano-plastics in the coronary circulation and air pollution exposure in ischaemic heart disease presentation.,0.1061,0.8939
PMID: 42484582,Constituent-Specific PM and Cardiovascular Risk: From Mass to Mixture. 2.5,PMID: 42445923,"Ambient temperature, rainfall, and adverse maternal and child health outcomes in Nigeria: evidence from a national cross-sectional study.",0.1451,0.8549
PMID: 42484582,Constituent-Specific PM and Cardiovascular Risk: From Mass to Mixture. 2.5,PMID: 42442744,"Fine Particulate Matter (PM2.5), the Exposome, and Cumulative Health Risk: A Life-course Perspective.",0.1466,0.8534
PMID: 42484582,Constituent-Specific PM and Cardiovascular Risk: From Mass to Mixture. 2.5,PMID: 42440588,Maternal exposure to fine particulate matter and autism spectrum disorder in children: population based case-control study.,0.191,0.809
PMID: 42484582,Constituent-Specific PM and Cardiovascular Risk: From Mass to Mixture. 2.5,PMID: 42437198,"Air Pollution Mixture and Folate Status Indicators among Pregnant Women in Canada: Maternal-Infant Research on Environmental Chemicals (MIREC) Study, 2008 to 2011.",0.1655,0.8345
PMID: 42484582,Constituent-Specific PM and Cardiovascular Risk: From Mass to Mixture. 2.5,PMID: 42428257,Prenatal Air Pollution Exposure and Autism Spectrum Disorder in the ECHO Consortium.,0.0832,0.9168
PMID: 42484582,Constituent-Specific PM and Cardiovascular Risk: From Mass to Mixture. 2.5,PMID: 42422320,"Maternal ambient air pollution exposure and risk of stillbirth in Georgia, USA.",0.1111,0.8889
PMID: 42484582,Constituent-Specific PM and Cardiovascular Risk: From Mass to Mixture. 2.5,PMID: 42420937,Assessing the feasibility of indoor air quality monitoring in low-income housing among Black adults with uncontrolled asthma in New York City.,0.2598,0.7402
PMID: 42484582,Constituent-Specific PM and Cardiovascular Risk: From Mass to Mixture. 2.5,PMID: 42420917,Effects of per- and polyfluoroalkyl substances on maternal thyroid function: a stratified analysis by maternal iodine status and thyroid autoantibody status.,0.0904,0.9096
PMID: 42484582,Constituent-Specific PM and Cardiovascular Risk: From Mass to Mixture. 2.5,PMID: 42419777,Genetic susceptibility to respiratory health effects from outdoor air pollution: a structured narrative review.,0.1722,0.8278
PMID: 42484582,Constituent-Specific PM and Cardiovascular Risk: From Mass to Mixture. 2.5,PMID: 42416905,Association between air pollution and incident cardiovascular diseases among a population with cardiovascular-kidney-metabolic syndrome stages 0-3: the first evidence from the China Health and Retirement Longitudinal Study.,0.1019,0.8981
PMID: 42484582,Constituent-Specific PM and Cardiovascular Risk: From Mass to Mixture. 2.5,PMID: 42414291,Causal effects of wildfire PM on hospital costs and length of stay in Brazil. 2.5,0.1838,0.8162
PMID: 42484582,Constituent-Specific PM and Cardiovascular Risk: From Mass to Mixture. 2.5,PMID: 42413509,Adaptations to Climate Change-Related Environmental Phenomena to Achieve Physical Activity Recommendations for Adults Aged 65 and Older.,0.2018,0.7982
PMID: 42484582,Constituent-Specific PM and Cardiovascular Risk: From Mass to Mixture. 2.5,PMID: 42410409,Investigating environmental heat exposure and its effects on maternal and fetal health in rural Northern Ghana (Physio-HeMAB Study): a study protocol for a cluster randomized trial.,0.2046,0.7954
PMID: 42484582,Constituent-Specific PM and Cardiovascular Risk: From Mass to Mixture. 2.5,PMID: 42406176,"Associations of short-, mid-, and long-term particulate matter exposure with elevated LDL-C levels in Korean adults: analysis of KNHANES 2016-2022.",0.132,0.868
PMID: 42484582,Constituent-Specific PM and Cardiovascular Risk: From Mass to Mixture. 2.5,PMID: 42403579,Exposure to air and water pollution during pregnancy and risk of adverse perinatal outcomes in São Paulo State: protocol for a retrospective population-based cohort study.,0.1323,0.8677
PMID: 42483592,Quantifying the Health Benefits Linked to Reduced Traffic-Related PM Exposure on Acute Coronary Syndrome Incidence in China. 2.5,PMID: 42483588,Transcriptomic Perturbations in Placental Gene Expression Following Developmental Exposure to Perfluorooctanoic Acid (PFOA) or Hexafluoropropylene Oxide-Dimer Acid (HFPO-DA or GenX) in CD‑1 Mice Are Consistent with Placental Insufficiency.,0.0255,0.9745
PMID: 42483592,Quantifying the Health Benefits Linked to Reduced Traffic-Related PM Exposure on Acute Coronary Syndrome Incidence in China. 2.5,PMID: 42483065,"Combined effects of apparent low temperature and PM pollution on circulatory emergency ambulance calls: a time-series analysis in Shijiazhuang, China. 2.5",0.5854,0.4146
PMID: 42483592,Quantifying the Health Benefits Linked to Reduced Traffic-Related PM Exposure on Acute Coronary Syndrome Incidence in China. 2.5,PMID: 42482688,"Size-specific health effects of particulate matter components on cardiovascular mortality: a weekly time-series study in Tianjin, China.",0.4767,0.5233
PMID: 42483592,Quantifying the Health Benefits Linked to Reduced Traffic-Related PM Exposure on Acute Coronary Syndrome Incidence in China. 2.5,PMID: 42476417,Thermophysiological response of adults to long-distance running in different ACSM environmental risk conditions: A systematic review and meta-analysis.,0.4614,0.5386
PMID: 42483592,Quantifying the Health Benefits Linked to Reduced Traffic-Related PM Exposure on Acute Coronary Syndrome Incidence in China. 2.5,PMID: 42474428,Individual and neighborhood factors influencing pediatric asthma exacerbations during urban heatwaves.,0.116,0.884
PMID: 42483592,Quantifying the Health Benefits Linked to Reduced Traffic-Related PM Exposure on Acute Coronary Syndrome Incidence in China. 2.5,PMID: 42472615,Targeted inhibition of JAK2 phosphorylation by GenX disrupts the JAK2-STAT3 pathway and induces cardiovascular toxicity in zebrafish: Insights from network toxicology and molecular dynamics.,0.4157,0.5843
PMID: 42483592,Quantifying the Health Benefits Linked to Reduced Traffic-Related PM Exposure on Acute Coronary Syndrome Incidence in China. 2.5,PMID: 42471626,Associations between wildland fire smoke PM and maternal blood pressure. 2.5,0.3849,0.6151
PMID: 42483592,Quantifying the Health Benefits Linked to Reduced Traffic-Related PM Exposure on Acute Coronary Syndrome Incidence in China. 2.5,PMID: 42466507,Joint Effects of Heat and Fine Particulate Matter on Out-of-Hospital Cardiac Arrest in Japan: A Nationwide Time-Stratified Case-Crossover Study.,0.7097,0.2903
PMID: 42483592,Quantifying the Health Benefits Linked to Reduced Traffic-Related PM Exposure on Acute Coronary Syndrome Incidence in China. 2.5,PMID: 42459959,Mechanistic insights into PM-induced cardiac fibrosis involving ERS/TXNIP/NLRP3-driven pyroptosis in multiple cell types. 2.5,0.6746,0.3254
PMID: 42483592,Quantifying the Health Benefits Linked to Reduced Traffic-Related PM Exposure on Acute Coronary Syndrome Incidence in China. 2.5,PMID: 42455550,"Modifiable Risk Factors and Attributable Ischemic Heart Disease Mortality in US States, 1990-2023: A Systematic Analysis for the Global Burden of Disease Study 2023.",0.4154,0.5846
PMID: 42483592,Quantifying the Health Benefits Linked to Reduced Traffic-Related PM Exposure on Acute Coronary Syndrome Incidence in China. 2.5,PMID: 42455100,Long-Term Exposure to PM Constituents and Coronary Heart Disease Risk in China. 2.5,0.5203,0.4797
PMID: 42483592,Quantifying the Health Benefits Linked to Reduced Traffic-Related PM Exposure on Acute Coronary Syndrome Incidence in China. 2.5,PMID: 42450330,Imaging and Molecular Biomarkers of PFAS-Related Vascular Aging: A Narrative Review.,0.3673,0.6327
PMID: 42483592,Quantifying the Health Benefits Linked to Reduced Traffic-Related PM Exposure on Acute Coronary Syndrome Incidence in China. 2.5,PMID: 42449303,Environmental exposome and its public health impact on COPD and asthma exacerbations in France.,0.0335,0.9665
PMID: 42483592,Quantifying the Health Benefits Linked to Reduced Traffic-Related PM Exposure on Acute Coronary Syndrome Incidence in China. 2.5,PMID: 42447841,Micro- and nano-plastics in the coronary circulation and air pollution exposure in ischaemic heart disease presentation.,0.3676,0.6324
PMID: 42483592,Quantifying the Health Benefits Linked to Reduced Traffic-Related PM Exposure on Acute Coronary Syndrome Incidence in China. 2.5,PMID: 42445923,"Ambient temperature, rainfall, and adverse maternal and child health outcomes in Nigeria: evidence from a national cross-sectional study.",0.1041,0.8959
PMID: 42483592,Quantifying the Health Benefits Linked to Reduced Traffic-Related PM Exposure on Acute Coronary Syndrome Incidence in China. 2.5,PMID: 42442744,"Fine Particulate Matter (PM2.5), the Exposome, and Cumulative Health Risk: A Life-course Perspective.",0.4418,0.5582
PMID: 42483592,Quantifying the Health Benefits Linked to Reduced Traffic-Related PM Exposure on Acute Coronary Syndrome Incidence in China. 2.5,PMID: 42440588,Maternal exposure to fine particulate matter and autism spectrum disorder in children: population based case-control study.,0.3457,0.6543
PMID: 42483592,Quantifying the Health Benefits Linked to Reduced Traffic-Related PM Exposure on Acute Coronary Syndrome Incidence in China. 2.5,PMID: 42437198,"Air Pollution Mixture and Folate Status Indicators among Pregnant Women in Canada: Maternal-Infant Research on Environmental Chemicals (MIREC) Study, 2008 to 2011.",0.262,0.738
PMID: 42483592,Quantifying the Health Benefits Linked to Reduced Traffic-Related PM Exposure on Acute Coronary Syndrome Incidence in China. 2.5,PMID: 42428257,Prenatal Air Pollution Exposure and Autism Spectrum Disorder in the ECHO Consortium.,0.2519,0.7481
PMID: 42483592,Quantifying the Health Benefits Linked to Reduced Traffic-Related PM Exposure on Acute Coronary Syndrome Incidence in China. 2.5,PMID: 42422320,"Maternal ambient air pollution exposure and risk of stillbirth in Georgia, USA.",0.3849,0.6151
PMID: 42483592,Quantifying the Health Benefits Linked to Reduced Traffic-Related PM Exposure on Acute Coronary Syndrome Incidence in China. 2.5,PMID: 42420937,Assessing the feasibility of indoor air quality monitoring in low-income housing among Black adults with uncontrolled asthma in New York City.,0.0975,0.9025
PMID: 42483592,Quantifying the Health Benefits Linked to Reduced Traffic-Related PM Exposure on Acute Coronary Syndrome Incidence in China. 2.5,PMID: 42420917,Effects of per- and polyfluoroalkyl substances on maternal thyroid function: a stratified analysis by maternal iodine status and thyroid autoantibody status.,0.0649,0.9351
PMID: 42483592,Quantifying the Health Benefits Linked to Reduced Traffic-Related PM Exposure on Acute Coronary Syndrome Incidence in China. 2.5,PMID: 42419777,Genetic susceptibility to respiratory health effects from outdoor air pollution: a structured narrative review.,0.2722,0.7278
PMID: 42483592,Quantifying the Health Benefits Linked to Reduced Traffic-Related PM Exposure on Acute Coronary Syndrome Incidence in China. 2.5,PMID: 42416905,Association between air pollution and incident cardiovascular diseases among a population with cardiovascular-kidney-metabolic syndrome stages 0-3: the first evidence from the China Health and Retirement Longitudinal Study.,0.353,0.647
PMID: 42483592,Quantifying the Health Benefits Linked to Reduced Traffic-Related PM Exposure on Acute Coronary Syndrome Incidence in China. 2.5,PMID: 42414291,Causal effects of wildfire PM on hospital costs and length of stay in Brazil. 2.5,0.6536,0.3464
PMID: 42483592,Quantifying the Health Benefits Linked to Reduced Traffic-Related PM Exposure on Acute Coronary Syndrome Incidence in China. 2.5,PMID: 42413509,Adaptations to Climate Change-Related Environmental Phenomena to Achieve Physical Activity Recommendations for Adults Aged 65 and Older.,0.3187,0.6813
PMID: 42483592,Quantifying the Health Benefits Linked to Reduced Traffic-Related PM Exposure on Acute Coronary Syndrome Incidence in China. 2.5,PMID: 42410409,Investigating environmental heat exposure and its effects on maternal and fetal health in rural Northern Ghana (Physio-HeMAB Study): a study protocol for a cluster randomized trial.,0.0299,0.9701
PMID: 42483592,Quantifying the Health Benefits Linked to Reduced Traffic-Related PM Exposure on Acute Coronary Syndrome Incidence in China. 2.5,PMID: 42406176,"Associations of short-, mid-, and long-term particulate matter exposure with elevated LDL-C levels in Korean adults: analysis of KNHANES 2016-2022.",0.457,0.543
PMID: 42483592,Quantifying the Health Benefits Linked to Reduced Traffic-Related PM Exposure on Acute Coronary Syndrome Incidence in China. 2.5,PMID: 42403579,Exposure to air and water pollution during pregnancy and risk of adverse perinatal outcomes in São Paulo State: protocol for a retrospective population-based cohort study.,0.2091,0.7909
PMID: 42483588,Transcriptomic Perturbations in Placental Gene Expression Following Developmental Exposure to Perfluorooctanoic Acid (PFOA) or Hexafluoropropylene Oxide-Dimer Acid (HFPO-DA or GenX) in CD‑1 Mice Are Consistent with Placental Insufficiency.,PMID: 42483065,"Combined effects of apparent low temperature and PM pollution on circulatory emergency ambulance calls: a time-series analysis in Shijiazhuang, China. 2.5",0.0323,0.9677
PMID: 42483588,Transcriptomic Perturbations in Placental Gene Expression Following Developmental Exposure to Perfluorooctanoic Acid (PFOA) or Hexafluoropropylene Oxide-Dimer Acid (HFPO-DA or GenX) in CD‑1 Mice Are Consistent with Placental Insufficiency.,PMID: 42482688,"Size-specific health effects of particulate matter components on cardiovascular mortality: a weekly time-series study in Tianjin, China.",0.0263,0.9737
PMID: 42483588,Transcriptomic Perturbations in Placental Gene Expression Following Developmental Exposure to Perfluorooctanoic Acid (PFOA) or Hexafluoropropylene Oxide-Dimer Acid (HFPO-DA or GenX) in CD‑1 Mice Are Consistent with Placental Insufficiency.,PMID: 42476417,Thermophysiological response of adults to long-distance running in different ACSM environmental risk conditions: A systematic review and meta-analysis.,0.0523,0.9477
PMID: 42483588,Transcriptomic Perturbations in Placental Gene Expression Following Developmental Exposure to Perfluorooctanoic Acid (PFOA) or Hexafluoropropylene Oxide-Dimer Acid (HFPO-DA or GenX) in CD‑1 Mice Are Consistent with Placental Insufficiency.,PMID: 42474428,Individual and neighborhood factors influencing pediatric asthma exacerbations during urban heatwaves.,0.0452,0.9548
PMID: 42483588,Transcriptomic Perturbations in Placental Gene Expression Following Developmental Exposure to Perfluorooctanoic Acid (PFOA) or Hexafluoropropylene Oxide-Dimer Acid (HFPO-DA or GenX) in CD‑1 Mice Are Consistent with Placental Insufficiency.,PMID: 42472615,Targeted inhibition of JAK2 phosphorylation by GenX disrupts the JAK2-STAT3 pathway and induces cardiovascular toxicity in zebrafish: Insights from network toxicology and molecular dynamics.,0.256,0.744
PMID: 42483588,Transcriptomic Perturbations in Placental Gene Expression Following Developmental Exposure to Perfluorooctanoic Acid (PFOA) or Hexafluoropropylene Oxide-Dimer Acid (HFPO-DA or GenX) in CD‑1 Mice Are Consistent with Placental Insufficiency.,PMID: 42471626,Associations between wildland fire smoke PM and maternal blood pressure. 2.5,0.3667,0.6333
PMID: 42483588,Transcriptomic Perturbations in Placental Gene Expression Following Developmental Exposure to Perfluorooctanoic Acid (PFOA) or Hexafluoropropylene Oxide-Dimer Acid (HFPO-DA or GenX) in CD‑1 Mice Are Consistent with Placental Insufficiency.,PMID: 42466507,Joint Effects of Heat and Fine Particulate Matter on Out-of-Hospital Cardiac Arrest in Japan: A Nationwide Time-Stratified Case-Crossover Study.,0.0358,0.9642
PMID: 42483588,Transcriptomic Perturbations in Placental Gene Expression Following Developmental Exposure to Perfluorooctanoic Acid (PFOA) or Hexafluoropropylene Oxide-Dimer Acid (HFPO-DA or GenX) in CD‑1 Mice Are Consistent with Placental Insufficiency.,PMID: 42459959,Mechanistic insights into PM-induced cardiac fibrosis involving ERS/TXNIP/NLRP3-driven pyroptosis in multiple cell types. 2.5,0.0371,0.9629
PMID: 42483588,Transcriptomic Perturbations in Placental Gene Expression Following Developmental Exposure to Perfluorooctanoic Acid (PFOA) or Hexafluoropropylene Oxide-Dimer Acid (HFPO-DA or GenX) in CD‑1 Mice Are Consistent with Placental Insufficiency.,PMID: 42455550,"Modifiable Risk Factors and Attributable Ischemic Heart Disease Mortality in US States, 1990-2023: A Systematic Analysis for the Global Burden of Disease Study 2023.",0.041,0.959
PMID: 42483588,Transcriptomic Perturbations in Placental Gene Expression Following Developmental Exposure to Perfluorooctanoic Acid (PFOA) or Hexafluoropropylene Oxide-Dimer Acid (HFPO-DA or GenX) in CD‑1 Mice Are Consistent with Placental Insufficiency.,PMID: 42455100,Long-Term Exposure to PM Constituents and Coronary Heart Disease Risk in China. 2.5,0.0152,0.9848
PMID: 42483588,Transcriptomic Perturbations in Placental Gene Expression Following Developmental Exposure to Perfluorooctanoic Acid (PFOA) or Hexafluoropropylene Oxide-Dimer Acid (HFPO-DA or GenX) in CD‑1 Mice Are Consistent with Placental Insufficiency.,PMID: 42450330,Imaging and Molecular Biomarkers of PFAS-Related Vascular Aging: A Narrative Review.,0.2262,0.7738
PMID: 42483588,Transcriptomic Perturbations in Placental Gene Expression Following Developmental Exposure to Perfluorooctanoic Acid (PFOA) or Hexafluoropropylene Oxide-Dimer Acid (HFPO-DA or GenX) in CD‑1 Mice Are Consistent with Placental Insufficiency.,PMID: 42449303,Environmental exposome and its public health impact on COPD and asthma exacerbations in France.,0.0411,0.9589
PMID: 42483588,Transcriptomic Perturbations in Placental Gene Expression Following Developmental Exposure to Perfluorooctanoic Acid (PFOA) or Hexafluoropropylene Oxide-Dimer Acid (HFPO-DA or GenX) in CD‑1 Mice Are Consistent with Placental Insufficiency.,PMID: 42447841,Micro- and nano-plastics in the coronary circulation and air pollution exposure in ischaemic heart disease presentation.,0.0194,0.9806
PMID: 42483588,Transcriptomic Perturbations in Placental Gene Expression Following Developmental Exposure to Perfluorooctanoic Acid (PFOA) or Hexafluoropropylene Oxide-Dimer Acid (HFPO-DA or GenX) in CD‑1 Mice Are Consistent with Placental Insufficiency.,PMID: 42445923,"Ambient temperature, rainfall, and adverse maternal and child health outcomes in Nigeria: evidence from a national cross-sectional study.",0.1392,0.8608
PMID: 42483588,Transcriptomic Perturbations in Placental Gene Expression Following Developmental Exposure to Perfluorooctanoic Acid (PFOA) or Hexafluoropropylene Oxide-Dimer Acid (HFPO-DA or GenX) in CD‑1 Mice Are Consistent with Placental Insufficiency.,PMID: 42442744,"Fine Particulate Matter (PM2.5), the Exposome, and Cumulative Health Risk: A Life-course Perspective.",0.0262,0.9738
PMID: 42483588,Transcriptomic Perturbations in Placental Gene Expression Following Developmental Exposure to Perfluorooctanoic Acid (PFOA) or Hexafluoropropylene Oxide-Dimer Acid (HFPO-DA or GenX) in CD‑1 Mice Are Consistent with Placental Insufficiency.,PMID: 42440588,Maternal exposure to fine particulate matter and autism spectrum disorder in children: population based case-control study.,0.2904,0.7096
PMID: 42483588,Transcriptomic Perturbations in Placental Gene Expression Following Developmental Exposure to Perfluorooctanoic Acid (PFOA) or Hexafluoropropylene Oxide-Dimer Acid (HFPO-DA or GenX) in CD‑1 Mice Are Consistent with Placental Insufficiency.,PMID: 42437198,"Air Pollution Mixture and Folate Status Indicators among Pregnant Women in Canada: Maternal-Infant Research on Environmental Chemicals (MIREC) Study, 2008 to 2011.",0.2854,0.7146
PMID: 42483588,Transcriptomic Perturbations in Placental Gene Expression Following Developmental Exposure to Perfluorooctanoic Acid (PFOA) or Hexafluoropropylene Oxide-Dimer Acid (HFPO-DA or GenX) in CD‑1 Mice Are Consistent with Placental Insufficiency.,PMID: 42428257,Prenatal Air Pollution Exposure and Autism Spectrum Disorder in the ECHO Consortium.,0.1964,0.8036
PMID: 42483588,Transcriptomic Perturbations in Placental Gene Expression Following Developmental Exposure to Perfluorooctanoic Acid (PFOA) or Hexafluoropropylene Oxide-Dimer Acid (HFPO-DA or GenX) in CD‑1 Mice Are Consistent with Placental Insufficiency.,PMID: 42422320,"Maternal ambient air pollution exposure and risk of stillbirth in Georgia, USA.",0.3054,0.6946
PMID: 42483588,Transcriptomic Perturbations in Placental Gene Expression Following Developmental Exposure to Perfluorooctanoic Acid (PFOA) or Hexafluoropropylene Oxide-Dimer Acid (HFPO-DA or GenX) in CD‑1 Mice Are Consistent with Placental Insufficiency.,PMID: 42420937,Assessing the feasibility of indoor air quality monitoring in low-income housing among Black adults with uncontrolled asthma in New York City.,0.0466,0.9534
PMID: 42483588,Transcriptomic Perturbations in Placental Gene Expression Following Developmental Exposure to Perfluorooctanoic Acid (PFOA) or Hexafluoropropylene Oxide-Dimer Acid (HFPO-DA or GenX) in CD‑1 Mice Are Consistent with Placental Insufficiency.,PMID: 42420917,Effects of per- and polyfluoroalkyl substances on maternal thyroid function: a stratified analysis by maternal iodine status and thyroid autoantibody status.,0.4102,0.5898
PMID: 42483588,Transcriptomic Perturbations in Placental Gene Expression Following Developmental Exposure to Perfluorooctanoic Acid (PFOA) or Hexafluoropropylene Oxide-Dimer Acid (HFPO-DA or GenX) in CD‑1 Mice Are Consistent with Placental Insufficiency.,PMID: 42419777,Genetic susceptibility to respiratory health effects from outdoor air pollution: a structured narrative review.,0.0308,0.9692
PMID: 42483588,Transcriptomic Perturbations in Placental Gene Expression Following Developmental Exposure to Perfluorooctanoic Acid (PFOA) or Hexafluoropropylene Oxide-Dimer Acid (HFPO-DA or GenX) in CD‑1 Mice Are Consistent with Placental Insufficiency.,PMID: 42416905,Association between air pollution and incident cardiovascular diseases among a population with cardiovascular-kidney-metabolic syndrome stages 0-3: the first evidence from the China Health and Retirement Longitudinal Study.,0.0185,0.9815
PMID: 42483588,Transcriptomic Perturbations in Placental Gene Expression Following Developmental Exposure to Perfluorooctanoic Acid (PFOA) or Hexafluoropropylene Oxide-Dimer Acid (HFPO-DA or GenX) in CD‑1 Mice Are Consistent with Placental Insufficiency.,PMID: 42414291,Causal effects of wildfire PM on hospital costs and length of stay in Brazil. 2.5,0.0326,0.9674
PMID: 42483588,Transcriptomic Perturbations in Placental Gene Expression Following Developmental Exposure to Perfluorooctanoic Acid (PFOA) or Hexafluoropropylene Oxide-Dimer Acid (HFPO-DA or GenX) in CD‑1 Mice Are Consistent with Placental Insufficiency.,PMID: 42413509,Adaptations to Climate Change-Related Environmental Phenomena to Achieve Physical Activity Recommendations for Adults Aged 65 and Older.,0.0361,0.9639
PMID: 42483588,Transcriptomic Perturbations in Placental Gene Expression Following Developmental Exposure to Perfluorooctanoic Acid (PFOA) or Hexafluoropropylene Oxide-Dimer Acid (HFPO-DA or GenX) in CD‑1 Mice Are Consistent with Placental Insufficiency.,PMID: 42410409,Investigating environmental heat exposure and its effects on maternal and fetal health in rural Northern Ghana (Physio-HeMAB Study): a study protocol for a cluster randomized trial.,0.3531,0.6469
PMID: 42483588,Transcriptomic Perturbations in Placental Gene Expression Following Developmental Exposure to Perfluorooctanoic Acid (PFOA) or Hexafluoropropylene Oxide-Dimer Acid (HFPO-DA or GenX) in CD‑1 Mice Are Consistent with Placental Insufficiency.,PMID: 42406176,"Associations of short-, mid-, and long-term particulate matter exposure with elevated LDL-C levels in Korean adults: analysis of KNHANES 2016-2022.",0.024,0.976
PMID: 42483588,Transcriptomic Perturbations in Placental Gene Expression Following Developmental Exposure to Perfluorooctanoic Acid (PFOA) or Hexafluoropropylene Oxide-Dimer Acid (HFPO-DA or GenX) in CD‑1 Mice Are Consistent with Placental Insufficiency.,PMID: 42403579,Exposure to air and water pollution during pregnancy and risk of adverse perinatal outcomes in São Paulo State: protocol for a retrospective population-based cohort study.,0.325,0.675
PMID: 42483065,"Combined effects of apparent low temperature and PM pollution on circulatory emergency ambulance calls: a time-series analysis in Shijiazhuang, China. 2.5",PMID: 42482688,"Size-specific health effects of particulate matter components on cardiovascular mortality: a weekly time-series study in Tianjin, China.",0.3304,0.6696
PMID: 42483065,"Combined effects of apparent low temperature and PM pollution on circulatory emergency ambulance calls: a time-series analysis in Shijiazhuang, China. 2.5",PMID: 42476417,Thermophysiological response of adults to long-distance running in different ACSM environmental risk conditions: A systematic review and meta-analysis.,0.6126,0.3874
PMID: 42483065,"Combined effects of apparent low temperature and PM pollution on circulatory emergency ambulance calls: a time-series analysis in Shijiazhuang, China. 2.5",PMID: 42474428,Individual and neighborhood factors influencing pediatric asthma exacerbations during urban heatwaves.,0.288,0.712
PMID: 42483065,"Combined effects of apparent low temperature and PM pollution on circulatory emergency ambulance calls: a time-series analysis in Shijiazhuang, China. 2.5",PMID: 42472615,Targeted inhibition of JAK2 phosphorylation by GenX disrupts the JAK2-STAT3 pathway and induces cardiovascular toxicity in zebrafish: Insights from network toxicology and molecular dynamics.,0.297,0.703
PMID: 42483065,"Combined effects of apparent low temperature and PM pollution on circulatory emergency ambulance calls: a time-series analysis in Shijiazhuang, China. 2.5",PMID: 42471626,Associations between wildland fire smoke PM and maternal blood pressure. 2.5,0.2751,0.7249
PMID: 42483065,"Combined effects of apparent low temperature and PM pollution on circulatory emergency ambulance calls: a time-series analysis in Shijiazhuang, China. 2.5",PMID: 42466507,Joint Effects of Heat and Fine Particulate Matter on Out-of-Hospital Cardiac Arrest in Japan: A Nationwide Time-Stratified Case-Crossover Study.,0.831,0.169
PMID: 42483065,"Combined effects of apparent low temperature and PM pollution on circulatory emergency ambulance calls: a time-series analysis in Shijiazhuang, China. 2.5",PMID: 42459959,Mechanistic insights into PM-induced cardiac fibrosis involving ERS/TXNIP/NLRP3-driven pyroptosis in multiple cell types. 2.5,0.4676,0.5324
PMID: 42483065,"Combined effects of apparent low temperature and PM pollution on circulatory emergency ambulance calls: a time-series analysis in Shijiazhuang, China. 2.5",PMID: 42455550,"Modifiable Risk Factors and Attributable Ischemic Heart Disease Mortality in US States, 1990-2023: A Systematic Analysis for the Global Burden of Disease Study 2023.",0.2969,0.7031
PMID: 42483065,"Combined effects of apparent low temperature and PM pollution on circulatory emergency ambulance calls: a time-series analysis in Shijiazhuang, China. 2.5",PMID: 42455100,Long-Term Exposure to PM Constituents and Coronary Heart Disease Risk in China. 2.5,0.5337,0.4663
PMID: 42483065,"Combined effects of apparent low temperature and PM pollution on circulatory emergency ambulance calls: a time-series analysis in Shijiazhuang, China. 2.5",PMID: 42450330,Imaging and Molecular Biomarkers of PFAS-Related Vascular Aging: A Narrative Review.,0.2626,0.7374
PMID: 42483065,"Combined effects of apparent low temperature and PM pollution on circulatory emergency ambulance calls: a time-series analysis in Shijiazhuang, China. 2.5",PMID: 42449303,Environmental exposome and its public health impact on COPD and asthma exacerbations in France.,0.2616,0.7384
PMID: 42483065,"Combined effects of apparent low temperature and PM pollution on circulatory emergency ambulance calls: a time-series analysis in Shijiazhuang, China. 2.5",PMID: 42447841,Micro- and nano-plastics in the coronary circulation and air pollution exposure in ischaemic heart disease presentation.,0.2452,0.7548
PMID: 42483065,"Combined effects of apparent low temperature and PM pollution on circulatory emergency ambulance calls: a time-series analysis in Shijiazhuang, China. 2.5",PMID: 42445923,"Ambient temperature, rainfall, and adverse maternal and child health outcomes in Nigeria: evidence from a national cross-sectional study.",0.3353,0.6647
PMID: 42483065,"Combined effects of apparent low temperature and PM pollution on circulatory emergency ambulance calls: a time-series analysis in Shijiazhuang, China. 2.5",PMID: 42442744,"Fine Particulate Matter (PM2.5), the Exposome, and Cumulative Health Risk: A Life-course Perspective.",0.3073,0.6927
PMID: 42483065,"Combined effects of apparent low temperature and PM pollution on circulatory emergency ambulance calls: a time-series analysis in Shijiazhuang, China. 2.5",PMID: 42440588,Maternal exposure to fine particulate matter and autism spectrum disorder in children: population based case-control study.,0.247,0.753
PMID: 42483065,"Combined effects of apparent low temperature and PM pollution on circulatory emergency ambulance calls: a time-series analysis in Shijiazhuang, China. 2.5",PMID: 42437198,"Air Pollution Mixture and Folate Status Indicators among Pregnant Women in Canada: Maternal-Infant Research on Environmental Chemicals (MIREC) Study, 2008 to 2011.",0.1889,0.8111
PMID: 42483065,"Combined effects of apparent low temperature and PM pollution on circulatory emergency ambulance calls: a time-series analysis in Shijiazhuang, China. 2.5",PMID: 42428257,Prenatal Air Pollution Exposure and Autism Spectrum Disorder in the ECHO Consortium.,0.168,0.832
PMID: 42483065,"Combined effects of apparent low temperature and PM pollution on circulatory emergency ambulance calls: a time-series analysis in Shijiazhuang, China. 2.5",PMID: 42422320,"Maternal ambient air pollution exposure and risk of stillbirth in Georgia, USA.",0.46,0.54
PMID: 42483065,"Combined effects of apparent low temperature and PM pollution on circulatory emergency ambulance calls: a time-series analysis in Shijiazhuang, China. 2.5",PMID: 42420937,Assessing the feasibility of indoor air quality monitoring in low-income housing among Black adults with uncontrolled asthma in New York City.,0.142,0.858
PMID: 42483065,"Combined effects of apparent low temperature and PM pollution on circulatory emergency ambulance calls: a time-series analysis in Shijiazhuang, China. 2.5",PMID: 42420917,Effects of per- and polyfluoroalkyl substances on maternal thyroid function: a stratified analysis by maternal iodine status and thyroid autoantibody status.,0.0433,0.9567
PMID: 42483065,"Combined effects of apparent low temperature and PM pollution on circulatory emergency ambulance calls: a time-series analysis in Shijiazhuang, China. 2.5",PMID: 42419777,Genetic susceptibility to respiratory health effects from outdoor air pollution: a structured narrative review.,0.1964,0.8036
PMID: 42483065,"Combined effects of apparent low temperature and PM pollution on circulatory emergency ambulance calls: a time-series analysis in Shijiazhuang, China. 2.5",PMID: 42416905,Association between air pollution and incident cardiovascular diseases among a population with cardiovascular-kidney-metabolic syndrome stages 0-3: the first evidence from the China Health and Retirement Longitudinal Study.,0.4627,0.5373
PMID: 42483065,"Combined effects of apparent low temperature and PM pollution on circulatory emergency ambulance calls: a time-series analysis in Shijiazhuang, China. 2.5",PMID: 42414291,Causal effects of wildfire PM on hospital costs and length of stay in Brazil. 2.5,0.4134,0.5866
PMID: 42483065,"Combined effects of apparent low temperature and PM pollution on circulatory emergency ambulance calls: a time-series analysis in Shijiazhuang, China. 2.5",PMID: 42413509,Adaptations to Climate Change-Related Environmental Phenomena to Achieve Physical Activity Recommendations for Adults Aged 65 and Older.,0.7,0.3
PMID: 42483065,"Combined effects of apparent low temperature and PM pollution on circulatory emergency ambulance calls: a time-series analysis in Shijiazhuang, China. 2.5",PMID: 42410409,Investigating environmental heat exposure and its effects on maternal and fetal health in rural Northern Ghana (Physio-HeMAB Study): a study protocol for a cluster randomized trial.,0.2332,0.7668
PMID: 42483065,"Combined effects of apparent low temperature and PM pollution on circulatory emergency ambulance calls: a time-series analysis in Shijiazhuang, China. 2.5",PMID: 42406176,"Associations of short-, mid-, and long-term particulate matter exposure with elevated LDL-C levels in Korean adults: analysis of KNHANES 2016-2022.",0.5992,0.4008
PMID: 42483065,"Combined effects of apparent low temperature and PM pollution on circulatory emergency ambulance calls: a time-series analysis in Shijiazhuang, China. 2.5",PMID: 42403579,Exposure to air and water pollution during pregnancy and risk of adverse perinatal outcomes in São Paulo State: protocol for a retrospective population-based cohort study.,0.151,0.849
PMID: 42482688,"Size-specific health effects of particulate matter components on cardiovascular mortality: a weekly time-series study in Tianjin, China.",PMID: 42476417,Thermophysiological response of adults to long-distance running in different ACSM environmental risk conditions: A systematic review and meta-analysis.,0.2714,0.7286
PMID: 42482688,"Size-specific health effects of particulate matter components on cardiovascular mortality: a weekly time-series study in Tianjin, China.",PMID: 42474428,Individual and neighborhood factors influencing pediatric asthma exacerbations during urban heatwaves.,0.0376,0.9624
PMID: 42482688,"Size-specific health effects of particulate matter components on cardiovascular mortality: a weekly time-series study in Tianjin, China.",PMID: 42472615,Targeted inhibition of JAK2 phosphorylation by GenX disrupts the JAK2-STAT3 pathway and induces cardiovascular toxicity in zebrafish: Insights from network toxicology and molecular dynamics.,0.421,0.579
PMID: 42482688,"Size-specific health effects of particulate matter components on cardiovascular mortality: a weekly time-series study in Tianjin, China.",PMID: 42471626,Associations between wildland fire smoke PM and maternal blood pressure. 2.5,0.3896,0.6104
PMID: 42482688,"Size-specific health effects of particulate matter components on cardiovascular mortality: a weekly time-series study in Tianjin, China.",PMID: 42466507,Joint Effects of Heat and Fine Particulate Matter on Out-of-Hospital Cardiac Arrest in Japan: A Nationwide Time-Stratified Case-Crossover Study.,0.3657,0.6343
PMID: 42482688,"Size-specific health effects of particulate matter components on cardiovascular mortality: a weekly time-series study in Tianjin, China.",PMID: 42459959,Mechanistic insights into PM-induced cardiac fibrosis involving ERS/TXNIP/NLRP3-driven pyroptosis in multiple cell types. 2.5,0.5432,0.4568
PMID: 42482688,"Size-specific health effects of particulate matter components on cardiovascular mortality: a weekly time-series study in Tianjin, China.",PMID: 42455550,"Modifiable Risk Factors and Attributable Ischemic Heart Disease Mortality in US States, 1990-2023: A Systematic Analysis for the Global Burden of Disease Study 2023.",0.5998,0.4002
PMID: 42482688,"Size-specific health effects of particulate matter components on cardiovascular mortality: a weekly time-series study in Tianjin, China.",PMID: 42455100,Long-Term Exposure to PM Constituents and Coronary Heart Disease Risk in China. 2.5,0.5326,0.4674
PMID: 42482688,"Size-specific health effects of particulate matter components on cardiovascular mortality: a weekly time-series study in Tianjin, China.",PMID: 42450330,Imaging and Molecular Biomarkers of PFAS-Related Vascular Aging: A Narrative Review.,0.2137,0.7863
PMID: 42482688,"Size-specific health effects of particulate matter components on cardiovascular mortality: a weekly time-series study in Tianjin, China.",PMID: 42449303,Environmental exposome and its public health impact on COPD and asthma exacerbations in France.,0.2131,0.7869
PMID: 42482688,"Size-specific health effects of particulate matter components on cardiovascular mortality: a weekly time-series study in Tianjin, China.",PMID: 42447841,Micro- and nano-plastics in the coronary circulation and air pollution exposure in ischaemic heart disease presentation.,0.3578,0.6422
PMID: 42482688,"Size-specific health effects of particulate matter components on cardiovascular mortality: a weekly time-series study in Tianjin, China.",PMID: 42445923,"Ambient temperature, rainfall, and adverse maternal and child health outcomes in Nigeria: evidence from a national cross-sectional study.",0.0565,0.9435
PMID: 42482688,"Size-specific health effects of particulate matter components on cardiovascular mortality: a weekly time-series study in Tianjin, China.",PMID: 42442744,"Fine Particulate Matter (PM2.5), the Exposome, and Cumulative Health Risk: A Life-course Perspective.",0.4788,0.5212
PMID: 42482688,"Size-specific health effects of particulate matter components on cardiovascular mortality: a weekly time-series study in Tianjin, China.",PMID: 42440588,Maternal exposure to fine particulate matter and autism spectrum disorder in children: population based case-control study.,0.3499,0.6501
PMID: 42482688,"Size-specific health effects of particulate matter components on cardiovascular mortality: a weekly time-series study in Tianjin, China.",PMID: 42437198,"Air Pollution Mixture and Folate Status Indicators among Pregnant Women in Canada: Maternal-Infant Research on Environmental Chemicals (MIREC) Study, 2008 to 2011.",0.5404,0.4596
PMID: 42482688,"Size-specific health effects of particulate matter components on cardiovascular mortality: a weekly time-series study in Tianjin, China.",PMID: 42428257,Prenatal Air Pollution Exposure and Autism Spectrum Disorder in the ECHO Consortium.,0.5091,0.4909
PMID: 42482688,"Size-specific health effects of particulate matter components on cardiovascular mortality: a weekly time-series study in Tianjin, China.",PMID: 42422320,"Maternal ambient air pollution exposure and risk of stillbirth in Georgia, USA.",0.2092,0.7908
PMID: 42482688,"Size-specific health effects of particulate matter components on cardiovascular mortality: a weekly time-series study in Tianjin, China.",PMID: 42420937,Assessing the feasibility of indoor air quality monitoring in low-income housing among Black adults with uncontrolled asthma in New York City.,0.071,0.929
PMID: 42482688,"Size-specific health effects of particulate matter components on cardiovascular mortality: a weekly time-series study in Tianjin, China.",PMID: 42420917,Effects of per- and polyfluoroalkyl substances on maternal thyroid function: a stratified analysis by maternal iodine status and thyroid autoantibody status.,0.0352,0.9648
PMID: 42482688,"Size-specific health effects of particulate matter components on cardiovascular mortality: a weekly time-series study in Tianjin, China.",PMID: 42419777,Genetic susceptibility to respiratory health effects from outdoor air pollution: a structured narrative review.,0.2941,0.7059
PMID: 42482688,"Size-specific health effects of particulate matter components on cardiovascular mortality: a weekly time-series study in Tianjin, China.",PMID: 42416905,Association between air pollution and incident cardiovascular diseases among a population with cardiovascular-kidney-metabolic syndrome stages 0-3: the first evidence from the China Health and Retirement Longitudinal Study.,0.3437,0.6563
PMID: 42482688,"Size-specific health effects of particulate matter components on cardiovascular mortality: a weekly time-series study in Tianjin, China.",PMID: 42414291,Causal effects of wildfire PM on hospital costs and length of stay in Brazil. 2.5,0.4801,0.5199
PMID: 42482688,"Size-specific health effects of particulate matter components on cardiovascular mortality: a weekly time-series study in Tianjin, China.",PMID: 42413509,Adaptations to Climate Change-Related Environmental Phenomena to Achieve Physical Activity Recommendations for Adults Aged 65 and Older.,0.1872,0.8128
PMID: 42482688,"Size-specific health effects of particulate matter components on cardiovascular mortality: a weekly time-series study in Tianjin, China.",PMID: 42410409,Investigating environmental heat exposure and its effects on maternal and fetal health in rural Northern Ghana (Physio-HeMAB Study): a study protocol for a cluster randomized trial.,0.0305,0.9695
PMID: 42482688,"Size-specific health effects of particulate matter components on cardiovascular mortality: a weekly time-series study in Tianjin, China.",PMID: 42406176,"Associations of short-, mid-, and long-term particulate matter exposure with elevated LDL-C levels in Korean adults: analysis of KNHANES 2016-2022.",0.2485,0.7515
PMID: 42482688,"Size-specific health effects of particulate matter components on cardiovascular mortality: a weekly time-series study in Tianjin, China.",PMID: 42403579,Exposure to air and water pollution during pregnancy and risk of adverse perinatal outcomes in São Paulo State: protocol for a retrospective population-based cohort study.,0.5354,0.4646
PMID: 42476417,Thermophysiological response of adults to long-distance running in different ACSM environmental risk conditions: A systematic review and meta-analysis.,PMID: 42474428,Individual and neighborhood factors influencing pediatric asthma exacerbations during urban heatwaves.,0.4668,0.5332
PMID: 42476417,Thermophysiological response of adults to long-distance running in different ACSM environmental risk conditions: A systematic review and meta-analysis.,PMID: 42472615,Targeted inhibition of JAK2 phosphorylation by GenX disrupts the JAK2-STAT3 pathway and induces cardiovascular toxicity in zebrafish: Insights from network toxicology and molecular dynamics.,0.4242,0.5758
PMID: 42476417,Thermophysiological response of adults to long-distance running in different ACSM environmental risk conditions: A systematic review and meta-analysis.,PMID: 42471626,Associations between wildland fire smoke PM and maternal blood pressure. 2.5,0.0633,0.9367
PMID: 42476417,Thermophysiological response of adults to long-distance running in different ACSM environmental risk conditions: A systematic review and meta-analysis.,PMID: 42466507,Joint Effects of Heat and Fine Particulate Matter on Out-of-Hospital Cardiac Arrest in Japan: A Nationwide Time-Stratified Case-Crossover Study.,0.6777,0.3223
PMID: 42476417,Thermophysiological response of adults to long-distance running in different ACSM environmental risk conditions: A systematic review and meta-analysis.,PMID: 42459959,Mechanistic insights into PM-induced cardiac fibrosis involving ERS/TXNIP/NLRP3-driven pyroptosis in multiple cell types. 2.5,0.3839,0.6161
PMID: 42476417,Thermophysiological response of adults to long-distance running in different ACSM environmental risk conditions: A systematic review and meta-analysis.,PMID: 42455550,"Modifiable Risk Factors and Attributable Ischemic Heart Disease Mortality in US States, 1990-2023: A Systematic Analysis for the Global Burden of Disease Study 2023.",0.0677,0.9323
PMID: 42476417,Thermophysiological response of adults to long-distance running in different ACSM environmental risk conditions: A systematic review and meta-analysis.,PMID: 42455100,Long-Term Exposure to PM Constituents and Coronary Heart Disease Risk in China. 2.5,0.2736,0.7264
PMID: 42476417,Thermophysiological response of adults to long-distance running in different ACSM environmental risk conditions: A systematic review and meta-analysis.,PMID: 42450330,Imaging and Molecular Biomarkers of PFAS-Related Vascular Aging: A Narrative Review.,0.3753,0.6247
PMID: 42476417,Thermophysiological response of adults to long-distance running in different ACSM environmental risk conditions: A systematic review and meta-analysis.,PMID: 42449303,Environmental exposome and its public health impact on COPD and asthma exacerbations in France.,0.0679,0.9321
PMID: 42476417,Thermophysiological response of adults to long-distance running in different ACSM environmental risk conditions: A systematic review and meta-analysis.,PMID: 42447841,Micro- and nano-plastics in the coronary circulation and air pollution exposure in ischaemic heart disease presentation.,0.3463,0.6537
PMID: 42476417,Thermophysiological response of adults to long-distance running in different ACSM environmental risk conditions: A systematic review and meta-analysis.,PMID: 42445923,"Ambient temperature, rainfall, and adverse maternal and child health outcomes in Nigeria: evidence from a national cross-sectional study.",0.4739,0.5261
PMID: 42476417,Thermophysiological response of adults to long-distance running in different ACSM environmental risk conditions: A systematic review and meta-analysis.,PMID: 42442744,"Fine Particulate Matter (PM2.5), the Exposome, and Cumulative Health Risk: A Life-course Perspective.",0.2706,0.7294
PMID: 42476417,Thermophysiological response of adults to long-distance running in different ACSM environmental risk conditions: A systematic review and meta-analysis.,PMID: 42440588,Maternal exposure to fine particulate matter and autism spectrum disorder in children: population based case-control study.,0.0567,0.9433
PMID: 42476417,Thermophysiological response of adults to long-distance running in different ACSM environmental risk conditions: A systematic review and meta-analysis.,PMID: 42437198,"Air Pollution Mixture and Folate Status Indicators among Pregnant Women in Canada: Maternal-Infant Research on Environmental Chemicals (MIREC) Study, 2008 to 2011.",0.049,0.951
PMID: 42476417,Thermophysiological response of adults to long-distance running in different ACSM environmental risk conditions: A systematic review and meta-analysis.,PMID: 42428257,Prenatal Air Pollution Exposure and Autism Spectrum Disorder in the ECHO Consortium.,0.0248,0.9752
PMID: 42476417,Thermophysiological response of adults to long-distance running in different ACSM environmental risk conditions: A systematic review and meta-analysis.,PMID: 42422320,"Maternal ambient air pollution exposure and risk of stillbirth in Georgia, USA.",0.0332,0.9668
PMID: 42476417,Thermophysiological response of adults to long-distance running in different ACSM environmental risk conditions: A systematic review and meta-analysis.,PMID: 42420937,Assessing the feasibility of indoor air quality monitoring in low-income housing among Black adults with uncontrolled asthma in New York City.,0.0775,0.9225
PMID: 42476417,Thermophysiological response of adults to long-distance running in different ACSM environmental risk conditions: A systematic review and meta-analysis.,PMID: 42420917,Effects of per- and polyfluoroalkyl substances on maternal thyroid function: a stratified analysis by maternal iodine status and thyroid autoantibody status.,0.0269,0.9731
PMID: 42476417,Thermophysiological response of adults to long-distance running in different ACSM environmental risk conditions: A systematic review and meta-analysis.,PMID: 42419777,Genetic susceptibility to respiratory health effects from outdoor air pollution: a structured narrative review.,0.0509,0.9491
PMID: 42476417,Thermophysiological response of adults to long-distance running in different ACSM environmental risk conditions: A systematic review and meta-analysis.,PMID: 42416905,Association between air pollution and incident cardiovascular diseases among a population with cardiovascular-kidney-metabolic syndrome stages 0-3: the first evidence from the China Health and Retirement Longitudinal Study.,0.3328,0.6672
PMID: 42476417,Thermophysiological response of adults to long-distance running in different ACSM environmental risk conditions: A systematic review and meta-analysis.,PMID: 42414291,Causal effects of wildfire PM on hospital costs and length of stay in Brazil. 2.5,0.3388,0.6612
PMID: 42476417,Thermophysiological response of adults to long-distance running in different ACSM environmental risk conditions: A systematic review and meta-analysis.,PMID: 42413509,Adaptations to Climate Change-Related Environmental Phenomena to Achieve Physical Activity Recommendations for Adults Aged 65 and Older.,0.6855,0.3145
PMID: 42476417,Thermophysiological response of adults to long-distance running in different ACSM environmental risk conditions: A systematic review and meta-analysis.,PMID: 42410409,Investigating environmental heat exposure and its effects on maternal and fetal health in rural Northern Ghana (Physio-HeMAB Study): a study protocol for a cluster randomized trial.,0.3779,0.6221
PMID: 42476417,Thermophysiological response of adults to long-distance running in different ACSM environmental risk conditions: A systematic review and meta-analysis.,PMID: 42406176,"Associations of short-, mid-, and long-term particulate matter exposure with elevated LDL-C levels in Korean adults: analysis of KNHANES 2016-2022.",0.0392,0.9608
PMID: 42476417,Thermophysiological response of adults to long-distance running in different ACSM environmental risk conditions: A systematic review and meta-analysis.,PMID: 42403579,Exposure to air and water pollution during pregnancy and risk of adverse perinatal outcomes in São Paulo State: protocol for a retrospective population-based cohort study.,0.0393,0.9607
PMID: 42474428,Individual and neighborhood factors influencing pediatric asthma exacerbations during urban heatwaves.,PMID: 42472615,Targeted inhibition of JAK2 phosphorylation by GenX disrupts the JAK2-STAT3 pathway and induces cardiovascular toxicity in zebrafish: Insights from network toxicology and molecular dynamics.,0.0588,0.9412
PMID: 42474428,Individual and neighborhood factors influencing pediatric asthma exacerbations during urban heatwaves.,PMID: 42471626,Associations between wildland fire smoke PM and maternal blood pressure. 2.5,0.0547,0.9453
PMID: 42474428,Individual and neighborhood factors influencing pediatric asthma exacerbations during urban heatwaves.,PMID: 42466507,Joint Effects of Heat and Fine Particulate Matter on Out-of-Hospital Cardiac Arrest in Japan: A Nationwide Time-Stratified Case-Crossover Study.,0.3772,0.6228
PMID: 42474428,Individual and neighborhood factors influencing pediatric asthma exacerbations during urban heatwaves.,PMID: 42459959,Mechanistic insights into PM-induced cardiac fibrosis involving ERS/TXNIP/NLRP3-driven pyroptosis in multiple cell types. 2.5,0.0533,0.9467
PMID: 42474428,Individual and neighborhood factors influencing pediatric asthma exacerbations during urban heatwaves.,PMID: 42455550,"Modifiable Risk Factors and Attributable Ischemic Heart Disease Mortality in US States, 1990-2023: A Systematic Analysis for the Global Burden of Disease Study 2023.",0.0593,0.9407
PMID: 42474428,Individual and neighborhood factors influencing pediatric asthma exacerbations during urban heatwaves.,PMID: 42455100,Long-Term Exposure to PM Constituents and Coronary Heart Disease Risk in China. 2.5,0.0219,0.9781
PMID: 42474428,Individual and neighborhood factors influencing pediatric asthma exacerbations during urban heatwaves.,PMID: 42450330,Imaging and Molecular Biomarkers of PFAS-Related Vascular Aging: A Narrative Review.,0.052,0.948
PMID: 42474428,Individual and neighborhood factors influencing pediatric asthma exacerbations during urban heatwaves.,PMID: 42449303,Environmental exposome and its public health impact on COPD and asthma exacerbations in France.,0.4164,0.5836
PMID: 42474428,Individual and neighborhood factors influencing pediatric asthma exacerbations during urban heatwaves.,PMID: 42447841,Micro- and nano-plastics in the coronary circulation and air pollution exposure in ischaemic heart disease presentation.,0.0276,0.9724
PMID: 42474428,Individual and neighborhood factors influencing pediatric asthma exacerbations during urban heatwaves.,PMID: 42445923,"Ambient temperature, rainfall, and adverse maternal and child health outcomes in Nigeria: evidence from a national cross-sectional study.",0.4912,0.5088
PMID: 42474428,Individual and neighborhood factors influencing pediatric asthma exacerbations during urban heatwaves.,PMID: 42442744,"Fine Particulate Matter (PM2.5), the Exposome, and Cumulative Health Risk: A Life-course Perspective.",0.0376,0.9624
PMID: 42474428,Individual and neighborhood factors influencing pediatric asthma exacerbations during urban heatwaves.,PMID: 42440588,Maternal exposure to fine particulate matter and autism spectrum disorder in children: population based case-control study.,0.1459,0.8541
PMID: 42474428,Individual and neighborhood factors influencing pediatric asthma exacerbations during urban heatwaves.,PMID: 42437198,"Air Pollution Mixture and Folate Status Indicators among Pregnant Women in Canada: Maternal-Infant Research on Environmental Chemicals (MIREC) Study, 2008 to 2011.",0.0424,0.9576
PMID: 42474428,Individual and neighborhood factors influencing pediatric asthma exacerbations during urban heatwaves.,PMID: 42428257,Prenatal Air Pollution Exposure and Autism Spectrum Disorder in the ECHO Consortium.,0.1026,0.8974
PMID: 42474428,Individual and neighborhood factors influencing pediatric asthma exacerbations during urban heatwaves.,PMID: 42422320,"Maternal ambient air pollution exposure and risk of stillbirth in Georgia, USA.",0.0289,0.9711
PMID: 42474428,Individual and neighborhood factors influencing pediatric asthma exacerbations during urban heatwaves.,PMID: 42420937,Assessing the feasibility of indoor air quality monitoring in low-income housing among Black adults with uncontrolled asthma in New York City.,0.4153,0.5847
PMID: 42474428,Individual and neighborhood factors influencing pediatric asthma exacerbations during urban heatwaves.,PMID: 42420917,Effects of per- and polyfluoroalkyl substances on maternal thyroid function: a stratified analysis by maternal iodine status and thyroid autoantibody status.,0.0235,0.9765
PMID: 42474428,Individual and neighborhood factors influencing pediatric asthma exacerbations during urban heatwaves.,PMID: 42419777,Genetic susceptibility to respiratory health effects from outdoor air pollution: a structured narrative review.,0.2752,0.7248
PMID: 42474428,Individual and neighborhood factors influencing pediatric asthma exacerbations during urban heatwaves.,PMID: 42416905,Association between air pollution and incident cardiovascular diseases among a population with cardiovascular-kidney-metabolic syndrome stages 0-3: the first evidence from the China Health and Retirement Longitudinal Study.,0.0271,0.9729
PMID: 42474428,Individual and neighborhood factors influencing pediatric asthma exacerbations during urban heatwaves.,PMID: 42414291,Causal effects of wildfire PM on hospital costs and length of stay in Brazil. 2.5,0.3472,0.6528
PMID: 42474428,Individual and neighborhood factors influencing pediatric asthma exacerbations during urban heatwaves.,PMID: 42413509,Adaptations to Climate Change-Related Environmental Phenomena to Achieve Physical Activity Recommendations for Adults Aged 65 and Older.,0.3223,0.6777
PMID: 42474428,Individual and neighborhood factors influencing pediatric asthma exacerbations during urban heatwaves.,PMID: 42410409,Investigating environmental heat exposure and its effects on maternal and fetal health in rural Northern Ghana (Physio-HeMAB Study): a study protocol for a cluster randomized trial.,0.3268,0.6732
PMID: 42474428,Individual and neighborhood factors influencing pediatric asthma exacerbations during urban heatwaves.,PMID: 42406176,"Associations of short-, mid-, and long-term particulate matter exposure with elevated LDL-C levels in Korean adults: analysis of KNHANES 2016-2022.",0.0886,0.9114
PMID: 42474428,Individual and neighborhood factors influencing pediatric asthma exacerbations during urban heatwaves.,PMID: 42403579,Exposure to air and water pollution during pregnancy and risk of adverse perinatal outcomes in São Paulo State: protocol for a retrospective population-based cohort study.,0.034,0.966
PMID: 42472615,Targeted inhibition of JAK2 phosphorylation by GenX disrupts the JAK2-STAT3 pathway and induces cardiovascular toxicity in zebrafish: Insights from network toxicology and molecular dynamics.,PMID: 42471626,Associations between wildland fire smoke PM and maternal blood pressure. 2.5,0.091,0.909
PMID: 42472615,Targeted inhibition of JAK2 phosphorylation by GenX disrupts the JAK2-STAT3 pathway and induces cardiovascular toxicity in zebrafish: Insights from network toxicology and molecular dynamics.,PMID: 42466507,Joint Effects of Heat and Fine Particulate Matter on Out-of-Hospital Cardiac Arrest in Japan: A Nationwide Time-Stratified Case-Crossover Study.,0.3285,0.6715
PMID: 42472615,Targeted inhibition of JAK2 phosphorylation by GenX disrupts the JAK2-STAT3 pathway and induces cardiovascular toxicity in zebrafish: Insights from network toxicology and molecular dynamics.,PMID: 42459959,Mechanistic insights into PM-induced cardiac fibrosis involving ERS/TXNIP/NLRP3-driven pyroptosis in multiple cell types. 2.5,0.3425,0.6575
PMID: 42472615,Targeted inhibition of JAK2 phosphorylation by GenX disrupts the JAK2-STAT3 pathway and induces cardiovascular toxicity in zebrafish: Insights from network toxicology and molecular dynamics.,PMID: 42455550,"Modifiable Risk Factors and Attributable Ischemic Heart Disease Mortality in US States, 1990-2023: A Systematic Analysis for the Global Burden of Disease Study 2023.",0.3781,0.6219
PMID: 42472615,Targeted inhibition of JAK2 phosphorylation by GenX disrupts the JAK2-STAT3 pathway and induces cardiovascular toxicity in zebrafish: Insights from network toxicology and molecular dynamics.,PMID: 42455100,Long-Term Exposure to PM Constituents and Coronary Heart Disease Risk in China. 2.5,0.4419,0.5581
PMID: 42472615,Targeted inhibition of JAK2 phosphorylation by GenX disrupts the JAK2-STAT3 pathway and induces cardiovascular toxicity in zebrafish: Insights from network toxicology and molecular dynamics.,PMID: 42450330,Imaging and Molecular Biomarkers of PFAS-Related Vascular Aging: A Narrative Review.,0.5817,0.4183
PMID: 42472615,Targeted inhibition of JAK2 phosphorylation by GenX disrupts the JAK2-STAT3 pathway and induces cardiovascular toxicity in zebrafish: Insights from network toxicology and molecular dynamics.,PMID: 42449303,Environmental exposome and its public health impact on COPD and asthma exacerbations in France.,0.0536,0.9464
PMID: 42472615,Targeted inhibition of JAK2 phosphorylation by GenX disrupts the JAK2-STAT3 pathway and induces cardiovascular toxicity in zebrafish: Insights from network toxicology and molecular dynamics.,PMID: 42447841,Micro- and nano-plastics in the coronary circulation and air pollution exposure in ischaemic heart disease presentation.,0.3121,0.6879
PMID: 42472615,Targeted inhibition of JAK2 phosphorylation by GenX disrupts the JAK2-STAT3 pathway and induces cardiovascular toxicity in zebrafish: Insights from network toxicology and molecular dynamics.,PMID: 42445923,"Ambient temperature, rainfall, and adverse maternal and child health outcomes in Nigeria: evidence from a national cross-sectional study.",0.0883,0.9117
PMID: 42472615,Targeted inhibition of JAK2 phosphorylation by GenX disrupts the JAK2-STAT3 pathway and induces cardiovascular toxicity in zebrafish: Insights from network toxicology and molecular dynamics.,PMID: 42442744,"Fine Particulate Matter (PM2.5), the Exposome, and Cumulative Health Risk: A Life-course Perspective.",0.2127,0.7873
PMID: 42472615,Targeted inhibition of JAK2 phosphorylation by GenX disrupts the JAK2-STAT3 pathway and induces cardiovascular toxicity in zebrafish: Insights from network toxicology and molecular dynamics.,PMID: 42440588,Maternal exposure to fine particulate matter and autism spectrum disorder in children: population based case-control study.,0.0817,0.9183
PMID: 42472615,Targeted inhibition of JAK2 phosphorylation by GenX disrupts the JAK2-STAT3 pathway and induces cardiovascular toxicity in zebrafish: Insights from network toxicology and molecular dynamics.,PMID: 42437198,"Air Pollution Mixture and Folate Status Indicators among Pregnant Women in Canada: Maternal-Infant Research on Environmental Chemicals (MIREC) Study, 2008 to 2011.",0.0386,0.9614
PMID: 42472615,Targeted inhibition of JAK2 phosphorylation by GenX disrupts the JAK2-STAT3 pathway and induces cardiovascular toxicity in zebrafish: Insights from network toxicology and molecular dynamics.,PMID: 42428257,Prenatal Air Pollution Exposure and Autism Spectrum Disorder in the ECHO Consortium.,0.0197,0.9803
PMID: 42472615,Targeted inhibition of JAK2 phosphorylation by GenX disrupts the JAK2-STAT3 pathway and induces cardiovascular toxicity in zebrafish: Insights from network toxicology and molecular dynamics.,PMID: 42422320,"Maternal ambient air pollution exposure and risk of stillbirth in Georgia, USA.",0.0678,0.9322
PMID: 42472615,Targeted inhibition of JAK2 phosphorylation by GenX disrupts the JAK2-STAT3 pathway and induces cardiovascular toxicity in zebrafish: Insights from network toxicology and molecular dynamics.,PMID: 42420937,Assessing the feasibility of indoor air quality monitoring in low-income housing among Black adults with uncontrolled asthma in New York City.,0.1112,0.8888
PMID: 42472615,Targeted inhibition of JAK2 phosphorylation by GenX disrupts the JAK2-STAT3 pathway and induces cardiovascular toxicity in zebrafish: Insights from network toxicology and molecular dynamics.,PMID: 42420917,Effects of per- and polyfluoroalkyl substances on maternal thyroid function: a stratified analysis by maternal iodine status and thyroid autoantibody status.,0.2657,0.7343
PMID: 42472615,Targeted inhibition of JAK2 phosphorylation by GenX disrupts the JAK2-STAT3 pathway and induces cardiovascular toxicity in zebrafish: Insights from network toxicology and molecular dynamics.,PMID: 42419777,Genetic susceptibility to respiratory health effects from outdoor air pollution: a structured narrative review.,0.0401,0.9599
PMID: 42472615,Targeted inhibition of JAK2 phosphorylation by GenX disrupts the JAK2-STAT3 pathway and induces cardiovascular toxicity in zebrafish: Insights from network toxicology and molecular dynamics.,PMID: 42416905,Association between air pollution and incident cardiovascular diseases among a population with cardiovascular-kidney-metabolic syndrome stages 0-3: the first evidence from the China Health and Retirement Longitudinal Study.,0.5375,0.4625
PMID: 42472615,Targeted inhibition of JAK2 phosphorylation by GenX disrupts the JAK2-STAT3 pathway and induces cardiovascular toxicity in zebrafish: Insights from network toxicology and molecular dynamics.,PMID: 42414291,Causal effects of wildfire PM on hospital costs and length of stay in Brazil. 2.5,0.3025,0.6975
PMID: 42472615,Targeted inhibition of JAK2 phosphorylation by GenX disrupts the JAK2-STAT3 pathway and induces cardiovascular toxicity in zebrafish: Insights from network toxicology and molecular dynamics.,PMID: 42413509,Adaptations to Climate Change-Related Environmental Phenomena to Achieve Physical Activity Recommendations for Adults Aged 65 and Older.,0.2928,0.7072
PMID: 42472615,Targeted inhibition of JAK2 phosphorylation by GenX disrupts the JAK2-STAT3 pathway and induces cardiovascular toxicity in zebrafish: Insights from network toxicology and molecular dynamics.,PMID: 42410409,Investigating environmental heat exposure and its effects on maternal and fetal health in rural Northern Ghana (Physio-HeMAB Study): a study protocol for a cluster randomized trial.,0.0476,0.9524
PMID: 42472615,Targeted inhibition of JAK2 phosphorylation by GenX disrupts the JAK2-STAT3 pathway and induces cardiovascular toxicity in zebrafish: Insights from network toxicology and molecular dynamics.,PMID: 42406176,"Associations of short-, mid-, and long-term particulate matter exposure with elevated LDL-C levels in Korean adults: analysis of KNHANES 2016-2022.",0.0807,0.9193
PMID: 42472615,Targeted inhibition of JAK2 phosphorylation by GenX disrupts the JAK2-STAT3 pathway and induces cardiovascular toxicity in zebrafish: Insights from network toxicology and molecular dynamics.,PMID: 42403579,Exposure to air and water pollution during pregnancy and risk of adverse perinatal outcomes in São Paulo State: protocol for a retrospective population-based cohort study.,0.0308,0.9692
PMID: 42471626,Associations between wildland fire smoke PM and maternal blood pressure. 2.5,PMID: 42466507,Joint Effects of Heat and Fine Particulate Matter on Out-of-Hospital Cardiac Arrest in Japan: A Nationwide Time-Stratified Case-Crossover Study.,0.3044,0.6956
PMID: 42471626,Associations between wildland fire smoke PM and maternal blood pressure. 2.5,PMID: 42459959,Mechanistic insights into PM-induced cardiac fibrosis involving ERS/TXNIP/NLRP3-driven pyroptosis in multiple cell types. 2.5,0.5514,0.4486
PMID: 42471626,Associations between wildland fire smoke PM and maternal blood pressure. 2.5,PMID: 42455550,"Modifiable Risk Factors and Attributable Ischemic Heart Disease Mortality in US States, 1990-2023: A Systematic Analysis for the Global Burden of Disease Study 2023.",0.3502,0.6498
PMID: 42471626,Associations between wildland fire smoke PM and maternal blood pressure. 2.5,PMID: 42455100,Long-Term Exposure to PM Constituents and Coronary Heart Disease Risk in China. 2.5,0.2283,0.7717
PMID: 42471626,Associations between wildland fire smoke PM and maternal blood pressure. 2.5,PMID: 42450330,Imaging and Molecular Biomarkers of PFAS-Related Vascular Aging: A Narrative Review.,0.0804,0.9196
PMID: 42471626,Associations between wildland fire smoke PM and maternal blood pressure. 2.5,PMID: 42449303,Environmental exposome and its public health impact on COPD and asthma exacerbations in France.,0.0502,0.9498
PMID: 42471626,Associations between wildland fire smoke PM and maternal blood pressure. 2.5,PMID: 42447841,Micro- and nano-plastics in the coronary circulation and air pollution exposure in ischaemic heart disease presentation.,0.2889,0.7111
PMID: 42471626,Associations between wildland fire smoke PM and maternal blood pressure. 2.5,PMID: 42445923,"Ambient temperature, rainfall, and adverse maternal and child health outcomes in Nigeria: evidence from a national cross-sectional study.",0.2183,0.7817
PMID: 42471626,Associations between wildland fire smoke PM and maternal blood pressure. 2.5,PMID: 42442744,"Fine Particulate Matter (PM2.5), the Exposome, and Cumulative Health Risk: A Life-course Perspective.",0.3624,0.6376
PMID: 42471626,Associations between wildland fire smoke PM and maternal blood pressure. 2.5,PMID: 42440588,Maternal exposure to fine particulate matter and autism spectrum disorder in children: population based case-control study.,0.8156,0.1844
PMID: 42471626,Associations between wildland fire smoke PM and maternal blood pressure. 2.5,PMID: 42437198,"Air Pollution Mixture and Folate Status Indicators among Pregnant Women in Canada: Maternal-Infant Research on Environmental Chemicals (MIREC) Study, 2008 to 2011.",0.7177,0.2823
PMID: 42471626,Associations between wildland fire smoke PM and maternal blood pressure. 2.5,PMID: 42428257,Prenatal Air Pollution Exposure and Autism Spectrum Disorder in the ECHO Consortium.,0.5963,0.4037
PMID: 42471626,Associations between wildland fire smoke PM and maternal blood pressure. 2.5,PMID: 42422320,"Maternal ambient air pollution exposure and risk of stillbirth in Georgia, USA.",0.6467,0.3533
PMID: 42471626,Associations between wildland fire smoke PM and maternal blood pressure. 2.5,PMID: 42420937,Assessing the feasibility of indoor air quality monitoring in low-income housing among Black adults with uncontrolled asthma in New York City.,0.1033,0.8967
PMID: 42471626,Associations between wildland fire smoke PM and maternal blood pressure. 2.5,PMID: 42420917,Effects of per- and polyfluoroalkyl substances on maternal thyroid function: a stratified analysis by maternal iodine status and thyroid autoantibody status.,0.362,0.638
PMID: 42471626,Associations between wildland fire smoke PM and maternal blood pressure. 2.5,PMID: 42419777,Genetic susceptibility to respiratory health effects from outdoor air pollution: a structured narrative review.,0.2316,0.7684
PMID: 42471626,Associations between wildland fire smoke PM and maternal blood pressure. 2.5,PMID: 42416905,Association between air pollution and incident cardiovascular diseases among a population with cardiovascular-kidney-metabolic syndrome stages 0-3: the first evidence from the China Health and Retirement Longitudinal Study.,0.0578,0.9422
PMID: 42471626,Associations between wildland fire smoke PM and maternal blood pressure. 2.5,PMID: 42414291,Causal effects of wildfire PM on hospital costs and length of stay in Brazil. 2.5,0.4874,0.5126
PMID: 42471626,Associations between wildland fire smoke PM and maternal blood pressure. 2.5,PMID: 42413509,Adaptations to Climate Change-Related Environmental Phenomena to Achieve Physical Activity Recommendations for Adults Aged 65 and Older.,0.0437,0.9563
PMID: 42471626,Associations between wildland fire smoke PM and maternal blood pressure. 2.5,PMID: 42410409,Investigating environmental heat exposure and its effects on maternal and fetal health in rural Northern Ghana (Physio-HeMAB Study): a study protocol for a cluster randomized trial.,0.4258,0.5742
PMID: 42471626,Associations between wildland fire smoke PM and maternal blood pressure. 2.5,PMID: 42406176,"Associations of short-, mid-, and long-term particulate matter exposure with elevated LDL-C levels in Korean adults: analysis of KNHANES 2016-2022.",0.3595,0.6405
PMID: 42471626,Associations between wildland fire smoke PM and maternal blood pressure. 2.5,PMID: 42403579,Exposure to air and water pollution during pregnancy and risk of adverse perinatal outcomes in São Paulo State: protocol for a retrospective population-based cohort study.,0.3921,0.6079
PMID: 42466507,Joint Effects of Heat and Fine Particulate Matter on Out-of-Hospital Cardiac Arrest in Japan: A Nationwide Time-Stratified Case-Crossover Study.,PMID: 42459959,Mechanistic insights into PM-induced cardiac fibrosis involving ERS/TXNIP/NLRP3-driven pyroptosis in multiple cell types. 2.5,0.5176,0.4824
PMID: 42466507,Joint Effects of Heat and Fine Particulate Matter on Out-of-Hospital Cardiac Arrest in Japan: A Nationwide Time-Stratified Case-Crossover Study.,PMID: 42455550,"Modifiable Risk Factors and Attributable Ischemic Heart Disease Mortality in US States, 1990-2023: A Systematic Analysis for the Global Burden of Disease Study 2023.",0.3285,0.6715
PMID: 42466507,Joint Effects of Heat and Fine Particulate Matter on Out-of-Hospital Cardiac Arrest in Japan: A Nationwide Time-Stratified Case-Crossover Study.,PMID: 42455100,Long-Term Exposure to PM Constituents and Coronary Heart Disease Risk in China. 2.5,0.5535,0.4465
PMID: 42466507,Joint Effects of Heat and Fine Particulate Matter on Out-of-Hospital Cardiac Arrest in Japan: A Nationwide Time-Stratified Case-Crossover Study.,PMID: 42450330,Imaging and Molecular Biomarkers of PFAS-Related Vascular Aging: A Narrative Review.,0.2904,0.7096
PMID: 42466507,Joint Effects of Heat and Fine Particulate Matter on Out-of-Hospital Cardiac Arrest in Japan: A Nationwide Time-Stratified Case-Crossover Study.,PMID: 42449303,Environmental exposome and its public health impact on COPD and asthma exacerbations in France.,0.2894,0.7106
PMID: 42466507,Joint Effects of Heat and Fine Particulate Matter on Out-of-Hospital Cardiac Arrest in Japan: A Nationwide Time-Stratified Case-Crossover Study.,PMID: 42447841,Micro- and nano-plastics in the coronary circulation and air pollution exposure in ischaemic heart disease presentation.,0.271,0.729
PMID: 42466507,Joint Effects of Heat and Fine Particulate Matter on Out-of-Hospital Cardiac Arrest in Japan: A Nationwide Time-Stratified Case-Crossover Study.,PMID: 42445923,"Ambient temperature, rainfall, and adverse maternal and child health outcomes in Nigeria: evidence from a national cross-sectional study.",0.3711,0.6289
PMID: 42466507,Joint Effects of Heat and Fine Particulate Matter on Out-of-Hospital Cardiac Arrest in Japan: A Nationwide Time-Stratified Case-Crossover Study.,PMID: 42442744,"Fine Particulate Matter (PM2.5), the Exposome, and Cumulative Health Risk: A Life-course Perspective.",0.34,0.66
PMID: 42466507,Joint Effects of Heat and Fine Particulate Matter on Out-of-Hospital Cardiac Arrest in Japan: A Nationwide Time-Stratified Case-Crossover Study.,PMID: 42440588,Maternal exposure to fine particulate matter and autism spectrum disorder in children: population based case-control study.,0.2733,0.7267
PMID: 42466507,Joint Effects of Heat and Fine Particulate Matter on Out-of-Hospital Cardiac Arrest in Japan: A Nationwide Time-Stratified Case-Crossover Study.,PMID: 42437198,"Air Pollution Mixture and Folate Status Indicators among Pregnant Women in Canada: Maternal-Infant Research on Environmental Chemicals (MIREC) Study, 2008 to 2011.",0.2088,0.7912
PMID: 42466507,Joint Effects of Heat and Fine Particulate Matter on Out-of-Hospital Cardiac Arrest in Japan: A Nationwide Time-Stratified Case-Crossover Study.,PMID: 42428257,Prenatal Air Pollution Exposure and Autism Spectrum Disorder in the ECHO Consortium.,0.186,0.814
PMID: 42466507,Joint Effects of Heat and Fine Particulate Matter on Out-of-Hospital Cardiac Arrest in Japan: A Nationwide Time-Stratified Case-Crossover Study.,PMID: 42422320,"Maternal ambient air pollution exposure and risk of stillbirth in Georgia, USA.",0.509,0.491
PMID: 42466507,Joint Effects of Heat and Fine Particulate Matter on Out-of-Hospital Cardiac Arrest in Japan: A Nationwide Time-Stratified Case-Crossover Study.,PMID: 42420937,Assessing the feasibility of indoor air quality monitoring in low-income housing among Black adults with uncontrolled asthma in New York City.,0.0969,0.9031
PMID: 42466507,Joint Effects of Heat and Fine Particulate Matter on Out-of-Hospital Cardiac Arrest in Japan: A Nationwide Time-Stratified Case-Crossover Study.,PMID: 42420917,Effects of per- and polyfluoroalkyl substances on maternal thyroid function: a stratified analysis by maternal iodine status and thyroid autoantibody status.,0.0478,0.9522
PMID: 42466507,Joint Effects of Heat and Fine Particulate Matter on Out-of-Hospital Cardiac Arrest in Japan: A Nationwide Time-Stratified Case-Crossover Study.,PMID: 42419777,Genetic susceptibility to respiratory health effects from outdoor air pollution: a structured narrative review.,0.2173,0.7827
PMID: 42466507,Joint Effects of Heat and Fine Particulate Matter on Out-of-Hospital Cardiac Arrest in Japan: A Nationwide Time-Stratified Case-Crossover Study.,PMID: 42416905,Association between air pollution and incident cardiovascular diseases among a population with cardiovascular-kidney-metabolic syndrome stages 0-3: the first evidence from the China Health and Retirement Longitudinal Study.,0.4669,0.5331
PMID: 42466507,Joint Effects of Heat and Fine Particulate Matter on Out-of-Hospital Cardiac Arrest in Japan: A Nationwide Time-Stratified Case-Crossover Study.,PMID: 42414291,Causal effects of wildfire PM on hospital costs and length of stay in Brazil. 2.5,0.4998,0.5002
PMID: 42466507,Joint Effects of Heat and Fine Particulate Matter on Out-of-Hospital Cardiac Arrest in Japan: A Nationwide Time-Stratified Case-Crossover Study.,PMID: 42413509,Adaptations to Climate Change-Related Environmental Phenomena to Achieve Physical Activity Recommendations for Adults Aged 65 and Older.,0.6813,0.3187
PMID: 42466507,Joint Effects of Heat and Fine Particulate Matter on Out-of-Hospital Cardiac Arrest in Japan: A Nationwide Time-Stratified Case-Crossover Study.,PMID: 42410409,Investigating environmental heat exposure and its effects on maternal and fetal health in rural Northern Ghana (Physio-HeMAB Study): a study protocol for a cluster randomized trial.,0.2585,0.7415
PMID: 42466507,Joint Effects of Heat and Fine Particulate Matter on Out-of-Hospital Cardiac Arrest in Japan: A Nationwide Time-Stratified Case-Crossover Study.,PMID: 42406176,"Associations of short-, mid-, and long-term particulate matter exposure with elevated LDL-C levels in Korean adults: analysis of KNHANES 2016-2022.",0.6048,0.3952
PMID: 42466507,Joint Effects of Heat and Fine Particulate Matter on Out-of-Hospital Cardiac Arrest in Japan: A Nationwide Time-Stratified Case-Crossover Study.,PMID: 42403579,Exposure to air and water pollution during pregnancy and risk of adverse perinatal outcomes in São Paulo State: protocol for a retrospective population-based cohort study.,0.1669,0.8331
PMID: 42459959,Mechanistic insights into PM-induced cardiac fibrosis involving ERS/TXNIP/NLRP3-driven pyroptosis in multiple cell types. 2.5,PMID: 42455550,"Modifiable Risk Factors and Attributable Ischemic Heart Disease Mortality in US States, 1990-2023: A Systematic Analysis for the Global Burden of Disease Study 2023.",0.3422,0.6578
PMID: 42459959,Mechanistic insights into PM-induced cardiac fibrosis involving ERS/TXNIP/NLRP3-driven pyroptosis in multiple cell types. 2.5,PMID: 42455100,Long-Term Exposure to PM Constituents and Coronary Heart Disease Risk in China. 2.5,0.4,0.6
PMID: 42459959,Mechanistic insights into PM-induced cardiac fibrosis involving ERS/TXNIP/NLRP3-driven pyroptosis in multiple cell types. 2.5,PMID: 42450330,Imaging and Molecular Biomarkers of PFAS-Related Vascular Aging: A Narrative Review.,0.5266,0.4734
PMID: 42459959,Mechanistic insights into PM-induced cardiac fibrosis involving ERS/TXNIP/NLRP3-driven pyroptosis in multiple cell types. 2.5,PMID: 42449303,Environmental exposome and its public health impact on COPD and asthma exacerbations in France.,0.0487,0.9513
PMID: 42459959,Mechanistic insights into PM-induced cardiac fibrosis involving ERS/TXNIP/NLRP3-driven pyroptosis in multiple cell types. 2.5,PMID: 42447841,Micro- and nano-plastics in the coronary circulation and air pollution exposure in ischaemic heart disease presentation.,0.5062,0.4938
PMID: 42459959,Mechanistic insights into PM-induced cardiac fibrosis involving ERS/TXNIP/NLRP3-driven pyroptosis in multiple cell types. 2.5,PMID: 42445923,"Ambient temperature, rainfall, and adverse maternal and child health outcomes in Nigeria: evidence from a national cross-sectional study.",0.0799,0.9201
PMID: 42459959,Mechanistic insights into PM-induced cardiac fibrosis involving ERS/TXNIP/NLRP3-driven pyroptosis in multiple cell types. 2.5,PMID: 42442744,"Fine Particulate Matter (PM2.5), the Exposome, and Cumulative Health Risk: A Life-course Perspective.",0.6779,0.3221
PMID: 42459959,Mechanistic insights into PM-induced cardiac fibrosis involving ERS/TXNIP/NLRP3-driven pyroptosis in multiple cell types. 2.5,PMID: 42440588,Maternal exposure to fine particulate matter and autism spectrum disorder in children: population based case-control study.,0.4953,0.5047
PMID: 42459959,Mechanistic insights into PM-induced cardiac fibrosis involving ERS/TXNIP/NLRP3-driven pyroptosis in multiple cell types. 2.5,PMID: 42437198,"Air Pollution Mixture and Folate Status Indicators among Pregnant Women in Canada: Maternal-Infant Research on Environmental Chemicals (MIREC) Study, 2008 to 2011.",0.4,0.6
PMID: 42459959,Mechanistic insights into PM-induced cardiac fibrosis involving ERS/TXNIP/NLRP3-driven pyroptosis in multiple cell types. 2.5,PMID: 42428257,Prenatal Air Pollution Exposure and Autism Spectrum Disorder in the ECHO Consortium.,0.369,0.631
PMID: 42459959,Mechanistic insights into PM-induced cardiac fibrosis involving ERS/TXNIP/NLRP3-driven pyroptosis in multiple cell types. 2.5,PMID: 42422320,"Maternal ambient air pollution exposure and risk of stillbirth in Georgia, USA.",0.2961,0.7039
PMID: 42459959,Mechanistic insights into PM-induced cardiac fibrosis involving ERS/TXNIP/NLRP3-driven pyroptosis in multiple cell types. 2.5,PMID: 42420937,Assessing the feasibility of indoor air quality monitoring in low-income housing among Black adults with uncontrolled asthma in New York City.,0.1009,0.8991
PMID: 42459959,Mechanistic insights into PM-induced cardiac fibrosis involving ERS/TXNIP/NLRP3-driven pyroptosis in multiple cell types. 2.5,PMID: 42420917,Effects of per- and polyfluoroalkyl substances on maternal thyroid function: a stratified analysis by maternal iodine status and thyroid autoantibody status.,0.0496,0.9504
PMID: 42459959,Mechanistic insights into PM-induced cardiac fibrosis involving ERS/TXNIP/NLRP3-driven pyroptosis in multiple cell types. 2.5,PMID: 42419777,Genetic susceptibility to respiratory health effects from outdoor air pollution: a structured narrative review.,0.4166,0.5834
PMID: 42459959,Mechanistic insights into PM-induced cardiac fibrosis involving ERS/TXNIP/NLRP3-driven pyroptosis in multiple cell types. 2.5,PMID: 42416905,Association between air pollution and incident cardiovascular diseases among a population with cardiovascular-kidney-metabolic syndrome stages 0-3: the first evidence from the China Health and Retirement Longitudinal Study.,0.2714,0.7286
PMID: 42459959,Mechanistic insights into PM-induced cardiac fibrosis involving ERS/TXNIP/NLRP3-driven pyroptosis in multiple cell types. 2.5,PMID: 42414291,Causal effects of wildfire PM on hospital costs and length of stay in Brazil. 2.5,0.6797,0.3203
PMID: 42459959,Mechanistic insights into PM-induced cardiac fibrosis involving ERS/TXNIP/NLRP3-driven pyroptosis in multiple cell types. 2.5,PMID: 42413509,Adaptations to Climate Change-Related Environmental Phenomena to Achieve Physical Activity Recommendations for Adults Aged 65 and Older.,0.2651,0.7349
PMID: 42459959,Mechanistic insights into PM-induced cardiac fibrosis involving ERS/TXNIP/NLRP3-driven pyroptosis in multiple cell types. 2.5,PMID: 42410409,Investigating environmental heat exposure and its effects on maternal and fetal health in rural Northern Ghana (Physio-HeMAB Study): a study protocol for a cluster randomized trial.,0.0431,0.9569
PMID: 42459959,Mechanistic insights into PM-induced cardiac fibrosis involving ERS/TXNIP/NLRP3-driven pyroptosis in multiple cell types. 2.5,PMID: 42406176,"Associations of short-, mid-, and long-term particulate matter exposure with elevated LDL-C levels in Korean adults: analysis of KNHANES 2016-2022.",0.3516,0.6484
PMID: 42459959,Mechanistic insights into PM-induced cardiac fibrosis involving ERS/TXNIP/NLRP3-driven pyroptosis in multiple cell types. 2.5,PMID: 42403579,Exposure to air and water pollution during pregnancy and risk of adverse perinatal outcomes in São Paulo State: protocol for a retrospective population-based cohort study.,0.174,0.826
PMID: 42455550,"Modifiable Risk Factors and Attributable Ischemic Heart Disease Mortality in US States, 1990-2023: A Systematic Analysis for the Global Burden of Disease Study 2023.",PMID: 42455100,Long-Term Exposure to PM Constituents and Coronary Heart Disease Risk in China. 2.5,0.6369,0.3631
PMID: 42455550,"Modifiable Risk Factors and Attributable Ischemic Heart Disease Mortality in US States, 1990-2023: A Systematic Analysis for the Global Burden of Disease Study 2023.",PMID: 42450330,Imaging and Molecular Biomarkers of PFAS-Related Vascular Aging: A Narrative Review.,0.0866,0.9134
PMID: 42455550,"Modifiable Risk Factors and Attributable Ischemic Heart Disease Mortality in US States, 1990-2023: A Systematic Analysis for the Global Burden of Disease Study 2023.",PMID: 42449303,Environmental exposome and its public health impact on COPD and asthma exacerbations in France.,0.3335,0.6665
PMID: 42455550,"Modifiable Risk Factors and Attributable Ischemic Heart Disease Mortality in US States, 1990-2023: A Systematic Analysis for the Global Burden of Disease Study 2023.",PMID: 42447841,Micro- and nano-plastics in the coronary circulation and air pollution exposure in ischaemic heart disease presentation.,0.0646,0.9354
PMID: 42455550,"Modifiable Risk Factors and Attributable Ischemic Heart Disease Mortality in US States, 1990-2023: A Systematic Analysis for the Global Burden of Disease Study 2023.",PMID: 42445923,"Ambient temperature, rainfall, and adverse maternal and child health outcomes in Nigeria: evidence from a national cross-sectional study.",0.0882,0.9118
PMID: 42455550,"Modifiable Risk Factors and Attributable Ischemic Heart Disease Mortality in US States, 1990-2023: A Systematic Analysis for the Global Burden of Disease Study 2023.",PMID: 42442744,"Fine Particulate Matter (PM2.5), the Exposome, and Cumulative Health Risk: A Life-course Perspective.",0.3912,0.6088
PMID: 42455550,"Modifiable Risk Factors and Attributable Ischemic Heart Disease Mortality in US States, 1990-2023: A Systematic Analysis for the Global Burden of Disease Study 2023.",PMID: 42440588,Maternal exposure to fine particulate matter and autism spectrum disorder in children: population based case-control study.,0.3144,0.6856
PMID: 42455550,"Modifiable Risk Factors and Attributable Ischemic Heart Disease Mortality in US States, 1990-2023: A Systematic Analysis for the Global Burden of Disease Study 2023.",PMID: 42437198,"Air Pollution Mixture and Folate Status Indicators among Pregnant Women in Canada: Maternal-Infant Research on Environmental Chemicals (MIREC) Study, 2008 to 2011.",0.2401,0.7599
PMID: 42455550,"Modifiable Risk Factors and Attributable Ischemic Heart Disease Mortality in US States, 1990-2023: A Systematic Analysis for the Global Burden of Disease Study 2023.",PMID: 42428257,Prenatal Air Pollution Exposure and Autism Spectrum Disorder in the ECHO Consortium.,0.2138,0.7862
PMID: 42455550,"Modifiable Risk Factors and Attributable Ischemic Heart Disease Mortality in US States, 1990-2023: A Systematic Analysis for the Global Burden of Disease Study 2023.",PMID: 42422320,"Maternal ambient air pollution exposure and risk of stillbirth in Georgia, USA.",0.3265,0.6735
PMID: 42455550,"Modifiable Risk Factors and Attributable Ischemic Heart Disease Mortality in US States, 1990-2023: A Systematic Analysis for the Global Burden of Disease Study 2023.",PMID: 42420937,Assessing the feasibility of indoor air quality monitoring in low-income housing among Black adults with uncontrolled asthma in New York City.,0.1114,0.8886
PMID: 42455550,"Modifiable Risk Factors and Attributable Ischemic Heart Disease Mortality in US States, 1990-2023: A Systematic Analysis for the Global Burden of Disease Study 2023.",PMID: 42420917,Effects of per- and polyfluoroalkyl substances on maternal thyroid function: a stratified analysis by maternal iodine status and thyroid autoantibody status.,0.055,0.945
PMID: 42455550,"Modifiable Risk Factors and Attributable Ischemic Heart Disease Mortality in US States, 1990-2023: A Systematic Analysis for the Global Burden of Disease Study 2023.",PMID: 42419777,Genetic susceptibility to respiratory health effects from outdoor air pollution: a structured narrative review.,0.2497,0.7503
PMID: 42455550,"Modifiable Risk Factors and Attributable Ischemic Heart Disease Mortality in US States, 1990-2023: A Systematic Analysis for the Global Burden of Disease Study 2023.",PMID: 42416905,Association between air pollution and incident cardiovascular diseases among a population with cardiovascular-kidney-metabolic syndrome stages 0-3: the first evidence from the China Health and Retirement Longitudinal Study.,0.2998,0.7002
PMID: 42455550,"Modifiable Risk Factors and Attributable Ischemic Heart Disease Mortality in US States, 1990-2023: A Systematic Analysis for the Global Burden of Disease Study 2023.",PMID: 42414291,Causal effects of wildfire PM on hospital costs and length of stay in Brazil. 2.5,0.3025,0.6975
PMID: 42455550,"Modifiable Risk Factors and Attributable Ischemic Heart Disease Mortality in US States, 1990-2023: A Systematic Analysis for the Global Burden of Disease Study 2023.",PMID: 42413509,Adaptations to Climate Change-Related Environmental Phenomena to Achieve Physical Activity Recommendations for Adults Aged 65 and Older.,0.0472,0.9528
PMID: 42455550,"Modifiable Risk Factors and Attributable Ischemic Heart Disease Mortality in US States, 1990-2023: A Systematic Analysis for the Global Burden of Disease Study 2023.",PMID: 42410409,Investigating environmental heat exposure and its effects on maternal and fetal health in rural Northern Ghana (Physio-HeMAB Study): a study protocol for a cluster randomized trial.,0.0476,0.9524
PMID: 42455550,"Modifiable Risk Factors and Attributable Ischemic Heart Disease Mortality in US States, 1990-2023: A Systematic Analysis for the Global Burden of Disease Study 2023.",PMID: 42406176,"Associations of short-, mid-, and long-term particulate matter exposure with elevated LDL-C levels in Korean adults: analysis of KNHANES 2016-2022.",0.3883,0.6117
PMID: 42455550,"Modifiable Risk Factors and Attributable Ischemic Heart Disease Mortality in US States, 1990-2023: A Systematic Analysis for the Global Burden of Disease Study 2023.",PMID: 42403579,Exposure to air and water pollution during pregnancy and risk of adverse perinatal outcomes in São Paulo State: protocol for a retrospective population-based cohort study.,0.3531,0.6469
PMID: 42455100,Long-Term Exposure to PM Constituents and Coronary Heart Disease Risk in China. 2.5,PMID: 42450330,Imaging and Molecular Biomarkers of PFAS-Related Vascular Aging: A Narrative Review.,0.2179,0.7821
PMID: 42455100,Long-Term Exposure to PM Constituents and Coronary Heart Disease Risk in China. 2.5,PMID: 42449303,Environmental exposome and its public health impact on COPD and asthma exacerbations in France.,0.4103,0.5897
PMID: 42455100,Long-Term Exposure to PM Constituents and Coronary Heart Disease Risk in China. 2.5,PMID: 42447841,Micro- and nano-plastics in the coronary circulation and air pollution exposure in ischaemic heart disease presentation.,0.218,0.782
PMID: 42455100,Long-Term Exposure to PM Constituents and Coronary Heart Disease Risk in China. 2.5,PMID: 42445923,"Ambient temperature, rainfall, and adverse maternal and child health outcomes in Nigeria: evidence from a national cross-sectional study.",0.0618,0.9382
PMID: 42455100,Long-Term Exposure to PM Constituents and Coronary Heart Disease Risk in China. 2.5,PMID: 42442744,"Fine Particulate Matter (PM2.5), the Exposome, and Cumulative Health Risk: A Life-course Perspective.",0.3867,0.6133
PMID: 42455100,Long-Term Exposure to PM Constituents and Coronary Heart Disease Risk in China. 2.5,PMID: 42440588,Maternal exposure to fine particulate matter and autism spectrum disorder in children: population based case-control study.,0.205,0.795
PMID: 42455100,Long-Term Exposure to PM Constituents and Coronary Heart Disease Risk in China. 2.5,PMID: 42437198,"Air Pollution Mixture and Folate Status Indicators among Pregnant Women in Canada: Maternal-Infant Research on Environmental Chemicals (MIREC) Study, 2008 to 2011.",0.2164,0.7836
PMID: 42455100,Long-Term Exposure to PM Constituents and Coronary Heart Disease Risk in China. 2.5,PMID: 42428257,Prenatal Air Pollution Exposure and Autism Spectrum Disorder in the ECHO Consortium.,0.191,0.809
PMID: 42455100,Long-Term Exposure to PM Constituents and Coronary Heart Disease Risk in China. 2.5,PMID: 42422320,"Maternal ambient air pollution exposure and risk of stillbirth in Georgia, USA.",0.438,0.562
PMID: 42455100,Long-Term Exposure to PM Constituents and Coronary Heart Disease Risk in China. 2.5,PMID: 42420937,Assessing the feasibility of indoor air quality monitoring in low-income housing among Black adults with uncontrolled asthma in New York City.,0.1058,0.8942
PMID: 42455100,Long-Term Exposure to PM Constituents and Coronary Heart Disease Risk in China. 2.5,PMID: 42420917,Effects of per- and polyfluoroalkyl substances on maternal thyroid function: a stratified analysis by maternal iodine status and thyroid autoantibody status.,0.0703,0.9297
PMID: 42455100,Long-Term Exposure to PM Constituents and Coronary Heart Disease Risk in China. 2.5,PMID: 42419777,Genetic susceptibility to respiratory health effects from outdoor air pollution: a structured narrative review.,0.1614,0.8386
PMID: 42455100,Long-Term Exposure to PM Constituents and Coronary Heart Disease Risk in China. 2.5,PMID: 42416905,Association between air pollution and incident cardiovascular diseases among a population with cardiovascular-kidney-metabolic syndrome stages 0-3: the first evidence from the China Health and Retirement Longitudinal Study.,0.6551,0.3449
PMID: 42455100,Long-Term Exposure to PM Constituents and Coronary Heart Disease Risk in China. 2.5,PMID: 42414291,Causal effects of wildfire PM on hospital costs and length of stay in Brazil. 2.5,0.3536,0.6464
PMID: 42455100,Long-Term Exposure to PM Constituents and Coronary Heart Disease Risk in China. 2.5,PMID: 42413509,Adaptations to Climate Change-Related Environmental Phenomena to Achieve Physical Activity Recommendations for Adults Aged 65 and Older.,0.398,0.602
PMID: 42455100,Long-Term Exposure to PM Constituents and Coronary Heart Disease Risk in China. 2.5,PMID: 42410409,Investigating environmental heat exposure and its effects on maternal and fetal health in rural Northern Ghana (Physio-HeMAB Study): a study protocol for a cluster randomized trial.,0.0178,0.9822
PMID: 42455100,Long-Term Exposure to PM Constituents and Coronary Heart Disease Risk in China. 2.5,PMID: 42406176,"Associations of short-, mid-, and long-term particulate matter exposure with elevated LDL-C levels in Korean adults: analysis of KNHANES 2016-2022.",0.5327,0.4673
PMID: 42455100,Long-Term Exposure to PM Constituents and Coronary Heart Disease Risk in China. 2.5,PMID: 42403579,Exposure to air and water pollution during pregnancy and risk of adverse perinatal outcomes in São Paulo State: protocol for a retrospective population-based cohort study.,0.261,0.739
PMID: 42450330,Imaging and Molecular Biomarkers of PFAS-Related Vascular Aging: A Narrative Review.,PMID: 42449303,Environmental exposome and its public health impact on COPD and asthma exacerbations in France.,0.0473,0.9527
PMID: 42450330,Imaging and Molecular Biomarkers of PFAS-Related Vascular Aging: A Narrative Review.,PMID: 42447841,Micro- and nano-plastics in the coronary circulation and air pollution exposure in ischaemic heart disease presentation.,0.4944,0.5056
PMID: 42450330,Imaging and Molecular Biomarkers of PFAS-Related Vascular Aging: A Narrative Review.,PMID: 42445923,"Ambient temperature, rainfall, and adverse maternal and child health outcomes in Nigeria: evidence from a national cross-sectional study.",0.0781,0.9219
PMID: 42450330,Imaging and Molecular Biomarkers of PFAS-Related Vascular Aging: A Narrative Review.,PMID: 42442744,"Fine Particulate Matter (PM2.5), the Exposome, and Cumulative Health Risk: A Life-course Perspective.",0.5038,0.4962
PMID: 42450330,Imaging and Molecular Biomarkers of PFAS-Related Vascular Aging: A Narrative Review.,PMID: 42440588,Maternal exposure to fine particulate matter and autism spectrum disorder in children: population based case-control study.,0.0722,0.9278
PMID: 42450330,Imaging and Molecular Biomarkers of PFAS-Related Vascular Aging: A Narrative Review.,PMID: 42437198,"Air Pollution Mixture and Folate Status Indicators among Pregnant Women in Canada: Maternal-Infant Research on Environmental Chemicals (MIREC) Study, 2008 to 2011.",0.034,0.966
PMID: 42450330,Imaging and Molecular Biomarkers of PFAS-Related Vascular Aging: A Narrative Review.,PMID: 42428257,Prenatal Air Pollution Exposure and Autism Spectrum Disorder in the ECHO Consortium.,0.0174,0.9826
PMID: 42450330,Imaging and Molecular Biomarkers of PFAS-Related Vascular Aging: A Narrative Review.,PMID: 42422320,"Maternal ambient air pollution exposure and risk of stillbirth in Georgia, USA.",0.0598,0.9402
PMID: 42450330,Imaging and Molecular Biomarkers of PFAS-Related Vascular Aging: A Narrative Review.,PMID: 42420937,Assessing the feasibility of indoor air quality monitoring in low-income housing among Black adults with uncontrolled asthma in New York City.,0.0983,0.9017
PMID: 42450330,Imaging and Molecular Biomarkers of PFAS-Related Vascular Aging: A Narrative Review.,PMID: 42420917,Effects of per- and polyfluoroalkyl substances on maternal thyroid function: a stratified analysis by maternal iodine status and thyroid autoantibody status.,0.2349,0.7651
PMID: 42450330,Imaging and Molecular Biomarkers of PFAS-Related Vascular Aging: A Narrative Review.,PMID: 42419777,Genetic susceptibility to respiratory health effects from outdoor air pollution: a structured narrative review.,0.4063,0.5937
PMID: 42450330,Imaging and Molecular Biomarkers of PFAS-Related Vascular Aging: A Narrative Review.,PMID: 42416905,Association between air pollution and incident cardiovascular diseases among a population with cardiovascular-kidney-metabolic syndrome stages 0-3: the first evidence from the China Health and Retirement Longitudinal Study.,0.2648,0.7352
PMID: 42450330,Imaging and Molecular Biomarkers of PFAS-Related Vascular Aging: A Narrative Review.,PMID: 42414291,Causal effects of wildfire PM on hospital costs and length of stay in Brazil. 2.5,0.2675,0.7325
PMID: 42450330,Imaging and Molecular Biomarkers of PFAS-Related Vascular Aging: A Narrative Review.,PMID: 42413509,Adaptations to Climate Change-Related Environmental Phenomena to Achieve Physical Activity Recommendations for Adults Aged 65 and Older.,0.259,0.741
PMID: 42450330,Imaging and Molecular Biomarkers of PFAS-Related Vascular Aging: A Narrative Review.,PMID: 42410409,Investigating environmental heat exposure and its effects on maternal and fetal health in rural Northern Ghana (Physio-HeMAB Study): a study protocol for a cluster randomized trial.,0.0422,0.9578
PMID: 42450330,Imaging and Molecular Biomarkers of PFAS-Related Vascular Aging: A Narrative Review.,PMID: 42406176,"Associations of short-, mid-, and long-term particulate matter exposure with elevated LDL-C levels in Korean adults: analysis of KNHANES 2016-2022.",0.071,0.929
PMID: 42450330,Imaging and Molecular Biomarkers of PFAS-Related Vascular Aging: A Narrative Review.,PMID: 42403579,Exposure to air and water pollution during pregnancy and risk of adverse perinatal outcomes in São Paulo State: protocol for a retrospective population-based cohort study.,0.0272,0.9728
PMID: 42449303,Environmental exposome and its public health impact on COPD and asthma exacerbations in France.,PMID: 42447841,Micro- and nano-plastics in the coronary circulation and air pollution exposure in ischaemic heart disease presentation.,0.0252,0.9748
PMID: 42449303,Environmental exposome and its public health impact on COPD and asthma exacerbations in France.,PMID: 42445923,"Ambient temperature, rainfall, and adverse maternal and child health outcomes in Nigeria: evidence from a national cross-sectional study.",0.0342,0.9658
PMID: 42449303,Environmental exposome and its public health impact on COPD and asthma exacerbations in France.,PMID: 42442744,"Fine Particulate Matter (PM2.5), the Exposome, and Cumulative Health Risk: A Life-course Perspective.",0.2126,0.7874
PMID: 42449303,Environmental exposome and its public health impact on COPD and asthma exacerbations in France.,PMID: 42440588,Maternal exposure to fine particulate matter and autism spectrum disorder in children: population based case-control study.,0.0821,0.9179
PMID: 42449303,Environmental exposome and its public health impact on COPD and asthma exacerbations in France.,PMID: 42437198,"Air Pollution Mixture and Folate Status Indicators among Pregnant Women in Canada: Maternal-Infant Research on Environmental Chemicals (MIREC) Study, 2008 to 2011.",0.0389,0.9611
PMID: 42449303,Environmental exposome and its public health impact on COPD and asthma exacerbations in France.,PMID: 42428257,Prenatal Air Pollution Exposure and Autism Spectrum Disorder in the ECHO Consortium.,0.0511,0.9489
PMID: 42449303,Environmental exposome and its public health impact on COPD and asthma exacerbations in France.,PMID: 42422320,"Maternal ambient air pollution exposure and risk of stillbirth in Georgia, USA.",0.2853,0.7147
PMID: 42449303,Environmental exposome and its public health impact on COPD and asthma exacerbations in France.,PMID: 42420937,Assessing the feasibility of indoor air quality monitoring in low-income housing among Black adults with uncontrolled asthma in New York City.,0.3773,0.6227
PMID: 42449303,Environmental exposome and its public health impact on COPD and asthma exacerbations in France.,PMID: 42420917,Effects of per- and polyfluoroalkyl substances on maternal thyroid function: a stratified analysis by maternal iodine status and thyroid autoantibody status.,0.0212,0.9788
PMID: 42449303,Environmental exposome and its public health impact on COPD and asthma exacerbations in France.,PMID: 42419777,Genetic susceptibility to respiratory health effects from outdoor air pollution: a structured narrative review.,0.25,0.75
PMID: 42449303,Environmental exposome and its public health impact on COPD and asthma exacerbations in France.,PMID: 42416905,Association between air pollution and incident cardiovascular diseases among a population with cardiovascular-kidney-metabolic syndrome stages 0-3: the first evidence from the China Health and Retirement Longitudinal Study.,0.2619,0.7381
PMID: 42449303,Environmental exposome and its public health impact on COPD and asthma exacerbations in France.,PMID: 42414291,Causal effects of wildfire PM on hospital costs and length of stay in Brazil. 2.5,0.2674,0.7326
PMID: 42449303,Environmental exposome and its public health impact on COPD and asthma exacerbations in France.,PMID: 42413509,Adaptations to Climate Change-Related Environmental Phenomena to Achieve Physical Activity Recommendations for Adults Aged 65 and Older.,0.293,0.707
PMID: 42449303,Environmental exposome and its public health impact on COPD and asthma exacerbations in France.,PMID: 42410409,Investigating environmental heat exposure and its effects on maternal and fetal health in rural Northern Ghana (Physio-HeMAB Study): a study protocol for a cluster randomized trial.,0.0478,0.9522
PMID: 42449303,Environmental exposome and its public health impact on COPD and asthma exacerbations in France.,PMID: 42406176,"Associations of short-, mid-, and long-term particulate matter exposure with elevated LDL-C levels in Korean adults: analysis of KNHANES 2016-2022.",0.388,0.612
PMID: 42449303,Environmental exposome and its public health impact on COPD and asthma exacerbations in France.,PMID: 42403579,Exposure to air and water pollution during pregnancy and risk of adverse perinatal outcomes in São Paulo State: protocol for a retrospective population-based cohort study.,0.2272,0.7728
PMID: 42447841,Micro- and nano-plastics in the coronary circulation and air pollution exposure in ischaemic heart disease presentation.,PMID: 42445923,"Ambient temperature, rainfall, and adverse maternal and child health outcomes in Nigeria: evidence from a national cross-sectional study.",0.0781,0.9219
PMID: 42447841,Micro- and nano-plastics in the coronary circulation and air pollution exposure in ischaemic heart disease presentation.,PMID: 42442744,"Fine Particulate Matter (PM2.5), the Exposome, and Cumulative Health Risk: A Life-course Perspective.",0.4896,0.5104
PMID: 42447841,Micro- and nano-plastics in the coronary circulation and air pollution exposure in ischaemic heart disease presentation.,PMID: 42440588,Maternal exposure to fine particulate matter and autism spectrum disorder in children: population based case-control study.,0.2595,0.7405
PMID: 42447841,Micro- and nano-plastics in the coronary circulation and air pollution exposure in ischaemic heart disease presentation.,PMID: 42437198,"Air Pollution Mixture and Folate Status Indicators among Pregnant Women in Canada: Maternal-Infant Research on Environmental Chemicals (MIREC) Study, 2008 to 2011.",0.1963,0.8037
PMID: 42447841,Micro- and nano-plastics in the coronary circulation and air pollution exposure in ischaemic heart disease presentation.,PMID: 42428257,Prenatal Air Pollution Exposure and Autism Spectrum Disorder in the ECHO Consortium.,0.189,0.811
PMID: 42447841,Micro- and nano-plastics in the coronary circulation and air pollution exposure in ischaemic heart disease presentation.,PMID: 42422320,"Maternal ambient air pollution exposure and risk of stillbirth in Georgia, USA.",0.0805,0.9195
PMID: 42447841,Micro- and nano-plastics in the coronary circulation and air pollution exposure in ischaemic heart disease presentation.,PMID: 42420937,Assessing the feasibility of indoor air quality monitoring in low-income housing among Black adults with uncontrolled asthma in New York City.,0.0733,0.9267
PMID: 42447841,Micro- and nano-plastics in the coronary circulation and air pollution exposure in ischaemic heart disease presentation.,PMID: 42420917,Effects of per- and polyfluoroalkyl substances on maternal thyroid function: a stratified analysis by maternal iodine status and thyroid autoantibody status.,0.0485,0.9515
PMID: 42447841,Micro- and nano-plastics in the coronary circulation and air pollution exposure in ischaemic heart disease presentation.,PMID: 42419777,Genetic susceptibility to respiratory health effects from outdoor air pollution: a structured narrative review.,0.2043,0.7957
PMID: 42447841,Micro- and nano-plastics in the coronary circulation and air pollution exposure in ischaemic heart disease presentation.,PMID: 42416905,Association between air pollution and incident cardiovascular diseases among a population with cardiovascular-kidney-metabolic syndrome stages 0-3: the first evidence from the China Health and Retirement Longitudinal Study.,0.2652,0.7348
PMID: 42447841,Micro- and nano-plastics in the coronary circulation and air pollution exposure in ischaemic heart disease presentation.,PMID: 42414291,Causal effects of wildfire PM on hospital costs and length of stay in Brazil. 2.5,0.4475,0.5525
PMID: 42447841,Micro- and nano-plastics in the coronary circulation and air pollution exposure in ischaemic heart disease presentation.,PMID: 42413509,Adaptations to Climate Change-Related Environmental Phenomena to Achieve Physical Activity Recommendations for Adults Aged 65 and Older.,0.2393,0.7607
PMID: 42447841,Micro- and nano-plastics in the coronary circulation and air pollution exposure in ischaemic heart disease presentation.,PMID: 42410409,Investigating environmental heat exposure and its effects on maternal and fetal health in rural Northern Ghana (Physio-HeMAB Study): a study protocol for a cluster randomized trial.,0.0225,0.9775
PMID: 42447841,Micro- and nano-plastics in the coronary circulation and air pollution exposure in ischaemic heart disease presentation.,PMID: 42406176,"Associations of short-, mid-, and long-term particulate matter exposure with elevated LDL-C levels in Korean adults: analysis of KNHANES 2016-2022.",0.1304,0.8696
PMID: 42447841,Micro- and nano-plastics in the coronary circulation and air pollution exposure in ischaemic heart disease presentation.,PMID: 42403579,Exposure to air and water pollution during pregnancy and risk of adverse perinatal outcomes in São Paulo State: protocol for a retrospective population-based cohort study.,0.0145,0.9855
PMID: 42445923,"Ambient temperature, rainfall, and adverse maternal and child health outcomes in Nigeria: evidence from a national cross-sectional study.",PMID: 42442744,"Fine Particulate Matter (PM2.5), the Exposome, and Cumulative Health Risk: A Life-course Perspective.",0.0219,0.9781
PMID: 42445923,"Ambient temperature, rainfall, and adverse maternal and child health outcomes in Nigeria: evidence from a national cross-sectional study.",PMID: 42440588,Maternal exposure to fine particulate matter and autism spectrum disorder in children: population based case-control study.,0.1961,0.8039
PMID: 42445923,"Ambient temperature, rainfall, and adverse maternal and child health outcomes in Nigeria: evidence from a national cross-sectional study.",PMID: 42437198,"Air Pollution Mixture and Folate Status Indicators among Pregnant Women in Canada: Maternal-Infant Research on Environmental Chemicals (MIREC) Study, 2008 to 2011.",0.2372,0.7628
PMID: 42445923,"Ambient temperature, rainfall, and adverse maternal and child health outcomes in Nigeria: evidence from a national cross-sectional study.",PMID: 42428257,Prenatal Air Pollution Exposure and Autism Spectrum Disorder in the ECHO Consortium.,0.0749,0.9251
PMID: 42445923,"Ambient temperature, rainfall, and adverse maternal and child health outcomes in Nigeria: evidence from a national cross-sectional study.",PMID: 42422320,"Maternal ambient air pollution exposure and risk of stillbirth in Georgia, USA.",0.15,0.85
PMID: 42445923,"Ambient temperature, rainfall, and adverse maternal and child health outcomes in Nigeria: evidence from a national cross-sectional study.",PMID: 42420937,Assessing the feasibility of indoor air quality monitoring in low-income housing among Black adults with uncontrolled asthma in New York City.,0.0999,0.9001
PMID: 42445923,"Ambient temperature, rainfall, and adverse maternal and child health outcomes in Nigeria: evidence from a national cross-sectional study.",PMID: 42420917,Effects of per- and polyfluoroalkyl substances on maternal thyroid function: a stratified analysis by maternal iodine status and thyroid autoantibody status.,0.2328,0.7672
PMID: 42445923,"Ambient temperature, rainfall, and adverse maternal and child health outcomes in Nigeria: evidence from a national cross-sectional study.",PMID: 42419777,Genetic susceptibility to respiratory health effects from outdoor air pollution: a structured narrative review.,0.0257,0.9743
PMID: 42445923,"Ambient temperature, rainfall, and adverse maternal and child health outcomes in Nigeria: evidence from a national cross-sectional study.",PMID: 42416905,Association between air pollution and incident cardiovascular diseases among a population with cardiovascular-kidney-metabolic syndrome stages 0-3: the first evidence from the China Health and Retirement Longitudinal Study.,0.0754,0.9246
PMID: 42445923,"Ambient temperature, rainfall, and adverse maternal and child health outcomes in Nigeria: evidence from a national cross-sectional study.",PMID: 42414291,Causal effects of wildfire PM on hospital costs and length of stay in Brazil. 2.5,0.0708,0.9292
PMID: 42445923,"Ambient temperature, rainfall, and adverse maternal and child health outcomes in Nigeria: evidence from a national cross-sectional study.",PMID: 42413509,Adaptations to Climate Change-Related Environmental Phenomena to Achieve Physical Activity Recommendations for Adults Aged 65 and Older.,0.3273,0.6727
PMID: 42445923,"Ambient temperature, rainfall, and adverse maternal and child health outcomes in Nigeria: evidence from a national cross-sectional study.",PMID: 42410409,Investigating environmental heat exposure and its effects on maternal and fetal health in rural Northern Ghana (Physio-HeMAB Study): a study protocol for a cluster randomized trial.,0.5944,0.4056
PMID: 42445923,"Ambient temperature, rainfall, and adverse maternal and child health outcomes in Nigeria: evidence from a national cross-sectional study.",PMID: 42406176,"Associations of short-, mid-, and long-term particulate matter exposure with elevated LDL-C levels in Korean adults: analysis of KNHANES 2016-2022.",0.1308,0.8692
PMID: 42445923,"Ambient temperature, rainfall, and adverse maternal and child health outcomes in Nigeria: evidence from a national cross-sectional study.",PMID: 42403579,Exposure to air and water pollution during pregnancy and risk of adverse perinatal outcomes in São Paulo State: protocol for a retrospective population-based cohort study.,0.0624,0.9376
PMID: 42442744,"Fine Particulate Matter (PM2.5), the Exposome, and Cumulative Health Risk: A Life-course Perspective.",PMID: 42440588,Maternal exposure to fine particulate matter and autism spectrum disorder in children: population based case-control study.,0.3255,0.6745
PMID: 42442744,"Fine Particulate Matter (PM2.5), the Exposome, and Cumulative Health Risk: A Life-course Perspective.",PMID: 42437198,"Air Pollution Mixture and Folate Status Indicators among Pregnant Women in Canada: Maternal-Infant Research on Environmental Chemicals (MIREC) Study, 2008 to 2011.",0.282,0.718
PMID: 42442744,"Fine Particulate Matter (PM2.5), the Exposome, and Cumulative Health Risk: A Life-course Perspective.",PMID: 42428257,Prenatal Air Pollution Exposure and Autism Spectrum Disorder in the ECHO Consortium.,0.2604,0.7396
PMID: 42442744,"Fine Particulate Matter (PM2.5), the Exposome, and Cumulative Health Risk: A Life-course Perspective.",PMID: 42422320,"Maternal ambient air pollution exposure and risk of stillbirth in Georgia, USA.",0.1821,0.8179
PMID: 42442744,"Fine Particulate Matter (PM2.5), the Exposome, and Cumulative Health Risk: A Life-course Perspective.",PMID: 42420937,Assessing the feasibility of indoor air quality monitoring in low-income housing among Black adults with uncontrolled asthma in New York City.,0.2408,0.7592
PMID: 42442744,"Fine Particulate Matter (PM2.5), the Exposome, and Cumulative Health Risk: A Life-course Perspective.",PMID: 42420917,Effects of per- and polyfluoroalkyl substances on maternal thyroid function: a stratified analysis by maternal iodine status and thyroid autoantibody status.,0.0137,0.9863
PMID: 42442744,"Fine Particulate Matter (PM2.5), the Exposome, and Cumulative Health Risk: A Life-course Perspective.",PMID: 42419777,Genetic susceptibility to respiratory health effects from outdoor air pollution: a structured narrative review.,0.5613,0.4387
PMID: 42442744,"Fine Particulate Matter (PM2.5), the Exposome, and Cumulative Health Risk: A Life-course Perspective.",PMID: 42416905,Association between air pollution and incident cardiovascular diseases among a population with cardiovascular-kidney-metabolic syndrome stages 0-3: the first evidence from the China Health and Retirement Longitudinal Study.,0.167,0.833
PMID: 42442744,"Fine Particulate Matter (PM2.5), the Exposome, and Cumulative Health Risk: A Life-course Perspective.",PMID: 42414291,Causal effects of wildfire PM on hospital costs and length of stay in Brazil. 2.5,0.5991,0.4009
PMID: 42442744,"Fine Particulate Matter (PM2.5), the Exposome, and Cumulative Health Risk: A Life-course Perspective.",PMID: 42413509,Adaptations to Climate Change-Related Environmental Phenomena to Achieve Physical Activity Recommendations for Adults Aged 65 and Older.,0.3438,0.6562
PMID: 42442744,"Fine Particulate Matter (PM2.5), the Exposome, and Cumulative Health Risk: A Life-course Perspective.",PMID: 42410409,Investigating environmental heat exposure and its effects on maternal and fetal health in rural Northern Ghana (Physio-HeMAB Study): a study protocol for a cluster randomized trial.,0.0305,0.9695
PMID: 42442744,"Fine Particulate Matter (PM2.5), the Exposome, and Cumulative Health Risk: A Life-course Perspective.",PMID: 42406176,"Associations of short-, mid-, and long-term particulate matter exposure with elevated LDL-C levels in Korean adults: analysis of KNHANES 2016-2022.",0.2166,0.7834
PMID: 42442744,"Fine Particulate Matter (PM2.5), the Exposome, and Cumulative Health Risk: A Life-course Perspective.",PMID: 42403579,Exposure to air and water pollution during pregnancy and risk of adverse perinatal outcomes in São Paulo State: protocol for a retrospective population-based cohort study.,0.2255,0.7745
PMID: 42440588,Maternal exposure to fine particulate matter and autism spectrum disorder in children: population based case-control study.,PMID: 42437198,"Air Pollution Mixture and Folate Status Indicators among Pregnant Women in Canada: Maternal-Infant Research on Environmental Chemicals (MIREC) Study, 2008 to 2011.",0.6081,0.3919
PMID: 42440588,Maternal exposure to fine particulate matter and autism spectrum disorder in children: population based case-control study.,PMID: 42428257,Prenatal Air Pollution Exposure and Autism Spectrum Disorder in the ECHO Consortium.,0.5968,0.4032
PMID: 42440588,Maternal exposure to fine particulate matter and autism spectrum disorder in children: population based case-control study.,PMID: 42422320,"Maternal ambient air pollution exposure and risk of stillbirth in Georgia, USA.",0.581,0.419
PMID: 42440588,Maternal exposure to fine particulate matter and autism spectrum disorder in children: population based case-control study.,PMID: 42420937,Assessing the feasibility of indoor air quality monitoring in low-income housing among Black adults with uncontrolled asthma in New York City.,0.0926,0.9074
PMID: 42440588,Maternal exposure to fine particulate matter and autism spectrum disorder in children: population based case-control study.,PMID: 42420917,Effects of per- and polyfluoroalkyl substances on maternal thyroid function: a stratified analysis by maternal iodine status and thyroid autoantibody status.,0.259,0.741
PMID: 42440588,Maternal exposure to fine particulate matter and autism spectrum disorder in children: population based case-control study.,PMID: 42419777,Genetic susceptibility to respiratory health effects from outdoor air pollution: a structured narrative review.,0.208,0.792
PMID: 42440588,Maternal exposure to fine particulate matter and autism spectrum disorder in children: population based case-control study.,PMID: 42416905,Association between air pollution and incident cardiovascular diseases among a population with cardiovascular-kidney-metabolic syndrome stages 0-3: the first evidence from the China Health and Retirement Longitudinal Study.,0.0517,0.9483
PMID: 42440588,Maternal exposure to fine particulate matter and autism spectrum disorder in children: population based case-control study.,PMID: 42414291,Causal effects of wildfire PM on hospital costs and length of stay in Brazil. 2.5,0.4379,0.5621
PMID: 42440588,Maternal exposure to fine particulate matter and autism spectrum disorder in children: population based case-control study.,PMID: 42413509,Adaptations to Climate Change-Related Environmental Phenomena to Achieve Physical Activity Recommendations for Adults Aged 65 and Older.,0.0392,0.9608
PMID: 42440588,Maternal exposure to fine particulate matter and autism spectrum disorder in children: population based case-control study.,PMID: 42410409,Investigating environmental heat exposure and its effects on maternal and fetal health in rural Northern Ghana (Physio-HeMAB Study): a study protocol for a cluster randomized trial.,0.3374,0.6626
PMID: 42440588,Maternal exposure to fine particulate matter and autism spectrum disorder in children: population based case-control study.,PMID: 42406176,"Associations of short-, mid-, and long-term particulate matter exposure with elevated LDL-C levels in Korean adults: analysis of KNHANES 2016-2022.",0.3637,0.6363
PMID: 42440588,Maternal exposure to fine particulate matter and autism spectrum disorder in children: population based case-control study.,PMID: 42403579,Exposure to air and water pollution during pregnancy and risk of adverse perinatal outcomes in São Paulo State: protocol for a retrospective population-based cohort study.,0.3523,0.6477
PMID: 42437198,"Air Pollution Mixture and Folate Status Indicators among Pregnant Women in Canada: Maternal-Infant Research on Environmental Chemicals (MIREC) Study, 2008 to 2011.",PMID: 42428257,Prenatal Air Pollution Exposure and Autism Spectrum Disorder in the ECHO Consortium.,0.7743,0.2257
PMID: 42437198,"Air Pollution Mixture and Folate Status Indicators among Pregnant Women in Canada: Maternal-Infant Research on Environmental Chemicals (MIREC) Study, 2008 to 2011.",PMID: 42422320,"Maternal ambient air pollution exposure and risk of stillbirth in Georgia, USA.",0.4737,0.5263
PMID: 42437198,"Air Pollution Mixture and Folate Status Indicators among Pregnant Women in Canada: Maternal-Infant Research on Environmental Chemicals (MIREC) Study, 2008 to 2011.",PMID: 42420937,Assessing the feasibility of indoor air quality monitoring in low-income housing among Black adults with uncontrolled asthma in New York City.,0.044,0.956
PMID: 42437198,"Air Pollution Mixture and Folate Status Indicators among Pregnant Women in Canada: Maternal-Infant Research on Environmental Chemicals (MIREC) Study, 2008 to 2011.",PMID: 42420917,Effects of per- and polyfluoroalkyl substances on maternal thyroid function: a stratified analysis by maternal iodine status and thyroid autoantibody status.,0.3326,0.6674
PMID: 42437198,"Air Pollution Mixture and Folate Status Indicators among Pregnant Women in Canada: Maternal-Infant Research on Environmental Chemicals (MIREC) Study, 2008 to 2011.",PMID: 42419777,Genetic susceptibility to respiratory health effects from outdoor air pollution: a structured narrative review.,0.3314,0.6686
PMID: 42437198,"Air Pollution Mixture and Folate Status Indicators among Pregnant Women in Canada: Maternal-Infant Research on Environmental Chemicals (MIREC) Study, 2008 to 2011.",PMID: 42416905,Association between air pollution and incident cardiovascular diseases among a population with cardiovascular-kidney-metabolic syndrome stages 0-3: the first evidence from the China Health and Retirement Longitudinal Study.,0.055,0.945
PMID: 42437198,"Air Pollution Mixture and Folate Status Indicators among Pregnant Women in Canada: Maternal-Infant Research on Environmental Chemicals (MIREC) Study, 2008 to 2011.",PMID: 42414291,Causal effects of wildfire PM on hospital costs and length of stay in Brazil. 2.5,0.3535,0.6465
PMID: 42437198,"Air Pollution Mixture and Folate Status Indicators among Pregnant Women in Canada: Maternal-Infant Research on Environmental Chemicals (MIREC) Study, 2008 to 2011.",PMID: 42413509,Adaptations to Climate Change-Related Environmental Phenomena to Achieve Physical Activity Recommendations for Adults Aged 65 and Older.,0.034,0.966
PMID: 42437198,"Air Pollution Mixture and Folate Status Indicators among Pregnant Women in Canada: Maternal-Infant Research on Environmental Chemicals (MIREC) Study, 2008 to 2011.",PMID: 42410409,Investigating environmental heat exposure and its effects on maternal and fetal health in rural Northern Ghana (Physio-HeMAB Study): a study protocol for a cluster randomized trial.,0.4096,0.5904
PMID: 42437198,"Air Pollution Mixture and Folate Status Indicators among Pregnant Women in Canada: Maternal-Infant Research on Environmental Chemicals (MIREC) Study, 2008 to 2011.",PMID: 42406176,"Associations of short-, mid-, and long-term particulate matter exposure with elevated LDL-C levels in Korean adults: analysis of KNHANES 2016-2022.",0.2443,0.7557
PMID: 42437198,"Air Pollution Mixture and Folate Status Indicators among Pregnant Women in Canada: Maternal-Infant Research on Environmental Chemicals (MIREC) Study, 2008 to 2011.",PMID: 42403579,Exposure to air and water pollution during pregnancy and risk of adverse perinatal outcomes in São Paulo State: protocol for a retrospective population-based cohort study.,0.5629,0.4371
PMID: 42428257,Prenatal Air Pollution Exposure and Autism Spectrum Disorder in the ECHO Consortium.,PMID: 42422320,"Maternal ambient air pollution exposure and risk of stillbirth in Georgia, USA.",0.4167,0.5833
PMID: 42428257,Prenatal Air Pollution Exposure and Autism Spectrum Disorder in the ECHO Consortium.,PMID: 42420937,Assessing the feasibility of indoor air quality monitoring in low-income housing among Black adults with uncontrolled asthma in New York City.,0.0226,0.9774
PMID: 42428257,Prenatal Air Pollution Exposure and Autism Spectrum Disorder in the ECHO Consortium.,PMID: 42420917,Effects of per- and polyfluoroalkyl substances on maternal thyroid function: a stratified analysis by maternal iodine status and thyroid autoantibody status.,0.2478,0.7522
PMID: 42428257,Prenatal Air Pollution Exposure and Autism Spectrum Disorder in the ECHO Consortium.,PMID: 42419777,Genetic susceptibility to respiratory health effects from outdoor air pollution: a structured narrative review.,0.3292,0.6708
PMID: 42428257,Prenatal Air Pollution Exposure and Autism Spectrum Disorder in the ECHO Consortium.,PMID: 42416905,Association between air pollution and incident cardiovascular diseases among a population with cardiovascular-kidney-metabolic syndrome stages 0-3: the first evidence from the China Health and Retirement Longitudinal Study.,0.0678,0.9322
PMID: 42428257,Prenatal Air Pollution Exposure and Autism Spectrum Disorder in the ECHO Consortium.,PMID: 42414291,Causal effects of wildfire PM on hospital costs and length of stay in Brazil. 2.5,0.3265,0.6735
PMID: 42428257,Prenatal Air Pollution Exposure and Autism Spectrum Disorder in the ECHO Consortium.,PMID: 42413509,Adaptations to Climate Change-Related Environmental Phenomena to Achieve Physical Activity Recommendations for Adults Aged 65 and Older.,0.0173,0.9827
PMID: 42428257,Prenatal Air Pollution Exposure and Autism Spectrum Disorder in the ECHO Consortium.,PMID: 42410409,Investigating environmental heat exposure and its effects on maternal and fetal health in rural Northern Ghana (Physio-HeMAB Study): a study protocol for a cluster randomized trial.,0.2279,0.7721
PMID: 42428257,Prenatal Air Pollution Exposure and Autism Spectrum Disorder in the ECHO Consortium.,PMID: 42406176,"Associations of short-, mid-, and long-term particulate matter exposure with elevated LDL-C levels in Korean adults: analysis of KNHANES 2016-2022.",0.2693,0.7307
PMID: 42428257,Prenatal Air Pollution Exposure and Autism Spectrum Disorder in the ECHO Consortium.,PMID: 42403579,Exposure to air and water pollution during pregnancy and risk of adverse perinatal outcomes in São Paulo State: protocol for a retrospective population-based cohort study.,0.5253,0.4747
PMID: 42422320,"Maternal ambient air pollution exposure and risk of stillbirth in Georgia, USA.",PMID: 42420937,Assessing the feasibility of indoor air quality monitoring in low-income housing among Black adults with uncontrolled asthma in New York City.,0.0768,0.9232
PMID: 42422320,"Maternal ambient air pollution exposure and risk of stillbirth in Georgia, USA.",PMID: 42420917,Effects of per- and polyfluoroalkyl substances on maternal thyroid function: a stratified analysis by maternal iodine status and thyroid autoantibody status.,0.2884,0.7116
PMID: 42422320,"Maternal ambient air pollution exposure and risk of stillbirth in Georgia, USA.",PMID: 42419777,Genetic susceptibility to respiratory health effects from outdoor air pollution: a structured narrative review.,0.2141,0.7859
PMID: 42422320,"Maternal ambient air pollution exposure and risk of stillbirth in Georgia, USA.",PMID: 42416905,Association between air pollution and incident cardiovascular diseases among a population with cardiovascular-kidney-metabolic syndrome stages 0-3: the first evidence from the China Health and Retirement Longitudinal Study.,0.3128,0.6872
PMID: 42422320,"Maternal ambient air pollution exposure and risk of stillbirth in Georgia, USA.",PMID: 42414291,Causal effects of wildfire PM on hospital costs and length of stay in Brazil. 2.5,0.262,0.738
PMID: 42422320,"Maternal ambient air pollution exposure and risk of stillbirth in Georgia, USA.",PMID: 42413509,Adaptations to Climate Change-Related Environmental Phenomena to Achieve Physical Activity Recommendations for Adults Aged 65 and Older.,0.2505,0.7495
PMID: 42422320,"Maternal ambient air pollution exposure and risk of stillbirth in Georgia, USA.",PMID: 42410409,Investigating environmental heat exposure and its effects on maternal and fetal health in rural Northern Ghana (Physio-HeMAB Study): a study protocol for a cluster randomized trial.,0.3546,0.6454
PMID: 42422320,"Maternal ambient air pollution exposure and risk of stillbirth in Georgia, USA.",PMID: 42406176,"Associations of short-, mid-, and long-term particulate matter exposure with elevated LDL-C levels in Korean adults: analysis of KNHANES 2016-2022.",0.6446,0.3554
PMID: 42422320,"Maternal ambient air pollution exposure and risk of stillbirth in Georgia, USA.",PMID: 42403579,Exposure to air and water pollution during pregnancy and risk of adverse perinatal outcomes in São Paulo State: protocol for a retrospective population-based cohort study.,0.3787,0.6213
PMID: 42420937,Assessing the feasibility of indoor air quality monitoring in low-income housing among Black adults with uncontrolled asthma in New York City.,PMID: 42420917,Effects of per- and polyfluoroalkyl substances on maternal thyroid function: a stratified analysis by maternal iodine status and thyroid autoantibody status.,0.0625,0.9375
PMID: 42420937,Assessing the feasibility of indoor air quality monitoring in low-income housing among Black adults with uncontrolled asthma in New York City.,PMID: 42419777,Genetic susceptibility to respiratory health effects from outdoor air pollution: a structured narrative review.,0.5204,0.4796
PMID: 42420937,Assessing the feasibility of indoor air quality monitoring in low-income housing among Black adults with uncontrolled asthma in New York City.,PMID: 42416905,Association between air pollution and incident cardiovascular diseases among a population with cardiovascular-kidney-metabolic syndrome stages 0-3: the first evidence from the China Health and Retirement Longitudinal Study.,0.1291,0.8709
PMID: 42420937,Assessing the feasibility of indoor air quality monitoring in low-income housing among Black adults with uncontrolled asthma in New York City.,PMID: 42414291,Causal effects of wildfire PM on hospital costs and length of stay in Brazil. 2.5,0.5958,0.4042
PMID: 42420937,Assessing the feasibility of indoor air quality monitoring in low-income housing among Black adults with uncontrolled asthma in New York City.,PMID: 42413509,Adaptations to Climate Change-Related Environmental Phenomena to Achieve Physical Activity Recommendations for Adults Aged 65 and Older.,0.3921,0.6079
PMID: 42420937,Assessing the feasibility of indoor air quality monitoring in low-income housing among Black adults with uncontrolled asthma in New York City.,PMID: 42410409,Investigating environmental heat exposure and its effects on maternal and fetal health in rural Northern Ghana (Physio-HeMAB Study): a study protocol for a cluster randomized trial.,0.1156,0.8844
PMID: 42420937,Assessing the feasibility of indoor air quality monitoring in low-income housing among Black adults with uncontrolled asthma in New York City.,PMID: 42406176,"Associations of short-, mid-, and long-term particulate matter exposure with elevated LDL-C levels in Korean adults: analysis of KNHANES 2016-2022.",0.1668,0.8332
PMID: 42420937,Assessing the feasibility of indoor air quality monitoring in low-income housing among Black adults with uncontrolled asthma in New York City.,PMID: 42403579,Exposure to air and water pollution during pregnancy and risk of adverse perinatal outcomes in São Paulo State: protocol for a retrospective population-based cohort study.,0.0351,0.9649
PMID: 42420917,Effects of per- and polyfluoroalkyl substances on maternal thyroid function: a stratified analysis by maternal iodine status and thyroid autoantibody status.,PMID: 42419777,Genetic susceptibility to respiratory health effects from outdoor air pollution: a structured narrative review.,0.016,0.984
PMID: 42420917,Effects of per- and polyfluoroalkyl substances on maternal thyroid function: a stratified analysis by maternal iodine status and thyroid autoantibody status.,PMID: 42416905,Association between air pollution and incident cardiovascular diseases among a population with cardiovascular-kidney-metabolic syndrome stages 0-3: the first evidence from the China Health and Retirement Longitudinal Study.,0.0859,0.9141
PMID: 42420917,Effects of per- and polyfluoroalkyl substances on maternal thyroid function: a stratified analysis by maternal iodine status and thyroid autoantibody status.,PMID: 42414291,Causal effects of wildfire PM on hospital costs and length of stay in Brazil. 2.5,0.0441,0.9559
PMID: 42420917,Effects of per- and polyfluoroalkyl substances on maternal thyroid function: a stratified analysis by maternal iodine status and thyroid autoantibody status.,PMID: 42413509,Adaptations to Climate Change-Related Environmental Phenomena to Achieve Physical Activity Recommendations for Adults Aged 65 and Older.,0.0187,0.9813
PMID: 42420917,Effects of per- and polyfluoroalkyl substances on maternal thyroid function: a stratified analysis by maternal iodine status and thyroid autoantibody status.,PMID: 42410409,Investigating environmental heat exposure and its effects on maternal and fetal health in rural Northern Ghana (Physio-HeMAB Study): a study protocol for a cluster randomized trial.,0.37,0.63
PMID: 42420917,Effects of per- and polyfluoroalkyl substances on maternal thyroid function: a stratified analysis by maternal iodine status and thyroid autoantibody status.,PMID: 42406176,"Associations of short-, mid-, and long-term particulate matter exposure with elevated LDL-C levels in Korean adults: analysis of KNHANES 2016-2022.",0.0607,0.9393
PMID: 42420917,Effects of per- and polyfluoroalkyl substances on maternal thyroid function: a stratified analysis by maternal iodine status and thyroid autoantibody status.,PMID: 42403579,Exposure to air and water pollution during pregnancy and risk of adverse perinatal outcomes in São Paulo State: protocol for a retrospective population-based cohort study.,0.1866,0.8134
PMID: 42419777,Genetic susceptibility to respiratory health effects from outdoor air pollution: a structured narrative review.,PMID: 42416905,Association between air pollution and incident cardiovascular diseases among a population with cardiovascular-kidney-metabolic syndrome stages 0-3: the first evidence from the China Health and Retirement Longitudinal Study.,0.0182,0.9818
PMID: 42419777,Genetic susceptibility to respiratory health effects from outdoor air pollution: a structured narrative review.,PMID: 42414291,Causal effects of wildfire PM on hospital costs and length of stay in Brazil. 2.5,0.536,0.464
PMID: 42419777,Genetic susceptibility to respiratory health effects from outdoor air pollution: a structured narrative review.,PMID: 42413509,Adaptations to Climate Change-Related Environmental Phenomena to Achieve Physical Activity Recommendations for Adults Aged 65 and Older.,0.2196,0.7804
PMID: 42419777,Genetic susceptibility to respiratory health effects from outdoor air pollution: a structured narrative review.,PMID: 42410409,Investigating environmental heat exposure and its effects on maternal and fetal health in rural Northern Ghana (Physio-HeMAB Study): a study protocol for a cluster randomized trial.,0.0358,0.9642
PMID: 42419777,Genetic susceptibility to respiratory health effects from outdoor air pollution: a structured narrative review.,PMID: 42406176,"Associations of short-, mid-, and long-term particulate matter exposure with elevated LDL-C levels in Korean adults: analysis of KNHANES 2016-2022.",0.2541,0.7459
PMID: 42419777,Genetic susceptibility to respiratory health effects from outdoor air pollution: a structured narrative review.,PMID: 42403579,Exposure to air and water pollution during pregnancy and risk of adverse perinatal outcomes in São Paulo State: protocol for a retrospective population-based cohort study.,0.2843,0.7157
PMID: 42416905,Association between air pollution and incident cardiovascular diseases among a population with cardiovascular-kidney-metabolic syndrome stages 0-3: the first evidence from the China Health and Retirement Longitudinal Study.,PMID: 42414291,Causal effects of wildfire PM on hospital costs and length of stay in Brazil. 2.5,0.2399,0.7601
PMID: 42416905,Association between air pollution and incident cardiovascular diseases among a population with cardiovascular-kidney-metabolic syndrome stages 0-3: the first evidence from the China Health and Retirement Longitudinal Study.,PMID: 42413509,Adaptations to Climate Change-Related Environmental Phenomena to Achieve Physical Activity Recommendations for Adults Aged 65 and Older.,0.4842,0.5158
PMID: 42416905,Association between air pollution and incident cardiovascular diseases among a population with cardiovascular-kidney-metabolic syndrome stages 0-3: the first evidence from the China Health and Retirement Longitudinal Study.,PMID: 42410409,Investigating environmental heat exposure and its effects on maternal and fetal health in rural Northern Ghana (Physio-HeMAB Study): a study protocol for a cluster randomized trial.,0.0214,0.9786
PMID: 42416905,Association between air pollution and incident cardiovascular diseases among a population with cardiovascular-kidney-metabolic syndrome stages 0-3: the first evidence from the China Health and Retirement Longitudinal Study.,PMID: 42406176,"Associations of short-, mid-, and long-term particulate matter exposure with elevated LDL-C levels in Korean adults: analysis of KNHANES 2016-2022.",0.3868,0.6132
PMID: 42416905,Association between air pollution and incident cardiovascular diseases among a population with cardiovascular-kidney-metabolic syndrome stages 0-3: the first evidence from the China Health and Retirement Longitudinal Study.,PMID: 42403579,Exposure to air and water pollution during pregnancy and risk of adverse perinatal outcomes in São Paulo State: protocol for a retrospective population-based cohort study.,0.0439,0.9561
PMID: 42414291,Causal effects of wildfire PM on hospital costs and length of stay in Brazil. 2.5,PMID: 42413509,Adaptations to Climate Change-Related Environmental Phenomena to Achieve Physical Activity Recommendations for Adults Aged 65 and Older.,0.4311,0.5689
PMID: 42414291,Causal effects of wildfire PM on hospital costs and length of stay in Brazil. 2.5,PMID: 42410409,Investigating environmental heat exposure and its effects on maternal and fetal health in rural Northern Ghana (Physio-HeMAB Study): a study protocol for a cluster randomized trial.,0.0381,0.9619
PMID: 42414291,Causal effects of wildfire PM on hospital costs and length of stay in Brazil. 2.5,PMID: 42406176,"Associations of short-, mid-, and long-term particulate matter exposure with elevated LDL-C levels in Korean adults: analysis of KNHANES 2016-2022.",0.3109,0.6891
PMID: 42414291,Causal effects of wildfire PM on hospital costs and length of stay in Brazil. 2.5,PMID: 42403579,Exposure to air and water pollution during pregnancy and risk of adverse perinatal outcomes in São Paulo State: protocol for a retrospective population-based cohort study.,0.1539,0.8461
PMID: 42413509,Adaptations to Climate Change-Related Environmental Phenomena to Achieve Physical Activity Recommendations for Adults Aged 65 and Older.,PMID: 42410409,Investigating environmental heat exposure and its effects on maternal and fetal health in rural Northern Ghana (Physio-HeMAB Study): a study protocol for a cluster randomized trial.,0.261,0.739
PMID: 42413509,Adaptations to Climate Change-Related Environmental Phenomena to Achieve Physical Activity Recommendations for Adults Aged 65 and Older.,PMID: 42406176,"Associations of short-, mid-, and long-term particulate matter exposure with elevated LDL-C levels in Korean adults: analysis of KNHANES 2016-2022.",0.3567,0.6433
PMID: 42413509,Adaptations to Climate Change-Related Environmental Phenomena to Achieve Physical Activity Recommendations for Adults Aged 65 and Older.,PMID: 42403579,Exposure to air and water pollution during pregnancy and risk of adverse perinatal outcomes in São Paulo State: protocol for a retrospective population-based cohort study.,0.0272,0.9728
PMID: 42410409,Investigating environmental heat exposure and its effects on maternal and fetal health in rural Northern Ghana (Physio-HeMAB Study): a study protocol for a cluster randomized trial.,PMID: 42406176,"Associations of short-, mid-, and long-term particulate matter exposure with elevated LDL-C levels in Korean adults: analysis of KNHANES 2016-2022.",0.0277,0.9723
PMID: 42410409,Investigating environmental heat exposure and its effects on maternal and fetal health in rural Northern Ghana (Physio-HeMAB Study): a study protocol for a cluster randomized trial.,PMID: 42403579,Exposure to air and water pollution during pregnancy and risk of adverse perinatal outcomes in São Paulo State: protocol for a retrospective population-based cohort study.,0.2336,0.7664
PMID: 42406176,"Associations of short-, mid-, and long-term particulate matter exposure with elevated LDL-C levels in Korean adults: analysis of KNHANES 2016-2022.",PMID: 42403579,Exposure to air and water pollution during pregnancy and risk of adverse perinatal outcomes in São Paulo State: protocol for a retrospective population-based cohort study.,0.1953,0.8047
